Student_ID,Full_Name,Date_Of_Birth,Gender,Email,Phone,Department_ID,Major,Enrollment_Date,Status,Dropout_Date
STU000001,Cô Bảo Dương,2004-06-01,Male,johntran@example.com,0299864207,DEP001,Công nghệ thông tin,2020-07-29,Active,
STU000002,Lâm Thị Vũ,2005-07-15,Male,odang@example.org,037293271,DEP001,Công nghệ thông tin,2019-10-29,Active,
STU000003,Duyên Đặng,2007-05-26,Female,imai@example.net,0598839134,DEP011,Truyền thông,2022-04-17,Suspended,
STU000004,Khoa Đặng,2006-08-06,Female,johnmai@example.net,089550880,DEP006,Ngoại ngữ,2023-03-15,Graduated,
STU000005,Duyên Đặng,1998-09-02,Other,tvu@example.net,0772463451,DEP009,Công nghệ sinh học,2024-09-21,Active,
STU000006,Tú Phú Trần,2006-11-15,Male,jane26@example.com,0065935807,DEP009,Công nghệ sinh học,2020-10-19,Active,
STU000007,Bà Chi Hoàng,2005-05-11,Male,jane58@example.org,084108114,DEP011,Truyền thông,2023-11-10,Active,
STU000008,Minh Đức Đặng,1998-08-19,Other,dvu@example.org,026099100,DEP003,Quản trị kinh doanh,2022-11-08,Suspended,
STU000009,Bảo Tấn Nguyễn,1999-06-19,Male,avu@example.com,072368829,DEP005,Luật,2019-12-07,Active,
STU000010,Chị Nhật Lê,2001-04-21,Male,rduong@example.org,0451985872,DEP008,Kỹ thuật xây dựng,2025-06-15,Graduated,
STU000011,An Đức Trần,2003-02-21,Male,janele@example.net,019497011,DEP008,Kỹ thuật xây dựng,2021-05-23,Active,
STU000012,Lâm Hải Nguyễn,2007-02-20,Other,duongjohn@example.net,013160948,DEP003,Quản trị kinh doanh,2020-05-31,Active,
STU000013,Khoa Thị Trần,1999-09-28,Other,john72@example.net,0148802926,DEP003,Quản trị kinh doanh,2025-06-28,Active,
STU000014,Nhật Đức Dương,2004-06-10,Male,janenguyen@example.org,0098379192,DEP001,Công nghệ thông tin,2024-11-20,Active,
STU000015,Phương Lê,2007-07-23,Male,janeduong@example.com,0903295451,DEP005,Luật,2024-10-20,Dropped Out,2026-10-24
STU000016,Hồng Nguyễn,1999-05-29,Other,upham@example.com,008902993,DEP009,Công nghệ sinh học,2021-11-25,Suspended,
STU000017,Quý Cô Bảo Dương,2003-03-13,Male,johnduong@example.com,0035790308,DEP010,Chưa phân ngành,2022-03-04,Graduated,
STU000018,Thảo Lê,2006-07-24,Other,jane90@example.net,0518957717,DEP001,Công nghệ thông tin,2023-06-16,Active,
STU000019,Cô An Lê,2000-12-21,Female,john94@example.com,050639308,DEP011,Truyền thông,2025-05-24,Active,
STU000020,Anh Trọng Nguyễn,2004-08-11,Male,dangjohn@example.net,018880193,DEP010,Du lịch - Khách sạn,2025-08-13,Active,
STU000021,Hưng Đức Vũ,2004-12-06,Female,johntran@example.net,013247305,DEP012,Khoa học dữ liệu,2022-04-16,Active,
STU000022,Trọng Đức Phạm,2006-04-22,Female,jane60@example.net,069088426,DEP004,Kinh tế,2025-05-28,Active,
STU000023,Bác Trung Đặng,2007-02-24,Male,gduong@example.net,0263466006,DEP009,Công nghệ sinh học,2023-03-18,Active,
STU000024,Hoàng Thế Trần,2004-05-13,Female,johnbui@example.net,097312805,DEP009,Công nghệ sinh học,2025-05-05,Active,
STU000025,Cô Hải Hoàng,2001-05-30,Other,john47@example.net,0670835926,DEP011,Truyền thông,2025-07-25,Suspended,
STU000026,Chị Chi Mai,2005-08-20,Other,tmai@example.net,0218470921,DEP012,Khoa học dữ liệu,2021-03-12,Dropped Out,2022-09-16
STU000027,Dũng Mai,2002-08-13,Male,vhoang@example.net,039702694,DEP008,Kỹ thuật xây dựng,2021-04-15,Active,
STU000028,Hồng Nguyễn,1998-12-23,Female,janepham@example.org,014030964,DEP005,Luật,2023-10-04,Graduated,
STU000029,Anh Khoa Phạm,1999-02-25,Female,hoangjohn@example.org,0242266650,DEP012,Khoa học dữ liệu,2020-10-15,Active,
STU000030,Hương Đặng,2002-05-02,Female,jane36@example.net,0407193852,DEP006,Ngoại ngữ,2021-03-23,Graduated,
STU000031,Lâm Hoàng,2001-07-19,Other,cdang@example.org,026231070,DEP011,Truyền thông,2019-10-22,Graduated,
STU000032,Kim Quang Vũ,2001-09-26,Other,adang@example.org,0386337986,DEP012,Khoa học dữ liệu,2022-03-29,Graduated,
STU000033,Nhật Bùi,2001-10-30,Female,janevu@example.net,0287501002,DEP001,Công nghệ thông tin,2024-09-26,Graduated,
STU000034,Linh Dương,2002-02-26,Other,janehoang@example.net,006507975,DEP010,Du lịch - Khách sạn,2023-02-13,Active,
STU000035,Quý Cô An Nguyễn,1998-04-30,Other,nguyenjohn@example.org,0058603064,DEP004,Kinh tế,2025-03-25,Active,
STU000036,Chị Duyên Trần,2001-10-14,Other,hoangjohn@example.net,0240506127,DEP002,Tài chính - Kế toán,2020-10-09,Graduated,
STU000037,Anh Châu Nguyễn,2001-05-06,Female,duongjohn@example.org,084031941,DEP009,Công nghệ sinh học,2022-06-10,Dropped Out,2024-01-16
STU000038,Cô Vi Bùi,2006-05-05,Other,jane13@example.net,0955334853,DEP004,Kinh tế,2021-07-17,Active,
STU000039,Trọng Thế Mai,2004-08-06,Female,duongjane@example.com,0868321913,DEP010,Du lịch - Khách sạn,2020-10-24,Active,
STU000040,Quang Vũ,1998-02-18,Other,john44@example.com,0246343458,DEP008,Kỹ thuật xây dựng,2023-05-04,Suspended,
STU000041,Hạnh Nguyễn,2006-09-21,Female,janeduong@example.net,046357394,DEP008,Kỹ thuật xây dựng,2022-06-11,Dropped Out,2023-05-29
STU000042,Bà Hồng Trần,2003-09-30,Male,buijane@example.com,0279173073,DEP003,Quản trị kinh doanh,2021-12-19,Active,
STU000043,Bác Vũ Nguyễn,1999-08-20,Female,jane21@example.com,070987439,DEP010,Du lịch - Khách sạn,2021-02-25,Active,
STU000044,Nhiên Xuân Trần,2001-11-21,Male,duongjohn@example.com,0756219736,DEP008,Kỹ thuật xây dựng,2021-01-03,Active,
STU000045,Huy Thế Dương,2003-02-09,Male,dangjohn@example.com,0727509375,DEP010,Du lịch - Khách sạn,2023-08-05,Suspended,
STU000046,Dũng Tấn Dương,1999-04-15,Male,cpham@example.com,0582260648,DEP007,Kỹ thuật điện,2019-12-10,Active,
STU000047,An Thế Hoàng,2007-04-05,Male,sbui@example.org,028663268,DEP006,Ngoại ngữ,2021-01-21,Active,
STU000048,Thành Bảo Đặng,2003-01-02,Male,ynguyen@example.net,0349740865,DEP010,Du lịch - Khách sạn,2023-01-22,Active,
STU000049,Hà Hoàng,2007-01-06,Male,john56@example.com,0400814586,DEP002,Tài chính - Kế toán,2020-10-22,Dropped Out,2021-08-06
STU000050,Anh Minh Nguyễn,2007-02-08,Other,janele@example.org,069183967,DEP001,Công nghệ thông tin,2020-01-16,Active,
STU000051,Yến Trần,1998-12-20,Female,jane06@example.com,099257744,DEP001,Công nghệ thông tin,2020-05-11,Active,
STU000052,Châu Đức Hoàng,2003-10-02,Female,nduong@example.org,0996931235,DEP011,Truyền thông,2019-08-11,Active,
STU000053,Dũng Lê,1999-05-10,Female,pvu@example.net,064410908,DEP010,Du lịch - Khách sạn,2019-12-26,Dropped Out,2021-04-02
STU000054,Quý Cô Lâm Trần,2003-09-29,Other,btran@example.com,088374470,DEP003,Chưa phân ngành,2019-09-01,Active,
STU000055,Quý Cô Bảo Bùi,2007-04-19,Female,tranjane@example.net,027456486,DEP001,Công nghệ thông tin,2021-04-28,Active,
STU000056,Quý Ông Khoa Vũ,2002-04-06,Female,jane76@example.com,098852826,DEP010,Du lịch - Khách sạn,2025-09-10,Active,
STU000057,Duyên Trần,2006-09-13,Other,johnmai@example.org,079714091,DEP012,Khoa học dữ liệu,2022-09-11,Active,
STU000058,Ngọc Hoàng,1999-10-24,Other,john61@example.net,0047354918,DEP004,Kinh tế,2024-03-21,Dropped Out,2024-11-10
STU000059,Thành Mai Bảo Trần,2004-11-14,Male,jane91@example.org,0447256094,DEP001,Công nghệ thông tin,2021-10-09,Active,
STU000060,Phúc Hoàng,2007-10-04,Other,john79@example.net,046289961,DEP010,Du lịch - Khách sạn,2021-02-06,Graduated,
STU000061,Quang Thị Hoàng,2003-02-16,Female,vujane@example.org,0003571399,DEP003,Quản trị kinh doanh,2021-08-09,Active,
STU000062,Cô Dương Nguyễn,2006-09-24,Male,wnguyen@example.net,0560436537,DEP003,Quản trị kinh doanh,2019-08-30,Active,
STU000063,Bà Lâm Mai,1998-11-02,Other,johnle@example.org,018603062,DEP010,Du lịch - Khách sạn,2023-04-10,Active,
STU000064,Hà Vũ,2000-04-29,Other,phamjane@example.com,000925205,DEP001,Công nghệ thông tin,2023-12-11,Active,
STU000065,Vân Mai,2004-03-19,Other,john57@example.net,036649735,DEP008,Kỹ thuật xây dựng,2025-09-04,Graduated,
STU000066,Mai Mai,2005-03-05,Other,jane10@example.org,019025653,DEP001,Công nghệ thông tin,2021-05-24,Active,
STU000067,Vi Phạm,1999-10-15,Other,dangjohn@example.org,056774508,DEP012,Khoa học dữ liệu,2021-12-18,Graduated,
STU000068,Anh Dương,2004-07-18,Male,buijohn@example.org,012501809,DEP007,Kỹ thuật điện,2021-06-16,Graduated,
STU000069,Hồng Nguyễn,2007-06-08,Female,johnnguyen@example.com,0108180521,DEP012,Khoa học dữ liệu,2020-10-20,Graduated,
STU000070,Bảo Bảo Lê,2003-08-07,Other,janebui@example.net,0234363687,DEP001,Công nghệ thông tin,2020-02-20,Active,
STU000071,Bác Hưng Trần,1998-03-20,Female,tranjohn@example.com,085451979,DEP001,Chưa phân ngành,2021-11-12,Active,
STU000072,Khoa Bùi,2007-03-26,Other,vtran@example.org,0097923971,DEP003,Quản trị kinh doanh,2022-08-17,Active,
STU000073,Quang Xuân Bùi,2007-07-15,Other,jane12@example.net,016479254,DEP001,Công nghệ thông tin,2019-11-20,Active,
STU000074,Quý Ông Nhiên Mai,2004-05-26,Female,jane26@example.net,049383892,DEP002,Tài chính - Kế toán,2025-07-06,Graduated,
STU000075,Cô Nhật Nguyễn,1999-07-04,Other,snguyen@example.org,0178286181,DEP008,Kỹ thuật xây dựng,2025-02-18,Active,
STU000076,Hạnh Lê,2000-05-27,Other,tranjohn@example.org,096897233,DEP002,Tài chính - Kế toán,2020-04-10,Active,
STU000077,Anh Tú Hoàng,1998-05-10,Female,maijohn@example.net,0828147669,DEP005,Luật,2022-06-07,Active,
STU000078,Bảo Trần,2000-08-23,Other,hdang@example.com,0679241401,DEP012,Khoa học dữ liệu,2021-09-21,Graduated,
STU000079,Nhiên Nguyễn,2005-08-09,Female,uvu@example.com,0348763391,DEP001,Công nghệ thông tin,2025-09-07,Graduated,
STU000080,Phương Mai Mai,2006-10-28,Other,jane69@example.com,0714487440,DEP011,Truyền thông,2021-10-19,Active,
STU000081,Cô Thành Lê,2007-03-04,Male,jane96@example.com,0190632289,DEP001,Công nghệ thông tin,2023-02-08,Active,
STU000082,Vân Vũ,1998-04-11,Male,janeduong@example.org,0091467968,DEP011,Truyền thông,2025-04-30,Dropped Out,2027-02-09
STU000083,Quý Cô Bảo Phạm,2005-01-14,Male,johnle@example.net,016145925,DEP010,Du lịch - Khách sạn,2022-03-18,Active,
STU000084,Cô Lan Mai,2007-05-16,Other,sduong@example.com,0311586826,DEP005,Luật,2022-11-25,Active,
STU000085,Bác Quang Đặng,2005-05-19,Other,maijane@example.net,0277113748,DEP003,Quản trị kinh doanh,2020-05-02,Suspended,
STU000086,An Bùi,2000-06-20,Male,john42@example.org,023648399,DEP011,Truyền thông,2020-10-22,Graduated,
STU000087,Anh Nhiên Đặng,1998-02-28,Female,janetran@example.com,022244232,DEP005,Luật,2024-07-09,Active,
STU000088,Hải Thế Trần,2007-10-21,Other,ndang@example.com,0779647815,DEP006,Ngoại ngữ,2025-03-24,Dropped Out,2026-01-20
STU000089,An Bùi,2002-08-14,Female,johntran@example.org,0449307842,DEP012,Khoa học dữ liệu,2025-03-12,Active,
STU000090,Trung Đức Bùi,2004-07-11,Male,jane25@example.net,020349613,DEP001,Công nghệ thông tin,2024-04-19,Graduated,
STU000091,Chị Thảo Bùi,1999-11-04,Female,john85@example.com,0859146377,DEP011,Truyền thông,2025-04-08,Active,
STU000092,Phúc Tấn Lê,2001-09-08,Female,tle@example.org,0448721981,DEP008,Kỹ thuật xây dựng,2023-08-16,Active,
STU000093,Bà Bảo Vũ,2000-01-21,Female,bbui@example.com,0190947036,DEP008,Kỹ thuật xây dựng,2025-04-22,Dropped Out,2025-12-08
STU000094,Bà Kim Mai,2002-04-24,Male,nguyenjane@example.org,0261926730,DEP004,Kinh tế,2022-10-21,Active,
STU000095,Phúc Tấn Bùi,1999-08-29,Female,duongjane@example.net,0380939559,DEP001,Công nghệ thông tin,2024-02-21,Suspended,
STU000096,Chị Dương Hoàng,2005-08-29,Other,vujohn@example.net,0426668472,DEP002,Tài chính - Kế toán,2021-07-22,Active,
STU000097,Bảo Hoàng,2000-01-02,Other,phamjane@example.net,015761097,DEP010,Chưa phân ngành,2024-09-11,Active,
STU000098,Anh Mai,2004-09-02,Male,phamjohn@example.org,078904029,DEP011,Truyền thông,2020-03-21,Active,
STU000099,Quý Cô Hồng Phạm,2001-01-23,Female,pbui@example.net,0662808021,DEP001,Công nghệ thông tin,2023-01-27,Active,
STU000100,Yến Trần,1998-08-23,Other,dvu@example.net,063962335,DEP010,Du lịch - Khách sạn,2023-10-10,Active,
STU000101,Ông Quang Hoàng,1999-06-01,Female,tranjohn@example.net,0265409638,DEP004,Kinh tế,2023-05-27,Active,
STU000102,Nam Hữu Lê,2002-11-03,Other,vujane@example.com,0468835855,DEP004,Kinh tế,2021-01-01,Active,
STU000103,Bác Nhiên Trần,2001-01-22,Other,hoangjane@example.com,0703015697,DEP012,Khoa học dữ liệu,2021-08-04,Active,
STU000104,Khoa Hoàng Trần,1998-11-11,Female,yduong@example.net,0685122984,DEP008,Kỹ thuật xây dựng,2020-01-10,Dropped Out,2020-10-10
STU000105,Bác Huy Hoàng,2001-09-22,Other,jane37@example.net,031047730,DEP006,Ngoại ngữ,2025-02-14,Graduated,
STU000106,Anh Nhiên Đặng,2003-01-06,Male,fbui@example.net,0774665273,DEP007,Kỹ thuật điện,2021-11-18,Active,
STU000107,Anh Hữu Mai,2000-11-08,Other,janedang@example.net,035715592,DEP003,Quản trị kinh doanh,2023-12-19,Suspended,
STU000108,Trung Vũ,1998-02-20,Male,lejane@example.com,0328931373,DEP011,Truyền thông,2019-10-21,Active,
STU000109,Thành Đức Bùi,2002-07-08,Male,pdang@example.org,082770406,DEP005,Luật,2021-12-23,Active,
STU000110,Bảo Bảo Dương,2005-02-25,Other,jane49@example.org,0324123752,DEP005,Luật,2019-10-06,Active,
STU000111,Chị Yến Trần,2003-04-20,Male,john53@example.com,067645492,DEP001,Công nghệ thông tin,2024-05-31,Active,
STU000112,Lâm Phạm,2007-07-24,Other,johnhoang@example.net,0177998484,DEP012,Chưa phân ngành,2023-01-05,Active,
STU000113,Cô Lâm Đặng,1999-04-14,Female,john16@example.org,033226549,DEP010,Du lịch - Khách sạn,2020-04-22,Dropped Out,2020-12-12
STU000114,Nhiên Lê,2005-02-03,Female,nguyenjane@example.com,0806126982,DEP003,Quản trị kinh doanh,2022-11-02,Active,
STU000115,An Mai Bùi,2004-06-09,Other,janenguyen@example.net,046740341,DEP007,Kỹ thuật điện,2023-11-09,Active,
STU000116,Quang Phú Dương,2001-07-31,Female,mmai@example.org,0659492294,DEP012,Khoa học dữ liệu,2019-10-14,Active,
STU000117,Quang Tấn Phạm,1999-02-09,Female,sle@example.com,005649671,DEP007,Kỹ thuật điện,2021-12-06,Active,
STU000118,Phương Mai Bùi,2007-03-31,Other,nguyenjohn@example.com,0703809154,DEP001,Công nghệ thông tin,2024-11-14,Active,
STU000119,Anh Nam Hoàng,2000-01-07,Male,lejohn@example.org,091531294,DEP004,Kinh tế,2025-07-08,Dropped Out,2026-09-10
STU000120,Cô An Nguyễn,2002-12-01,Male,jane02@example.net,0009030858,DEP004,Kinh tế,2024-06-07,Graduated,
STU000121,Nhật Tấn Lê,2000-09-03,Other,xduong@example.com,0032320584,DEP010,Du lịch - Khách sạn,2021-07-01,Dropped Out,2022-02-06
STU000122,Chị Hồng Hoàng,2006-05-10,Other,johnvu@example.com,0056929450,DEP002,Tài chính - Kế toán,2020-03-25,Active,
STU000123,Lâm Phú Hoàng,2001-06-14,Female,maijane@example.com,099617124,DEP007,Kỹ thuật điện,2023-12-13,Graduated,
STU000124,Quang Hoàng Nguyễn,2000-07-20,Other,phamjane@example.org,0831790161,DEP006,Ngoại ngữ,2019-09-26,Dropped Out,2020-12-31
STU000125,Minh Hoàng,2003-02-13,Other,aduong@example.net,0320400953,DEP007,Kỹ thuật điện,2022-02-16,Active,
STU000126,Cô Hà Hoàng,2002-11-21,Other,phamjohn@example.com,0538911274,DEP009,Công nghệ sinh học,2024-06-21,Active,
STU000127,Vân Đặng,2006-05-13,Male,janehoang@example.com,0765354540,DEP004,Kinh tế,2025-03-05,Dropped Out,2027-04-09
STU000128,Bà Hương Nguyễn,2007-03-07,Male,janehoang@example.org,0990283492,DEP009,Công nghệ sinh học,2024-09-13,Active,
STU000129,Hải Xuân Bùi,2007-06-17,Male,xdang@example.org,008754919,DEP001,Công nghệ thông tin,2020-03-13,Dropped Out,2020-10-28
STU000130,Bác Quang Vũ,2003-06-28,Other,wtran@example.com,0021142669,DEP006,Ngoại ngữ,2024-08-19,Graduated,
STU000131,Thành Văn Đặng,2001-07-27,Male,jane43@example.com,091124729,DEP010,Du lịch - Khách sạn,2020-01-20,Active,
STU000132,An Trần,1999-11-27,Female,lejane@example.org,068459793,DEP008,Kỹ thuật xây dựng,2024-09-09,Active,
STU000133,Chị Ngọc Vũ,2004-05-16,Male,janetran@example.net,0369500368,DEP001,Công nghệ thông tin,2019-11-18,Graduated,
STU000134,Hà Nguyễn,1998-12-17,Male,johnpham@example.com,048337082,DEP001,Công nghệ thông tin,2022-01-27,Dropped Out,2022-05-17
STU000135,Tùng Thị Vũ,2000-05-30,Male,enguyen@example.org,034597830,DEP006,Ngoại ngữ,2024-03-19,Active,
STU000136,Vi Mai,2000-02-18,Other,jane85@example.net,095238048,DEP007,Kỹ thuật điện,2022-11-30,Active,
STU000137,Bà Hương Trần,2000-07-03,Other,john18@example.com,065128134,DEP004,Kinh tế,2020-09-27,Dropped Out,2022-09-02
STU000138,Kim Phú Phạm,2006-04-16,Male,jane51@example.org,0122290048,DEP004,Kinh tế,2021-03-30,Active,
STU000139,Quý Cô Hạnh Dương,2005-06-17,Male,jane53@example.org,0381598888,DEP006,Ngoại ngữ,2019-08-13,Active,
STU000140,Bà Yến Phạm,1999-07-26,Female,johnpham@example.org,043359974,DEP003,Quản trị kinh doanh,2024-08-13,Active,
STU000141,Hải Thế Đặng,1998-03-12,Male,jane70@example.com,0649023742,DEP001,Công nghệ thông tin,2020-03-10,Graduated,
STU000142,Quang Hải Bùi,2005-01-26,Male,ohoang@example.org,0729741111,DEP010,Du lịch - Khách sạn,2022-07-12,Active,
STU000143,Mai Dương,2007-04-06,Other,jane16@example.org,0983277276,DEP010,Du lịch - Khách sạn,2022-12-22,Suspended,
STU000144,Vân Vũ,2004-09-12,Female,john31@example.com,085812759,DEP004,Kinh tế,2019-09-29,Graduated,
STU000145,Hưng Dương,2005-12-20,Other,jane94@example.com,0213068784,DEP008,Kỹ thuật xây dựng,2020-11-10,Active,
STU000146,Yến Vũ,2006-06-04,Male,johnvu@example.net,0021333892,DEP010,Du lịch - Khách sạn,2023-02-09,Active,
STU000147,Tùng Hoàng,2003-12-12,Other,unguyen@example.net,0352448409,DEP011,Truyền thông,2022-11-14,Graduated,
STU000148,Trọng Phú Bùi,2004-10-28,Female,fdang@example.com,0319367933,DEP006,Ngoại ngữ,2021-09-27,Graduated,
STU000149,Hạnh Nguyễn,2002-11-03,Female,john89@example.com,0788894358,DEP009,Công nghệ sinh học,2020-06-04,Graduated,
STU000150,Quý Cô Hạnh Phạm,2000-08-22,Other,john33@example.org,007193322,DEP005,Luật,2025-09-07,Dropped Out,2027-05-17
STU000151,Minh Phạm,1999-04-21,Male,johnnguyen@example.net,0406965096,DEP011,Truyền thông,2021-05-09,Active,
STU000152,Anh Dũng Phạm,2000-12-01,Other,fvu@example.org,037479889,DEP005,Chưa phân ngành,2022-03-13,Graduated,
STU000153,Nhật Lê,2001-04-23,Female,otran@example.net,084360000,DEP005,Luật,2019-09-26,Dropped Out,2021-12-08
STU000154,Bà Yến Đặng,2000-12-26,Female,john06@example.com,0937648668,DEP005,Luật,2022-07-13,Graduated,
STU000155,Bảo Đức Dương,2000-10-26,Female,jane74@example.com,058803845,DEP004,Kinh tế,2022-12-19,Active,
STU000156,Nhật Hữu Trần,1998-08-11,Male,jane89@example.org,0537219460,DEP009,Công nghệ sinh học,2020-12-02,Active,
STU000157,Quý Ông Minh Vũ,2006-12-05,Female,cdang@example.com,092470466,DEP012,Khoa học dữ liệu,2024-04-24,Active,
STU000158,Khoa Bảo Dương,2000-08-06,Other,jane44@example.net,0557842720,DEP007,Kỹ thuật điện,2022-01-31,Active,
STU000159,Nhiên Xuân Hoàng,2002-06-30,Male,jtran@example.org,009529820,DEP005,Luật,2021-11-20,Active,
STU000160,Kim Văn Phạm,2004-03-05,Other,john98@example.org,0441055432,DEP003,Quản trị kinh doanh,2020-02-13,Graduated,
STU000161,Bà Khoa Lê,1999-10-31,Male,jane27@example.net,079011871,DEP001,Công nghệ thông tin,2024-04-20,Active,
STU000162,Bác Minh Vũ,2006-03-10,Male,ovu@example.net,020679282,DEP008,Kỹ thuật xây dựng,2020-04-21,Graduated,
STU000163,Khoa Xuân Bùi,2006-04-13,Male,john36@example.net,0883384585,DEP011,Truyền thông,2019-11-11,Active,
STU000164,Khoa Quang Phạm,2006-08-19,Other,tnguyen@example.net,0815604612,DEP008,Kỹ thuật xây dựng,2022-09-25,Active,
STU000165,Chị Lâm Vũ,1998-12-26,Female,gmai@example.org,0190976815,DEP001,Công nghệ thông tin,2023-04-27,Active,
STU000166,Ông Quang Nguyễn,2005-12-25,Other,omai@example.com,095864791,DEP010,Du lịch - Khách sạn,2024-08-04,Active,
STU000167,Khoa Nguyễn,2003-12-14,Female,johnhoang@example.com,0089458736,DEP008,Kỹ thuật xây dựng,2023-01-01,Active,
STU000168,Khoa Lê,2000-01-04,Other,maijane@example.org,044129999,DEP012,Khoa học dữ liệu,2025-05-27,Active,
STU000169,Huy Văn Phạm,2004-04-10,Male,fmai@example.com,026961810,DEP002,Tài chính - Kế toán,2020-12-05,Active,
STU000170,Cô Duyên Hoàng,2002-10-24,Male,amai@example.com,0744867676,DEP006,Ngoại ngữ,2021-05-13,Active,
STU000171,Kim Dương,2004-09-06,Female,phamjohn@example.net,0187560005,DEP012,Khoa học dữ liệu,2020-10-31,Suspended,
STU000172,Hà Đức Đặng,2005-09-18,Female,dmai@example.net,0733227364,DEP004,Chưa phân ngành,2023-12-20,Graduated,
STU000173,Phúc Đức Mai,1998-02-19,Other,buijane@example.org,080475625,DEP007,Kỹ thuật điện,2022-10-16,Active,
STU000174,Chi Đặng,1998-12-06,Other,jane75@example.com,009493550,DEP006,Ngoại ngữ,2021-02-20,Suspended,
STU000175,Hạnh Vũ,2003-05-11,Female,qle@example.net,0999147513,DEP011,Truyền thông,2024-08-03,Graduated,
STU000176,Bác Nhiên Mai,2003-03-02,Female,jane48@example.org,0613930687,DEP012,Khoa học dữ liệu,2019-12-07,Active,
STU000177,Cô Kim Hoàng,2006-08-12,Female,lpham@example.com,0442482129,DEP006,Ngoại ngữ,2023-02-02,Active,
STU000178,Châu Đức Hoàng,2007-06-11,Female,lejane@example.net,0795388508,DEP008,Kỹ thuật xây dựng,2022-01-30,Active,
STU000179,Anh Thế Bùi,2004-02-11,Male,john81@example.org,0632560753,DEP001,Công nghệ thông tin,2023-09-02,Graduated,
STU000180,Chị Phương Phạm,2000-10-30,Other,qmai@example.org,0837756528,DEP003,Quản trị kinh doanh,2024-04-07,Active,
STU000181,Hoàng Xuân Dương,2004-04-26,Other,wle@example.net,024903803,DEP009,Công nghệ sinh học,2024-01-04,Active,
STU000182,Kim Mai Bảo Mai,2007-03-02,Male,mnguyen@example.com,0305196484,DEP007,Kỹ thuật điện,2024-03-15,Active,
STU000183,Lan Vũ,2002-09-13,Male,jane13@example.com,059436165,DEP011,Truyền thông,2025-05-25,Dropped Out,2026-10-23
STU000184,Xuân Mai,2006-03-24,Female,jane95@example.com,018833947,DEP003,Quản trị kinh doanh,2024-05-02,Active,
STU000185,Vũ Bùi,2002-07-18,Male,nguyenjohn@example.net,0408240738,DEP006,Ngoại ngữ,2024-05-31,Dropped Out,2025-08-03
STU000186,Phúc Lê,2007-01-23,Other,janepham@example.com,015311865,DEP007,Kỹ thuật điện,2023-02-18,Active,
STU000187,Thành Mai Trần,1998-04-19,Other,vujohn@example.org,0769978086,DEP010,Du lịch - Khách sạn,2025-01-13,Suspended,
STU000188,Xuân Vũ,2003-12-18,Male,john28@example.com,017797173,DEP007,Kỹ thuật điện,2023-09-10,Dropped Out,2025-09-26
STU000189,Trung Trần,2007-06-06,Female,john59@example.org,066040973,DEP002,Tài chính - Kế toán,2023-02-21,Dropped Out,2025-07-21
STU000190,Anh Bảo Lê,2007-06-21,Male,dangjane@example.com,0496401829,DEP007,Kỹ thuật điện,2023-10-27,Graduated,
STU000191,Quý Cô Thành Trần,2001-03-26,Female,johndang@example.org,0878485111,DEP011,Truyền thông,2019-10-18,Active,
STU000192,Bác Nhiên Lê,2007-03-10,Female,nhoang@example.org,0413182870,DEP012,Khoa học dữ liệu,2025-06-20,Graduated,
STU000193,Mai Mai,2004-02-12,Other,vujane@example.net,0917260071,DEP008,Kỹ thuật xây dựng,2022-03-04,Active,
STU000194,Hải Vũ,2007-02-25,Male,janemai@example.org,034306338,DEP003,Quản trị kinh doanh,2023-09-18,Graduated,
STU000195,Quý Cô Yến Dương,2003-08-18,Male,emai@example.com,045397628,DEP009,Công nghệ sinh học,2024-05-23,Active,
STU000196,Quang Mai Bảo Hoàng,2005-12-26,Male,john49@example.org,0651572678,DEP011,Truyền thông,2023-11-15,Active,
STU000197,Chị Yến Phạm,2002-09-27,Female,lejohn@example.com,001701952,DEP006,Ngoại ngữ,2023-10-31,Suspended,
STU000198,Vũ Tấn Hoàng,2007-08-29,Female,rmai@example.org,0076092065,DEP010,Du lịch - Khách sạn,2020-12-28,Active,
STU000199,Quý Ông Trọng Nguyễn,2005-02-16,Female,yvu@example.com,0692600919,DEP005,Luật,2022-07-03,Active,
STU000200,Khoa Dương,1999-08-07,Male,buijane@example.net,068635952,DEP002,Tài chính - Kế toán,2023-12-02,Active,
STU000201,Anh Dũng Mai,1999-05-23,Male,ihoang@example.net,0335174989,DEP010,Du lịch - Khách sạn,2024-06-26,Active,
STU000202,Bà Hương Đặng,2001-10-21,Other,johnnguyen@example.org,066928403,DEP004,Kinh tế,2023-08-18,Active,
STU000203,Bà Kim Hoàng,2004-01-12,Female,john76@example.net,029787160,DEP003,Quản trị kinh doanh,2023-11-19,Dropped Out,2025-12-13
STU000204,Thành Hoàng,2004-09-09,Male,wle@example.org,0426507853,DEP005,Luật,2023-01-24,Active,
STU000205,Nam Trần,1999-11-12,Female,uvu@example.org,070072731,DEP011,Truyền thông,2025-04-26,Suspended,
STU000206,Bảo Lê,2002-05-25,Male,johndang@example.net,0986914295,DEP004,Kinh tế,2020-11-28,Graduated,
STU000207,Bảo Phú Đặng,2006-01-23,Other,john06@example.org,0651590001,DEP007,Kỹ thuật điện,2025-02-05,Suspended,
STU000208,Anh Nhiên Nguyễn,2001-06-30,Female,utran@example.com,0774447959,DEP012,Khoa học dữ liệu,2022-02-13,Active,
STU000209,Nhật Nguyễn,2006-08-10,Female,john98@example.net,078854364,DEP001,Công nghệ thông tin,2021-05-28,Active,
STU000210,Bác Nhiên Vũ,2006-10-29,Male,john75@example.net,015779808,DEP002,Tài chính - Kế toán,2020-05-09,Active,
STU000211,Trung Đức Lê,2001-03-16,Female,johnle@example.com,0049359853,DEP011,Truyền thông,2025-02-06,Suspended,
STU000212,Quang Hoàng,2002-06-26,Female,rpham@example.net,0681256254,DEP012,Khoa học dữ liệu,2023-12-17,Dropped Out,2025-08-21
STU000213,Trung Văn Bùi,2002-02-11,Other,jane14@example.org,099300220,DEP008,Kỹ thuật xây dựng,2022-11-14,Dropped Out,2024-01-27
STU000214,Quang Mai,2007-01-22,Other,jduong@example.net,043020955,DEP008,Kỹ thuật xây dựng,2023-10-20,Active,
STU000215,Cô Mai Lê,1999-09-16,Other,bdang@example.com,0909912667,DEP009,Công nghệ sinh học,2025-05-18,Graduated,
STU000216,Vân Đặng,2004-05-06,Male,lvu@example.net,0509924042,DEP009,Công nghệ sinh học,2020-12-28,Active,
STU000217,Quý Ông Dũng Hoàng,2003-09-30,Female,john35@example.net,025499869,DEP004,Kinh tế,2022-01-10,Active,
STU000218,Yến Trần,2005-08-28,Male,john32@example.com,041034740,DEP010,Du lịch - Khách sạn,2025-03-01,Graduated,
STU000219,Thảo Vũ,1999-03-09,Other,wdang@example.net,0750014812,DEP005,Luật,2020-02-18,Dropped Out,2022-03-24
STU000220,Quý Cô Lâm Vũ,2001-10-04,Male,janenguyen@example.com,0268939280,DEP010,Du lịch - Khách sạn,2019-09-12,Active,
STU000221,Hồng Hoàng,1998-03-29,Other,johndang@example.com,045414226,DEP007,Kỹ thuật điện,2020-05-04,Active,
STU000222,Anh Phúc Hoàng,2000-07-03,Female,john39@example.org,028049473,DEP005,Luật,2024-10-01,Graduated,
STU000223,Cô Lâm Lê,2007-10-16,Female,pmai@example.net,0795066492,DEP005,Luật,2020-11-26,Dropped Out,2022-04-29
STU000224,Dũng Hoàng,2006-03-02,Female,gbui@example.net,046566849,DEP008,Kỹ thuật xây dựng,2020-08-17,Graduated,
STU000225,Khoa Hải Trần,1998-02-28,Other,john41@example.com,0670400129,DEP007,Kỹ thuật điện,2020-10-08,Suspended,
STU000226,Bà Yến Đặng,2003-03-24,Male,jane90@example.org,047916594,DEP012,Khoa học dữ liệu,2022-12-02,Graduated,
STU000227,Cô Mai Phạm,2007-09-20,Male,janebui@example.org,014463056,DEP006,Ngoại ngữ,2024-02-17,Graduated,
STU000228,Thành Hoàng Hoàng,2007-10-06,Female,avu@example.net,045866003,DEP010,Du lịch - Khách sạn,2022-11-11,Suspended,
STU000229,Bác Nam Đặng,2004-12-26,Other,dbui@example.org,0947924781,DEP003,Quản trị kinh doanh,2022-12-07,Active,
STU000230,Mai Mai,2003-10-28,Other,qduong@example.com,0767284608,DEP007,Kỹ thuật điện,2022-11-18,Active,
STU000231,Quý Ông Minh Hoàng,2002-02-01,Male,johnduong@example.net,0109078202,DEP011,Truyền thông,2024-04-12,Active,
STU000232,Chị Thành Trần,1998-01-05,Male,jane73@example.com,040956562,DEP001,Công nghệ thông tin,2020-12-06,Active,
STU000233,Nhật Trần,2006-12-10,Female,johnpham@example.net,0462373983,DEP001,Công nghệ thông tin,2019-08-03,Active,
STU000234,Chi Hoàng,2004-11-05,Other,maijohn@example.com,0413292216,DEP002,Tài chính - Kế toán,2021-12-16,Active,
STU000235,Nhật Đức Mai,1998-05-13,Other,wnguyen@example.org,0254121925,DEP004,Kinh tế,2020-06-13,Graduated,
STU000236,Nhật Mai Bảo Nguyễn,2006-08-01,Other,bnguyen@example.net,0776969822,DEP009,Công nghệ sinh học,2024-08-29,Graduated,
STU000237,Ông Phúc Bùi,2007-07-30,Other,pduong@example.org,038799808,DEP001,Công nghệ thông tin,2023-02-28,Dropped Out,2023-07-26
STU000238,Hải Trần,2002-02-19,Male,john48@example.com,086316821,DEP005,Luật,2021-12-18,Active,
STU000239,Tùng Dương,2004-02-15,Other,ldang@example.com,066400759,DEP008,Kỹ thuật xây dựng,2021-03-14,Active,
STU000240,Bà Thành Phạm,2002-04-09,Male,wpham@example.net,0547543767,DEP001,Công nghệ thông tin,2022-11-26,Active,
STU000241,Chị Vi Trần,1998-07-09,Female,john35@example.com,062988082,DEP003,Quản trị kinh doanh,2021-02-24,Graduated,
STU000242,Bảo Hoàng Mai,1998-08-02,Male,wbui@example.com,084070265,DEP002,Tài chính - Kế toán,2025-04-14,Suspended,
STU000243,Chị Khoa Mai,2006-10-13,Male,spham@example.com,0864172541,DEP001,Công nghệ thông tin,2023-12-09,Graduated,
STU000244,Linh Phạm,2000-02-22,Female,wvu@example.org,0368880958,DEP002,Tài chính - Kế toán,2023-01-08,Graduated,
STU000245,Quang Vũ,1998-03-18,Male,jane41@example.org,0715838242,DEP005,Luật,2024-04-21,Graduated,
STU000246,Hải Văn Hoàng,1999-10-15,Male,jane15@example.org,0532580124,DEP010,Du lịch - Khách sạn,2021-08-20,Active,
STU000247,Anh Bảo Dương,2001-02-24,Male,tranjane@example.org,0813257386,DEP006,Chưa phân ngành,2019-08-03,Active,
STU000248,Quý Cô Khoa Bùi,2005-04-26,Other,jane16@example.com,054191443,DEP012,Khoa học dữ liệu,2023-04-05,Suspended,
STU000249,Ánh Nguyễn,2000-11-30,Other,mtran@example.net,0188479748,DEP004,Kinh tế,2024-02-12,Active,
STU000250,Nhật Quang Phạm,2002-02-10,Male,ubui@example.net,0987492581,DEP008,Kỹ thuật xây dựng,2021-12-14,Graduated,
STU000251,Quý Cô Hồng Vũ,1999-03-28,Male,jle@example.com,094876648,DEP004,Kinh tế,2025-06-18,Active,
STU000252,Quý Cô Hồng Trần,2000-01-26,Female,john68@example.org,060561469,DEP004,Kinh tế,2020-06-24,Active,
STU000253,Trọng Mai,2006-11-30,Male,john28@example.org,066792914,DEP007,Kỹ thuật điện,2023-08-22,Active,
STU000254,Chị Duyên Vũ,2002-03-21,Female,kmai@example.org,0862854359,DEP001,Công nghệ thông tin,2023-08-03,Active,
STU000255,Tùng Dương,2003-01-24,Female,john38@example.org,0303019962,DEP012,Khoa học dữ liệu,2024-03-01,Dropped Out,2025-09-25
STU000256,Trọng Dương,2005-03-24,Other,jane78@example.com,0397206039,DEP006,Ngoại ngữ,2020-01-12,Graduated,
STU000257,Cô Thành Lê,2000-05-21,Female,hoangjane@example.org,0884640055,DEP005,Luật,2022-07-17,Active,
STU000258,Nhật Trí Phạm,2006-05-11,Male,ppham@example.org,081953090,DEP006,Ngoại ngữ,2021-05-26,Active,
STU000259,Bà Phương Vũ,2000-05-14,Other,jane59@example.net,0326099909,DEP007,Kỹ thuật điện,2025-08-04,Dropped Out,2026-02-17
STU000260,Cô Khoa Hoàng,1999-05-26,Other,lduong@example.net,009648034,DEP002,Tài chính - Kế toán,2021-06-13,Active,
STU000261,Hà Quang Đặng,2004-09-02,Other,john62@example.net,0587072897,DEP012,Khoa học dữ liệu,2020-01-17,Dropped Out,2022-03-29
STU000262,Bà Mai Đặng,1999-07-24,Male,jane34@example.com,0992796593,DEP001,Công nghệ thông tin,2023-11-25,Suspended,
STU000263,Nhật Mai Phạm,1998-05-16,Female,ybui@example.org,087047553,DEP003,Quản trị kinh doanh,2020-12-22,Active,
STU000264,Châu Thế Đặng,1999-04-20,Other,jane38@example.net,0708792689,DEP012,Khoa học dữ liệu,2020-12-02,Active,
STU000265,Quý Cô Dương Bùi,1999-11-17,Male,jane46@example.net,0036088979,DEP009,Công nghệ sinh học,2020-01-22,Active,
STU000266,Phúc Hải Vũ,2002-08-14,Male,abui@example.org,089210977,DEP006,Ngoại ngữ,2024-10-05,Graduated,
STU000267,Quang Lê,2004-03-06,Female,jane80@example.net,062311870,DEP012,Khoa học dữ liệu,2021-09-23,Dropped Out,2023-02-27
STU000268,Tùng Mai Nguyễn,2000-06-27,Female,vdang@example.com,0419255180,DEP012,Khoa học dữ liệu,2021-02-16,Active,
STU000269,Bảo Trần,2002-12-01,Female,dduong@example.org,0004596721,DEP004,Kinh tế,2023-12-01,Suspended,
STU000270,Linh Nguyễn,1998-09-16,Male,wtran@example.org,0729402892,DEP005,Luật,2020-01-30,Active,
STU000271,Bác Tú Lê,2003-10-04,Female,zmai@example.com,0935668470,DEP011,Truyền thông,2019-08-16,Active,
STU000272,Bác Vũ Lê,1999-04-07,Other,janedang@example.org,001014730,DEP012,Khoa học dữ liệu,2022-08-10,Active,
STU000273,Quý Cô Khoa Phạm,2003-04-13,Male,john99@example.org,0477146224,DEP008,Kỹ thuật xây dựng,2020-12-12,Active,
STU000274,Cô Vi Lê,1998-01-30,Other,hpham@example.com,0317423472,DEP012,Khoa học dữ liệu,2020-06-22,Active,
STU000275,Bà Nhật Lê,2007-07-25,Female,janepham@example.net,0788509889,DEP008,Kỹ thuật xây dựng,2021-08-22,Active,
STU000276,Vân Vũ,2004-12-29,Male,lejohn@example.net,0875730580,DEP002,Tài chính - Kế toán,2023-10-05,Suspended,
STU000277,Lâm Bùi,2007-09-13,Male,eduong@example.net,051661989,DEP007,Kỹ thuật điện,2025-08-01,Active,
STU000278,Mai Bùi,2003-07-24,Other,mdang@example.org,0243498263,DEP003,Chưa phân ngành,2020-07-26,Dropped Out,2021-09-03
STU000279,Quang Xuân Lê,2003-06-01,Female,johnduong@example.org,020783133,DEP003,Quản trị kinh doanh,2023-03-09,Graduated,
STU000280,Bà Nhật Mai,2007-08-17,Male,jane19@example.org,0783045672,DEP011,Truyền thông,2025-03-11,Dropped Out,2026-04-06
STU000281,Hưng Trần,2001-01-20,Other,ebui@example.net,0582702267,DEP007,Kỹ thuật điện,2025-09-06,Active,
STU000282,Quý Cô Dương Nguyễn,2000-04-20,Other,tranjane@example.com,0287965997,DEP010,Du lịch - Khách sạn,2022-04-23,Suspended,
STU000283,Cô Xuân Nguyễn,1999-07-29,Male,john30@example.com,043160627,DEP012,Khoa học dữ liệu,2025-06-13,Suspended,
STU000284,Anh Vũ Trần,2003-03-14,Male,janemai@example.com,040615837,DEP010,Du lịch - Khách sạn,2020-07-13,Graduated,
STU000285,Thành Phạm,2003-03-03,Other,janele@example.com,0262979185,DEP012,Khoa học dữ liệu,2022-01-08,Active,
STU000286,Khoa Xuân Nguyễn,2002-03-26,Male,john45@example.net,0985602840,DEP011,Truyền thông,2021-03-08,Graduated,
STU000287,Nhiên Mai,1999-12-26,Other,rvu@example.com,0245406379,DEP009,Công nghệ sinh học,2020-10-04,Active,
STU000288,Kim Đặng,2004-07-27,Other,vduong@example.org,0861698517,DEP001,Công nghệ thông tin,2020-11-17,Dropped Out,2021-03-11
STU000289,Phương Mai,2003-01-09,Other,utran@example.org,0916657935,DEP007,Kỹ thuật điện,2025-08-11,Dropped Out,2027-10-30
STU000290,Bảo Trí Nguyễn,2004-06-06,Male,john57@example.org,0517264826,DEP003,Quản trị kinh doanh,2021-11-09,Active,
STU000291,Bà Lâm Nguyễn,2005-08-11,Male,john04@example.com,094795466,DEP002,Chưa phân ngành,2020-02-21,Active,
STU000292,Anh Thành Phạm,2003-11-28,Male,dangjane@example.org,094257511,DEP012,Khoa học dữ liệu,2025-07-21,Suspended,
STU000293,Thành Nguyễn,2004-12-27,Male,john90@example.org,039017746,DEP005,Luật,2024-08-02,Active,
STU000294,Quang Đức Phạm,2007-09-16,Male,kvu@example.net,0995329034,DEP003,Quản trị kinh doanh,2020-04-16,Active,
STU000295,Chị Khoa Mai,2002-11-28,Other,ivu@example.org,0346143909,DEP005,Luật,2023-04-30,Graduated,
STU000296,Linh Dương,1999-02-25,Female,jane21@example.org,0442928692,DEP003,Quản trị kinh doanh,2023-01-28,Suspended,
STU000297,Bảo Nguyễn,2007-12-13,Female,vtran@example.com,034904803,DEP001,Công nghệ thông tin,2020-10-14,Graduated,
STU000298,Hải Văn Mai,2005-03-29,Female,john69@example.net,0996755334,DEP010,Du lịch - Khách sạn,2020-02-22,Suspended,
STU000299,Hà Lê,2000-12-16,Other,shoang@example.com,085136704,DEP012,Khoa học dữ liệu,2023-09-17,Active,
STU000300,Bà Thảo Mai,2006-11-22,Male,john58@example.net,023653895,DEP008,Kỹ thuật xây dựng,2023-12-23,Active,
STU000301,Chị Ngọc Phạm,2003-09-03,Other,john55@example.org,001128401,DEP010,Du lịch - Khách sạn,2020-07-17,Active,
STU000302,Chị Lan Bùi,1999-06-24,Other,maijohn@example.org,0134992267,DEP008,Kỹ thuật xây dựng,2025-07-05,Active,
STU000303,Linh Lê,2004-06-28,Female,john05@example.com,0592438168,DEP002,Tài chính - Kế toán,2023-02-13,Active,
STU000304,Duyên Nguyễn,2001-02-06,Other,lvu@example.com,000517779,DEP012,Khoa học dữ liệu,2025-01-31,Active,
STU000305,Dương Nguyễn,1998-02-18,Male,vujohn@example.com,093993175,DEP008,Kỹ thuật xây dựng,2022-11-08,Suspended,
STU000306,Mai Trần,2005-01-24,Female,john23@example.net,0156793216,DEP012,Chưa phân ngành,2020-02-09,Active,
STU000307,Phương Thị Vũ,1998-11-16,Other,johnhoang@example.org,0389085852,DEP006,Ngoại ngữ,2024-06-06,Active,
STU000308,An Đặng,2000-07-24,Male,cbui@example.com,0996380454,DEP012,Khoa học dữ liệu,2020-04-03,Dropped Out,2021-08-14
STU000309,Nhật Phạm,2003-10-13,Female,jane50@example.net,0061385207,DEP003,Quản trị kinh doanh,2025-06-21,Active,
STU000310,Bà Vi Vũ,2001-11-02,Male,jtran@example.net,0540475822,DEP003,Quản trị kinh doanh,2023-03-28,Active,
STU000311,Khoa Mai Bảo Lê,2002-07-17,Female,jane99@example.com,0581633069,DEP011,Truyền thông,2020-08-11,Active,
STU000312,Vũ Hoàng,2006-10-11,Other,jane45@example.org,0096303214,DEP012,Khoa học dữ liệu,2023-10-26,Active,
STU000313,Anh Mai,1998-11-14,Other,tbui@example.net,090813456,DEP007,Kỹ thuật điện,2020-12-30,Active,
STU000314,Kim Phạm,1998-04-17,Other,rdang@example.org,0329256112,DEP011,Truyền thông,2024-05-08,Dropped Out,2024-10-19
STU000315,Tú Phạm,2003-04-16,Other,lmai@example.net,031312817,DEP003,Quản trị kinh doanh,2020-10-28,Active,
STU000316,Cô Bảo Mai,2006-12-19,Female,apham@example.com,0858747675,DEP002,Tài chính - Kế toán,2024-03-25,Graduated,
STU000317,Thành Mai,2005-10-13,Male,john17@example.org,0969037516,DEP006,Ngoại ngữ,2021-03-04,Graduated,
STU000318,Yến Hoàng,2006-02-14,Other,john88@example.com,0271144746,DEP001,Công nghệ thông tin,2021-02-15,Dropped Out,2023-03-22
STU000319,Quang Xuân Nguyễn,2005-11-04,Female,fpham@example.org,023873651,DEP011,Truyền thông,2024-12-05,Active,
STU000320,Bác Hoàng Lê,1999-05-26,Female,johnmai@example.com,0815206197,DEP011,Truyền thông,2022-05-19,Active,
STU000321,Dương Bùi,2002-10-31,Female,dle@example.net,099861974,DEP009,Công nghệ sinh học,2023-11-11,Active,
STU000322,Quý Cô Nhật Trần,1998-09-03,Other,janevu@example.org,024548544,DEP006,Ngoại ngữ,2023-07-06,Dropped Out,2025-11-06
STU000323,Quý Ông Châu Hoàng,2003-03-01,Female,lmai@example.com,066398636,DEP006,Ngoại ngữ,2025-03-27,Dropped Out,2025-11-17
STU000324,Quý Cô Vân Trần,2000-11-09,Other,jane17@example.org,0303985880,DEP002,Tài chính - Kế toán,2020-06-10,Active,
STU000325,Linh Mai,2006-06-25,Other,jane27@example.org,008964722,DEP002,Tài chính - Kế toán,2019-12-02,Active,
STU000326,Kim Nguyễn,2006-10-08,Male,zpham@example.net,040021526,DEP001,Công nghệ thông tin,2022-09-15,Active,
STU000327,Thành Thế Nguyễn,2003-08-16,Other,john81@example.net,055283265,DEP004,Kinh tế,2024-04-26,Active,
STU000328,Bà Bảo Lê,2001-09-26,Other,qhoang@example.com,003799403,DEP004,Kinh tế,2024-07-09,Active,
STU000329,Bác Anh Lê,2004-07-09,Other,wpham@example.org,0640353576,DEP004,Kinh tế,2025-03-03,Active,
STU000330,Thành Thế Phạm,2001-04-27,Male,jane51@example.com,031723589,DEP003,Quản trị kinh doanh,2021-06-06,Dropped Out,2022-05-18
STU000331,Cô Lâm Đặng,2002-05-06,Other,fmai@example.net,0328425025,DEP004,Kinh tế,2021-07-07,Suspended,
STU000332,Hà Hoàng Dương,2000-05-04,Female,kbui@example.org,070942868,DEP005,Luật,2020-10-12,Active,
STU000333,Tú Hữu Đặng,2003-04-26,Other,qle@example.com,092066826,DEP004,Kinh tế,2025-01-24,Graduated,
STU000334,Bà Xuân Hoàng,2006-11-05,Male,john41@example.org,044830597,DEP007,Kỹ thuật điện,2022-10-19,Active,
STU000335,Nhật Hữu Đặng,2002-09-28,Male,buijohn@example.com,0972969809,DEP006,Ngoại ngữ,2020-06-21,Active,
STU000336,Ông Huy Mai,1999-02-11,Other,janetran@example.org,044785398,DEP004,Kinh tế,2020-08-07,Active,
STU000337,Vi Phạm,2007-05-18,Male,jane22@example.com,0498277140,DEP011,Truyền thông,2022-12-14,Active,
STU000338,Phúc Hoàng Đặng,1999-07-11,Other,jane54@example.org,0670862164,DEP001,Công nghệ thông tin,2024-11-08,Active,
STU000339,Nhật Văn Đặng,2001-10-28,Female,ale@example.net,0711878216,DEP006,Ngoại ngữ,2021-10-07,Active,
STU000340,Bà Nhật Phạm,2003-05-20,Male,atran@example.org,0639756433,DEP003,Quản trị kinh doanh,2023-08-04,Dropped Out,2025-09-14
STU000341,Bà Mai Mai,2006-01-01,Female,atran@example.com,0966126150,DEP001,Công nghệ thông tin,2021-11-17,Active,
STU000342,Bảo Hoàng Nguyễn,2000-12-05,Female,etran@example.com,0626943376,DEP002,Tài chính - Kế toán,2021-10-13,Active,
STU000343,Minh Xuân Vũ,2006-11-25,Female,dnguyen@example.org,0529905030,DEP006,Ngoại ngữ,2020-04-14,Active,
STU000344,Trung Lê,2001-10-03,Other,john54@example.com,0096610487,DEP012,Khoa học dữ liệu,2025-05-27,Graduated,
STU000345,Nhiên Trí Đặng,2003-02-14,Female,jane18@example.com,047189694,DEP002,Tài chính - Kế toán,2022-10-15,Active,
STU000346,Quý Ông Dũng Phạm,2001-09-14,Other,john24@example.org,0916117943,DEP006,Ngoại ngữ,2021-08-11,Active,
STU000347,Mai Mai,2000-08-09,Male,janebui@example.com,0345090266,DEP003,Quản trị kinh doanh,2025-01-22,Active,
STU000348,Tùng Trí Đặng,2007-10-27,Female,john78@example.net,004252981,DEP011,Truyền thông,2022-07-14,Suspended,
STU000349,Quý Cô Chi Lê,2005-07-04,Other,fvu@example.com,0734782948,DEP012,Khoa học dữ liệu,2024-12-16,Active,
STU000350,Bảo Hữu Lê,1998-11-09,Other,john26@example.net,0279749934,DEP012,Khoa học dữ liệu,2025-04-05,Graduated,
STU000351,Thành Mai,2001-06-01,Female,jane58@example.net,041536730,DEP003,Quản trị kinh doanh,2022-12-18,Active,
STU000352,Hưng Quang Bùi,2005-12-26,Male,john88@example.org,082307061,DEP007,Kỹ thuật điện,2024-06-04,Dropped Out,2026-08-04
STU000353,Hưng Trí Nguyễn,2007-08-15,Other,john90@example.net,0010466873,DEP010,Du lịch - Khách sạn,2019-08-11,Active,
STU000354,Huy Thị Hoàng,2000-02-17,Female,jane75@example.org,0248153657,DEP008,Kỹ thuật xây dựng,2019-09-22,Graduated,
STU000355,Bà Vi Vũ,2003-11-03,Male,jane24@example.net,0780068513,DEP003,Quản trị kinh doanh,2022-06-15,Dropped Out,2024-08-19
STU000356,Dũng Lê,2004-10-03,Female,jane33@example.com,083159055,DEP008,Kỹ thuật xây dựng,2024-07-02,Active,
STU000357,Quý Cô Lâm Mai,1998-01-02,Female,oduong@example.org,077878275,DEP003,Quản trị kinh doanh,2020-08-06,Graduated,
STU000358,An Hoàng,1999-02-26,Other,mtran@example.com,0982556803,DEP004,Kinh tế,2019-11-16,Dropped Out,2021-03-19
STU000359,Ông Vũ Dương,2005-12-15,Male,snguyen@example.net,0834185139,DEP003,Quản trị kinh doanh,2024-04-02,Active,
STU000360,Nhật Thị Trần,1998-07-08,Female,jane52@example.com,0802714686,DEP006,Ngoại ngữ,2021-06-04,Active,
STU000361,Nhiên Phạm,2004-10-01,Male,jane88@example.org,0872262900,DEP007,Kỹ thuật điện,2021-12-06,Active,
STU000362,Quý Ông Trọng Nguyễn,2002-03-12,Other,zvu@example.com,0443589280,DEP011,Truyền thông,2023-09-09,Graduated,
STU000363,Cô Nhật Trần,2004-10-07,Other,spham@example.org,0493134330,DEP009,Công nghệ sinh học,2021-09-09,Active,
STU000364,Kim Hữu Hoàng,2004-06-16,Female,wtran@example.net,016342941,DEP010,Du lịch - Khách sạn,2020-10-25,Active,
STU000365,Ông Quang Mai,2007-05-20,Female,john68@example.net,0856022622,DEP005,Luật,2021-07-29,Active,
STU000366,Nhật Vũ,2000-12-09,Female,jane36@example.org,0156392060,DEP007,Kỹ thuật điện,2025-03-11,Graduated,
STU000367,Bác Nam Dương,1998-09-27,Male,kle@example.org,068833670,DEP003,Quản trị kinh doanh,2020-05-11,Dropped Out,2022-05-05
STU000368,Hạnh Phạm,2003-07-25,Male,dangjane@example.net,0347650303,DEP009,Công nghệ sinh học,2022-06-28,Dropped Out,2024-06-02
STU000369,Cô Chi Hoàng,1998-08-19,Other,xmai@example.org,002763023,DEP006,Ngoại ngữ,2025-03-05,Active,
STU000370,Ông Khoa Lê,2004-04-01,Other,john09@example.org,0258136583,DEP008,Kỹ thuật xây dựng,2022-05-30,Active,
STU000371,Quý Ông Dũng Nguyễn,2000-05-02,Female,john77@example.org,0221358287,DEP002,Tài chính - Kế toán,2022-01-05,Graduated,
STU000372,Trọng Mai,2005-09-12,Female,hmai@example.org,0320843777,DEP008,Kỹ thuật xây dựng,2025-04-20,Graduated,
STU000373,Thành Thị Nguyễn,2000-07-18,Female,hvu@example.org,0582939864,DEP001,Công nghệ thông tin,2021-08-19,Graduated,
STU000374,Bà Ánh Trần,2002-04-11,Other,dtran@example.org,007610163,DEP007,Kỹ thuật điện,2021-12-14,Graduated,
STU000375,Thành Vũ,1999-12-28,Other,zhoang@example.net,010888209,DEP011,Truyền thông,2023-01-20,Active,
STU000376,Khoa Dương,2003-12-28,Male,whoang@example.org,0189656033,DEP012,Khoa học dữ liệu,2020-03-03,Graduated,
STU000377,Nhật Vũ,1998-12-18,Female,zmai@example.org,016771288,DEP003,Quản trị kinh doanh,2020-05-20,Active,
STU000378,Thành Đặng,2003-09-10,Other,janemai@example.net,0008064400,DEP012,Khoa học dữ liệu,2022-10-22,Active,
STU000379,Hà Đặng,2002-11-18,Other,jane85@example.com,0019584704,DEP007,Kỹ thuật điện,2022-05-04,Active,
STU000380,Hà Đức Trần,2004-01-14,Other,bvu@example.org,064968392,DEP003,Quản trị kinh doanh,2021-10-22,Active,
STU000381,Bảo Hữu Nguyễn,2007-09-05,Other,john23@example.com,043107821,DEP008,Kỹ thuật xây dựng,2020-06-20,Active,
STU000382,Bà Hương Mai,2005-12-16,Other,jane46@example.com,0848314282,DEP001,Công nghệ thông tin,2020-08-31,Active,
STU000383,Cô Yến Mai,2001-06-16,Other,john32@example.org,025402155,DEP003,Chưa phân ngành,2024-05-07,Dropped Out,2025-06-25
STU000384,Bà Ánh Bùi,2002-01-14,Male,janevu@example.com,065988766,DEP001,Công nghệ thông tin,2023-12-31,Active,
STU000385,Bà Yến Nguyễn,2007-08-06,Female,john08@example.net,036662846,DEP007,Kỹ thuật điện,2021-02-09,Active,
STU000386,Thành Thế Nguyễn,2004-03-03,Other,cle@example.org,003400897,DEP008,Kỹ thuật xây dựng,2020-06-12,Active,
STU000387,Hạnh Trần,2001-08-26,Female,john94@example.net,030479236,DEP004,Kinh tế,2023-04-05,Active,
STU000388,Khoa Lê,1998-06-29,Other,qnguyen@example.org,0212189938,DEP011,Truyền thông,2022-11-01,Active,
STU000389,Trung Thế Mai,2003-05-18,Other,jane69@example.net,062714328,DEP011,Truyền thông,2024-07-19,Active,
STU000390,Linh Đặng,2001-08-14,Female,john46@example.net,037494839,DEP001,Công nghệ thông tin,2021-12-17,Dropped Out,2022-06-13
STU000391,Bà Ánh Vũ,2000-05-20,Other,hhoang@example.org,0099652986,DEP012,Khoa học dữ liệu,2025-02-15,Active,
STU000392,Lan Đặng,2004-02-03,Female,phoang@example.net,0216949322,DEP002,Tài chính - Kế toán,2023-12-23,Active,
STU000393,Linh Trần,2000-01-24,Male,john92@example.net,086694249,DEP007,Kỹ thuật điện,2025-06-03,Active,
STU000394,Quý Cô Xuân Bùi,2001-07-10,Female,gtran@example.net,099935899,DEP010,Du lịch - Khách sạn,2022-08-03,Active,
STU000395,Bà Thành Hoàng,2000-10-19,Female,john82@example.com,082721611,DEP012,Chưa phân ngành,2022-12-18,Active,
STU000396,Quý Ông Khoa Trần,1999-01-27,Male,buijohn@example.net,0919783513,DEP009,Công nghệ sinh học,2022-04-25,Dropped Out,2024-09-30
STU000397,Anh Mai Bảo Nguyễn,2006-05-09,Male,xbui@example.net,036290637,DEP005,Luật,2025-02-08,Active,
STU000398,Phương Xuân Vũ,2007-06-08,Female,fpham@example.com,0086931630,DEP011,Chưa phân ngành,2025-02-10,Active,
STU000399,Hải Phú Trần,2003-12-27,Other,jane05@example.net,031686604,DEP011,Truyền thông,2024-11-05,Active,
STU000400,Quý Cô Nhật Mai,2007-11-01,Female,imai@example.org,0919386672,DEP008,Kỹ thuật xây dựng,2025-02-14,Active,
STU000401,Bà Hải Bùi,2003-01-06,Male,john40@example.net,0418525464,DEP006,Chưa phân ngành,2021-08-06,Graduated,
STU000402,Phương Hải Phạm,1999-12-26,Other,qhoang@example.org,0870414447,DEP006,Ngoại ngữ,2022-09-18,Dropped Out,2024-06-14
STU000403,Mai Hoàng,2007-06-08,Male,tduong@example.org,0400655417,DEP008,Kỹ thuật xây dựng,2023-04-02,Graduated,
STU000404,Hạnh Nguyễn,2005-08-28,Female,rmai@example.net,0672937949,DEP006,Ngoại ngữ,2024-11-15,Active,
STU000405,Trung Mai,2000-02-18,Female,jvu@example.net,0207791174,DEP006,Ngoại ngữ,2021-08-24,Active,
STU000406,Dũng Hải Đặng,2000-05-31,Male,duongjane@example.org,0014550405,DEP002,Tài chính - Kế toán,2021-03-16,Active,
STU000407,Linh Lê,2000-09-01,Female,hbui@example.net,0634004435,DEP003,Quản trị kinh doanh,2022-01-22,Graduated,
STU000408,Bác Nam Lê,2000-12-24,Female,dle@example.com,0597047242,DEP004,Kinh tế,2025-07-03,Active,
STU000409,Chị Vi Nguyễn,1999-11-22,Other,kbui@example.com,0623520525,DEP008,Kỹ thuật xây dựng,2023-03-23,Suspended,
STU000410,Lan Hoàng,1998-03-25,Female,lle@example.org,0298591957,DEP003,Quản trị kinh doanh,2024-10-18,Suspended,
STU000411,Chị Hương Phạm,1999-12-21,Other,wdang@example.org,045762616,DEP001,Công nghệ thông tin,2023-12-14,Active,
STU000412,Hà Trí Bùi,2005-01-04,Male,john18@example.net,006469954,DEP007,Kỹ thuật điện,2025-02-25,Graduated,
STU000413,Bảo Trí Hoàng,2001-12-09,Female,jbui@example.com,0328247979,DEP007,Kỹ thuật điện,2022-12-22,Active,
STU000414,Quý Cô Yến Đặng,1998-02-16,Male,zbui@example.com,097007333,DEP012,Khoa học dữ liệu,2022-12-12,Active,
STU000415,Thành Bảo Lê,1998-12-12,Male,john07@example.com,0552362173,DEP004,Kinh tế,2021-07-19,Active,
STU000416,Ông Quang Hoàng,2000-04-11,Male,xhoang@example.com,0699104099,DEP004,Kinh tế,2024-09-26,Active,
STU000417,Bà Lâm Nguyễn,1999-07-09,Other,jane30@example.com,0586014632,DEP012,Khoa học dữ liệu,2020-08-31,Active,
STU000418,Phương Lê,2000-05-28,Female,jane88@example.com,0347359967,DEP006,Ngoại ngữ,2020-09-24,Graduated,
STU000419,Quý Ông Nam Đặng,2006-06-30,Female,jane01@example.net,0256631831,DEP008,Kỹ thuật xây dựng,2024-02-18,Active,
STU000420,Hải Đức Đặng,1998-11-29,Male,johnvu@example.org,0026256199,DEP006,Ngoại ngữ,2023-01-06,Active,
STU000421,Khoa Đặng,2007-07-06,Female,rle@example.org,061751278,DEP004,Kinh tế,2020-12-15,Dropped Out,2021-05-11
STU000422,Thành Trí Mai,2005-12-07,Male,john56@example.org,091488463,DEP004,Kinh tế,2020-07-21,Active,
STU000423,Bảo Vũ,2006-09-17,Other,jane56@example.com,0107851509,DEP011,Truyền thông,2024-08-24,Dropped Out,2026-09-06
STU000424,An Phạm,2004-01-17,Female,jane24@example.org,0094322690,DEP010,Du lịch - Khách sạn,2025-04-23,Active,
STU000425,Chị Phương Mai,2002-01-11,Other,johnbui@example.com,0185651512,DEP003,Quản trị kinh doanh,2020-05-04,Dropped Out,2022-05-25
STU000426,Bà Thành Mai,2007-04-21,Male,john47@example.org,0760899399,DEP005,Luật,2022-03-02,Active,
STU000427,Quý Ông Hoàng Vũ,1999-09-20,Male,pnguyen@example.net,0699166211,DEP008,Kỹ thuật xây dựng,2021-12-30,Active,
STU000428,Khoa Trí Đặng,2001-04-23,Other,ltran@example.org,033242644,DEP007,Kỹ thuật điện,2023-10-07,Active,
STU000429,An Mai,2002-09-10,Female,kpham@example.net,0730799535,DEP010,Du lịch - Khách sạn,2021-06-07,Active,
STU000430,Duyên Trần,2006-07-03,Other,john29@example.net,0230940966,DEP002,Tài chính - Kế toán,2025-08-20,Graduated,
STU000431,Hương Hoàng,1999-09-08,Female,tduong@example.net,0038741343,DEP001,Công nghệ thông tin,2023-12-16,Suspended,
STU000432,Thành Trần,2002-07-27,Male,john30@example.org,0329104861,DEP010,Du lịch - Khách sạn,2025-09-04,Active,
STU000433,An Hoàng,1999-04-16,Male,john14@example.com,050958504,DEP008,Kỹ thuật xây dựng,2024-04-15,Active,
STU000434,Khoa Mai Bảo Dương,2006-02-01,Female,fbui@example.org,040543280,DEP006,Ngoại ngữ,2021-07-20,Active,
STU000435,Hương Nguyễn,2001-05-26,Male,john78@example.org,0566476614,DEP005,Luật,2024-04-10,Suspended,
STU000436,Châu Đặng,2007-04-25,Male,jane29@example.net,0923848401,DEP004,Kinh tế,2022-09-08,Active,
STU000437,Nhật Tấn Hoàng,2003-09-29,Other,jane12@example.org,012840510,DEP006,Ngoại ngữ,2024-07-26,Active,
STU000438,An Hoàng Trần,2001-06-03,Other,dhoang@example.net,046687971,DEP001,Công nghệ thông tin,2024-05-04,Active,
STU000439,Bà Lan Lê,2001-06-16,Female,john24@example.com,037862777,DEP012,Khoa học dữ liệu,2021-07-09,Active,
STU000440,Quý Cô Mai Nguyễn,1999-08-31,Female,jane92@example.net,0275906164,DEP006,Ngoại ngữ,2023-04-17,Dropped Out,2024-09-29
STU000441,Chị Hạnh Trần,2006-12-18,Female,whoang@example.net,091020919,DEP005,Luật,2020-03-26,Active,
STU000442,Bác Quang Nguyễn,1998-11-11,Female,jpham@example.com,0965083717,DEP012,Khoa học dữ liệu,2023-11-05,Dropped Out,2025-06-18
STU000443,Anh Trọng Hoàng,2007-06-28,Male,jane03@example.org,0557425902,DEP009,Công nghệ sinh học,2024-07-13,Active,
STU000444,Khoa Bùi,1998-03-30,Other,jane41@example.com,065388149,DEP006,Ngoại ngữ,2024-05-28,Active,
STU000445,Minh Hoàng,2003-07-14,Male,uhoang@example.net,097605028,DEP001,Công nghệ thông tin,2021-12-07,Active,
STU000446,Anh Đặng,1999-01-24,Other,kduong@example.com,0591862442,DEP004,Kinh tế,2020-03-18,Dropped Out,2022-05-15
STU000447,Quang Lê,1999-10-13,Male,john13@example.net,0036944841,DEP006,Ngoại ngữ,2022-06-21,Dropped Out,2023-12-22
STU000448,Trọng Đức Nguyễn,1999-06-07,Male,enguyen@example.net,0836479226,DEP011,Truyền thông,2020-09-20,Dropped Out,2022-10-17
STU000449,Thảo Trần,2006-10-12,Female,hoangjane@example.net,0129999354,DEP009,Công nghệ sinh học,2020-06-20,Graduated,
STU000450,Trọng Nguyễn,2005-02-25,Other,stran@example.org,045528145,DEP004,Kinh tế,2020-07-08,Active,
STU000451,Cô Nhật Dương,1998-04-21,Other,vhoang@example.com,0068467724,DEP005,Luật,2021-04-30,Active,
STU000452,Quý Cô Ánh Mai,1998-05-03,Male,jane41@example.net,0084146258,DEP009,Công nghệ sinh học,2022-11-11,Graduated,
STU000453,Quý Ông Huy Hoàng,1998-04-13,Other,jane28@example.org,048378315,DEP009,Công nghệ sinh học,2020-12-23,Active,
STU000454,Minh Vũ,1998-04-26,Other,jane15@example.com,048536462,DEP001,Công nghệ thông tin,2022-01-13,Dropped Out,2024-06-01
STU000455,Hà Hoàng,2003-02-21,Female,kvu@example.org,0636603898,DEP006,Ngoại ngữ,2025-09-07,Graduated,
STU000456,Dũng Phú Hoàng,2002-04-21,Male,johnbui@example.org,014317003,DEP003,Chưa phân ngành,2024-04-07,Active,
STU000457,Thành Dương,2007-02-21,Other,john54@example.org,062598790,DEP001,Công nghệ thông tin,2022-02-11,Active,
STU000458,Châu Tấn Dương,2004-02-16,Female,sle@example.net,018349578,DEP004,Kinh tế,2021-06-09,Active,
STU000459,Cô Vân Nguyễn,2002-10-15,Other,mle@example.com,073281411,DEP004,Kinh tế,2025-08-03,Suspended,
STU000460,Hải Dương,2000-06-14,Male,jane31@example.org,0354253799,DEP004,Kinh tế,2019-11-27,Active,
STU000461,Thành Hải Hoàng,2000-01-07,Other,ihoang@example.org,044457180,DEP006,Ngoại ngữ,2023-11-08,Graduated,
STU000462,Dũng Trí Bùi,2004-11-22,Female,otran@example.org,036106645,DEP005,Luật,2023-07-03,Dropped Out,2023-11-15
STU000463,Ánh Dương,2006-11-18,Other,jane87@example.net,099219149,DEP004,Kinh tế,2023-06-27,Active,
STU000464,Cô Thành Hoàng,2005-09-06,Other,ivu@example.com,014031476,DEP009,Công nghệ sinh học,2024-10-28,Active,
STU000465,Nhật Dương,2003-01-06,Male,lmai@example.org,077499190,DEP010,Du lịch - Khách sạn,2023-12-31,Dropped Out,2026-01-25
STU000466,Yến Mai,2000-03-22,Male,john36@example.com,0288830859,DEP003,Quản trị kinh doanh,2022-09-24,Active,
STU000467,Thành Quang Hoàng,2002-11-18,Male,aduong@example.com,0086670459,DEP001,Công nghệ thông tin,2022-05-08,Active,
STU000468,Bà Nhật Hoàng,2005-06-03,Male,ble@example.com,071576510,DEP004,Chưa phân ngành,2025-03-28,Active,
STU000469,Hải Phú Trần,2002-08-10,Male,jane31@example.com,028249290,DEP008,Kỹ thuật xây dựng,2020-03-02,Graduated,
STU000470,Cô Hồng Trần,2003-02-24,Female,john79@example.com,0390771548,DEP005,Luật,2025-04-19,Graduated,
STU000471,Phương Nguyễn,2006-11-16,Male,ddang@example.org,0462026415,DEP001,Công nghệ thông tin,2021-12-14,Active,
STU000472,Phương Dương,2004-04-29,Female,jane53@example.net,001159637,DEP005,Luật,2019-08-13,Active,
STU000473,Kim Bùi,2005-05-08,Other,john40@example.org,0858183633,DEP004,Kinh tế,2025-07-29,Active,
STU000474,Phương Đức Vũ,2004-09-03,Male,john97@example.org,085588699,DEP001,Công nghệ thông tin,2020-06-29,Graduated,
STU000475,Kim Nguyễn,2001-09-26,Male,ddang@example.com,0100042884,DEP004,Kinh tế,2020-01-09,Active,
STU000476,Quý Cô Nhật Phạm,2003-04-13,Female,ohoang@example.net,094984433,DEP009,Công nghệ sinh học,2020-07-21,Active,
STU000477,Hải Trần,1999-10-14,Female,john44@example.org,0349271148,DEP001,Công nghệ thông tin,2025-07-18,Active,
STU000478,Chị Duyên Hoàng,2002-09-11,Female,rtran@example.com,0351117103,DEP012,Khoa học dữ liệu,2023-09-27,Active,
STU000479,Phúc Hoàng,2007-01-13,Female,nnguyen@example.net,0709453668,DEP011,Truyền thông,2022-04-17,Active,
STU000480,Hưng Mai Phạm,1998-05-24,Male,vhoang@example.org,053061614,DEP006,Ngoại ngữ,2023-01-02,Suspended,
STU000481,Chị Vân Lê,2007-10-22,Other,jane71@example.net,027484780,DEP006,Ngoại ngữ,2020-07-13,Active,
STU000482,Hải Dương,2005-05-25,Other,wbui@example.net,0995311673,DEP006,Ngoại ngữ,2020-08-14,Active,
STU000483,Bảo Đức Vũ,2000-10-20,Female,zduong@example.com,0585114148,DEP001,Công nghệ thông tin,2021-01-09,Dropped Out,2023-01-23
STU000484,Anh Thành Lê,2007-01-31,Other,jane72@example.net,055992857,DEP010,Du lịch - Khách sạn,2021-06-11,Active,
STU000485,Ngọc Bùi,2002-05-26,Female,jane71@example.org,045907404,DEP010,Du lịch - Khách sạn,2021-09-05,Active,
STU000486,Huy Mai,2003-09-09,Other,ntran@example.org,095236575,DEP001,Công nghệ thông tin,2024-05-11,Active,
STU000487,Quý Cô Linh Nguyễn,2004-09-04,Male,ynguyen@example.com,0389410904,DEP008,Kỹ thuật xây dựng,2023-02-19,Active,
STU000488,Quý Ông Quang Hoàng,2005-04-07,Female,cduong@example.com,016684812,DEP010,Du lịch - Khách sạn,2024-08-29,Graduated,
STU000489,Linh Nguyễn,2002-01-15,Male,john71@example.net,0290550069,DEP004,Kinh tế,2022-10-27,Active,
STU000490,Quý Cô Hồng Hoàng,2007-09-12,Male,rduong@example.net,099279010,DEP003,Quản trị kinh doanh,2021-10-22,Suspended,
STU000491,Bà Nhật Phạm,1999-02-03,Female,zduong@example.org,056781697,DEP005,Luật,2023-03-31,Graduated,
STU000492,Chị Thảo Đặng,1999-11-11,Male,john86@example.org,0818750782,DEP011,Truyền thông,2020-02-27,Graduated,
STU000493,Hương Vũ,2002-04-18,Other,jane82@example.org,0047194909,DEP002,Tài chính - Kế toán,2022-07-07,Active,
STU000494,Quý Cô Lan Mai,1998-04-10,Female,john73@example.org,078297916,DEP006,Ngoại ngữ,2024-01-04,Graduated,
STU000495,Trọng Mai,2005-02-17,Male,fle@example.net,0345461885,DEP006,Ngoại ngữ,2023-03-24,Graduated,
STU000496,Bà Hải Bùi,1999-04-25,Male,svu@example.org,0367509410,DEP008,Kỹ thuật xây dựng,2025-07-09,Active,
STU000497,Hương Dương,2004-07-20,Male,kle@example.com,088479532,DEP003,Quản trị kinh doanh,2022-12-18,Active,
STU000498,Trung Trần,2005-06-17,Other,xmai@example.com,049618256,DEP001,Công nghệ thông tin,2020-10-27,Active,
STU000499,Kim Phạm,2003-10-21,Other,gpham@example.com,043998419,DEP005,Luật,2021-04-21,Dropped Out,2022-09-19
STU000500,Bà Hồng Dương,2004-12-15,Male,nvu@example.org,057913560,DEP005,Luật,2023-06-17,Active,
STU000501,Anh Khoa Vũ,2000-08-02,Female,rnguyen@example.net,071468376,DEP004,Kinh tế,2021-04-26,Active,
STU000502,Anh Thành Bùi,2000-08-28,Female,john44@example.net,024750809,DEP012,Chưa phân ngành,2020-04-30,Dropped Out,2021-01-12
STU000503,Cô Hà Dương,1998-08-07,Male,mhoang@example.org,0700033539,DEP011,Chưa phân ngành,2023-03-14,Graduated,
STU000504,Bảo Lê,1998-02-13,Other,jane00@example.net,029791979,DEP007,Kỹ thuật điện,2025-08-29,Active,
STU000505,An Thị Bùi,2007-02-18,Female,lpham@example.net,086200853,DEP010,Du lịch - Khách sạn,2021-02-22,Active,
STU000506,Trọng Thế Vũ,2007-08-24,Male,john95@example.org,0150140348,DEP009,Công nghệ sinh học,2022-06-23,Active,
STU000507,Phương Nguyễn,2000-01-23,Female,jane62@example.org,0293474640,DEP008,Kỹ thuật xây dựng,2020-01-02,Active,
STU000508,Chị Kim Hoàng,2003-07-10,Male,nnguyen@example.com,093120238,DEP009,Công nghệ sinh học,2025-03-16,Active,
STU000509,Vân Đặng,2006-04-01,Female,john69@example.com,0038631504,DEP002,Tài chính - Kế toán,2021-08-11,Suspended,
STU000510,Hải Bùi,2000-04-21,Male,john66@example.org,003255687,DEP006,Ngoại ngữ,2024-07-12,Active,
STU000511,Quang Hoàng,2007-10-08,Other,nnguyen@example.org,044834724,DEP011,Chưa phân ngành,2020-03-26,Graduated,
STU000512,Quý Cô An Bùi,2005-02-06,Female,dle@example.org,0286260326,DEP010,Du lịch - Khách sạn,2023-10-04,Active,
STU000513,Nhật Bùi,2003-08-28,Male,john43@example.org,0174792070,DEP009,Công nghệ sinh học,2023-04-25,Active,
STU000514,Quý Cô Hồng Dương,2000-06-06,Female,john18@example.org,0777262520,DEP005,Luật,2025-05-19,Graduated,
STU000515,Châu Hoàng Dương,2000-02-08,Male,jane17@example.com,0277032742,DEP002,Chưa phân ngành,2020-11-23,Active,
STU000516,Thành Hoàng,2002-01-30,Female,john10@example.org,086524130,DEP005,Luật,2020-02-12,Active,
STU000517,Cô Duyên Mai,2006-11-29,Male,knguyen@example.net,062739609,DEP007,Kỹ thuật điện,2023-05-23,Active,
STU000518,Anh Trần,2005-05-18,Other,jane20@example.net,098363709,DEP009,Công nghệ sinh học,2020-10-10,Graduated,
STU000519,Lâm Dương,2002-05-11,Other,fdang@example.net,0709275413,DEP004,Kinh tế,2022-11-12,Active,
STU000520,Trung Vũ,2005-11-25,Male,john16@example.com,0738839293,DEP011,Truyền thông,2025-04-21,Active,
STU000521,Bà Vi Phạm,2003-12-22,Male,nguyenjane@example.net,010588827,DEP011,Truyền thông,2020-12-12,Dropped Out,2022-01-17
STU000522,Bác Huy Dương,2007-03-08,Female,uhoang@example.org,0034833250,DEP010,Du lịch - Khách sạn,2023-10-02,Active,
STU000523,Quý Cô Thảo Mai,2005-11-03,Male,janedang@example.com,005098149,DEP002,Chưa phân ngành,2020-07-05,Active,
STU000524,Anh Hưng Đặng,2006-08-26,Male,ole@example.net,0921899369,DEP003,Quản trị kinh doanh,2021-04-22,Graduated,
STU000525,Thành Đức Đặng,2004-01-06,Male,vnguyen@example.com,005328456,DEP010,Du lịch - Khách sạn,2020-04-08,Dropped Out,2021-05-06
STU000526,Chị Hồng Phạm,2003-01-25,Female,qtran@example.org,0732356624,DEP007,Kỹ thuật điện,2022-11-21,Dropped Out,2023-11-29
STU000527,An Trần,2000-09-28,Other,jane06@example.org,0403422622,DEP011,Truyền thông,2021-11-05,Active,
STU000528,Ông Thành Vũ,2006-05-15,Other,jane60@example.org,0538388148,DEP002,Tài chính - Kế toán,2023-08-20,Active,
STU000529,Bà Thảo Trần,2000-08-29,Other,jane56@example.org,092651421,DEP009,Công nghệ sinh học,2025-05-21,Graduated,
STU000530,Cô Dương Bùi,2004-04-16,Female,choang@example.net,0048647933,DEP005,Luật,2022-02-23,Active,
STU000531,Cô An Trần,2007-04-04,Male,john05@example.org,0060403936,DEP011,Truyền thông,2021-10-18,Active,
STU000532,Ngọc Đặng,2000-06-28,Male,jle@example.net,0254954072,DEP001,Công nghệ thông tin,2024-01-09,Graduated,
STU000533,Hải Hữu Vũ,2005-01-10,Female,etran@example.net,017107516,DEP006,Ngoại ngữ,2025-02-12,Graduated,
STU000534,Hải Đức Dương,2002-01-18,Female,jane42@example.org,0316763411,DEP007,Kỹ thuật điện,2022-10-20,Graduated,
STU000535,Hải Bùi,2002-07-24,Female,jmai@example.net,039059744,DEP006,Ngoại ngữ,2024-12-24,Dropped Out,2025-04-23
STU000536,Hương Dương,2005-01-07,Other,hduong@example.com,0066365370,DEP007,Kỹ thuật điện,2022-05-27,Graduated,
STU000537,Hưng Hoàng,2006-02-05,Female,thoang@example.net,046105358,DEP001,Chưa phân ngành,2021-03-27,Active,
STU000538,Cô Thảo Vũ,2005-07-21,Male,emai@example.org,0453918608,DEP012,Khoa học dữ liệu,2021-06-11,Active,
STU000539,Bảo Dương,2007-12-18,Male,jane05@example.org,0109579446,DEP007,Kỹ thuật điện,2024-10-19,Active,
STU000540,Lâm Trần,2004-08-15,Female,hoangjohn@example.com,003082456,DEP002,Tài chính - Kế toán,2024-09-24,Dropped Out,2025-06-15
STU000541,Kim Tấn Nguyễn,1999-02-13,Male,aduong@example.org,0864245909,DEP005,Luật,2020-08-29,Graduated,
STU000542,Huy Phạm,2006-07-19,Female,jane65@example.org,0547639548,DEP002,Tài chính - Kế toán,2020-03-23,Active,
STU000543,Bà Thành Phạm,1999-10-05,Male,john96@example.net,047515259,DEP007,Kỹ thuật điện,2020-06-24,Active,
STU000544,Hải Thị Mai,2003-03-15,Other,john53@example.org,0051053698,DEP010,Du lịch - Khách sạn,2025-07-20,Active,
STU000545,Quang Hữu Lê,2006-12-15,Female,xduong@example.net,0898039843,DEP011,Truyền thông,2024-10-25,Dropped Out,2026-05-18
STU000546,Hải Lê,2000-04-20,Male,khoang@example.org,0417544648,DEP001,Công nghệ thông tin,2022-07-01,Active,
STU000547,Quý Ông Huy Dương,2006-10-25,Female,sbui@example.net,0518483476,DEP007,Kỹ thuật điện,2025-01-13,Active,
STU000548,Ánh Lê,1999-11-07,Female,john69@example.org,059793524,DEP011,Truyền thông,2025-04-30,Active,
STU000549,Cô Khoa Lê,1998-05-24,Other,john58@example.com,078094625,DEP006,Ngoại ngữ,2023-01-31,Active,
STU000550,Khoa Mai,2001-03-24,Female,mvu@example.com,0874281818,DEP004,Kinh tế,2019-11-21,Active,
STU000551,An Thị Nguyễn,2006-09-12,Male,jane23@example.com,038185109,DEP010,Du lịch - Khách sạn,2022-06-19,Active,
STU000552,Kim Trần,2002-11-10,Other,odang@example.com,0120427533,DEP012,Khoa học dữ liệu,2020-09-08,Active,
STU000553,Trọng Lê,2007-07-26,Other,ple@example.org,013674464,DEP011,Truyền thông,2024-09-22,Active,
STU000554,Bà An Trần,2007-04-21,Other,dvu@example.com,042627016,DEP005,Luật,2020-04-08,Graduated,
STU000555,Anh Dương,2006-10-18,Other,ibui@example.com,0081903510,DEP009,Công nghệ sinh học,2021-11-11,Active,
STU000556,Vũ Xuân Nguyễn,1999-07-04,Male,dmai@example.org,0561329568,DEP012,Khoa học dữ liệu,2019-08-28,Graduated,
STU000557,Ông Tùng Mai,2004-06-13,Other,ybui@example.com,0950000293,DEP004,Kinh tế,2022-01-01,Active,
STU000558,Khoa Trần,2004-08-22,Female,vdang@example.org,0817232436,DEP003,Quản trị kinh doanh,2023-01-27,Suspended,
STU000559,Phúc Bùi,1999-08-08,Female,jane99@example.net,018677612,DEP001,Công nghệ thông tin,2020-05-21,Active,
STU000560,Chị Mai Dương,2007-02-13,Other,iduong@example.net,0462955875,DEP005,Luật,2025-07-08,Active,
STU000561,Bà Vân Vũ,2002-08-08,Other,jane27@example.com,0609600051,DEP006,Ngoại ngữ,2023-07-08,Graduated,
STU000562,Nhật Trí Phạm,1999-01-16,Male,lnguyen@example.org,031758582,DEP006,Ngoại ngữ,2025-02-10,Suspended,
STU000563,Khoa Mai,2006-07-12,Female,avu@example.org,014384123,DEP002,Tài chính - Kế toán,2021-11-09,Graduated,
STU000564,Cô Kim Nguyễn,2000-07-11,Other,john13@example.org,0405378089,DEP012,Khoa học dữ liệu,2024-12-11,Active,
STU000565,Cô Ngọc Hoàng,1998-09-13,Female,john66@example.net,0383681704,DEP009,Công nghệ sinh học,2020-11-08,Active,
STU000566,Hạnh Vũ,2004-08-24,Female,ahoang@example.net,071968291,DEP012,Khoa học dữ liệu,2025-06-19,Active,
STU000567,Quý Ông Quang Mai,2003-11-27,Other,yduong@example.com,0839167526,DEP006,Ngoại ngữ,2024-12-06,Active,
STU000568,Chị Ánh Trần,2001-07-26,Other,jane34@example.org,0252154289,DEP010,Du lịch - Khách sạn,2022-06-04,Graduated,
STU000569,Châu Hữu Phạm,2004-01-17,Female,nduong@example.net,048769890,DEP003,Quản trị kinh doanh,2024-10-09,Dropped Out,2025-08-27
STU000570,Hải Trí Nguyễn,2005-05-17,Male,john60@example.org,0273506839,DEP010,Du lịch - Khách sạn,2025-09-04,Active,
STU000571,Cô Lan Mai,2005-12-11,Other,rduong@example.com,0161572211,DEP004,Kinh tế,2019-09-19,Active,
STU000572,Quý Cô Xuân Bùi,2001-06-26,Other,jane40@example.com,0643167262,DEP004,Kinh tế,2021-10-22,Dropped Out,2022-06-28
STU000573,Kim Văn Vũ,1998-10-10,Other,cnguyen@example.org,009222109,DEP004,Chưa phân ngành,2022-02-14,Active,
STU000574,Khoa Thế Hoàng,2007-02-24,Male,john11@example.com,0439590841,DEP001,Công nghệ thông tin,2022-02-05,Dropped Out,2022-10-21
STU000575,Cô Nhật Vũ,1999-12-12,Male,jane46@example.org,0983322245,DEP004,Kinh tế,2021-02-10,Dropped Out,2023-05-10
STU000576,Quý Ông Trọng Nguyễn,2000-02-16,Male,ldang@example.org,0483002470,DEP002,Tài chính - Kế toán,2021-03-20,Graduated,
STU000577,Bảo Hoàng Hoàng,2002-04-19,Other,jane44@example.com,0570476008,DEP009,Công nghệ sinh học,2022-12-27,Active,
STU000578,Khoa Mai Dương,2004-08-07,Female,jane79@example.net,0685041941,DEP011,Truyền thông,2024-03-19,Active,
STU000579,Xuân Bùi,2005-12-03,Female,jane14@example.com,0299337600,DEP008,Kỹ thuật xây dựng,2022-01-06,Graduated,
STU000580,Bà Hồng Trần,2005-12-10,Female,ctran@example.net,095587782,DEP004,Kinh tế,2021-06-04,Active,
STU000581,Thảo Vũ,2003-06-23,Male,john95@example.com,065612803,DEP012,Khoa học dữ liệu,2025-06-13,Active,
STU000582,Chị Bảo Đặng,2007-12-09,Female,jane39@example.net,016826978,DEP009,Công nghệ sinh học,2021-09-07,Active,
STU000583,Cô Khoa Đặng,1999-02-09,Other,vbui@example.org,0839702779,DEP010,Du lịch - Khách sạn,2025-08-06,Dropped Out,2027-07-26
STU000584,Hạnh Mai,2004-06-26,Female,john19@example.com,0574930839,DEP003,Quản trị kinh doanh,2024-02-02,Active,
STU000585,Khoa Văn Nguyễn,2002-11-01,Male,qvu@example.com,0603266503,DEP009,Công nghệ sinh học,2022-06-23,Suspended,
STU000586,Quý Ông Quang Đặng,2004-07-06,Other,john42@example.net,020923039,DEP001,Công nghệ thông tin,2020-02-07,Active,
STU000587,Phương Bảo Bùi,2001-05-20,Other,rhoang@example.com,071261417,DEP010,Du lịch - Khách sạn,2023-07-15,Graduated,
STU000588,Nhật Nguyễn,2001-09-07,Other,bdang@example.org,045467199,DEP003,Quản trị kinh doanh,2019-10-25,Active,
STU000589,Quý Cô Thành Bùi,2004-02-02,Female,pduong@example.com,0353799061,DEP004,Kinh tế,2024-08-20,Active,
STU000590,Quý Cô Nhật Đặng,2007-05-27,Other,john51@example.org,0045126033,DEP007,Kỹ thuật điện,2025-09-01,Active,
STU000591,Quý Cô Kim Phạm,2003-08-20,Female,john76@example.com,0725761993,DEP005,Luật,2024-09-09,Active,
STU000592,Châu Mai Mai,2003-07-02,Female,john71@example.org,0571643529,DEP008,Kỹ thuật xây dựng,2023-01-06,Suspended,
STU000593,Cô Ngọc Nguyễn,2007-12-03,Female,john02@example.org,049130591,DEP009,Công nghệ sinh học,2020-01-04,Active,
STU000594,Thành Dương,2003-01-15,Female,bpham@example.net,0013721786,DEP011,Truyền thông,2023-10-11,Active,
STU000595,An Trí Đặng,2003-02-11,Other,jane29@example.com,0655340203,DEP002,Tài chính - Kế toán,2023-03-11,Active,
STU000596,Hà Thị Phạm,2000-08-25,Female,cvu@example.com,0923167640,DEP010,Du lịch - Khách sạn,2020-11-05,Active,
STU000597,Cô Xuân Bùi,2002-04-26,Male,rbui@example.org,0901509928,DEP003,Quản trị kinh doanh,2020-04-17,Dropped Out,2021-05-06
STU000598,Hải Vũ,2007-07-19,Female,jane32@example.net,061981924,DEP012,Khoa học dữ liệu,2024-09-25,Dropped Out,2026-06-18
STU000599,Mai Phạm,2004-03-29,Other,zbui@example.net,018670408,DEP008,Kỹ thuật xây dựng,2023-09-09,Dropped Out,2024-09-13
STU000600,Hương Dương,2003-01-14,Male,hle@example.net,0093410090,DEP012,Khoa học dữ liệu,2021-06-05,Active,
STU000601,Ông Minh Mai,2002-10-25,Other,mnguyen@example.net,0326386620,DEP005,Luật,2024-04-26,Active,
STU000602,Cô Lâm Nguyễn,2002-01-26,Female,qpham@example.com,0747056824,DEP010,Du lịch - Khách sạn,2024-05-18,Active,
STU000603,Quang Quang Dương,2005-02-09,Female,jane74@example.org,043946402,DEP011,Truyền thông,2022-10-08,Active,
STU000604,Bà Hương Trần,2005-10-22,Other,ibui@example.net,0858770732,DEP006,Ngoại ngữ,2023-09-01,Graduated,
STU000605,Hồng Vũ,1998-05-02,Female,jane98@example.net,083857039,DEP005,Luật,2021-07-30,Active,
STU000606,Dũng Lê,2003-03-26,Male,otran@example.com,015969225,DEP012,Khoa học dữ liệu,2021-05-26,Active,
STU000607,Khoa Hoàng Hoàng,2004-11-28,Other,odang@example.net,069931786,DEP003,Quản trị kinh doanh,2020-09-30,Active,
STU000608,Quý Cô Dương Trần,1999-05-29,Male,qpham@example.net,0436963352,DEP006,Ngoại ngữ,2021-07-25,Active,
STU000609,Phúc Trí Dương,2007-07-22,Male,jane51@example.net,024988397,DEP007,Kỹ thuật điện,2024-04-16,Active,
STU000610,Quý Cô Thành Trần,2004-10-05,Other,mduong@example.net,0731079275,DEP011,Truyền thông,2023-04-14,Suspended,
STU000611,Minh Lê,2001-03-24,Male,ole@example.org,0874560140,DEP003,Quản trị kinh doanh,2020-06-24,Active,
STU000612,Bác Hoàng Bùi,2006-10-21,Female,john61@example.org,0380572731,DEP001,Công nghệ thông tin,2023-04-19,Dropped Out,2024-07-31
STU000613,An Đức Đặng,2000-11-19,Other,ubui@example.org,080311634,DEP004,Chưa phân ngành,2021-01-07,Active,
STU000614,Thảo Hoàng,2000-12-10,Male,john83@example.org,090747099,DEP011,Truyền thông,2021-01-10,Dropped Out,2022-03-30
STU000615,Khoa Mai Đặng,2007-11-18,Male,john14@example.net,0131066499,DEP008,Kỹ thuật xây dựng,2025-01-19,Active,
STU000616,Hải Trí Đặng,2006-03-22,Other,idang@example.org,024676601,DEP002,Tài chính - Kế toán,2025-07-19,Dropped Out,2026-01-22
STU000617,Cô Lâm Vũ,2003-10-02,Other,hnguyen@example.net,088986567,DEP011,Truyền thông,2024-09-02,Graduated,
STU000618,Trọng Mai,2003-12-05,Female,qvu@example.net,0298558877,DEP011,Truyền thông,2023-01-18,Suspended,
STU000619,Anh Quang Nguyễn,2005-10-29,Other,rbui@example.net,026787673,DEP011,Truyền thông,2024-03-12,Active,
STU000620,Thành Trí Dương,1998-02-23,Female,jane18@example.net,0205555021,DEP011,Truyền thông,2021-02-16,Suspended,
STU000621,Quý Ông Phúc Nguyễn,2007-08-15,Other,onguyen@example.org,0774321956,DEP008,Kỹ thuật xây dựng,2021-06-20,Active,
STU000622,Cô Linh Mai,2000-12-14,Male,hnguyen@example.org,0224941210,DEP006,Ngoại ngữ,2023-01-16,Dropped Out,2024-05-17
STU000623,Quang Thị Bùi,2003-12-20,Other,john63@example.net,057249591,DEP004,Kinh tế,2024-01-11,Active,
STU000624,Bà Ngọc Phạm,2001-01-13,Female,john92@example.com,0223922343,DEP004,Kinh tế,2022-03-05,Dropped Out,2024-05-12
STU000625,Quý Cô Chi Dương,2001-06-30,Male,rpham@example.org,067927592,DEP009,Công nghệ sinh học,2023-04-01,Active,
STU000626,Bà Nhật Đặng,1998-06-10,Other,jane79@example.com,0198916257,DEP012,Khoa học dữ liệu,2021-10-20,Active,
STU000627,Dương Nguyễn,2005-09-14,Other,xvu@example.com,059023808,DEP009,Công nghệ sinh học,2021-05-23,Active,
STU000628,Ngọc Lê,2001-02-08,Female,jane20@example.com,0625773276,DEP006,Ngoại ngữ,2024-04-18,Dropped Out,2026-09-04
STU000629,Anh Bùi,2000-04-24,Female,john17@example.net,050581659,DEP002,Tài chính - Kế toán,2021-04-22,Active,
STU000630,Hạnh Đức Đặng,2000-03-12,Male,tle@example.net,0822912475,DEP007,Kỹ thuật điện,2025-05-04,Active,
STU000631,Quý Ông Châu Hoàng,2002-10-24,Other,john96@example.org,036286791,DEP010,Du lịch - Khách sạn,2019-11-12,Active,
STU000632,Nhật Vũ,2004-07-29,Female,xduong@example.org,030070259,DEP002,Tài chính - Kế toán,2023-09-24,Graduated,
STU000633,Anh Châu Vũ,2004-07-17,Other,jane48@example.net,0943877162,DEP002,Tài chính - Kế toán,2023-10-04,Dropped Out,2024-02-26
STU000634,Quý Ông Minh Dương,2004-12-23,Female,cvu@example.org,0730819402,DEP008,Kỹ thuật xây dựng,2022-02-13,Dropped Out,2023-11-07
STU000635,Lâm Mai Bảo Vũ,2004-09-07,Male,jane42@example.com,0858541122,DEP011,Truyền thông,2024-05-26,Active,
STU000636,Hoàng Tấn Bùi,1998-05-14,Male,jane31@example.net,056826839,DEP009,Công nghệ sinh học,2020-08-09,Active,
STU000637,Phương Bảo Phạm,2005-04-18,Other,rnguyen@example.org,083233986,DEP001,Công nghệ thông tin,2024-10-12,Active,
STU000638,Ngọc Dương,2007-10-28,Female,qduong@example.org,0866058602,DEP011,Truyền thông,2023-01-19,Active,
STU000639,Thành Đặng,1999-08-04,Other,mtran@example.org,0480976291,DEP004,Kinh tế,2023-12-08,Active,
STU000640,Quý Cô Linh Dương,2003-03-18,Other,john63@example.org,042541036,DEP002,Tài chính - Kế toán,2025-06-08,Active,
STU000641,Chị Lan Hoàng,2000-01-18,Other,john50@example.net,077105437,DEP005,Luật,2022-08-01,Active,
STU000642,Nhật Thế Mai,2005-11-17,Male,umai@example.net,0349286373,DEP010,Du lịch - Khách sạn,2023-06-06,Active,
STU000643,Linh Mai,2001-11-13,Female,jane85@example.org,0400248308,DEP008,Kỹ thuật xây dựng,2025-03-25,Active,
STU000644,Thành Đức Trần,2006-07-28,Other,jane21@example.net,062920295,DEP003,Quản trị kinh doanh,2024-05-21,Graduated,
STU000645,Bà Khoa Trần,1998-04-23,Other,jane62@example.com,0379328754,DEP007,Kỹ thuật điện,2020-04-28,Active,
STU000646,Anh Châu Mai,1998-07-22,Other,jane28@example.net,040967223,DEP009,Công nghệ sinh học,2021-12-11,Active,
STU000647,Châu Mai,2006-12-12,Female,sdang@example.org,0350517984,DEP010,Du lịch - Khách sạn,2024-10-12,Active,
STU000648,Bảo Bùi,2007-01-13,Other,john41@example.net,068129345,DEP011,Truyền thông,2024-07-12,Active,
STU000649,Bà Mai Nguyễn,2003-07-02,Female,xbui@example.com,071144722,DEP012,Khoa học dữ liệu,2023-10-21,Active,
STU000650,Tú Dương,1998-08-27,Male,uduong@example.org,0779625551,DEP012,Khoa học dữ liệu,2020-11-19,Dropped Out,2022-05-27
STU000651,An Trí Đặng,2003-11-22,Female,qbui@example.net,0767926208,DEP004,Kinh tế,2021-11-01,Dropped Out,2022-04-13
STU000652,Cô An Bùi,1998-08-09,Other,john03@example.net,059141424,DEP006,Ngoại ngữ,2024-06-08,Dropped Out,2024-09-27
STU000653,Hà Đặng,2000-12-12,Other,jane86@example.com,0857467401,DEP012,Khoa học dữ liệu,2023-04-14,Active,
STU000654,Cô Lan Phạm,2004-11-28,Other,cduong@example.net,0051917496,DEP006,Ngoại ngữ,2023-12-13,Active,
STU000655,Bác Trung Dương,1999-07-24,Other,qnguyen@example.net,035848386,DEP008,Kỹ thuật xây dựng,2022-01-08,Active,
STU000656,Châu Hải Lê,2001-12-15,Male,jane49@example.net,027016908,DEP008,Kỹ thuật xây dựng,2022-03-04,Dropped Out,2023-03-07
STU000657,Ngọc Hoàng,2002-06-08,Male,jane22@example.org,012976206,DEP005,Luật,2025-03-28,Active,
STU000658,Hồng Phạm,2005-06-13,Female,john70@example.org,043353632,DEP009,Công nghệ sinh học,2025-04-21,Active,
STU000659,Xuân Phạm,2005-08-10,Male,jane98@example.com,0065847960,DEP008,Kỹ thuật xây dựng,2023-03-23,Graduated,
STU000660,Huy Trí Lê,2001-08-07,Other,yduong@example.org,042407053,DEP006,Ngoại ngữ,2020-01-24,Dropped Out,2021-03-12
STU000661,Ông Minh Trần,2002-03-27,Male,sdang@example.com,091424851,DEP005,Luật,2024-07-27,Active,
STU000662,Hải Hoàng,2001-10-16,Female,vle@example.net,0298448576,DEP010,Du lịch - Khách sạn,2022-11-19,Active,
STU000663,Lâm Hoàng,2002-10-19,Male,john51@example.com,016417827,DEP001,Công nghệ thông tin,2020-08-23,Active,
STU000664,Phương Trần,2007-02-17,Other,ztran@example.org,096489647,DEP007,Kỹ thuật điện,2024-02-23,Active,
STU000665,Xuân Hoàng,2000-09-07,Female,cle@example.net,059785501,DEP006,Ngoại ngữ,2021-07-18,Graduated,
STU000666,Trung Bùi,2005-06-26,Other,thoang@example.org,000247811,DEP008,Kỹ thuật xây dựng,2023-01-07,Active,
STU000667,Chi Lê,2006-04-01,Female,john94@example.org,034533750,DEP005,Luật,2020-05-10,Dropped Out,2021-12-29
STU000668,Kim Thế Nguyễn,2001-04-01,Other,jane08@example.com,096041737,DEP002,Tài chính - Kế toán,2022-01-06,Active,
STU000669,Quang Phạm,2001-10-06,Male,hpham@example.net,053719224,DEP011,Truyền thông,2025-04-10,Active,
STU000670,Hương Hoàng,2003-11-06,Male,ftran@example.net,0202419918,DEP011,Truyền thông,2022-12-13,Active,
STU000671,Cô Hồng Đặng,2004-12-01,Male,jane32@example.com,062212713,DEP012,Khoa học dữ liệu,2024-02-20,Dropped Out,2025-01-13
STU000672,Chị Bảo Nguyễn,2003-05-05,Other,vle@example.org,0419712017,DEP001,Công nghệ thông tin,2024-03-05,Graduated,
STU000673,Minh Nguyễn,1998-01-24,Female,gmai@example.com,015821748,DEP011,Truyền thông,2021-05-11,Graduated,
STU000674,Thành Nguyễn,2004-08-17,Female,jane07@example.com,009424946,DEP010,Du lịch - Khách sạn,2025-04-08,Active,
STU000675,Quý Ông Phúc Bùi,2001-02-22,Other,edang@example.net,0446574135,DEP005,Luật,2022-07-31,Active,
STU000676,Lâm Bảo Bùi,2004-12-29,Female,gvu@example.net,0457875399,DEP003,Quản trị kinh doanh,2020-06-21,Graduated,
STU000677,Quang Tấn Nguyễn,2005-09-02,Other,choang@example.com,0386946227,DEP008,Chưa phân ngành,2020-12-04,Suspended,
STU000678,Bà Nhật Đặng,2006-08-16,Other,ple@example.net,013787060,DEP012,Khoa học dữ liệu,2020-03-18,Graduated,
STU000679,Hạnh Hoàng Mai,2003-06-22,Other,john64@example.com,0129475468,DEP011,Truyền thông,2023-12-03,Active,
STU000680,Lan Mai,2004-01-15,Female,john02@example.com,0765507750,DEP012,Khoa học dữ liệu,2023-09-13,Active,
STU000681,Hạnh Hải Bùi,2001-05-28,Female,vvu@example.org,093404960,DEP001,Công nghệ thông tin,2025-05-21,Active,
STU000682,Chị Hồng Đặng,2007-06-24,Other,mmai@example.net,066656363,DEP003,Quản trị kinh doanh,2021-04-04,Active,
STU000683,Bà Hồng Hoàng,2006-09-10,Other,jmai@example.org,022345416,DEP001,Công nghệ thông tin,2024-12-27,Graduated,
STU000684,Kim Hoàng,2000-01-15,Male,john05@example.net,0231926725,DEP005,Luật,2020-06-22,Active,
STU000685,Hoàng Thị Hoàng,2001-09-15,Female,john48@example.net,0914783706,DEP007,Kỹ thuật điện,2021-12-02,Dropped Out,2022-09-02
STU000686,Cô Duyên Dương,2001-11-03,Other,ehoang@example.org,0974855176,DEP001,Công nghệ thông tin,2024-07-21,Graduated,
STU000687,Hạnh Đặng,2000-05-29,Other,dhoang@example.org,0552948529,DEP004,Kinh tế,2021-08-06,Graduated,
STU000688,Duyên Phạm,2003-09-12,Other,john50@example.com,0763265888,DEP004,Kinh tế,2021-08-27,Active,
STU000689,Quý Ông Tùng Đặng,1999-04-11,Male,amai@example.org,0542023761,DEP007,Kỹ thuật điện,2025-06-20,Suspended,
STU000690,Anh Trọng Mai,2006-05-24,Female,john10@example.net,0320962010,DEP009,Công nghệ sinh học,2022-02-21,Suspended,
STU000691,Phương Lê,2004-04-05,Other,john67@example.com,078509808,DEP006,Ngoại ngữ,2024-03-22,Active,
STU000692,Bà Bảo Phạm,2003-01-12,Female,upham@example.org,0928438246,DEP010,Du lịch - Khách sạn,2023-05-30,Active,
STU000693,Quý Ông Hưng Lê,1999-10-08,Female,jbui@example.org,0190366721,DEP003,Quản trị kinh doanh,2023-08-01,Graduated,
STU000694,Nhật Phạm,2006-12-05,Other,cpham@example.org,0294317069,DEP010,Du lịch - Khách sạn,2019-12-15,Graduated,
STU000695,Kim Hải Dương,2005-12-14,Female,john87@example.com,0514971549,DEP001,Công nghệ thông tin,2022-02-24,Active,
STU000696,Bà Bảo Lê,2007-09-29,Other,john15@example.net,0174262683,DEP009,Công nghệ sinh học,2021-06-21,Graduated,
STU000697,Lâm Đặng,2003-02-22,Male,pbui@example.com,0217394526,DEP005,Luật,2023-03-30,Graduated,
STU000698,Phương Lê,2000-09-03,Male,jane11@example.net,0877905594,DEP010,Du lịch - Khách sạn,2023-09-03,Graduated,
STU000699,Hải Bùi,2002-03-26,Other,john33@example.com,007364104,DEP006,Ngoại ngữ,2020-10-10,Graduated,
STU000700,Bảo Văn Dương,2000-01-10,Female,ale@example.org,0063222393,DEP005,Luật,2025-06-21,Active,
STU000701,Bà Ngọc Vũ,2002-03-05,Female,jane69@example.org,097951493,DEP004,Kinh tế,2019-11-21,Dropped Out,2020-10-27
STU000702,Hà Mai Trần,2001-09-19,Other,jane28@example.com,042497221,DEP002,Tài chính - Kế toán,2021-11-22,Active,
STU000703,Mai Mai,2002-11-03,Female,qmai@example.com,0088491481,DEP005,Luật,2022-03-06,Active,
STU000704,An Mai Bảo Phạm,2001-07-03,Female,jane89@example.com,0042025206,DEP011,Truyền thông,2019-10-27,Dropped Out,2021-07-23
STU000705,Ông Minh Đặng,1999-05-12,Other,htran@example.net,068671937,DEP010,Du lịch - Khách sạn,2023-07-11,Active,
STU000706,Quang Hoàng Vũ,2001-06-11,Female,rbui@example.com,0694591613,DEP009,Công nghệ sinh học,2022-03-29,Active,
STU000707,Bà Kim Lê,2007-08-03,Male,tbui@example.org,0517264617,DEP011,Truyền thông,2022-06-07,Active,
STU000708,Hoàng Dương,2001-06-19,Female,jane40@example.org,0501536186,DEP001,Công nghệ thông tin,2020-05-08,Suspended,
STU000709,Bà Khoa Nguyễn,2000-11-18,Male,jane05@example.com,0945210407,DEP001,Công nghệ thông tin,2025-04-14,Active,
STU000710,Khoa Mai Bảo Bùi,1999-11-24,Male,jane63@example.org,0412041466,DEP008,Kỹ thuật xây dựng,2022-03-19,Active,
STU000711,An Mai Trần,2002-12-31,Other,jane83@example.net,072691672,DEP003,Quản trị kinh doanh,2023-01-25,Active,
STU000712,Bà Khoa Phạm,1999-04-12,Other,tnguyen@example.com,0603615459,DEP002,Tài chính - Kế toán,2023-08-20,Active,
STU000713,Dương Phạm,2007-09-07,Female,xpham@example.org,0334317494,DEP011,Truyền thông,2024-04-30,Dropped Out,2025-07-03
STU000714,Bà Vân Dương,1998-12-25,Male,mbui@example.net,0000324061,DEP011,Truyền thông,2023-11-29,Active,
STU000715,Linh Mai,2006-05-15,Male,xnguyen@example.net,0257696253,DEP011,Truyền thông,2022-07-25,Graduated,
STU000716,Nhật Đức Hoàng,2002-08-19,Other,jane66@example.org,051735024,DEP002,Tài chính - Kế toán,2020-08-18,Active,
STU000717,Huy Trần,2007-08-30,Other,john60@example.net,023866503,DEP010,Du lịch - Khách sạn,2024-10-19,Suspended,
STU000718,Cô Duyên Mai,1998-09-10,Female,jane81@example.org,0830505857,DEP001,Công nghệ thông tin,2025-06-17,Suspended,
STU000719,Bà Khoa Đặng,1999-05-21,Other,svu@example.net,0864522234,DEP012,Khoa học dữ liệu,2019-08-07,Active,
STU000720,Thảo Mai,1999-05-28,Other,smai@example.org,003379780,DEP010,Du lịch - Khách sạn,2023-05-03,Active,
STU000721,Nam Trần,2003-06-05,Other,jane02@example.org,0192896055,DEP007,Kỹ thuật điện,2024-06-03,Active,
STU000722,Yến Hoàng,2000-10-13,Other,enguyen@example.com,0454367421,DEP010,Du lịch - Khách sạn,2024-11-28,Active,
STU000723,Mai Mai,1998-05-29,Female,gdang@example.net,015486785,DEP009,Công nghệ sinh học,2022-08-15,Active,
STU000724,Phương Bảo Bùi,2007-02-12,Other,sle@example.org,0902288807,DEP002,Tài chính - Kế toán,2022-09-27,Active,
STU000725,Khoa Bùi,2007-06-29,Female,john76@example.org,0927212418,DEP004,Kinh tế,2023-06-29,Active,
STU000726,Ngọc Dương,1998-06-17,Other,evu@example.net,0701674126,DEP007,Kỹ thuật điện,2019-12-10,Suspended,
STU000727,Bảo Trần,2000-04-16,Female,john64@example.net,0172082551,DEP011,Truyền thông,2024-07-01,Active,
STU000728,Xuân Dương,2003-06-19,Female,ghoang@example.com,0394820206,DEP003,Chưa phân ngành,2020-04-10,Suspended,
STU000729,An Hoàng Nguyễn,2005-07-12,Female,ipham@example.org,0603088601,DEP003,Quản trị kinh doanh,2022-06-18,Dropped Out,2024-06-02
STU000730,Hạnh Dương,2007-02-27,Male,john20@example.org,020786155,DEP005,Luật,2019-10-27,Active,
STU000731,Yến Mai,2001-08-20,Male,vnguyen@example.net,075866418,DEP010,Du lịch - Khách sạn,2021-02-11,Dropped Out,2022-07-30
STU000732,Nhiên Hoàng,1998-11-26,Other,bduong@example.net,065149937,DEP003,Quản trị kinh doanh,2020-11-22,Active,
STU000733,Tú Bảo Phạm,2006-08-10,Other,mpham@example.net,0887968797,DEP008,Kỹ thuật xây dựng,2023-01-23,Suspended,
STU000734,Chị Lan Nguyễn,1998-11-11,Male,lbui@example.com,052818211,DEP006,Ngoại ngữ,2020-10-19,Graduated,
STU000735,Dương Hoàng,1999-06-14,Female,john86@example.com,0104425882,DEP008,Kỹ thuật xây dựng,2023-10-09,Graduated,
STU000736,Nam Đức Hoàng,2007-07-11,Male,john22@example.net,091314963,DEP010,Du lịch - Khách sạn,2021-07-28,Active,
STU000737,Yến Dương,2007-08-31,Male,hduong@example.org,096130147,DEP004,Kinh tế,2020-04-13,Active,
STU000738,Anh Nhiên Lê,1998-04-05,Male,john92@example.org,038376203,DEP012,Khoa học dữ liệu,2025-04-18,Graduated,
STU000739,An Thế Phạm,2001-01-09,Female,vmai@example.net,046619166,DEP004,Kinh tế,2025-06-13,Active,
STU000740,Anh Quang Hoàng,1999-01-27,Female,ctran@example.org,0860319923,DEP011,Truyền thông,2020-08-17,Active,
STU000741,Huy Bảo Mai,1998-08-26,Female,kle@example.net,0236612172,DEP003,Quản trị kinh doanh,2023-10-15,Active,
STU000742,Quý Cô Xuân Vũ,2002-07-18,Other,jane67@example.net,099030780,DEP002,Tài chính - Kế toán,2020-04-20,Graduated,
STU000743,Bà Hải Lê,1999-06-23,Other,jane96@example.net,0479474597,DEP006,Ngoại ngữ,2020-02-06,Active,
STU000744,Ngọc Bùi,1998-12-31,Male,john66@example.com,042809870,DEP002,Tài chính - Kế toán,2021-10-27,Active,
STU000745,Kim Trí Phạm,2002-04-12,Male,jane49@example.com,045617463,DEP005,Luật,2022-03-10,Active,
STU000746,Khoa Lê,2003-05-01,Other,jane13@example.org,0019844749,DEP004,Kinh tế,2025-06-20,Suspended,
STU000747,Chị Khoa Trần,2003-04-19,Female,atran@example.net,0021802401,DEP008,Kỹ thuật xây dựng,2024-03-02,Active,
STU000748,Hoàng Hải Bùi,2003-07-31,Female,john52@example.net,0084819582,DEP006,Ngoại ngữ,2022-01-27,Active,
STU000749,Ông Trọng Trần,2006-05-11,Female,pbui@example.org,041282489,DEP011,Truyền thông,2021-05-02,Dropped Out,2023-02-08
STU000750,Huy Phạm,2004-04-29,Other,john14@example.org,045490713,DEP004,Kinh tế,2025-03-06,Graduated,
STU000751,Nhật Mai Vũ,1998-08-25,Male,john84@example.net,0141037748,DEP005,Luật,2022-03-16,Active,
STU000752,Bảo Phạm,2001-10-26,Other,jdang@example.org,0393008544,DEP007,Kỹ thuật điện,2023-07-01,Active,
STU000753,Hạnh Vũ,2003-05-06,Other,jane80@example.org,090830892,DEP011,Truyền thông,2024-10-12,Active,
STU000754,Phương Xuân Vũ,2000-10-07,Male,fhoang@example.org,089050309,DEP004,Kinh tế,2021-11-27,Graduated,
STU000755,Bảo Thị Lê,2003-06-11,Other,john12@example.org,0083372962,DEP012,Khoa học dữ liệu,2021-09-03,Active,
STU000756,Yến Dương,1998-01-23,Male,jane87@example.org,0513398831,DEP001,Công nghệ thông tin,2020-07-09,Active,
STU000757,Bảo Dương,2001-11-26,Male,nbui@example.org,0983314242,DEP010,Du lịch - Khách sạn,2023-04-10,Active,
STU000758,Huy Văn Lê,1998-02-14,Male,mbui@example.com,085410482,DEP006,Ngoại ngữ,2024-04-26,Active,
STU000759,Nhiên Lê,2004-12-24,Male,ale@example.com,027844485,DEP001,Công nghệ thông tin,2024-07-29,Active,
STU000760,Ông Hoàng Mai,2002-03-10,Female,gpham@example.net,0913614196,DEP012,Chưa phân ngành,2019-10-31,Active,
STU000761,Hưng Nguyễn,2007-11-13,Male,gtran@example.org,0906562167,DEP008,Kỹ thuật xây dựng,2020-03-16,Dropped Out,2020-09-02
STU000762,Bảo Thế Vũ,2001-01-08,Female,john82@example.net,056454606,DEP001,Công nghệ thông tin,2024-07-23,Dropped Out,2027-01-05
STU000763,Bà Lâm Lê,1998-07-07,Other,edang@example.org,0595960057,DEP007,Kỹ thuật điện,2021-05-15,Dropped Out,2021-08-27
STU000764,Hương Nguyễn,2001-06-23,Male,obui@example.org,006346851,DEP002,Tài chính - Kế toán,2022-12-20,Active,
STU000765,Quý Cô Bảo Hoàng,2001-09-29,Other,qpham@example.org,0171874068,DEP011,Truyền thông,2023-10-11,Active,
STU000766,Quý Ông Hoàng Nguyễn,2004-07-11,Female,john59@example.net,037473334,DEP002,Tài chính - Kế toán,2024-05-04,Active,
STU000767,Bà Lâm Dương,2002-02-12,Other,jane73@example.net,019618287,DEP012,Khoa học dữ liệu,2025-08-23,Dropped Out,2026-06-11
STU000768,Quý Cô Nhật Trần,2006-01-12,Other,john21@example.com,062586177,DEP010,Du lịch - Khách sạn,2023-09-18,Suspended,
STU000769,Kim Hải Đặng,2004-03-26,Other,john70@example.net,056289813,DEP003,Quản trị kinh doanh,2024-07-10,Active,
STU000770,Quý Ông Tú Lê,2006-09-25,Other,vvu@example.net,025481545,DEP004,Kinh tế,2024-04-13,Graduated,
STU000771,Minh Thị Lê,2000-09-12,Female,dmai@example.com,093120216,DEP009,Công nghệ sinh học,2022-12-21,Active,
STU000772,Lâm Phạm,1999-04-06,Male,knguyen@example.com,004055100,DEP007,Kỹ thuật điện,2025-09-02,Dropped Out,2027-10-31
STU000773,Hà Hải Dương,2000-12-22,Other,qduong@example.net,0807450082,DEP004,Kinh tế,2023-09-24,Active,
STU000774,Nhật Lê,2004-12-23,Male,bbui@example.org,0498552441,DEP010,Du lịch - Khách sạn,2025-03-21,Suspended,
STU000775,Hà Đặng,2007-09-16,Male,ctran@example.com,0803333058,DEP006,Ngoại ngữ,2020-08-19,Active,
STU000776,Bà Lan Lê,2002-09-14,Female,jane52@example.org,0464943871,DEP001,Công nghệ thông tin,2021-03-03,Suspended,
STU000777,Hạnh Phạm,1998-04-06,Male,john74@example.org,0135718414,DEP012,Khoa học dữ liệu,2021-06-06,Active,
STU000778,Khoa Bùi,2002-10-12,Other,evu@example.com,020194541,DEP003,Quản trị kinh doanh,2025-05-28,Active,
STU000779,Chị Nhật Bùi,2006-02-09,Female,tnguyen@example.org,0694287979,DEP006,Ngoại ngữ,2021-08-31,Active,
STU000780,Quý Ông Tú Lê,2003-05-21,Male,hduong@example.net,0957521535,DEP003,Quản trị kinh doanh,2025-02-09,Graduated,
STU000781,Hà Hoàng,2007-12-04,Other,john00@example.com,0255431800,DEP007,Kỹ thuật điện,2020-03-05,Active,
STU000782,Quý Ông Quang Bùi,2000-05-01,Female,nmai@example.com,064934487,DEP008,Kỹ thuật xây dựng,2021-02-15,Active,
STU000783,Quang Phú Nguyễn,1998-06-21,Female,jane25@example.com,0726743458,DEP003,Quản trị kinh doanh,2024-01-22,Suspended,
STU000784,Lâm Đức Mai,2000-06-22,Female,wduong@example.com,0525090428,DEP009,Công nghệ sinh học,2023-06-19,Dropped Out,2025-08-26
STU000785,Khoa Lê,2006-02-15,Male,xpham@example.net,044903906,DEP001,Công nghệ thông tin,2020-08-02,Active,
STU000786,Chị Vân Vũ,2003-03-14,Male,hvu@example.net,0498125683,DEP008,Kỹ thuật xây dựng,2020-01-27,Dropped Out,2020-05-08
STU000787,Quý Cô Nhật Hoàng,1999-02-21,Female,zvu@example.net,0100646633,DEP008,Kỹ thuật xây dựng,2021-11-07,Graduated,
STU000788,Hương Trần,2006-10-12,Male,jane78@example.net,097582652,DEP011,Truyền thông,2024-07-23,Dropped Out,2024-12-02
STU000789,Chị Phương Hoàng,2006-12-22,Other,jane06@example.net,085471587,DEP003,Quản trị kinh doanh,2021-05-17,Active,
STU000790,Khoa Đặng,2006-04-23,Other,rdang@example.net,012205626,DEP001,Công nghệ thông tin,2023-07-10,Graduated,
STU000791,Anh Hữu Trần,2000-12-06,Male,jane45@example.net,035514405,DEP009,Công nghệ sinh học,2024-05-15,Active,
STU000792,Anh Châu Nguyễn,1999-08-27,Other,lbui@example.net,042845097,DEP010,Du lịch - Khách sạn,2023-03-03,Graduated,
STU000793,Quý Cô Hà Nguyễn,1998-10-10,Male,umai@example.org,049420334,DEP012,Khoa học dữ liệu,2023-10-03,Active,
STU000794,Phương Phú Lê,2005-06-02,Male,jdang@example.net,0236699093,DEP011,Truyền thông,2024-06-01,Suspended,
STU000795,Anh Hưng Bùi,2001-04-24,Other,john96@example.com,0621173036,DEP011,Truyền thông,2024-03-31,Active,
STU000796,Lâm Hải Đặng,2005-08-07,Female,hvu@example.com,043363375,DEP001,Công nghệ thông tin,2020-02-14,Active,
STU000797,Hương Trần,2005-06-12,Other,zle@example.net,052907667,DEP006,Ngoại ngữ,2020-07-30,Active,
STU000798,Chị Ánh Vũ,2003-06-28,Male,inguyen@example.net,0459627875,DEP001,Công nghệ thông tin,2019-09-07,Dropped Out,2020-03-19
STU000799,Lâm Trần,2004-11-08,Female,ltran@example.net,0131573573,DEP010,Du lịch - Khách sạn,2019-12-13,Active,
STU000800,Hải Trần,2005-09-02,Other,john62@example.com,0994844688,DEP004,Kinh tế,2023-09-12,Active,
STU000801,Hạnh Hoàng,1999-08-29,Male,jhoang@example.com,073714209,DEP009,Công nghệ sinh học,2021-05-03,Dropped Out,2022-06-11
STU000802,Cô Lan Hoàng,1999-03-13,Female,kvu@example.com,008576356,DEP009,Công nghệ sinh học,2024-08-21,Graduated,
STU000803,Chị Linh Đặng,2003-08-03,Other,john99@example.com,0908673997,DEP005,Luật,2019-08-29,Suspended,
STU000804,Hải Đức Hoàng,2001-02-24,Other,ule@example.net,0334268421,DEP005,Luật,2022-06-10,Dropped Out,2024-11-01
STU000805,Ánh Nguyễn,1999-05-26,Other,jane83@example.com,044856340,DEP008,Kỹ thuật xây dựng,2023-02-24,Active,
STU000806,Anh Quang Đặng,2004-07-25,Other,opham@example.net,0916111668,DEP001,Công nghệ thông tin,2023-06-05,Active,
STU000807,Cô Ánh Nguyễn,2003-08-15,Female,fduong@example.org,026357341,DEP012,Khoa học dữ liệu,2024-07-05,Suspended,
STU000808,Khoa Trần,2005-02-19,Female,bpham@example.org,0720593747,DEP012,Khoa học dữ liệu,2022-12-19,Active,
STU000809,Cô Hải Bùi,2005-03-15,Female,john37@example.org,0592215510,DEP005,Luật,2024-11-16,Active,
STU000810,Dương Nguyễn,2004-09-02,Male,stran@example.com,0714507944,DEP005,Luật,2020-03-24,Active,
STU000811,Vũ Văn Dương,2004-05-16,Other,jane53@example.com,0285836495,DEP006,Ngoại ngữ,2024-10-01,Active,
STU000812,Vi Đặng,2006-04-08,Male,john62@example.org,0096900449,DEP001,Công nghệ thông tin,2025-07-16,Graduated,
STU000813,Tùng Bùi,1999-10-23,Other,ule@example.org,0022512814,DEP005,Luật,2021-03-16,Graduated,
STU000814,Châu Thế Đặng,2007-11-21,Male,jane57@example.com,0339071288,DEP004,Kinh tế,2021-01-09,Active,
STU000815,Bác Bảo Mai,2004-01-03,Female,jane33@example.org,0422492424,DEP005,Luật,2021-09-15,Dropped Out,2023-07-21
STU000816,An Đặng,2006-06-15,Male,obui@example.net,0867153078,DEP011,Truyền thông,2021-10-07,Active,
STU000817,Hà Hải Trần,2005-07-30,Male,xle@example.com,0019086285,DEP010,Du lịch - Khách sạn,2024-12-12,Active,
STU000818,Bảo Nguyễn,1999-08-07,Female,jane54@example.net,005223185,DEP007,Kỹ thuật điện,2025-07-29,Active,
STU000819,Hải Hải Phạm,2006-05-08,Female,mpham@example.com,0149439253,DEP007,Kỹ thuật điện,2021-06-09,Active,
STU000820,Yến Dương,1999-05-03,Female,jane12@example.com,0707670922,DEP004,Kinh tế,2019-09-24,Active,
STU000821,Nhật Mai Bảo Phạm,2005-02-09,Other,john75@example.com,0477228568,DEP004,Kinh tế,2021-01-05,Active,
STU000822,Quang Nguyễn,1999-01-29,Other,jane97@example.org,0628429503,DEP006,Ngoại ngữ,2023-09-17,Dropped Out,2024-09-17
STU000823,Châu Thế Lê,1998-04-28,Male,jane18@example.org,042114059,DEP010,Du lịch - Khách sạn,2021-10-01,Graduated,
STU000824,Dũng Hữu Dương,2005-08-03,Female,john64@example.org,0477698885,DEP003,Quản trị kinh doanh,2021-02-19,Suspended,
STU000825,Anh Bùi,2002-10-29,Female,jane45@example.com,0809212296,DEP011,Truyền thông,2022-03-05,Dropped Out,2024-02-20
STU000826,Nhật Trần,2006-06-29,Other,qtran@example.net,006483872,DEP003,Quản trị kinh doanh,2022-11-30,Graduated,
STU000827,Cô Hạnh Hoàng,1999-11-22,Male,tdang@example.com,062382416,DEP011,Truyền thông,2019-12-14,Graduated,
STU000828,Bác Anh Phạm,2005-01-29,Male,nhoang@example.com,0919070868,DEP010,Du lịch - Khách sạn,2023-07-13,Active,
STU000829,Anh Nhiên Mai,1998-07-04,Other,john88@example.net,0888394242,DEP004,Kinh tế,2021-09-06,Graduated,
STU000830,Quý Cô Bảo Hoàng,2002-03-24,Other,jane10@example.com,0359887851,DEP008,Kỹ thuật xây dựng,2024-12-21,Active,
STU000831,Nhật Trí Đặng,1998-10-12,Male,sbui@example.com,0289561321,DEP010,Du lịch - Khách sạn,2020-02-24,Active,
STU000832,Linh Lê,2006-05-03,Female,ymai@example.com,0687690612,DEP007,Kỹ thuật điện,2024-03-21,Suspended,
STU000833,Bác Phúc Trần,2006-09-19,Female,jane11@example.org,053712661,DEP012,Khoa học dữ liệu,2020-01-26,Active,
STU000834,Hải Mai Bảo Hoàng,2005-12-01,Female,jane77@example.com,0415484315,DEP007,Kỹ thuật điện,2022-12-20,Dropped Out,2025-01-26
STU000835,Chị Hải Nguyễn,2001-04-05,Male,john39@example.com,039741280,DEP001,Công nghệ thông tin,2021-05-02,Active,
STU000836,An Dương,2005-10-28,Other,john74@example.com,014215924,DEP011,Truyền thông,2024-10-29,Active,
STU000837,Hồng Dương,2004-08-03,Female,hbui@example.org,0413735730,DEP011,Truyền thông,2022-10-01,Graduated,
STU000838,Hải Xuân Bùi,2006-11-09,Female,john09@example.com,068350297,DEP005,Luật,2020-01-14,Dropped Out,2022-05-29
STU000839,Quý Ông Quang Hoàng,2001-11-26,Other,gduong@example.org,0887158013,DEP004,Kinh tế,2022-07-08,Active,
STU000840,Mai Trần,2004-05-31,Other,john84@example.com,049981785,DEP009,Công nghệ sinh học,2021-07-15,Active,
STU000841,Quý Cô An Mai,2004-06-09,Male,jane67@example.com,0343841518,DEP009,Công nghệ sinh học,2023-11-12,Graduated,
STU000842,Anh Dũng Vũ,1999-06-19,Male,ltran@example.com,0606453164,DEP012,Khoa học dữ liệu,2020-08-05,Active,
STU000843,Tú Lê,2001-06-24,Male,snguyen@example.com,005823126,DEP003,Quản trị kinh doanh,2022-11-20,Suspended,
STU000844,Tùng Bùi,2003-01-14,Female,obui@example.com,067316028,DEP001,Công nghệ thông tin,2021-09-18,Graduated,
STU000845,Quý Cô Hương Lê,1999-05-03,Male,jane16@example.net,0815870485,DEP001,Công nghệ thông tin,2020-02-17,Active,
STU000846,Nhật Hoàng Bùi,2007-05-04,Male,qbui@example.org,0687669176,DEP002,Tài chính - Kế toán,2023-09-05,Active,
STU000847,Thành Hữu Lê,2007-09-09,Other,unguyen@example.org,0250142306,DEP011,Truyền thông,2019-10-16,Graduated,
STU000848,Kim Thế Dương,2006-06-03,Other,wvu@example.net,025095266,DEP009,Công nghệ sinh học,2023-10-15,Suspended,
STU000849,Quý Cô Hải Trần,2007-03-19,Female,cdang@example.net,044873079,DEP006,Ngoại ngữ,2024-12-12,Graduated,
STU000850,Chị Hương Đặng,2000-11-10,Other,cvu@example.net,0605004200,DEP012,Khoa học dữ liệu,2019-08-29,Active,
STU000851,Bà Hạnh Trần,2000-08-05,Other,cnguyen@example.net,0302301203,DEP002,Tài chính - Kế toán,2021-06-05,Active,
STU000852,Chị Dương Phạm,2003-03-14,Male,jle@example.org,070185126,DEP005,Luật,2021-12-09,Active,
STU000853,Tùng Hữu Nguyễn,2006-07-27,Other,thoang@example.com,041833326,DEP011,Truyền thông,2021-01-31,Active,
STU000854,Ánh Đặng,2006-02-06,Other,choang@example.org,001429788,DEP010,Du lịch - Khách sạn,2022-04-26,Dropped Out,2022-12-04
STU000855,Quang Thị Dương,2004-05-06,Other,xvu@example.net,0160955040,DEP001,Công nghệ thông tin,2019-10-23,Active,
STU000856,Khoa Dương,2004-10-10,Other,jane65@example.com,064784049,DEP010,Du lịch - Khách sạn,2021-02-11,Suspended,
STU000857,Lâm Nguyễn,2005-09-20,Male,pdang@example.com,0496146533,DEP007,Kỹ thuật điện,2020-11-14,Active,
STU000858,Dương Đặng,2002-07-26,Female,jane61@example.net,0316648952,DEP010,Du lịch - Khách sạn,2023-06-06,Active,
STU000859,Khoa Xuân Đặng,2004-09-04,Male,jane43@example.org,0267813301,DEP003,Quản trị kinh doanh,2021-05-19,Active,
STU000860,Ngọc Mai,2002-01-22,Female,john15@example.com,074639800,DEP006,Ngoại ngữ,2022-09-15,Active,
STU000861,Huy Hoàng,2005-08-24,Male,jane30@example.net,0021296518,DEP002,Tài chính - Kế toán,2022-09-26,Suspended,
STU000862,Hương Phạm,1999-10-06,Other,gnguyen@example.org,001974772,DEP007,Kỹ thuật điện,2024-08-26,Active,
STU000863,Thành Hữu Vũ,2005-10-30,Other,fhoang@example.net,025333736,DEP004,Kinh tế,2022-07-15,Active,
STU000864,Nhiên Hoàng,2004-05-09,Male,ghoang@example.net,0946732053,DEP006,Ngoại ngữ,2019-08-26,Active,
STU000865,Yến Mai,2006-05-02,Male,john72@example.org,017584234,DEP007,Kỹ thuật điện,2021-03-20,Active,
STU000866,Lan Đặng,2003-06-24,Other,jtran@example.com,0275941470,DEP012,Khoa học dữ liệu,2022-07-10,Active,
STU000867,Bà Hạnh Hoàng,1998-03-29,Male,john83@example.com,008977761,DEP011,Truyền thông,2021-12-18,Active,
STU000868,Mai Phạm,2007-01-20,Other,sduong@example.net,0468905759,DEP003,Quản trị kinh doanh,2025-02-07,Active,
STU000869,Hưng Hoàng,1998-07-05,Female,jane37@example.com,0112050595,DEP002,Tài chính - Kế toán,2024-09-06,Dropped Out,2025-11-21
STU000870,Chị Khoa Vũ,1999-09-23,Female,nduong@example.com,070561968,DEP007,Kỹ thuật điện,2022-06-23,Active,
STU000871,Lan Phạm,1999-12-14,Male,john91@example.org,0105788036,DEP006,Ngoại ngữ,2025-09-07,Active,
STU000872,Quý Cô Ánh Vũ,2006-03-14,Other,jane26@example.org,0455532162,DEP006,Ngoại ngữ,2020-07-08,Suspended,
STU000873,Khoa Vũ,2005-06-23,Other,john20@example.com,0555463253,DEP001,Công nghệ thông tin,2021-01-08,Graduated,
STU000874,Quý Cô Khoa Lê,2001-02-11,Female,john03@example.com,0947690956,DEP007,Kỹ thuật điện,2020-09-22,Graduated,
STU000875,Huy Hải Lê,2001-02-21,Other,jane47@example.net,0399682960,DEP006,Ngoại ngữ,2024-04-24,Active,
STU000876,Quang Phạm,2006-06-15,Male,nle@example.com,0394994039,DEP010,Du lịch - Khách sạn,2024-02-21,Active,
STU000877,Cô Ngọc Phạm,1999-05-26,Female,ble@example.net,0275647541,DEP001,Công nghệ thông tin,2021-08-08,Dropped Out,2021-12-22
STU000878,Hoàng Hữu Đặng,2006-09-06,Female,tvu@example.org,0953453203,DEP012,Khoa học dữ liệu,2024-08-01,Suspended,
STU000879,An Vũ,2002-09-11,Male,xvu@example.org,0377220901,DEP003,Quản trị kinh doanh,2022-10-25,Active,
STU000880,Nhiên Đức Dương,1998-08-31,Other,xtran@example.org,0856805590,DEP007,Kỹ thuật điện,2024-07-20,Active,
STU000881,Quý Cô Hà Dương,2006-06-02,Male,john00@example.net,030140591,DEP001,Công nghệ thông tin,2020-08-14,Dropped Out,2022-07-16
STU000882,Khoa Bùi,2001-12-09,Female,vpham@example.org,094296863,DEP011,Truyền thông,2025-05-20,Active,
STU000883,Bảo Hoàng Vũ,1998-05-17,Male,john08@example.org,0322329323,DEP010,Du lịch - Khách sạn,2023-11-22,Graduated,
STU000884,Bảo Đặng,2004-09-13,Male,john97@example.com,0470314734,DEP010,Du lịch - Khách sạn,2022-08-09,Graduated,
STU000885,Vũ Phú Nguyễn,2000-12-17,Other,tdang@example.net,0832545895,DEP007,Kỹ thuật điện,2023-08-21,Active,
STU000886,Bảo Thị Dương,2000-05-13,Other,cmai@example.com,0395195708,DEP004,Kinh tế,2020-05-21,Active,
STU000887,Hạnh Trần,2006-08-01,Female,lvu@example.org,0398938297,DEP001,Công nghệ thông tin,2023-06-14,Graduated,
STU000888,Trọng Hữu Hoàng,2005-10-20,Other,john34@example.net,0465203794,DEP004,Kinh tế,2023-07-02,Dropped Out,2023-10-09
STU000889,Yến Phạm,2005-07-14,Female,jdang@example.com,0240284666,DEP011,Truyền thông,2025-06-10,Suspended,
STU000890,Duyên Đặng,1998-08-24,Female,pmai@example.org,021552505,DEP008,Kỹ thuật xây dựng,2022-03-23,Active,
STU000891,Hải Hoàng,2002-06-11,Other,ele@example.org,0685883412,DEP002,Tài chính - Kế toán,2022-06-20,Active,
STU000892,Tùng Xuân Nguyễn,2005-06-28,Female,jane93@example.com,049592993,DEP004,Kinh tế,2019-12-01,Suspended,
STU000893,Huy Lê,2004-09-10,Other,jane59@example.org,092733542,DEP007,Kỹ thuật điện,2024-02-24,Active,
STU000894,Phương Mai,2000-11-07,Male,jane60@example.com,0808396099,DEP011,Truyền thông,2021-10-13,Dropped Out,2023-05-15
STU000895,Quý Ông Trung Nguyễn,2006-08-30,Other,john00@example.org,091516028,DEP012,Khoa học dữ liệu,2022-07-14,Active,
STU000896,Vũ Hải Vũ,2000-03-19,Other,john26@example.com,0032425370,DEP007,Kỹ thuật điện,2024-03-18,Active,
STU000897,Quang Đặng,2003-02-24,Female,onguyen@example.net,0702811386,DEP008,Kỹ thuật xây dựng,2023-04-04,Active,
STU000898,Huy Đặng,2004-08-05,Female,vtran@example.net,0665720998,DEP008,Kỹ thuật xây dựng,2020-01-14,Graduated,
STU000899,Cô Lâm Phạm,2005-03-24,Other,john79@example.org,021331973,DEP008,Kỹ thuật xây dựng,2021-07-31,Active,
STU000900,Chi Dương,2004-03-05,Male,john59@example.com,0183981086,DEP002,Tài chính - Kế toán,2019-11-17,Active,
STU000901,Nhật Trần,2003-02-22,Other,ddang@example.net,0007990956,DEP006,Ngoại ngữ,2019-08-23,Active,
STU000902,Yến Lê,2003-01-25,Male,john42@example.com,0392734827,DEP007,Kỹ thuật điện,2025-02-06,Active,
STU000903,Vân Lê,2004-02-23,Other,fhoang@example.com,0548409509,DEP009,Công nghệ sinh học,2023-01-10,Active,
STU000904,Nhật Quang Đặng,1998-02-09,Other,ipham@example.com,069761305,DEP008,Kỹ thuật xây dựng,2024-10-06,Dropped Out,2026-09-18
STU000905,Quang Hữu Lê,2003-02-27,Other,john65@example.net,0706005897,DEP001,Công nghệ thông tin,2021-10-11,Dropped Out,2022-03-07
STU000906,Chị Vân Đặng,1998-01-31,Other,qnguyen@example.com,0209815686,DEP003,Quản trị kinh doanh,2020-05-31,Active,
STU000907,Bà Thảo Lê,1999-08-29,Other,zmai@example.net,0947763584,DEP008,Kỹ thuật xây dựng,2025-05-13,Active,
STU000908,Cô Hà Hoàng,1999-04-29,Female,fle@example.com,0003917784,DEP003,Quản trị kinh doanh,2022-01-09,Active,
STU000909,Hải Mai Nguyễn,2003-03-17,Female,vmai@example.com,022133977,DEP008,Kỹ thuật xây dựng,2025-02-20,Active,
STU000910,Bà Lâm Trần,2001-12-25,Female,jane90@example.com,0638812920,DEP001,Chưa phân ngành,2023-04-26,Graduated,
STU000911,Duyên Nguyễn,2003-07-29,Male,john11@example.org,0989433080,DEP003,Quản trị kinh doanh,2025-09-01,Suspended,
STU000912,Xuân Nguyễn,2005-06-13,Male,john29@example.com,0391929185,DEP001,Công nghệ thông tin,2025-07-21,Active,
STU000913,Khoa Hoàng Hoàng,2000-09-03,Male,jane55@example.org,027261123,DEP012,Khoa học dữ liệu,2021-06-19,Active,
STU000914,Hưng Vũ,1999-09-16,Male,mvu@example.org,0769488618,DEP004,Kinh tế,2023-08-23,Active,
STU000915,Bác Bảo Hoàng,2006-05-22,Other,udang@example.com,0947902021,DEP008,Kỹ thuật xây dựng,2021-12-27,Active,
STU000916,Dũng Đức Nguyễn,1999-07-02,Female,tmai@example.org,078718995,DEP004,Kinh tế,2019-11-08,Active,
STU000917,Tú Mai Hoàng,2000-03-01,Female,jane42@example.net,013031632,DEP006,Ngoại ngữ,2019-10-09,Active,
STU000918,Tú Mai,2006-02-01,Other,ttran@example.com,0114525762,DEP011,Truyền thông,2022-10-12,Dropped Out,2023-04-01
STU000919,Quý Cô An Phạm,1999-08-20,Male,lnguyen@example.net,0735288110,DEP004,Kinh tế,2021-02-09,Dropped Out,2022-12-18
STU000920,Thành Vũ,2004-04-16,Other,john22@example.org,0226482406,DEP011,Truyền thông,2020-06-08,Graduated,
STU000921,Hà Dương,1999-05-15,Other,ndang@example.net,0338405897,DEP010,Du lịch - Khách sạn,2024-06-02,Graduated,
STU000922,Hải Bùi,2001-08-09,Female,jane91@example.com,057736867,DEP010,Du lịch - Khách sạn,2024-07-08,Graduated,
STU000923,Thành Lê,1999-08-26,Male,john87@example.net,0275840727,DEP012,Khoa học dữ liệu,2020-03-18,Dropped Out,2022-08-31
STU000924,Thảo Vũ,2006-09-22,Male,ivu@example.net,093201291,DEP012,Khoa học dữ liệu,2024-03-31,Graduated,
STU000925,Nhật Đặng,2001-11-01,Female,jane84@example.org,0332459654,DEP006,Ngoại ngữ,2021-04-21,Dropped Out,2021-12-02
STU000926,Trọng Trí Đặng,2004-11-26,Male,wmai@example.com,093049370,DEP012,Khoa học dữ liệu,2020-12-15,Dropped Out,2021-06-20
STU000927,Quý Cô Ánh Trần,2003-04-20,Male,jane95@example.org,0501009210,DEP006,Ngoại ngữ,2023-10-30,Suspended,
STU000928,Vi Mai,2006-01-10,Female,john84@example.org,035970315,DEP007,Chưa phân ngành,2020-02-07,Dropped Out,2022-05-31
STU000929,Phương Nguyễn,2005-04-29,Other,ntran@example.net,0765715689,DEP008,Kỹ thuật xây dựng,2024-02-17,Active,
STU000930,Khoa Đặng,1998-01-07,Male,gvu@example.org,0163726710,DEP009,Công nghệ sinh học,2021-03-29,Active,
STU000931,Thành Mai Bùi,2000-10-04,Male,jane52@example.net,0489730330,DEP007,Kỹ thuật điện,2024-01-17,Graduated,
STU000932,Bà Nhật Mai,2003-12-31,Male,jane47@example.com,0789283981,DEP004,Kinh tế,2025-02-06,Active,
STU000933,Mai Dương,1999-03-04,Female,jnguyen@example.org,0939868909,DEP009,Công nghệ sinh học,2020-09-28,Dropped Out,2022-12-18
STU000934,Quang Lê,2006-03-29,Other,nle@example.org,0433375396,DEP002,Tài chính - Kế toán,2022-07-15,Suspended,
STU000935,Hồng Bùi,2002-05-26,Male,ahoang@example.com,002976136,DEP007,Kỹ thuật điện,2024-08-31,Active,
STU000936,Chị Nhật Trần,1999-05-28,Male,fpham@example.net,0160419502,DEP002,Tài chính - Kế toán,2024-06-06,Suspended,
STU000937,Quý Cô Duyên Bùi,2002-07-07,Female,kduong@example.org,046074352,DEP012,Khoa học dữ liệu,2022-05-23,Active,
STU000938,Duyên Dương,2002-08-28,Other,john30@example.net,021975018,DEP010,Du lịch - Khách sạn,2022-08-18,Active,
STU000939,Yến Vũ,2002-02-05,Other,jane86@example.net,0709362790,DEP005,Luật,2019-11-30,Active,
STU000940,Cô Nhật Mai,2001-08-07,Male,jane50@example.com,0123591758,DEP012,Khoa học dữ liệu,2021-03-18,Active,
STU000941,Nhật Phạm,2003-02-15,Other,jane84@example.com,0706793071,DEP004,Kinh tế,2021-01-19,Graduated,
STU000942,Hải Lê,2000-11-10,Female,fmai@example.org,0374621462,DEP012,Khoa học dữ liệu,2020-03-21,Graduated,
STU000943,Nhật Dương,2006-06-02,Other,john07@example.org,037610320,DEP012,Chưa phân ngành,2024-05-03,Active,
STU000944,Dũng Trần,2006-06-07,Female,john27@example.net,0372234905,DEP011,Truyền thông,2023-10-09,Active,
STU000945,Bà Hà Dương,2002-07-15,Female,wnguyen@example.com,080695101,DEP005,Luật,2021-11-17,Active,
STU000946,Yến Dương,1998-10-17,Other,vle@example.com,0750618572,DEP004,Kinh tế,2025-03-22,Active,
STU000947,Nhiên Mai,2005-01-16,Female,jane34@example.net,0385994510,DEP006,Ngoại ngữ,2020-09-08,Dropped Out,2021-07-21
STU000948,Quý Cô Thành Dương,2004-09-06,Other,xnguyen@example.org,000783474,DEP005,Luật,2023-12-07,Suspended,
STU000949,Nam Phạm,2006-12-30,Male,jane33@example.net,013661474,DEP009,Công nghệ sinh học,2020-03-24,Active,
STU000950,Lan Phạm,2002-05-05,Female,jane37@example.org,0867238052,DEP007,Kỹ thuật điện,2021-02-23,Dropped Out,2022-10-23
STU000951,Hạnh Hoàng,2001-01-09,Male,wduong@example.net,0203688231,DEP006,Ngoại ngữ,2025-02-15,Active,
STU000952,Hưng Bùi,2005-05-13,Other,jane63@example.com,0446531865,DEP008,Kỹ thuật xây dựng,2019-11-01,Active,
STU000953,Tùng Đức Lê,1999-10-21,Male,john34@example.com,0503329897,DEP007,Kỹ thuật điện,2023-03-18,Active,
STU000954,Cô Bảo Vũ,2000-10-18,Other,ndang@example.org,0680593769,DEP010,Du lịch - Khách sạn,2025-08-06,Suspended,
STU000955,Bác Huy Phạm,2002-07-02,Other,apham@example.org,095695620,DEP008,Kỹ thuật xây dựng,2023-08-05,Dropped Out,2025-09-24
STU000956,Minh Lê,2002-01-25,Female,hpham@example.org,058996445,DEP005,Luật,2020-04-20,Active,
STU000957,Hà Nguyễn,2007-12-25,Other,john67@example.net,0298715296,DEP002,Tài chính - Kế toán,2020-01-10,Active,
STU000958,Hoàng Vũ,2000-04-25,Female,john06@example.net,0475287054,DEP012,Khoa học dữ liệu,2024-06-07,Active,
STU000959,Quý Cô Lan Vũ,2004-04-12,Other,jane55@example.net,0055428356,DEP004,Kinh tế,2024-02-03,Active,
STU000960,Duyên Đặng,2004-02-20,Female,john85@example.org,093728088,DEP012,Khoa học dữ liệu,2019-10-03,Graduated,
STU000961,Lâm Bùi,2006-05-16,Female,jane04@example.org,0468630659,DEP006,Ngoại ngữ,2023-01-19,Active,
STU000962,Anh Quang Nguyễn,1998-12-08,Female,yle@example.org,0688328597,DEP005,Luật,2020-10-25,Active,
STU000963,Nhiên Nguyễn,2006-09-22,Male,kdang@example.com,0407372324,DEP002,Tài chính - Kế toán,2023-10-11,Active,
STU000964,Quý Cô Hạnh Phạm,2002-03-27,Other,ele@example.net,0198097636,DEP009,Công nghệ sinh học,2021-06-06,Active,
STU000965,Anh Thị Lê,1999-06-11,Male,john65@example.com,0404381091,DEP001,Công nghệ thông tin,2019-09-14,Active,
STU000966,Quang Lê,2007-05-26,Male,john33@example.net,021817586,DEP001,Công nghệ thông tin,2022-12-10,Active,
STU000967,Bảo Mai Bảo Lê,2001-06-25,Female,zhoang@example.org,044693336,DEP012,Khoa học dữ liệu,2019-08-14,Graduated,
STU000968,Bà Hạnh Hoàng,1998-11-21,Male,john67@example.org,007193859,DEP002,Tài chính - Kế toán,2023-02-26,Graduated,
STU000969,Dương Phạm,2006-12-06,Female,john89@example.net,0944601402,DEP006,Ngoại ngữ,2022-04-15,Active,
STU000970,Kim Vũ,1999-12-17,Female,opham@example.com,0999547819,DEP009,Công nghệ sinh học,2020-01-06,Graduated,
STU000971,Kim Đặng,2003-05-24,Male,jpham@example.net,030189319,DEP006,Ngoại ngữ,2022-05-31,Graduated,
STU000972,Quý Ông Tú Dương,1998-03-27,Other,ytran@example.com,0565040835,DEP002,Tài chính - Kế toán,2025-03-25,Active,
STU000973,Quang Nguyễn,2007-10-03,Female,john49@example.com,084562162,DEP002,Tài chính - Kế toán,2022-01-20,Active,
STU000974,Cô Hải Nguyễn,1999-12-23,Female,john03@example.org,0495769333,DEP004,Kinh tế,2025-06-16,Active,
STU000975,Quý Cô Vi Nguyễn,2000-11-02,Male,john24@example.net,0186862097,DEP010,Du lịch - Khách sạn,2024-01-11,Dropped Out,2024-06-27
STU000976,Ngọc Lê,2002-10-15,Female,rmai@example.com,030590220,DEP005,Luật,2024-11-28,Graduated,
STU000977,Trọng Hữu Bùi,2004-12-19,Other,john55@example.net,028764343,DEP006,Ngoại ngữ,2022-09-29,Dropped Out,2023-04-15
STU000978,Cô Lâm Bùi,2005-09-30,Female,jane02@example.com,0711600818,DEP002,Tài chính - Kế toán,2022-07-04,Suspended,
STU000979,Chị Dương Phạm,1998-03-08,Male,jane93@example.org,023864527,DEP004,Kinh tế,2019-11-08,Suspended,
STU000980,Chị Thảo Vũ,2003-09-11,Male,john29@example.org,051537521,DEP012,Khoa học dữ liệu,2021-06-29,Graduated,
STU000981,An Dương,2000-01-17,Other,john97@example.net,059079171,DEP012,Khoa học dữ liệu,2021-12-12,Graduated,
STU000982,Hoàng Đặng,2001-06-02,Female,fbui@example.com,080596836,DEP006,Ngoại ngữ,2023-07-20,Active,
STU000983,Nam Phạm,1999-03-06,Other,npham@example.com,040104196,DEP002,Tài chính - Kế toán,2021-10-27,Graduated,
STU000984,Kim Lê,2006-08-03,Female,udang@example.net,083514720,DEP009,Công nghệ sinh học,2022-08-01,Active,
STU000985,Quý Cô Vân Bùi,2007-08-27,Other,john80@example.org,0041454130,DEP005,Luật,2025-03-11,Active,
STU000986,Huy Thị Dương,2000-02-08,Male,znguyen@example.com,0473630160,DEP010,Du lịch - Khách sạn,2020-06-18,Active,
STU000987,Vân Dương,2005-10-27,Other,john56@example.net,0524556352,DEP008,Kỹ thuật xây dựng,2021-01-07,Active,
STU000988,Quý Cô Hải Dương,1999-07-03,Female,jane59@example.com,0225170043,DEP012,Khoa học dữ liệu,2021-06-28,Active,
STU000989,Quý Ông Hưng Nguyễn,2004-06-23,Male,jane19@example.net,0697903794,DEP010,Du lịch - Khách sạn,2024-05-03,Active,
STU000990,Quý Cô Dương Trần,2001-03-13,Other,znguyen@example.net,0058586340,DEP010,Chưa phân ngành,2025-07-04,Active,
STU000991,Bác Thành Nguyễn,1999-02-12,Other,jane68@example.org,044880618,DEP012,Khoa học dữ liệu,2021-06-16,Active,
STU000992,Quang Văn Phạm,2007-04-01,Female,john82@example.org,0675272699,DEP004,Kinh tế,2024-12-10,Active,
STU000993,Hà Mai Bảo Mai,2006-06-15,Other,vbui@example.net,072927153,DEP008,Kỹ thuật xây dựng,2021-08-02,Dropped Out,2022-10-15
STU000994,Cô Vân Mai,2002-06-13,Female,john36@example.org,0449187217,DEP005,Luật,2024-12-16,Suspended,
STU000995,Bảo Vũ,2002-04-30,Female,whoang@example.com,0965812222,DEP005,Luật,2025-07-18,Active,
STU000996,Vi Trần,2002-11-07,Other,rtran@example.net,0792691326,DEP002,Tài chính - Kế toán,2025-07-21,Active,
STU000997,Quý Cô Nhật Lê,1998-02-22,Other,yhoang@example.org,014997360,DEP002,Tài chính - Kế toán,2024-02-19,Active,
STU000998,Trung Vũ,1998-11-25,Other,jane76@example.net,0154882127,DEP012,Khoa học dữ liệu,2023-07-27,Active,
STU000999,Bà Nhật Vũ,2004-11-20,Other,jane79@example.org,096682614,DEP005,Luật,2023-10-29,Active,
STU001000,Vi Bùi,1999-12-01,Other,omai@example.org,0572978708,DEP009,Công nghệ sinh học,2022-06-22,Active,
STU001001,Minh Quang Vũ,2002-04-20,Female,jane99@example.org,043812336,DEP009,Công nghệ sinh học,2020-10-18,Graduated,
STU001002,Vân Trần,2007-12-30,Male,pdang@example.net,0680698361,DEP010,Du lịch - Khách sạn,2021-08-29,Active,
STU001003,Quý Ông Huy Mai,2004-07-27,Female,cbui@example.org,099850473,DEP005,Luật,2025-03-24,Active,
STU001004,Cô Hải Dương,2006-11-27,Male,ipham@example.net,0679142820,DEP008,Kỹ thuật xây dựng,2023-09-28,Dropped Out,2025-10-10
STU001005,Lâm Hoàng,2004-06-02,Male,john99@example.net,0412501272,DEP011,Chưa phân ngành,2025-02-02,Suspended,
STU001006,Ngọc Vũ,1999-11-22,Other,john27@example.org,0496247093,DEP004,Kinh tế,2025-05-17,Graduated,
STU001007,Huy Văn Phạm,2000-05-16,Other,btran@example.org,0699560142,DEP006,Ngoại ngữ,2022-05-21,Suspended,
STU001008,Bà An Vũ,2000-12-13,Other,yvu@example.net,0302278956,DEP012,Khoa học dữ liệu,2023-09-15,Active,
STU001009,Hạnh Hoàng,2004-02-24,Male,john47@example.com,0585953875,DEP012,Khoa học dữ liệu,2025-01-15,Active,
STU001010,Nhật Xuân Đặng,2001-01-10,Male,john78@example.com,0928712838,DEP006,Ngoại ngữ,2025-04-22,Suspended,
STU001011,Anh Quang Lê,2006-05-18,Male,phoang@example.com,034360225,DEP004,Kinh tế,2025-07-24,Suspended,
STU001012,Khoa Đặng,2005-01-25,Male,evu@example.org,027091362,DEP001,Công nghệ thông tin,2022-04-02,Dropped Out,2022-07-12
STU001013,Quý Ông Trọng Trần,1999-07-03,Female,cpham@example.net,0094007349,DEP010,Du lịch - Khách sạn,2023-11-11,Graduated,
STU001014,Hà Dương,2006-09-05,Male,john45@example.com,099205647,DEP010,Du lịch - Khách sạn,2024-11-10,Active,
STU001015,Chi Lê,2002-05-07,Female,rhoang@example.org,000914013,DEP002,Tài chính - Kế toán,2025-04-30,Graduated,
STU001016,Hà Nguyễn,2007-07-22,Other,jduong@example.org,0922677920,DEP009,Công nghệ sinh học,2023-12-26,Active,
STU001017,Hạnh Bùi,2006-04-29,Other,bhoang@example.net,0236811575,DEP008,Kỹ thuật xây dựng,2021-07-05,Suspended,
STU001018,Hà Mai,2004-12-07,Male,emai@example.net,030947495,DEP001,Công nghệ thông tin,2024-02-17,Active,
STU001019,Yến Phạm,2004-11-23,Female,jane35@example.net,0399643435,DEP001,Công nghệ thông tin,2023-03-06,Dropped Out,2023-07-07
STU001020,Kim Hoàng,2006-05-22,Female,jane48@example.com,0364928108,DEP004,Kinh tế,2021-01-07,Active,
STU001021,Phương Đức Nguyễn,1998-08-17,Female,john22@example.com,036410908,DEP007,Kỹ thuật điện,2022-08-10,Graduated,
STU001022,Chị Hải Mai,2007-02-12,Male,john50@example.org,0745366188,DEP006,Ngoại ngữ,2024-04-07,Graduated,
STU001023,Vũ Hoàng,1998-10-29,Other,qbui@example.com,0393763711,DEP008,Kỹ thuật xây dựng,2022-01-28,Dropped Out,2024-07-16
STU001024,Nam Vũ,2002-02-17,Male,jane81@example.net,0242283703,DEP009,Công nghệ sinh học,2020-04-20,Active,
STU001025,Vân Nguyễn,2003-09-14,Female,ttran@example.org,0513561875,DEP001,Công nghệ thông tin,2019-08-22,Active,
STU001026,Ngọc Hoàng,2003-09-22,Male,john15@example.org,055700253,DEP006,Ngoại ngữ,2023-09-19,Active,
STU001027,Quý Cô Bảo Phạm,1998-08-14,Other,vduong@example.net,095075820,DEP011,Truyền thông,2022-05-12,Active,
STU001028,Thành Phú Phạm,2006-01-05,Other,john71@example.com,0628428335,DEP011,Truyền thông,2019-09-03,Dropped Out,2020-05-12
STU001029,Lâm Hoàng Vũ,2004-08-14,Male,jane54@example.com,000875110,DEP001,Công nghệ thông tin,2024-05-24,Active,
STU001030,Quý Ông Nam Bùi,2004-02-24,Other,john12@example.net,0389824661,DEP010,Du lịch - Khách sạn,2024-02-26,Graduated,
STU001031,Quý Ông Khoa Phạm,2002-04-29,Male,john95@example.net,019773839,DEP001,Công nghệ thông tin,2022-01-28,Suspended,
STU001032,Chị Hồng Mai,2000-11-03,Male,jane84@example.net,0393312308,DEP002,Chưa phân ngành,2023-04-11,Suspended,
STU001033,Bảo Xuân Lê,2001-09-22,Female,jane77@example.org,0571378704,DEP007,Kỹ thuật điện,2021-04-19,Active,
STU001034,Linh Dương,2005-04-27,Female,jane98@example.org,005755938,DEP009,Công nghệ sinh học,2024-11-19,Active,
STU001035,Bác Quang Đặng,2003-12-23,Male,zle@example.org,025977589,DEP003,Quản trị kinh doanh,2025-03-12,Graduated,
STU001036,Tú Đặng,2002-02-03,Male,john86@example.net,042763878,DEP006,Ngoại ngữ,2022-01-23,Active,
STU001037,Bà Bảo Dương,2004-06-20,Other,jane57@example.org,0994341672,DEP005,Luật,2022-08-25,Dropped Out,2024-09-13
STU001038,Thảo Đặng,2003-01-23,Other,john45@example.org,008240414,DEP012,Khoa học dữ liệu,2021-03-02,Suspended,
STU001039,Bảo Phạm,2004-12-12,Male,gle@example.com,055946673,DEP010,Du lịch - Khách sạn,2024-06-15,Active,
STU001040,Chị Hương Nguyễn,2004-10-13,Male,john93@example.net,087802292,DEP007,Kỹ thuật điện,2024-08-21,Active,
STU001041,Bà Ngọc Đặng,2001-11-26,Other,wmai@example.org,0961804801,DEP005,Luật,2024-07-12,Dropped Out,2025-01-19
STU001042,An Mai Bảo Phạm,2002-09-02,Male,mdang@example.net,0725845605,DEP004,Kinh tế,2019-10-22,Active,
STU001043,Quang Bảo Bùi,2001-04-20,Female,jane56@example.net,0546274218,DEP009,Công nghệ sinh học,2024-10-19,Graduated,
STU001044,Quý Cô Khoa Đặng,2001-12-03,Female,john98@example.com,0552921585,DEP006,Ngoại ngữ,2023-07-02,Active,
STU001045,Bà Hải Lê,2000-04-23,Other,jane36@example.com,0837138325,DEP005,Luật,2023-02-07,Active,
STU001046,Hạnh Quang Mai,2003-10-18,Female,shoang@example.org,0724805236,DEP009,Công nghệ sinh học,2023-06-12,Active,
STU001047,Chị Xuân Dương,2005-12-21,Other,opham@example.org,0582500246,DEP010,Du lịch - Khách sạn,2021-03-03,Active,
STU001048,Bảo Đức Nguyễn,2002-11-27,Other,rvu@example.org,0023284603,DEP010,Du lịch - Khách sạn,2021-10-25,Active,
STU001049,Lan Trần,2004-11-29,Male,ntran@example.com,075584391,DEP004,Kinh tế,2020-06-07,Graduated,
STU001050,Hải Thị Đặng,2001-01-28,Female,jane03@example.com,0141860984,DEP004,Kinh tế,2022-03-17,Suspended,
STU001051,Quang Thị Hoàng,1999-07-28,Male,jane40@example.net,0402556682,DEP011,Truyền thông,2023-01-19,Active,
STU001052,Hạnh Thị Dương,1998-04-28,Other,yhoang@example.com,059866814,DEP004,Kinh tế,2023-12-10,Graduated,
STU001053,Hưng Bùi,2003-08-09,Other,zhoang@example.com,0865211543,DEP009,Công nghệ sinh học,2025-05-17,Active,
STU001054,Thành Hoàng Đặng,2007-09-13,Female,rhoang@example.net,0052132521,DEP010,Chưa phân ngành,2023-08-06,Active,
STU001055,Cô Lan Hoàng,1999-09-05,Female,jane88@example.net,0418742389,DEP012,Khoa học dữ liệu,2024-06-16,Active,
STU001056,Quý Cô Khoa Nguyễn,2006-04-23,Other,john40@example.com,063241438,DEP009,Công nghệ sinh học,2021-01-26,Active,
STU001057,Phương Văn Vũ,2001-03-16,Female,jane22@example.net,0888415312,DEP012,Khoa học dữ liệu,2024-11-26,Active,
STU001058,Quý Cô Xuân Phạm,2002-10-12,Female,qtran@example.com,0069809392,DEP003,Quản trị kinh doanh,2020-06-07,Active,
STU001059,Cô Vân Dương,2006-02-15,Female,john35@example.org,0295119831,DEP009,Công nghệ sinh học,2024-02-10,Active,
STU001060,Ông Thành Phạm,1999-01-19,Other,jane92@example.com,000812529,DEP003,Quản trị kinh doanh,2021-10-11,Graduated,
STU001061,Quý Cô Khoa Lê,2005-09-13,Female,jane71@example.com,0908090338,DEP011,Truyền thông,2024-07-22,Active,
STU001062,Quang Hải Lê,2005-09-19,Female,gdang@example.com,0695671578,DEP009,Công nghệ sinh học,2024-06-27,Active,
STU001063,Quý Cô Thành Hoàng,1998-10-25,Other,bduong@example.org,0640605738,DEP006,Ngoại ngữ,2023-02-21,Active,
STU001064,Hưng Mai,2007-11-30,Male,ttran@example.net,0189816408,DEP003,Quản trị kinh doanh,2023-07-16,Dropped Out,2024-10-18
STU001065,Phương Hoàng,2007-07-15,Male,qmai@example.net,011159529,DEP009,Công nghệ sinh học,2019-09-30,Active,
STU001066,Kim Trần,2001-07-19,Male,wduong@example.org,0131931498,DEP007,Kỹ thuật điện,2025-02-01,Active,
STU001067,Phúc Đặng,2004-08-22,Female,gle@example.org,046006668,DEP001,Công nghệ thông tin,2022-12-31,Active,
STU001068,Hà Bảo Đặng,2001-08-27,Other,itran@example.net,0028486988,DEP008,Kỹ thuật xây dựng,2021-03-17,Dropped Out,2021-08-05
STU001069,Hoàng Mai,1999-06-17,Other,bbui@example.net,0533577808,DEP001,Công nghệ thông tin,2024-05-04,Dropped Out,2025-08-01
STU001070,Chị Dương Mai,2001-02-01,Male,jane15@example.net,071101639,DEP008,Kỹ thuật xây dựng,2021-03-18,Active,
STU001071,Thành Bảo Lê,2000-01-05,Female,dduong@example.net,0177800370,DEP011,Truyền thông,2021-03-24,Active,
STU001072,Mai Mai,2004-11-06,Female,yle@example.net,044071738,DEP005,Luật,2020-12-11,Graduated,
STU001073,Bà Bảo Hoàng,2003-01-30,Other,john39@example.net,046345037,DEP007,Kỹ thuật điện,2023-11-06,Active,
STU001074,Châu Thị Phạm,2000-07-11,Female,nhoang@example.net,0064876369,DEP009,Công nghệ sinh học,2024-03-01,Graduated,
STU001075,Bảo Tấn Dương,2003-09-27,Female,tpham@example.net,0944703942,DEP007,Kỹ thuật điện,2024-06-25,Graduated,
STU001076,Lâm Hoàng,2001-02-15,Male,bduong@example.com,075321134,DEP008,Kỹ thuật xây dựng,2019-12-15,Active,
STU001077,Ông Trung Mai,2002-03-28,Female,john08@example.com,0791258301,DEP011,Truyền thông,2021-08-29,Active,
STU001078,Quý Cô Nhật Phạm,2006-12-11,Male,jane91@example.net,065179183,DEP004,Kinh tế,2020-01-29,Active,
STU001079,Cô Kim Đặng,2000-07-22,Male,lle@example.com,0988692886,DEP002,Tài chính - Kế toán,2023-01-24,Graduated,
STU001080,Ngọc Đặng,2004-08-30,Male,john01@example.org,0004114410,DEP011,Truyền thông,2021-01-19,Active,
STU001081,Hà Đức Bùi,2007-11-03,Male,jduong@example.com,009252138,DEP012,Khoa học dữ liệu,2023-10-09,Active,
STU001082,Bà Thảo Trần,2007-12-31,Female,john27@example.com,035672038,DEP012,Khoa học dữ liệu,2022-02-15,Active,
STU001083,Hà Đặng,2006-12-29,Male,wvu@example.com,0564681105,DEP008,Kỹ thuật xây dựng,2025-02-27,Suspended,
STU001084,Minh Nguyễn,2006-11-11,Male,mvu@example.net,0344881239,DEP005,Luật,2023-12-27,Active,
STU001085,Nhật Bảo Trần,1999-05-30,Female,john37@example.com,0500095754,DEP005,Luật,2022-02-20,Active,
STU001086,An Mai Vũ,2007-12-16,Other,jane64@example.org,066707307,DEP004,Kinh tế,2020-10-29,Active,
STU001087,Chi Lê,2006-05-21,Other,zdang@example.net,063883920,DEP004,Kinh tế,2020-09-19,Active,
STU001088,Khoa Hải Vũ,2006-03-22,Female,cnguyen@example.com,0349502792,DEP012,Chưa phân ngành,2021-06-28,Active,
STU001089,Minh Hải Đặng,2001-08-05,Other,mhoang@example.net,0258549713,DEP008,Kỹ thuật xây dựng,2021-01-17,Active,
STU001090,Bà Nhật Vũ,1999-01-17,Female,jane83@example.org,085092732,DEP011,Truyền thông,2021-04-05,Graduated,
STU001091,Thảo Mai,2005-08-05,Female,yvu@example.org,019668825,DEP010,Du lịch - Khách sạn,2021-11-17,Dropped Out,2022-09-08
STU001092,Quý Cô Nhật Mai,1998-02-16,Other,ghoang@example.org,0369278014,DEP008,Kỹ thuật xây dựng,2025-06-12,Active,
STU001093,Quý Ông Minh Mai,2003-10-11,Female,mbui@example.org,0486891376,DEP009,Công nghệ sinh học,2025-07-15,Active,
STU001094,Thành Dương,2003-03-23,Female,john51@example.net,055457579,DEP010,Du lịch - Khách sạn,2023-07-18,Suspended,
STU001095,Chị Thảo Bùi,2006-06-10,Male,jane39@example.com,0763239170,DEP005,Luật,2020-07-30,Graduated,
STU001096,Hưng Thế Đặng,2003-03-25,Other,ovu@example.org,031712738,DEP009,Công nghệ sinh học,2025-07-25,Active,
STU001097,Chị Nhật Trần,2001-08-27,Other,fduong@example.com,046041359,DEP011,Truyền thông,2021-11-28,Suspended,
STU001098,Kim Vũ,2007-04-11,Male,mdang@example.com,0644852692,DEP011,Truyền thông,2020-03-13,Active,
STU001099,Hà Đặng,2005-05-22,Other,fdang@example.org,0446520581,DEP007,Kỹ thuật điện,2025-01-29,Active,
STU001100,Vi Bùi,2002-06-25,Female,jane50@example.org,0353646593,DEP006,Ngoại ngữ,2020-06-03,Dropped Out,2022-09-22
STU001101,Bà Khoa Dương,2000-07-02,Female,sduong@example.org,063850710,DEP002,Tài chính - Kế toán,2025-03-29,Active,
STU001102,Nhiên Lê,2005-01-19,Other,ftran@example.org,0840637189,DEP001,Công nghệ thông tin,2021-03-09,Active,
STU001103,Cô Vi Mai,2005-11-20,Male,john61@example.com,047760019,DEP006,Ngoại ngữ,2021-10-24,Active,
STU001104,Cô Vi Phạm,2005-05-16,Other,bnguyen@example.org,056393346,DEP005,Luật,2021-12-02,Active,
STU001105,Anh Hoàng Phạm,2000-04-07,Female,john52@example.com,036745958,DEP009,Công nghệ sinh học,2021-05-22,Active,
STU001106,Quý Cô Lan Hoàng,2000-01-01,Male,jane57@example.net,0934157843,DEP012,Khoa học dữ liệu,2023-10-04,Active,
STU001107,Chị Hải Lê,2002-02-16,Female,john37@example.net,0892393972,DEP007,Kỹ thuật điện,2024-05-29,Active,
STU001108,Bác Quang Vũ,2003-01-26,Male,wpham@example.com,0770157781,DEP005,Luật,2022-03-01,Active,
STU001109,Quý Ông Hưng Vũ,2007-04-10,Other,jane77@example.net,0131158536,DEP009,Công nghệ sinh học,2021-05-13,Active,
STU001110,Hải Mai Bảo Nguyễn,2000-06-10,Other,pnguyen@example.org,058271582,DEP004,Kinh tế,2020-08-01,Suspended,
STU001111,Hạnh Đặng,2004-03-27,Female,jane38@example.org,033599736,DEP004,Kinh tế,2021-03-16,Dropped Out,2023-05-23
STU001112,Duyên Dương,1999-07-27,Male,john55@example.com,0936846230,DEP012,Khoa học dữ liệu,2025-01-28,Active,
STU001113,Lâm Phạm,2002-02-19,Female,jane94@example.net,027968149,DEP008,Kỹ thuật xây dựng,2022-02-07,Dropped Out,2023-01-25
STU001114,Minh Bảo Vũ,2004-10-29,Other,gtran@example.com,032627914,DEP008,Kỹ thuật xây dựng,2021-05-07,Active,
STU001115,An Nguyễn,2003-08-15,Other,jane30@example.org,0248238967,DEP009,Công nghệ sinh học,2022-08-29,Active,
STU001116,Khoa Thị Dương,2004-11-22,Male,john85@example.net,0155010371,DEP003,Quản trị kinh doanh,2024-03-19,Suspended,
STU001117,Vân Mai,2006-10-14,Female,mduong@example.org,092164491,DEP004,Kinh tế,2021-04-17,Active,
STU001118,Quý Ông Quang Đặng,2001-07-08,Other,john72@example.com,0827571015,DEP007,Kỹ thuật điện,2024-12-03,Active,
STU001119,Chị Hạnh Hoàng,1999-11-19,Female,john07@example.net,015537248,DEP003,Quản trị kinh doanh,2024-10-19,Active,
STU001120,An Hữu Đặng,2002-04-18,Other,john13@example.com,0930835857,DEP008,Kỹ thuật xây dựng,2022-05-15,Active,
STU001121,Cô Duyên Trần,2001-11-04,Other,jane64@example.net,058920622,DEP001,Công nghệ thông tin,2019-12-19,Active,
STU001122,Nhật Đức Dương,2004-05-07,Female,jnguyen@example.net,0080385510,DEP003,Quản trị kinh doanh,2025-05-18,Graduated,
STU001123,Bác Hưng Nguyễn,1998-04-11,Other,kdang@example.net,095935538,DEP006,Ngoại ngữ,2024-10-03,Active,
STU001124,Bảo Thị Dương,2006-05-25,Male,john09@example.net,0334119092,DEP001,Công nghệ thông tin,2023-06-28,Active,
STU001125,Bác Vũ Đặng,2000-10-11,Male,abui@example.com,0692981928,DEP008,Kỹ thuật xây dựng,2023-01-16,Suspended,
STU001126,Quang Nguyễn,2003-06-11,Female,jane35@example.com,030062341,DEP007,Kỹ thuật điện,2019-12-07,Active,
STU001127,Bà Hồng Nguyễn,2002-08-22,Other,iduong@example.com,0688968363,DEP003,Quản trị kinh doanh,2020-07-20,Active,
STU001128,Nhật Đức Phạm,1999-03-10,Other,zdang@example.com,0144688310,DEP005,Luật,2022-11-06,Active,
STU001129,Minh Hoàng Trần,2004-07-20,Other,tpham@example.org,0742083633,DEP006,Ngoại ngữ,2025-06-01,Active,
STU001130,Ông Châu Nguyễn,2001-05-24,Male,hmai@example.net,033472118,DEP005,Luật,2024-01-20,Active,
STU001131,Nam Lê,2002-11-04,Male,rnguyen@example.com,0969573000,DEP007,Kỹ thuật điện,2019-10-11,Dropped Out,2021-12-12
STU001132,An Mai,2003-12-13,Female,jane66@example.com,063394216,DEP010,Du lịch - Khách sạn,2024-12-24,Active,
STU001133,Vũ Mai Bảo Lê,2000-01-20,Male,jane94@example.org,040895686,DEP012,Khoa học dữ liệu,2023-12-08,Active,
STU001134,Cô Hương Đặng,2001-12-15,Female,khoang@example.com,0285105440,DEP009,Công nghệ sinh học,2022-04-02,Active,
STU001135,Quý Ông Trung Trần,2005-11-21,Other,john46@example.com,0825414217,DEP002,Tài chính - Kế toán,2022-12-31,Graduated,
STU001136,Kim Bùi,1999-09-27,Other,bmai@example.org,0630343560,DEP010,Du lịch - Khách sạn,2023-06-17,Active,
STU001137,Ánh Nguyễn,2005-11-23,Other,jane92@example.org,0374094944,DEP005,Luật,2020-01-08,Active,
STU001138,Ông Thành Đặng,2000-12-08,Female,ile@example.net,0297676110,DEP008,Kỹ thuật xây dựng,2022-12-18,Suspended,
STU001139,Lâm Bảo Nguyễn,2001-11-09,Female,yhoang@example.net,0010314010,DEP003,Quản trị kinh doanh,2022-07-24,Graduated,
STU001140,Thành Phạm,2007-08-11,Other,nbui@example.net,0090871552,DEP001,Công nghệ thông tin,2023-12-02,Active,
STU001141,Bảo Lê,2002-01-11,Male,wle@example.com,041016920,DEP002,Tài chính - Kế toán,2023-12-03,Suspended,
STU001142,Bác Tú Trần,2006-07-15,Female,john01@example.com,005641997,DEP011,Truyền thông,2021-08-19,Active,
STU001143,Vi Mai,2003-11-06,Other,zbui@example.org,068591498,DEP008,Kỹ thuật xây dựng,2023-05-05,Active,
STU001144,Phương Phạm,2005-06-29,Other,john11@example.net,0859835815,DEP007,Kỹ thuật điện,2020-09-12,Dropped Out,2022-02-22
STU001145,Bác Quang Mai,2003-03-24,Male,gdang@example.org,0547790978,DEP009,Công nghệ sinh học,2023-05-14,Active,
STU001146,Thảo Đặng,1998-10-12,Other,lhoang@example.com,070404251,DEP009,Công nghệ sinh học,2025-05-15,Dropped Out,2026-09-15
STU001147,Thành Tấn Trần,1999-01-15,Female,wbui@example.org,0383328191,DEP003,Quản trị kinh doanh,2020-11-06,Active,
STU001148,Ông Quang Phạm,2007-05-26,Male,jane61@example.com,0764703534,DEP007,Kỹ thuật điện,2023-02-12,Dropped Out,2024-12-12
STU001149,Bà Hải Nguyễn,2007-05-25,Male,dpham@example.net,040379850,DEP006,Ngoại ngữ,2024-06-21,Active,
STU001150,Nam Thế Trần,2001-03-04,Male,bmai@example.com,037792499,DEP004,Kinh tế,2024-01-23,Dropped Out,2025-06-29
STU001151,Nhật Lê,2001-10-05,Male,jane72@example.org,081030893,DEP006,Ngoại ngữ,2025-02-15,Active,
STU001152,An Tấn Bùi,2005-08-03,Other,jane65@example.net,030214687,DEP008,Kỹ thuật xây dựng,2021-07-04,Active,
STU001153,Thành Đức Trần,2004-11-08,Male,rpham@example.com,0128206523,DEP009,Công nghệ sinh học,2021-06-07,Graduated,
STU001154,Cô Hồng Nguyễn,2004-11-17,Female,znguyen@example.org,0143759657,DEP011,Truyền thông,2022-12-29,Active,
STU001155,An Mai Vũ,2006-02-15,Male,john91@example.com,091422130,DEP011,Truyền thông,2021-01-05,Graduated,
STU001156,Cô Hải Hoàng,2004-12-11,Female,john89@example.org,0310809489,DEP005,Luật,2024-08-21,Suspended,
STU001157,Bà Mai Hoàng,2002-07-16,Female,hnguyen@example.com,015095003,DEP008,Kỹ thuật xây dựng,2023-05-30,Active,
STU001158,Bác Trung Mai,1999-04-12,Other,hhoang@example.com,090990494,DEP004,Kinh tế,2023-12-02,Graduated,
STU001159,Dũng Trí Nguyễn,1998-06-26,Other,inguyen@example.com,098413937,DEP002,Tài chính - Kế toán,2025-05-10,Active,
STU001160,Bà Nhật Bùi,2004-06-10,Female,anguyen@example.org,0370939184,DEP006,Ngoại ngữ,2023-03-10,Active,
STU001161,Ánh Mai,2001-08-20,Male,jane87@example.com,0521025321,DEP003,Quản trị kinh doanh,2023-09-17,Graduated,
STU001162,Khoa Phạm,2005-02-02,Other,zle@example.com,069237908,DEP002,Tài chính - Kế toán,2020-11-15,Active,
STU001163,Thành Văn Trần,2007-02-23,Female,jane80@example.com,009187704,DEP002,Tài chính - Kế toán,2025-09-13,Graduated,
STU001164,Bà Hà Lê,1998-07-17,Other,umai@example.com,0868567551,DEP003,Quản trị kinh doanh,2022-08-25,Graduated,
STU001165,Yến Hoàng,2004-04-23,Other,jane20@example.org,0890897373,DEP012,Khoa học dữ liệu,2019-09-28,Suspended,
STU001166,Hà Vũ,2003-06-08,Female,ypham@example.net,0962246895,DEP004,Kinh tế,2019-12-13,Active,
STU001167,Chi Nguyễn,2000-08-30,Other,jane38@example.com,0484747156,DEP005,Luật,2024-04-04,Active,
STU001168,Hạnh Đặng,2004-04-29,Other,john12@example.com,043807761,DEP005,Luật,2022-01-02,Active,
STU001169,Trung Mai Bảo Lê,1999-12-23,Other,mpham@example.org,0507548860,DEP003,Quản trị kinh doanh,2023-09-13,Active,
STU001170,Phúc Văn Vũ,1999-07-02,Male,jane35@example.org,062206086,DEP010,Du lịch - Khách sạn,2020-03-23,Active,
STU001171,Trung Hoàng Vũ,1999-07-27,Male,ile@example.org,000013522,DEP010,Du lịch - Khách sạn,2025-06-25,Dropped Out,2026-07-26
STU001172,An Lê,2006-06-30,Male,rvu@example.net,053256950,DEP006,Ngoại ngữ,2021-09-20,Active,
STU001173,Phương Lê,1998-01-27,Other,jane08@example.org,078160157,DEP005,Luật,2022-04-08,Active,
STU001174,Ông Trọng Mai,2006-08-30,Female,ytran@example.org,054082714,DEP001,Công nghệ thông tin,2023-02-21,Suspended,
STU001175,Dũng Bùi,2001-09-12,Other,jane70@example.net,049935556,DEP008,Kỹ thuật xây dựng,2021-04-19,Active,
STU001176,Thành Bùi,2004-06-06,Other,vbui@example.com,0144094315,DEP005,Luật,2023-01-06,Active,
STU001177,Cô Chi Bùi,2000-01-30,Female,john68@example.com,087759129,DEP003,Quản trị kinh doanh,2025-04-01,Dropped Out,2027-01-30
STU001178,Bà Phương Nguyễn,1999-03-08,Female,cle@example.com,059168508,DEP008,Kỹ thuật xây dựng,2020-03-22,Dropped Out,2021-09-23
STU001179,Linh Lê,1998-02-06,Female,jane07@example.org,088913699,DEP006,Ngoại ngữ,2022-01-21,Dropped Out,2024-01-11
STU001180,Hạnh Đức Lê,2002-10-11,Other,john87@example.org,0194305569,DEP009,Công nghệ sinh học,2019-10-30,Graduated,
STU001181,Châu Bùi,2001-04-27,Other,lhoang@example.net,093732784,DEP009,Công nghệ sinh học,2019-10-17,Active,
STU001182,Bảo Phạm,2007-11-27,Male,john60@example.com,057124670,DEP004,Chưa phân ngành,2024-03-16,Active,
STU001183,Khoa Phạm,2001-08-03,Male,nmai@example.org,011562457,DEP010,Du lịch - Khách sạn,2024-06-18,Dropped Out,2025-08-03
STU001184,Anh Châu Lê,1999-05-28,Other,xpham@example.com,032300986,DEP004,Kinh tế,2022-09-17,Active,
STU001185,Ông Khoa Nguyễn,2004-02-10,Female,jane67@example.org,0501614898,DEP001,Công nghệ thông tin,2025-01-31,Active,
STU001186,Bà Khoa Phạm,2003-10-01,Female,jane62@example.net,029963993,DEP010,Du lịch - Khách sạn,2022-10-31,Active,
STU001187,Cô Duyên Lê,2003-04-01,Male,dbui@example.com,0887294754,DEP002,Tài chính - Kế toán,2021-11-21,Graduated,
STU001188,Quý Ông Hưng Vũ,2005-11-20,Other,dduong@example.com,001281072,DEP005,Luật,2021-10-13,Active,
STU001189,Hưng Nguyễn,2005-11-14,Other,jane07@example.net,066366005,DEP006,Ngoại ngữ,2020-12-14,Active,
STU001190,Chị Lâm Trần,2000-06-11,Other,gbui@example.com,014243958,DEP003,Quản trị kinh doanh,2022-01-29,Active,
STU001191,An Trí Hoàng,2000-07-05,Other,imai@example.com,084333815,DEP010,Du lịch - Khách sạn,2023-03-24,Graduated,
STU001192,Cô Nhật Vũ,2002-02-05,Other,john49@example.net,095883699,DEP004,Kinh tế,2020-01-14,Active,
STU001193,Quý Cô Hải Nguyễn,1999-12-18,Female,john04@example.net,077550344,DEP009,Công nghệ sinh học,2021-08-10,Active,
STU001194,Bà Mai Vũ,2007-09-16,Male,anguyen@example.net,008443360,DEP011,Truyền thông,2019-08-14,Active,
STU001195,Bà Vi Bùi,2007-07-28,Male,bnguyen@example.com,088197037,DEP009,Công nghệ sinh học,2022-09-24,Dropped Out,2024-12-22
STU001196,Lâm Văn Vũ,2000-10-07,Other,xnguyen@example.com,0069030580,DEP004,Kinh tế,2021-07-17,Active,
STU001197,Quý Cô Duyên Phạm,2003-01-23,Other,john26@example.org,0941362239,DEP005,Luật,2021-12-08,Active,
STU001198,Cô Hạnh Nguyễn,2003-09-11,Other,lle@example.net,0613919206,DEP005,Luật,2022-02-20,Graduated,
STU001199,Nhiên Trần,1998-10-18,Other,ole@example.com,0285597984,DEP001,Công nghệ thông tin,2020-06-06,Dropped Out,2022-06-24
STU001200,Khoa Văn Mai,2004-10-14,Male,john17@example.com,0066325212,DEP004,Kinh tế,2022-07-03,Active,
STU001201,Bà Thành Lê,2003-01-01,Male,qle@example.org,051075319,DEP012,Khoa học dữ liệu,2021-08-05,Dropped Out,2022-12-03
STU001202,Cô Chi Dương,1999-07-26,Male,john19@example.net,0281966394,DEP006,Ngoại ngữ,2021-01-02,Active,
STU001203,Bác Quang Dương,2006-07-01,Other,mduong@example.com,0348156783,DEP012,Khoa học dữ liệu,2023-06-29,Active,
STU001204,Chị Ngọc Hoàng,2003-09-09,Male,john21@example.org,0908951916,DEP006,Ngoại ngữ,2021-06-29,Active,
STU001205,Hồng Hoàng,1998-04-11,Other,john63@example.com,0058514445,DEP007,Kỹ thuật điện,2025-05-13,Active,
STU001206,Linh Hoàng,1999-12-15,Female,rdang@example.com,0811958991,DEP001,Công nghệ thông tin,2024-04-09,Graduated,
STU001207,Chị Thảo Trần,1998-11-22,Female,john46@example.org,0285621619,DEP008,Kỹ thuật xây dựng,2020-01-21,Active,
STU001208,Hạnh Trần,2005-04-01,Male,apham@example.net,0013608612,DEP008,Kỹ thuật xây dựng,2024-10-06,Active,
STU001209,Phương Thị Bùi,1999-02-07,Male,ynguyen@example.org,0196882742,DEP005,Luật,2025-02-25,Dropped Out,2027-04-11
STU001210,Nhật Bùi,2001-06-05,Male,jane82@example.net,039661220,DEP004,Kinh tế,2022-03-27,Suspended,
STU001211,Thành Quang Trần,2003-02-25,Other,hhoang@example.net,0164951212,DEP011,Truyền thông,2022-06-16,Active,
STU001212,Chị Vi Nguyễn,2003-02-04,Female,john34@example.org,026552778,DEP004,Kinh tế,2021-09-07,Active,
STU001213,Cô Yến Vũ,2004-01-26,Male,jane09@example.net,0522351148,DEP001,Công nghệ thông tin,2021-11-19,Suspended,
STU001214,Châu Bùi,2005-02-25,Male,zdang@example.org,085756089,DEP005,Luật,2020-07-17,Active,
STU001215,Thành Thế Đặng,1999-03-20,Male,wdang@example.com,054892837,DEP001,Công nghệ thông tin,2019-10-02,Active,
STU001216,Châu Mai Bảo Trần,1999-01-19,Other,john75@example.org,0520173800,DEP011,Truyền thông,2021-12-29,Active,
STU001217,Ngọc Bùi,2000-07-05,Other,jane75@example.net,014219925,DEP006,Ngoại ngữ,2023-12-10,Dropped Out,2025-11-20
STU001218,Hưng Nguyễn,2002-07-25,Other,qdang@example.org,015557153,DEP003,Quản trị kinh doanh,2020-04-25,Active,
STU001219,Hà Hải Dương,1998-04-04,Male,jane68@example.com,0023820141,DEP001,Công nghệ thông tin,2022-09-09,Active,
STU001220,Nhật Hải Bùi,1999-12-11,Other,bvu@example.com,040738435,DEP012,Khoa học dữ liệu,2021-01-05,Active,
STU001221,Tùng Thị Bùi,2003-09-02,Other,ppham@example.net,0902904446,DEP011,Truyền thông,2022-02-13,Graduated,
STU001222,Cô Lâm Đặng,2001-12-31,Other,oduong@example.net,0946026452,DEP012,Khoa học dữ liệu,2019-09-29,Active,
STU001223,Quý Ông Hưng Trần,1998-02-06,Female,qvu@example.org,093254924,DEP009,Công nghệ sinh học,2023-04-10,Active,
STU001224,Bà Hương Mai,1999-02-07,Male,jane11@example.com,038368900,DEP009,Công nghệ sinh học,2020-01-15,Graduated,
STU001225,Phương Đức Vũ,1999-08-06,Other,john54@example.net,005447281,DEP007,Kỹ thuật điện,2023-11-13,Dropped Out,2024-10-24
STU001226,Dũng Dương,2006-11-18,Male,bhoang@example.org,0151092037,DEP012,Khoa học dữ liệu,2024-01-08,Active,
STU001227,Quang Tấn Nguyễn,2004-03-16,Other,ydang@example.net,045677874,DEP005,Luật,2023-08-31,Graduated,
STU001228,Quang Trần,2001-12-17,Female,ahoang@example.org,080839975,DEP002,Tài chính - Kế toán,2022-02-23,Active,
STU001229,Quang Trần,1998-07-05,Other,john43@example.com,037029288,DEP006,Ngoại ngữ,2020-03-21,Dropped Out,2020-12-08
STU001230,Bảo Mai Dương,2005-07-02,Female,xdang@example.net,064144193,DEP007,Kỹ thuật điện,2020-09-04,Active,
STU001231,Hạnh Hoàng,2000-07-05,Female,oduong@example.com,034935235,DEP011,Truyền thông,2021-08-07,Dropped Out,2023-02-12
STU001232,Hoàng Thị Trần,1999-10-23,Other,tvu@example.com,0301830644,DEP012,Khoa học dữ liệu,2022-11-29,Graduated,
STU001233,Bảo Hoàng,2004-07-05,Female,gpham@example.org,0207900434,DEP012,Khoa học dữ liệu,2025-03-15,Active,
STU001234,Cô Chi Bùi,2005-06-03,Male,john80@example.net,0352648900,DEP007,Kỹ thuật điện,2024-06-20,Active,
STU001235,Nhật Nguyễn,1998-05-20,Female,jane00@example.org,091700788,DEP012,Khoa học dữ liệu,2023-06-16,Graduated,
STU001236,Quý Cô Nhật Dương,1999-11-07,Male,mhoang@example.com,0533472970,DEP008,Kỹ thuật xây dựng,2023-07-27,Graduated,
STU001237,Chị Hồng Lê,2003-03-14,Other,rle@example.net,0621960843,DEP007,Kỹ thuật điện,2024-11-08,Dropped Out,2026-02-12
STU001238,Anh Anh Đặng,2007-11-17,Other,dnguyen@example.com,052165328,DEP010,Du lịch - Khách sạn,2022-08-14,Graduated,
STU001239,An Hữu Hoàng,2000-07-10,Male,fvu@example.net,0388722692,DEP002,Tài chính - Kế toán,2024-02-14,Suspended,
STU001240,Cô Vân Nguyễn,2005-01-16,Female,etran@example.org,0273505593,DEP001,Công nghệ thông tin,2023-12-03,Active,
STU001241,Dương Trần,2007-03-16,Other,jane08@example.net,0191581968,DEP002,Tài chính - Kế toán,2022-11-18,Active,
STU001242,Cô Vân Hoàng,2000-04-12,Other,ule@example.com,0072178624,DEP008,Kỹ thuật xây dựng,2022-09-17,Dropped Out,2023-01-23
STU001243,Vũ Đức Trần,2005-05-31,Male,jane24@example.com,066494597,DEP001,Công nghệ thông tin,2024-04-09,Active,
STU001244,Quý Cô Duyên Trần,2001-06-06,Female,ybui@example.net,0552585509,DEP003,Quản trị kinh doanh,2020-09-17,Active,
STU001245,Chị Lan Vũ,2001-11-12,Male,tle@example.com,082669035,DEP009,Công nghệ sinh học,2025-09-15,Graduated,
STU001246,Bảo Hữu Nguyễn,2004-11-16,Female,john43@example.net,072588979,DEP010,Du lịch - Khách sạn,2025-08-17,Active,
STU001247,Kim Hữu Hoàng,2004-11-24,Other,john19@example.org,0662825604,DEP012,Khoa học dữ liệu,2023-12-16,Graduated,
STU001248,Hà Nguyễn,2007-12-24,Female,ypham@example.com,0302043510,DEP001,Công nghệ thông tin,2025-08-13,Dropped Out,2026-07-16
STU001249,Nam Phú Bùi,2005-08-04,Male,ydang@example.com,0150649738,DEP006,Ngoại ngữ,2024-04-22,Active,
STU001250,Hạnh Hoàng Vũ,2006-04-21,Other,john04@example.org,0987386995,DEP002,Tài chính - Kế toán,2025-05-14,Active,
STU001251,Nhật Bùi,2006-02-04,Other,bmai@example.net,082392269,DEP007,Kỹ thuật điện,2021-03-08,Graduated,
STU001252,Quý Cô Phương Dương,2004-01-19,Male,ztran@example.com,024337124,DEP004,Kinh tế,2023-02-05,Active,
STU001253,Chị Hà Dương,2001-12-17,Female,vnguyen@example.org,013757948,DEP002,Tài chính - Kế toán,2020-09-30,Dropped Out,2022-03-28
STU001254,Quý Ông Anh Mai,2007-03-01,Male,edang@example.com,0767282162,DEP004,Kinh tế,2020-09-30,Active,
STU001255,Hạnh Tấn Phạm,2002-04-17,Male,john74@example.net,0974022169,DEP010,Du lịch - Khách sạn,2021-07-29,Active,
STU001256,Bác Minh Vũ,2007-09-03,Male,ele@example.com,0301480485,DEP002,Tài chính - Kế toán,2021-02-17,Active,
STU001257,An Dương,1998-09-25,Female,vvu@example.com,0293961127,DEP001,Công nghệ thông tin,2022-09-09,Active,
STU001258,Minh Hải Trần,2000-05-25,Male,cbui@example.net,0251407770,DEP009,Công nghệ sinh học,2024-06-23,Active,
STU001259,Anh Trung Mai,2003-01-05,Male,dpham@example.org,000271842,DEP003,Quản trị kinh doanh,2025-08-27,Active,
STU001260,Hải Văn Hoàng,2005-09-24,Other,ftran@example.com,068006811,DEP009,Chưa phân ngành,2020-02-10,Dropped Out,2022-07-02
STU001261,Anh Hoàng Trần,2001-01-18,Female,john25@example.com,063406343,DEP004,Kinh tế,2021-09-03,Suspended,
STU001262,Anh Trọng Mai,2002-07-14,Male,john90@example.com,0570297564,DEP008,Kỹ thuật xây dựng,2021-09-11,Dropped Out,2023-02-08
STU001263,Hải Hữu Phạm,2003-10-01,Other,rle@example.com,0813854577,DEP011,Truyền thông,2025-07-27,Active,
STU001264,Hương Hoàng,2003-02-11,Female,john80@example.com,0554313950,DEP008,Kỹ thuật xây dựng,2022-07-29,Active,
STU001265,Bà Hải Mai,2004-02-05,Other,john70@example.com,039975001,DEP005,Luật,2024-01-26,Graduated,
STU001266,Nhật Hoàng Nguyễn,2002-12-28,Male,jane09@example.com,047916779,DEP006,Ngoại ngữ,2022-03-05,Graduated,
STU001267,Hoàng Vũ,2000-09-13,Female,john77@example.com,043543684,DEP011,Truyền thông,2024-02-28,Active,
STU001268,Minh Nguyễn,2002-08-24,Male,john38@example.net,095861035,DEP006,Ngoại ngữ,2020-10-05,Suspended,
STU001269,Vân Hoàng,2003-11-26,Male,jane09@example.org,0571515103,DEP012,Khoa học dữ liệu,2022-02-04,Graduated,
STU001270,Anh Khoa Bùi,2007-10-10,Other,john21@example.net,0010971145,DEP002,Tài chính - Kế toán,2025-07-17,Active,
STU001271,Kim Hoàng,2007-12-14,Other,gnguyen@example.com,048102381,DEP006,Ngoại ngữ,2019-11-14,Graduated,
STU001272,Anh Hoàng Phạm,2003-01-26,Male,kbui@example.net,094522135,DEP008,Kỹ thuật xây dựng,2022-01-23,Graduated,
STU001273,Chị Ánh Lê,2000-11-17,Female,ktran@example.com,078548495,DEP012,Khoa học dữ liệu,2020-04-17,Graduated,
STU001274,Phương Nguyễn,2000-02-01,Male,ohoang@example.com,024273068,DEP005,Luật,2024-06-26,Active,
STU001275,Ông Bảo Dương,2004-09-24,Female,tdang@example.org,0071471696,DEP001,Công nghệ thông tin,2020-11-18,Dropped Out,2021-03-03
STU001276,Bà Nhật Mai,2003-06-07,Male,jbui@example.net,018082042,DEP004,Kinh tế,2020-06-26,Dropped Out,2021-03-29
STU001277,Hạnh Hoàng,2006-03-15,Male,ehoang@example.net,055105562,DEP004,Kinh tế,2025-06-15,Graduated,
STU001278,Hưng Lê,2007-11-04,Other,jane61@example.org,0242633024,DEP007,Kỹ thuật điện,2023-10-05,Active,
STU001279,Xuân Hoàng,2005-04-30,Male,gbui@example.org,0307620491,DEP008,Kỹ thuật xây dựng,2022-07-26,Active,
STU001280,Hưng Đặng,1999-03-26,Other,ktran@example.net,0807323997,DEP001,Công nghệ thông tin,2024-10-13,Graduated,
STU001281,Bác Khoa Trần,2006-04-19,Female,jane00@example.com,076939273,DEP005,Luật,2022-03-20,Active,
STU001282,Hồng Dương,2006-05-26,Other,jane72@example.com,020995865,DEP003,Quản trị kinh doanh,2019-12-31,Active,
STU001283,Thảo Trần,2006-05-16,Female,john38@example.com,0347148433,DEP010,Du lịch - Khách sạn,2024-08-29,Active,
STU001284,Huy Đặng,2006-03-29,Other,onguyen@example.com,075319857,DEP010,Du lịch - Khách sạn,2024-03-22,Active,
STU001285,Châu Hoàng,2004-11-15,Female,epham@example.org,0703322456,DEP010,Du lịch - Khách sạn,2025-05-02,Active,
STU001286,Bà Yến Nguyễn,1999-01-13,Other,sdang@example.net,0219318629,DEP005,Luật,2021-06-16,Active,
STU001287,Lâm Bùi,1999-11-15,Female,john73@example.net,0695587705,DEP011,Truyền thông,2021-11-24,Active,
STU001288,Huy Phú Bùi,2001-06-14,Other,gnguyen@example.net,0286576162,DEP003,Quản trị kinh doanh,2022-05-24,Active,
STU001289,Bà Dương Mai,2003-07-14,Female,john31@example.org,004515903,DEP006,Ngoại ngữ,2022-06-07,Active,
STU001290,Cô Hồng Dương,1998-09-26,Male,john81@example.com,0036691231,DEP008,Chưa phân ngành,2020-10-31,Graduated,
STU001291,Nhật Vũ,1999-12-29,Other,ovu@example.com,0916703271,DEP009,Công nghệ sinh học,2020-01-17,Active,
STU001292,Cô Ngọc Dương,2005-05-19,Male,jane39@example.org,012171097,DEP006,Ngoại ngữ,2024-11-03,Active,
STU001293,Cô Hương Trần,2005-11-16,Female,jane23@example.net,0414229459,DEP006,Ngoại ngữ,2019-09-20,Suspended,
STU001294,Kim Hữu Dương,2006-09-04,Female,lhoang@example.org,072067153,DEP011,Truyền thông,2025-05-15,Active,
STU001295,Chị Hồng Lê,2000-09-02,Other,john58@example.org,078819565,DEP007,Kỹ thuật điện,2024-04-13,Graduated,
STU001296,Hạnh Lê,2002-10-26,Male,john02@example.net,0967661237,DEP009,Công nghệ sinh học,2023-12-24,Graduated,
STU001297,Bác Huy Mai,2003-10-27,Other,jane81@example.com,0881001399,DEP008,Kỹ thuật xây dựng,2020-10-12,Active,
STU001298,Chị Hạnh Vũ,2005-10-08,Female,jane89@example.net,0593684348,DEP005,Luật,2020-08-29,Graduated,
STU001299,Quang Mai Đặng,2000-10-02,Other,hdang@example.org,0203230691,DEP003,Quản trị kinh doanh,2020-10-04,Dropped Out,2021-03-05
STU001300,Tùng Hoàng Bùi,2004-02-27,Male,pmai@example.com,0284835769,DEP009,Công nghệ sinh học,2023-08-31,Dropped Out,2025-05-06
STU001301,Phúc Trí Đặng,2006-11-11,Other,kpham@example.org,0202689319,DEP001,Công nghệ thông tin,2023-06-04,Suspended,
STU001302,Bác Bảo Đặng,2000-05-09,Female,hmai@example.com,083385669,DEP006,Ngoại ngữ,2023-10-02,Active,
STU001303,Tùng Thế Lê,2003-08-01,Male,jane55@example.com,0961880273,DEP001,Công nghệ thông tin,2023-12-21,Active,
STU001304,Mai Bùi,2005-05-21,Other,hbui@example.com,007121570,DEP003,Quản trị kinh doanh,2025-07-08,Graduated,
STU001305,Chị Khoa Phạm,2004-05-25,Other,spham@example.net,0247134097,DEP002,Tài chính - Kế toán,2024-04-14,Active,
STU001306,Lâm Tấn Phạm,2005-08-14,Other,john91@example.net,0235579522,DEP006,Ngoại ngữ,2023-01-18,Active,
STU001307,Ánh Lê,2005-12-12,Female,john01@example.net,006865988,DEP011,Truyền thông,2024-05-25,Active,
STU001308,Cô An Mai,2005-06-30,Male,xhoang@example.net,0044614175,DEP012,Khoa học dữ liệu,2022-12-23,Active,
STU001309,Phương Trần,2002-10-01,Female,vdang@example.net,0228244678,DEP002,Tài chính - Kế toán,2023-02-11,Suspended,
STU001310,Trung Lê,2006-09-10,Female,mnguyen@example.org,078074669,DEP006,Ngoại ngữ,2022-10-24,Graduated,
STU001311,Hà Đức Vũ,1998-10-25,Other,uhoang@example.com,0402676013,DEP010,Du lịch - Khách sạn,2020-09-04,Dropped Out,2022-05-06
STU001312,Trung Mai Bảo Đặng,2006-04-27,Other,john25@example.org,0328161158,DEP008,Kỹ thuật xây dựng,2023-07-11,Active,
STU001313,Bà Linh Bùi,2002-02-13,Male,john83@example.net,0063520107,DEP004,Kinh tế,2021-06-06,Active,
STU001314,Phương Trí Lê,2006-08-02,Female,jhoang@example.org,067010242,DEP005,Luật,2021-03-08,Active,
STU001315,Cô Duyên Vũ,2000-10-20,Female,cmai@example.org,0017897893,DEP010,Du lịch - Khách sạn,2024-08-10,Active,
STU001316,Hải Tấn Nguyễn,2006-01-23,Male,dhoang@example.com,059041387,DEP010,Du lịch - Khách sạn,2022-08-14,Suspended,
STU001317,Ông Nam Mai,2000-05-01,Other,bvu@example.net,0147746628,DEP008,Kỹ thuật xây dựng,2023-08-22,Active,
STU001318,Vân Dương,2000-11-04,Other,knguyen@example.org,0285641684,DEP011,Truyền thông,2023-01-01,Active,
STU001319,Vũ Đức Mai,2007-03-25,Male,jane23@example.org,0325954856,DEP011,Truyền thông,2024-11-29,Dropped Out,2026-02-23
STU001320,Cô Hồng Trần,2000-10-11,Female,jane32@example.org,072706289,DEP005,Luật,2023-12-15,Active,
STU001321,Quang Vũ,2005-08-12,Female,jane03@example.net,083469815,DEP004,Kinh tế,2023-10-14,Graduated,
STU001322,Ngọc Lê,2001-05-29,Other,itran@example.com,0214291111,DEP006,Ngoại ngữ,2023-10-28,Graduated,
STU001323,Vi Trần,1999-02-23,Female,ptran@example.com,012993609,DEP004,Kinh tế,2023-03-26,Active,
STU001324,Chị Hồng Nguyễn,1999-08-04,Male,zduong@example.net,0461753930,DEP011,Truyền thông,2022-04-22,Active,
STU001325,Quý Cô Khoa Bùi,1998-08-05,Male,smai@example.net,0014381181,DEP006,Ngoại ngữ,2025-08-24,Active,
STU001326,Bác Tùng Nguyễn,2001-01-20,Female,jane43@example.net,0539303858,DEP006,Ngoại ngữ,2020-12-04,Dropped Out,2022-05-19
STU001327,Anh Châu Nguyễn,1998-06-13,Male,npham@example.org,034185927,DEP009,Công nghệ sinh học,2020-07-13,Suspended,
STU001328,Trọng Đặng,2001-04-12,Male,nle@example.net,0645145956,DEP012,Khoa học dữ liệu,2021-02-03,Active,
STU001329,Chị Dương Phạm,2002-08-14,Male,anguyen@example.com,041809653,DEP006,Ngoại ngữ,2020-02-24,Active,
STU001330,Phương Tấn Nguyễn,2004-04-30,Male,nmai@example.net,0807292378,DEP004,Kinh tế,2024-12-07,Active,
STU001331,Anh Huy Nguyễn,1999-10-06,Other,itran@example.org,0118191316,DEP008,Kỹ thuật xây dựng,2020-02-09,Dropped Out,2021-03-13
STU001332,Hưng Lê,2007-09-03,Female,john53@example.net,088739192,DEP012,Khoa học dữ liệu,2023-10-27,Graduated,
STU001333,Vân Hoàng,2002-07-09,Male,jane70@example.org,0615364410,DEP002,Tài chính - Kế toán,2024-02-03,Active,
STU001334,Anh Anh Trần,1999-09-26,Male,jane86@example.org,039730566,DEP011,Truyền thông,2024-06-12,Active,
STU001335,Kim Đặng,2002-04-27,Male,shoang@example.net,046882513,DEP007,Kỹ thuật điện,2023-10-17,Active,
STU001336,Anh Nhiên Dương,2000-07-05,Other,jane17@example.net,0076352863,DEP006,Ngoại ngữ,2019-12-21,Graduated,
STU001337,Vũ Trần,1999-12-24,Female,uduong@example.com,0449812698,DEP009,Công nghệ sinh học,2019-08-23,Active,
STU001338,Dương Bùi,2007-12-10,Female,jvu@example.com,016297589,DEP003,Quản trị kinh doanh,2021-06-08,Graduated,
STU001339,Cô Khoa Đặng,2002-09-04,Female,idang@example.net,0822025568,DEP003,Quản trị kinh doanh,2022-09-21,Active,
STU001340,Nhật Lê,1998-02-24,Female,omai@example.net,071684623,DEP005,Luật,2025-05-18,Active,
STU001341,Nhật Phạm,2002-06-29,Female,jane68@example.net,0933915716,DEP010,Du lịch - Khách sạn,2024-07-17,Active,
STU001342,Cô Hương Đặng,1998-07-23,Other,fnguyen@example.org,0033147761,DEP004,Kinh tế,2024-06-07,Active,
STU001343,Quý Cô Thành Dương,2007-04-10,Male,bhoang@example.com,068230489,DEP012,Chưa phân ngành,2023-11-24,Dropped Out,2025-12-02
STU001344,Bà Nhật Lê,1999-12-11,Other,hle@example.com,081396891,DEP006,Ngoại ngữ,2020-07-26,Active,
STU001345,Anh Trọng Lê,2003-10-25,Other,jane82@example.com,0246562543,DEP010,Du lịch - Khách sạn,2023-12-04,Suspended,
STU001346,Trọng Hoàng Lê,2002-12-12,Male,hle@example.org,0779819782,DEP011,Truyền thông,2020-04-06,Active,
STU001347,An Đặng,1998-09-21,Male,pvu@example.org,099582527,DEP007,Kỹ thuật điện,2025-04-13,Active,
STU001348,Hà Đặng,1998-12-03,Female,jane66@example.net,080134197,DEP009,Công nghệ sinh học,2021-10-21,Active,
STU001349,Nam Nguyễn,1998-08-20,Other,nvu@example.com,090296225,DEP009,Công nghệ sinh học,2021-06-27,Active,
STU001350,Cô Bảo Vũ,2004-04-03,Female,jane96@example.org,0543438195,DEP005,Luật,2022-11-23,Graduated,
STU001351,Quang Trần,2000-04-08,Male,upham@example.net,036100374,DEP004,Kinh tế,2019-11-12,Suspended,
STU001352,Lâm Phú Vũ,2002-01-06,Female,john93@example.org,018694676,DEP006,Ngoại ngữ,2019-11-14,Dropped Out,2021-01-11
STU001353,Nhiên Dương,2001-06-03,Other,adang@example.com,0494057708,DEP009,Chưa phân ngành,2022-10-11,Suspended,
STU001354,Tùng Bảo Vũ,1999-10-10,Female,npham@example.net,016731917,DEP007,Kỹ thuật điện,2021-06-13,Graduated,
STU001355,Hà Hải Phạm,2005-05-04,Other,jane47@example.org,024105587,DEP004,Kinh tế,2022-10-03,Graduated,
STU001356,Trung Dương,2003-01-27,Male,xhoang@example.org,046156394,DEP009,Công nghệ sinh học,2021-01-23,Active,
STU001357,Hải Bảo Trần,1999-11-27,Male,kmai@example.net,098662767,DEP011,Truyền thông,2023-01-02,Active,
STU001358,Chị Khoa Đặng,2001-01-08,Male,ibui@example.org,0418359236,DEP006,Ngoại ngữ,2023-04-20,Active,
STU001359,Duyên Hoàng,2003-09-12,Female,lduong@example.com,066345968,DEP003,Quản trị kinh doanh,2023-11-07,Active,
STU001360,Cô Hạnh Nguyễn,2005-06-23,Other,jhoang@example.net,0746394460,DEP003,Chưa phân ngành,2020-06-16,Active,
STU001361,Quý Cô Chi Dương,2005-09-07,Female,nbui@example.com,002050209,DEP005,Luật,2023-12-27,Graduated,
STU001362,Chị Kim Nguyễn,2006-06-26,Other,ubui@example.com,0026129572,DEP002,Tài chính - Kế toán,2022-01-09,Active,
STU001363,Hoàng Lê,2002-09-08,Other,abui@example.net,049334138,DEP011,Truyền thông,2025-01-12,Active,
STU001364,Khoa Bảo Phạm,1999-02-02,Other,jane76@example.org,0059343114,DEP011,Truyền thông,2025-01-19,Dropped Out,2025-07-06
STU001365,Nhật Nguyễn,2002-10-20,Male,ble@example.org,072264326,DEP008,Kỹ thuật xây dựng,2021-08-01,Suspended,
STU001366,Thảo Dương,2003-05-14,Female,btran@example.net,085297225,DEP006,Ngoại ngữ,2024-08-14,Active,
STU001367,Khoa Trí Trần,2007-06-03,Female,jane97@example.com,0092581495,DEP002,Tài chính - Kế toán,2019-08-20,Active,
STU001368,Phương Trần,2005-01-11,Female,john20@example.net,053027381,DEP002,Tài chính - Kế toán,2024-04-04,Active,
STU001369,Quang Phạm,2007-09-24,Female,jane58@example.com,0884804177,DEP004,Kinh tế,2024-11-09,Dropped Out,2025-12-24
STU001370,Nhật Lê,2004-05-10,Other,ktran@example.org,082524314,DEP005,Luật,2021-11-16,Dropped Out,2022-09-22
STU001371,Nhật Đặng,2002-12-01,Male,ldang@example.net,013434267,DEP006,Ngoại ngữ,2021-09-27,Active,
STU001372,Quang Quang Dương,2004-06-06,Female,john25@example.net,0296988194,DEP001,Công nghệ thông tin,2023-10-14,Graduated,
STU001373,Quang Thế Lê,2007-07-11,Other,jane04@example.net,0744383272,DEP007,Kỹ thuật điện,2020-08-15,Active,
STU001374,Cô Hương Hoàng,2007-08-02,Female,dnguyen@example.net,047338609,DEP002,Tài chính - Kế toán,2023-08-04,Graduated,
STU001375,Chị Hồng Lê,2003-02-08,Male,jane74@example.net,0406004090,DEP003,Quản trị kinh doanh,2025-08-30,Active,
STU001376,Vân Mai,2007-10-14,Female,eduong@example.com,0030619239,DEP002,Tài chính - Kế toán,2024-11-24,Active,
STU001377,Linh Bùi,2000-03-15,Other,dbui@example.net,0455648092,DEP003,Quản trị kinh doanh,2024-04-15,Dropped Out,2025-04-26
STU001378,Quý Cô Ánh Đặng,2001-11-08,Other,fnguyen@example.com,098308537,DEP004,Kinh tế,2024-07-02,Active,
STU001379,Dương Nguyễn,2000-09-13,Other,qdang@example.com,079940396,DEP003,Quản trị kinh doanh,2022-11-17,Graduated,
STU001380,Huy Xuân Nguyễn,2000-11-10,Other,jane19@example.com,032750951,DEP006,Ngoại ngữ,2019-08-25,Active,
STU001381,Nhật Vũ,2003-07-26,Male,ihoang@example.com,0524498514,DEP005,Luật,2022-10-29,Active,
STU001382,Nhật Văn Bùi,2000-09-24,Male,hdang@example.net,051151969,DEP011,Truyền thông,2024-01-04,Active,
STU001383,Bác Minh Vũ,2004-07-26,Other,jane25@example.org,040946244,DEP011,Truyền thông,2023-07-08,Dropped Out,2025-09-15
STU001384,Khoa Bùi,2000-10-20,Male,pnguyen@example.com,000843982,DEP012,Khoa học dữ liệu,2020-01-27,Active,
STU001385,An Đặng,2000-04-21,Male,kduong@example.net,0510656346,DEP011,Truyền thông,2025-07-02,Active,
STU001386,Trọng Hữu Mai,2001-05-08,Other,ymai@example.org,032477354,DEP004,Kinh tế,2020-12-27,Active,
STU001387,Nam Vũ,2005-06-05,Male,fle@example.org,0961589160,DEP004,Kinh tế,2023-08-05,Active,
STU001388,Bà Bảo Phạm,1998-01-21,Female,ile@example.com,0190238968,DEP012,Khoa học dữ liệu,2023-12-21,Dropped Out,2024-06-23
STU001389,Bà Ngọc Vũ,2004-07-09,Male,zpham@example.com,0714910363,DEP011,Truyền thông,2025-01-30,Graduated,
STU001390,Nhiên Quang Nguyễn,2003-11-23,Female,smai@example.com,0511831218,DEP006,Ngoại ngữ,2022-06-18,Active,
STU001391,Phương Tấn Vũ,2004-07-09,Female,jane93@example.net,0073832329,DEP005,Luật,2024-09-09,Active,
STU001392,Lâm Quang Vũ,2007-04-30,Female,fnguyen@example.net,0643506528,DEP010,Du lịch - Khách sạn,2022-09-26,Dropped Out,2024-10-20
STU001393,Kim Thế Phạm,2006-08-08,Other,htran@example.org,006684938,DEP007,Kỹ thuật điện,2023-03-11,Active,
STU001394,Chị Hồng Mai,2005-04-25,Male,jane29@example.org,0807285667,DEP009,Công nghệ sinh học,2020-12-23,Active,
STU001395,Hương Nguyễn,2004-10-12,Male,jvu@example.org,061912958,DEP004,Kinh tế,2023-01-20,Active,
STU001396,Quang Phạm,2004-07-20,Male,john77@example.net,0250910618,DEP003,Quản trị kinh doanh,2022-10-17,Active,
STU001397,Hà Lê,2006-11-30,Other,john32@example.net,0859568682,DEP007,Kỹ thuật điện,2020-05-19,Active,
STU001398,Bà Ngọc Phạm,2005-10-19,Male,epham@example.com,027855605,DEP005,Luật,2021-12-22,Active,
STU001399,Bác Châu Phạm,1998-10-21,Male,xmai@example.net,091913448,DEP004,Kinh tế,2025-07-17,Active,
STU001400,Anh Thế Vũ,2006-10-30,Male,vpham@example.net,0093620767,DEP005,Luật,2025-03-10,Active,
STU001401,Nhật Tấn Đặng,2005-02-27,Female,jane01@example.org,0265494491,DEP002,Tài chính - Kế toán,2022-04-21,Graduated,
STU001402,Chị Hà Hoàng,2007-04-08,Male,khoang@example.net,056265812,DEP008,Kỹ thuật xây dựng,2022-03-05,Active,
STU001403,Quý Ông Phúc Dương,2002-06-27,Female,john65@example.org,022712654,DEP012,Khoa học dữ liệu,2020-02-22,Graduated,
STU001404,Anh Quang Đặng,2007-01-16,Male,xtran@example.net,068554126,DEP006,Ngoại ngữ,2025-07-24,Graduated,
STU001405,Quang Hoàng,2003-10-25,Other,lbui@example.org,0174266454,DEP006,Ngoại ngữ,2022-12-18,Active,
STU001406,Bà Hải Dương,2007-03-06,Male,inguyen@example.org,0370203823,DEP001,Công nghệ thông tin,2022-11-23,Active,
STU001407,Chị Hải Dương,2000-07-26,Female,kpham@example.com,023953891,DEP010,Du lịch - Khách sạn,2025-03-21,Active,
STU001408,Châu Nguyễn,2004-01-24,Female,yle@example.com,0408512444,DEP008,Kỹ thuật xây dựng,2021-02-05,Active,
STU001409,Bảo Dương,1998-06-07,Female,stran@example.net,0451690932,DEP006,Ngoại ngữ,2021-04-20,Active,
STU001410,Bảo Quang Hoàng,1999-05-01,Female,jane10@example.net,0098044015,DEP005,Luật,2020-07-21,Active,
STU001411,Bà Duyên Dương,2003-11-28,Male,ptran@example.net,076978695,DEP004,Kinh tế,2022-12-31,Active,
STU001412,Trọng Xuân Trần,2005-05-14,Female,john10@example.com,0034826910,DEP010,Du lịch - Khách sạn,2022-08-10,Active,
STU001413,Kim Hoàng Dương,2001-04-11,Male,xbui@example.org,005567446,DEP012,Khoa học dữ liệu,2025-05-16,Active,
STU001414,Bà Ánh Mai,2000-01-20,Female,jane95@example.net,001196815,DEP003,Quản trị kinh doanh,2023-10-25,Graduated,
STU001415,Nhật Đức Hoàng,2007-03-11,Other,cmai@example.net,0856870343,DEP012,Khoa học dữ liệu,2024-11-29,Active,
STU001416,An Hoàng,2004-01-31,Female,john31@example.net,052142879,DEP004,Kinh tế,2022-12-02,Active,
STU001417,Nhật Mai Phạm,2006-06-26,Other,svu@example.com,052412721,DEP008,Kỹ thuật xây dựng,2023-02-04,Active,
STU001418,Hồng Mai,2005-08-04,Female,ebui@example.com,025426860,DEP007,Kỹ thuật điện,2022-08-11,Active,
STU001419,Khoa Lê,2000-04-09,Male,xle@example.net,096060003,DEP004,Kinh tế,2024-04-10,Suspended,
STU001420,Chị Bảo Phạm,2004-03-16,Other,lduong@example.org,0403914841,DEP012,Khoa học dữ liệu,2023-09-05,Active,
STU001421,Cô Yến Hoàng,1999-07-26,Other,xdang@example.com,0400889313,DEP002,Tài chính - Kế toán,2024-06-01,Active,
STU001422,Bà Hải Hoàng,2004-03-26,Male,xle@example.org,0875288786,DEP009,Công nghệ sinh học,2021-11-13,Active,
STU001423,An Tấn Mai,1998-09-11,Female,john23@example.org,0931651981,DEP011,Truyền thông,2022-01-03,Active,
STU001424,Hoàng Bảo Đặng,1998-05-04,Female,gvu@example.com,0132408073,DEP002,Chưa phân ngành,2023-03-11,Active,
STU001425,Ông Anh Mai,1998-05-19,Other,iduong@example.org,022660019,DEP012,Chưa phân ngành,2020-02-10,Suspended,
STU001426,Hạnh Lê,1998-07-17,Female,john57@example.com,0552527317,DEP012,Khoa học dữ liệu,2019-09-04,Active,
STU001427,Bà Hương Lê,2006-11-06,Female,jnguyen@example.com,0890256289,DEP007,Kỹ thuật điện,2024-03-22,Dropped Out,2025-12-23
STU001428,Hoàng Bảo Vũ,2005-04-02,Other,pduong@example.net,0106030674,DEP004,Kinh tế,2023-04-17,Active,
STU001429,Lâm Thế Nguyễn,2000-11-30,Other,vmai@example.org,026207276,DEP002,Tài chính - Kế toán,2022-10-14,Active,
STU001430,Vũ Mai,2001-12-25,Other,jane04@example.com,0512786411,DEP010,Du lịch - Khách sạn,2023-09-15,Active,
STU001431,Cô Vân Phạm,2000-08-02,Female,john52@example.org,0743013844,DEP006,Ngoại ngữ,2024-11-29,Active,
STU001432,Chị Linh Vũ,2005-05-06,Male,john73@example.com,0357162897,DEP003,Quản trị kinh doanh,2022-08-10,Active,
STU001433,Minh Thị Bùi,2003-04-14,Male,lpham@example.org,0631900546,DEP006,Ngoại ngữ,2021-09-20,Active,
STU001434,Cô Hương Mai,2004-06-04,Male,jane78@example.org,086037792,DEP005,Luật,2022-06-06,Active,
STU001435,Bảo Trí Phạm,2000-01-20,Female,mle@example.org,097371664,DEP010,Du lịch - Khách sạn,2023-08-22,Active,
STU001436,Nhật Hoàng,2003-12-30,Other,mmai@example.com,0878968568,DEP012,Khoa học dữ liệu,2022-09-03,Active,
STU001437,Chị Hà Phạm,2007-03-17,Female,jane14@example.net,0010169167,DEP001,Công nghệ thông tin,2019-10-31,Active,
STU001438,Phúc Hoàng,2001-09-18,Male,idang@example.com,0361744572,DEP002,Tài chính - Kế toán,2022-03-15,Active,
STU001439,Bà Thành Đặng,2001-01-11,Female,john93@example.com,0651762351,DEP002,Tài chính - Kế toán,2022-02-03,Graduated,
STU001440,Bác Nam Nguyễn,2001-12-04,Other,jane44@example.org,0151770124,DEP005,Luật,2021-11-29,Graduated,
STU001441,An Phú Dương,2001-10-15,Other,ebui@example.org,021959172,DEP009,Công nghệ sinh học,2021-09-23,Active,
STU001442,Ông Thành Lê,1999-08-17,Female,jmai@example.com,037629201,DEP001,Công nghệ thông tin,2023-06-12,Active,
STU001443,Cô Hải Bùi,2004-11-01,Male,udang@example.org,064080574,DEP004,Kinh tế,2025-09-02,Dropped Out,2027-08-18
STU001444,An Trí Bùi,2005-09-19,Other,kmai@example.com,085636623,DEP009,Công nghệ sinh học,2020-06-26,Graduated,
STU001445,An Phú Phạm,2000-07-09,Male,amai@example.net,0024946579,DEP001,Công nghệ thông tin,2022-09-10,Active,
STU001446,Quý Ông Thành Đặng,2002-02-24,Male,gle@example.net,041812941,DEP009,Công nghệ sinh học,2020-08-04,Graduated,
STU001447,Bảo Hoàng,2003-04-07,Female,mle@example.net,070990659,DEP003,Quản trị kinh doanh,2022-01-10,Active,
STU001448,Lan Lê,2007-04-23,Female,gduong@example.com,090289204,DEP004,Kinh tế,2020-03-12,Suspended,
STU001449,Ông Nhiên Lê,2003-12-25,Other,jane64@example.com,0360655011,DEP008,Kỹ thuật xây dựng,2025-09-13,Active,
STU001450,Trọng Thị Mai,2006-04-11,Other,epham@example.net,043170772,DEP003,Quản trị kinh doanh,2025-02-13,Active,
STU001451,Quý Ông Anh Vũ,2000-03-10,Other,tbui@example.com,0596579501,DEP002,Tài chính - Kế toán,2019-09-06,Dropped Out,2022-01-18
STU001452,Hồng Lê,2003-04-08,Male,tpham@example.com,0468379143,DEP007,Kỹ thuật điện,2021-06-16,Active,
STU001453,Bà Mai Vũ,2007-12-09,Other,vduong@example.com,0457989098,DEP010,Du lịch - Khách sạn,2023-03-09,Graduated,
STU001454,Tùng Bảo Phạm,2004-03-25,Other,tmai@example.com,006245008,DEP003,Quản trị kinh doanh,2023-05-14,Active,
STU001455,Bác Quang Dương,2006-03-25,Female,zpham@example.org,002975679,DEP001,Công nghệ thông tin,2021-11-16,Graduated,
STU001456,Quý Cô Hồng Trần,2003-04-19,Female,ehoang@example.com,090830053,DEP010,Du lịch - Khách sạn,2020-04-15,Active,
STU001457,Nhiên Thị Mai,2003-10-18,Male,ppham@example.com,0091586908,DEP001,Công nghệ thông tin,2022-11-08,Graduated,
STU001458,Xuân Dương,2001-11-10,Male,ymai@example.net,0429322951,DEP005,Luật,2020-06-28,Graduated,
STU001459,Bảo Mai,2004-04-17,Female,pvu@example.com,0600543147,DEP012,Khoa học dữ liệu,2022-04-24,Graduated,
STU001460,Chị Hương Nguyễn,1999-01-21,Other,cduong@example.org,0519202406,DEP008,Kỹ thuật xây dựng,2020-02-29,Active,
STU001461,Duyên Đặng,2001-11-02,Male,unguyen@example.com,0214626505,DEP004,Kinh tế,2024-10-26,Active,
STU001462,Bảo Thế Hoàng,2005-08-28,Male,ypham@example.org,0249304993,DEP008,Kỹ thuật xây dựng,2025-09-11,Suspended,
STU001463,Cô Khoa Hoàng,2007-09-09,Female,dpham@example.com,0160264781,DEP008,Kỹ thuật xây dựng,2020-11-14,Graduated,
STU001464,Tú Đức Phạm,2001-06-30,Other,jpham@example.org,0645316524,DEP007,Kỹ thuật điện,2025-08-13,Active,
STU001465,Bảo Trần,1999-01-16,Other,lnguyen@example.com,0833896178,DEP012,Khoa học dữ liệu,2021-11-20,Active,
STU001466,Tùng Quang Hoàng,2007-07-20,Other,john16@example.net,006436223,DEP002,Tài chính - Kế toán,2023-01-28,Graduated,
STU001467,Cô Hồng Dương,2003-04-03,Male,eduong@example.org,0563894049,DEP009,Công nghệ sinh học,2021-07-27,Active,
STU001468,Quý Cô Yến Lê,2004-08-01,Male,phoang@example.org,077285889,DEP003,Quản trị kinh doanh,2024-03-16,Suspended,
STU001469,An Vũ,2004-12-28,Male,jane63@example.net,0472119700,DEP001,Công nghệ thông tin,2024-11-23,Active,
STU001470,Quý Cô Thảo Lê,2001-05-08,Female,utran@example.net,0278148661,DEP012,Khoa học dữ liệu,2024-06-25,Suspended,
STU001471,Quý Cô Bảo Lê,2006-12-29,Other,ztran@example.net,091418448,DEP002,Tài chính - Kế toán,2022-07-18,Active,
STU001472,Phúc Mai,2007-12-22,Other,wmai@example.net,0753159782,DEP004,Chưa phân ngành,2023-03-29,Active,
STU001473,Quý Ông Minh Dương,2005-04-23,Male,jane01@example.com,001965103,DEP003,Quản trị kinh doanh,2025-06-30,Graduated,
STU001474,Kim Thế Đặng,2002-07-14,Male,bpham@example.com,003824122,DEP001,Công nghệ thông tin,2020-04-21,Dropped Out,2021-03-20
STU001475,Lâm Hoàng,2004-08-28,Male,ytran@example.net,035819715,DEP007,Kỹ thuật điện,2021-10-07,Active,
STU001476,Vũ Nguyễn,2003-07-11,Male,jane97@example.net,059273827,DEP005,Luật,2024-06-14,Active,
STU001477,Bà Phương Vũ,1998-01-03,Other,bdang@example.net,0573140596,DEP007,Kỹ thuật điện,2025-08-27,Active,
STU001478,Chị An Hoàng,2007-01-19,Other,dtran@example.net,0103246496,DEP009,Công nghệ sinh học,2023-01-22,Graduated,
STU001479,Nhật Bùi,2001-03-17,Other,adang@example.net,0496987043,DEP004,Kinh tế,2022-11-20,Active,
STU001480,Chị Hồng Hoàng,2000-06-08,Other,zvu@example.org,0966594051,DEP010,Du lịch - Khách sạn,2022-01-13,Graduated,
STU001481,Hồng Phạm,2002-07-31,Female,htran@example.com,0478836779,DEP005,Luật,2022-04-06,Active,
STU001482,An Thế Bùi,2006-12-19,Other,gmai@example.net,0109841844,DEP007,Kỹ thuật điện,2021-10-14,Dropped Out,2022-02-27
STU001483,Anh Vũ Dương,2006-10-03,Female,fduong@example.net,084343153,DEP005,Luật,2022-03-03,Graduated,
STU001484,Bà Hương Hoàng,2007-09-28,Other,jane73@example.org,0696133448,DEP003,Quản trị kinh doanh,2024-06-23,Dropped Out,2025-09-08
STU001485,Phúc Mai Bảo Nguyễn,2007-05-01,Male,tduong@example.com,0961320487,DEP009,Công nghệ sinh học,2020-06-04,Dropped Out,2022-08-02
STU001486,Quý Ông Anh Mai,1999-05-20,Female,ydang@example.org,0450483355,DEP005,Luật,2021-06-27,Graduated,
STU001487,Nhật Hoàng Vũ,2000-08-31,Female,dtran@example.com,0337787451,DEP002,Tài chính - Kế toán,2022-01-26,Active,
STU001488,Bảo Phạm,2004-03-08,Female,qhoang@example.net,0956806122,DEP009,Công nghệ sinh học,2019-09-19,Suspended,
STU001489,Lâm Đặng,1999-11-20,Male,qdang@example.net,0761879187,DEP007,Kỹ thuật điện,2020-01-26,Suspended,
STU001490,Nhật Lê,2003-03-10,Other,rtran@example.org,0367081248,DEP007,Kỹ thuật điện,2021-05-13,Active,
