Expense_ID,Department_ID,Expense_Date,Expense_Category,Vendor_Name,Description,Amount,Approval_Status,Payment_Method
EXP0000001,DEP016,2023-05-09,Research,Dương Và Trần Công Ty Trách Nhiệm Hữu Hạn,Trong mỗi tự để nhưng như một giống có.,63302000,Rejected,Bank Transfer
EXP0000002,DEP011,2022-11-29,Research,Mai Trần Doanh Nghiệp Tư Nhân,Hơn như từ lớn sẽ lớn số.,337311000,Rejected,Bank Transfer
EXP0000003,DEP007,2022-10-08,Research,Hoàng Và Nguyễn Công Ty Tnhh,Một giống dưới tại.,127244000,Pending,Corporate Card
EXP0000004,DEP020,2022-05-17,Office Supplies,Đặng Công Ty Tnhh,Chưa của có tại điều với thay.,4218000,Rejected,Cash
EXP0000005,DEP015,2025-08-05,Office Supplies,Nguyễn Và Đối Tác Tập Đoàn,Cách cũng đi trong cũng.,19061000,Approved,Cash
EXP0000006,DEP019,2026-02-05,Utilities,Lê Và Lê Doanh Nghiệp Tư Nhân,Một trong như sẽ đúng hoặc mà một.,21982000,Pending,Corporate Card
EXP0000007,DEP016,2025-03-14,Scholarship,Bùi Doanh Nghiệp Tư Nhân,Như từ gần nhưng thì khi vài.,223175000,Rejected,Cash
EXP0000008,DEP017,2023-02-01,Maintenance,Dương Công Ty Tnhh,Với như đi của.,136295000,Rejected,Bank Transfer
EXP0000009,DEP004,2025-05-30,Research,Đặng Và Đối Tác Doanh Nghiệp Tư Nhân,Cái cũng tự thay đi tại.,226397000,Approved,Corporate Card
EXP0000010,DEP014,2025-05-20,Office Supplies,Bùi Nguyễn Công Ty Tnhh,Đúng cho và nơi như này.,13627000,Rejected,Cash
EXP0000011,DEP012,2025-06-19,Marketing,Bùi Tập Đoàn,Đến cái gần với bạn.,40820000,Rejected,Bank Transfer
EXP0000012,DEP004,2024-04-11,Salary,Nguyễn Phạm Công Ty Cổ Phần,Thì từng hoặc đang lớn điều số lớn.,346529000,Rejected,Cash
EXP0000013,DEP010,2025-04-04,Equipment,Hoàng Và Nguyễn Công Ty Tnhh Mtv,Chỉ để điều được đi nào.,65793000,Pending,Cash
EXP0000014,DEP010,2024-01-17,Utilities,Bùi Công Ty Cổ Phần,Một điều khi nhưng các nào cái như.,86262000,Rejected,Corporate Card
EXP0000015,DEP018,2023-06-23,Utilities,Dương Và Bùi Công Ty Hợp Danh,Nào điều có đó tại.,24616000,Approved,Cash
EXP0000016,DEP017,2026-07-13,Research,Phạm Và Hoàng Công Ty Tnhh,Khi bên đó đúng hơn tại với.,169831000,Rejected,Cash
EXP0000017,DEP014,2026-03-15,Office Supplies,Nguyễn Công Ty Tnhh Mtv,Đó cũng hoặc tại tôi như trong.,26777000,Rejected,Cash
EXP0000018,DEP016,2023-08-06,Research,Mai Hoàng Công Ty Tnhh,Cách nơi từ cách của tại.,371103000,Rejected,Cash
EXP0000019,DEP010,2024-08-11,Research,Nguyễn Vũ Doanh Nghiệp Tư Nhân,Đang nào này hơn cho thì từ với như.,193465000,Pending,Cash
EXP0000020,DEP013,2025-01-07,Scholarship,Phạm Và Đối Tác Doanh Nghiệp Tư Nhân,Cũng khi các tại của thế như mà.,62464000,Approved,Corporate Card
EXP0000021,DEP020,2026-02-19,Maintenance,Hoàng Và Đối Tác Doanh Nghiệp Tư Nhân,Các này để vài.,70913000,Approved,Corporate Card
EXP0000022,DEP008,2024-01-02,Utilities,Phạm Và Mai Công Ty Trách Nhiệm Hữu Hạn,Số thế này tại người.,69997000,Pending,Corporate Card
EXP0000023,DEP016,2023-10-07,Equipment,Trần Mai Công Ty Trách Nhiệm Hữu Hạn,Với có như của tại đang chưa cho.,184821000,Rejected,Cash
EXP0000024,DEP007,2022-05-22,Marketing,Dương Và Nguyễn Tập Đoàn,Theo với hơn cũng tại hoặc.,5190000,Approved,Bank Transfer
EXP0000025,DEP009,2026-07-01,Utilities,Bùi Dương Tập Đoàn,Làm và có bên cũng tôi dưới.,53353000,Pending,Corporate Card
EXP0000026,DEP002,2024-04-22,Equipment,Phạm Và Phạm Công Ty Cổ Phần,Một tôi đó dưới nào bạn khiến sẽ bạn.,168088000,Pending,Cash
EXP0000027,DEP009,2022-02-04,Salary,Đặng Và Vũ Công Ty Hợp Danh,Tại nếu vì làm hơn hoặc.,553797000,Approved,Bank Transfer
EXP0000028,DEP014,2025-11-17,Marketing,Phạm Vũ Doanh Nghiệp Tư Nhân,Của thay vậy hơn hơn nếu thì bên mỗi.,187074000,Pending,Bank Transfer
EXP0000029,DEP012,2024-01-23,Salary,Trần Tập Đoàn,Và nếu một mà mà để tự có.,530454000,Pending,Cash
EXP0000030,DEP013,2025-06-10,Research,Hoàng Và Dương Công Ty Tnhh Mtv,Đó là làm vẫn dưới đến vì rất nào.,129639000,Rejected,Bank Transfer
EXP0000031,DEP012,2023-03-18,Marketing,Vũ Và Vũ Công Ty Hợp Danh,Vì từ như đi.,95409000,Rejected,Corporate Card
EXP0000032,DEP016,2026-06-22,Office Supplies,Mai Và Đối Tác Doanh Nghiệp Tư Nhân,Sau sẽ đúng nếu để gần.,25709000,Rejected,Corporate Card
EXP0000033,DEP005,2025-04-24,Marketing,Vũ Và Bùi Công Ty Hợp Danh,Trong bạn khi sẽ của nào và.,56952000,Approved,Bank Transfer
EXP0000034,DEP008,2026-02-17,Salary,Hoàng Nguyễn Công Ty Tnhh Mtv,Giống từ để hơn sau từng tại.,903630000,Pending,Bank Transfer
EXP0000035,DEP010,2026-07-18,Office Supplies,Dương Và Đối Tác Công Ty Hợp Danh,Vẫn điều tôi gần bên tôi.,16363000,Pending,Cash
EXP0000036,DEP002,2025-06-15,Office Supplies,Hoàng Dương Công Ty Cổ Phần,Để thì với nhiều nếu như theo.,6590000,Pending,Cash
EXP0000037,DEP018,2022-03-20,Equipment,Mai Vũ Công Ty Cổ Phần,Của đó có để hơn dưới nơi có được.,392922000,Approved,Cash
EXP0000038,DEP007,2024-07-28,Marketing,Mai Và Nguyễn Công Ty Tnhh,Làm nếu tự chưa như để tại về.,140444000,Rejected,Corporate Card
EXP0000039,DEP020,2026-02-06,Scholarship,Vũ Bùi Tập Đoàn,Đi bên tại của này hơn làm.,244497000,Pending,Corporate Card
EXP0000040,DEP012,2022-08-06,Equipment,Vũ Và Lê Công Ty Tnhh,Nếu là nếu vậy cũng với.,38441000,Rejected,Corporate Card
EXP0000041,DEP019,2022-03-27,Maintenance,Bùi Hoàng Công Ty Tnhh,Để sau giống nơi hoặc cái gần hơn giữa.,87852000,Approved,Bank Transfer
EXP0000042,DEP008,2026-01-31,Research,Dương Nguyễn Công Ty Trách Nhiệm Hữu Hạn,Cũng của thay như rất mỗi không như từng.,255210000,Pending,Corporate Card
EXP0000043,DEP005,2024-10-24,Utilities,Mai Nguyễn Tập Đoàn,Để như bên như tại thì.,19420000,Approved,Cash
EXP0000044,DEP001,2025-03-11,Equipment,Đặng Và Vũ Tập Đoàn,Của trong nhưng sẽ đến.,216090000,Rejected,Bank Transfer
EXP0000045,DEP005,2022-09-22,Research,Nguyễn Dương Tập Đoàn,Khi sau không cũng hơn.,80329000,Approved,Corporate Card
EXP0000046,DEP006,2024-05-11,Salary,Phạm Hoàng Công Ty Trách Nhiệm Hữu Hạn,Là vẫn cái đang là tại hoặc.,449353000,Rejected,Corporate Card
EXP0000047,DEP019,2025-10-15,Research,Bùi Đặng Tập Đoàn,Như về không với là.,21215000,Pending,Bank Transfer
EXP0000048,DEP005,2023-05-30,Research,Lê Và Đối Tác Công Ty Trách Nhiệm Hữu Hạn,Theo và để thay có đang.,474569000,Pending,Corporate Card
EXP0000049,DEP004,2026-05-03,Research,Mai Bùi Công Ty Tnhh Mtv,Giống cách cái nơi chưa đó với để.,424007000,Approved,Cash
EXP0000050,DEP019,2022-04-16,Salary,Phạm Và Đối Tác Doanh Nghiệp Tư Nhân,Lớn này làm gần về của không số từ.,784750000,Rejected,Corporate Card
EXP0000051,DEP011,2023-07-04,Utilities,Lê Lê Công Ty Tnhh,Đã sau của vài này một cũng này mà.,81454000,Pending,Bank Transfer
EXP0000052,DEP012,2024-11-18,Utilities,Dương Mai Công Ty Hợp Danh,Như vậy khiến theo có tại dưới cách.,65681000,Pending,Corporate Card
EXP0000053,DEP008,2024-01-08,Office Supplies,Nguyễn Công Ty Hợp Danh,Chỉ với đang nào một như nhưng gần giữa.,21373000,Rejected,Corporate Card
EXP0000054,DEP011,2026-03-17,Maintenance,Vũ Và Đối Tác Công Ty Trách Nhiệm Hữu Hạn,Bạn vì cho để như nhưng.,79809000,Rejected,Corporate Card
EXP0000055,DEP015,2024-11-26,Equipment,Đặng Và Vũ Tập Đoàn,Thế tại đến giữa có thế đi tại của.,298720000,Pending,Corporate Card
EXP0000056,DEP018,2022-04-25,Salary,Bùi Công Ty Tnhh,Dưới một sau chỉ từng cái thế.,734958000,Approved,Cash
EXP0000057,DEP005,2026-03-11,Equipment,Dương Và Đặng Công Ty Tnhh Mtv,Hơn tại người này với.,160279000,Pending,Bank Transfer
EXP0000058,DEP011,2025-06-19,Equipment,Bùi Và Hoàng Công Ty Hợp Danh,Chưa vậy nhưng dưới.,212560000,Rejected,Bank Transfer
EXP0000059,DEP010,2022-12-11,Utilities,Phạm Công Ty Cổ Phần,Hoặc hơn đó vậy mà.,22884000,Rejected,Corporate Card
EXP0000060,DEP011,2023-12-30,Equipment,Đặng Và Bùi Công Ty Trách Nhiệm Hữu Hạn,Vẫn giữa sẽ từ nhưng vì.,199457000,Pending,Bank Transfer
EXP0000061,DEP016,2025-06-01,Office Supplies,Đặng Công Ty Trách Nhiệm Hữu Hạn,Giống bạn nào cách bên vậy của tôi.,16420000,Pending,Bank Transfer
EXP0000062,DEP013,2024-12-09,Scholarship,Mai Và Đối Tác Tập Đoàn,Nhiều cách tại vài trong như đã dưới.,142106000,Rejected,Cash
EXP0000063,DEP004,2025-02-23,Utilities,Phạm Công Ty Hợp Danh,Vậy với đã đến như mỗi bên.,45644000,Pending,Bank Transfer
EXP0000064,DEP005,2024-02-29,Equipment,Dương Và Phạm Công Ty Tnhh Mtv,Các điều trong thế.,249836000,Pending,Bank Transfer
EXP0000065,DEP012,2022-07-07,Utilities,Bùi Và Đối Tác Công Ty Trách Nhiệm Hữu Hạn,Thế giống như mà tự chỉ.,22049000,Pending,Bank Transfer
EXP0000066,DEP003,2025-01-23,Scholarship,Lê Và Dương Doanh Nghiệp Tư Nhân,Nhưng để vì được các tự theo.,256426000,Pending,Corporate Card
EXP0000067,DEP002,2025-03-11,Scholarship,Nguyễn Công Ty Cổ Phần,Trong cũng với vì thay đang như đó để.,242322000,Approved,Corporate Card
EXP0000068,DEP001,2023-07-05,Utilities,Hoàng Và Đối Tác Doanh Nghiệp Tư Nhân,Trong của của nơi giống số.,80377000,Pending,Cash
EXP0000069,DEP019,2023-12-31,Research,Mai Và Nguyễn Công Ty Tnhh,Hơn đến sau có trong mỗi không.,405483000,Pending,Corporate Card
EXP0000070,DEP001,2022-08-03,Marketing,Dương Và Vũ Công Ty Hợp Danh,Đã thì từ tại nào thì gần.,19490000,Rejected,Corporate Card
EXP0000071,DEP017,2022-05-16,Scholarship,Phạm Vũ Tập Đoàn,Vẫn cái lớn mỗi được vài nhưng.,104835000,Pending,Cash
EXP0000072,DEP019,2022-07-30,Research,Nguyễn Mai Công Ty Trách Nhiệm Hữu Hạn,Hơn cho để nếu đã vẫn chỉ bên.,380511000,Approved,Bank Transfer
EXP0000073,DEP017,2022-11-14,Utilities,Vũ Công Ty Tnhh,Và đúng tự khiến để có dưới theo.,93854000,Approved,Corporate Card
EXP0000074,DEP003,2024-03-06,Research,Lê Và Đối Tác Công Ty Hợp Danh,Đã vẫn khiến đi.,421464000,Rejected,Bank Transfer
EXP0000075,DEP007,2025-07-27,Marketing,Nguyễn Công Ty Trách Nhiệm Hữu Hạn,Như đi nếu nào cho nơi tại dưới.,167474000,Pending,Corporate Card
EXP0000076,DEP006,2024-02-03,Maintenance,Hoàng Đặng Công Ty Trách Nhiệm Hữu Hạn,Đi trong được từ bên như nơi.,61963000,Rejected,Corporate Card
EXP0000077,DEP009,2024-03-03,Salary,Phạm Và Trần Công Ty Hợp Danh,Nhiều đang tại trong từng người về này.,331260000,Pending,Cash
EXP0000078,DEP013,2025-09-27,Research,Nguyễn Phạm Công Ty Cổ Phần,Thì nào để đã từ.,102282000,Pending,Bank Transfer
EXP0000079,DEP019,2023-04-30,Scholarship,Dương Công Ty Trách Nhiệm Hữu Hạn,Không nào mỗi này bên.,294274000,Pending,Bank Transfer
EXP0000080,DEP005,2026-06-10,Maintenance,Vũ Doanh Nghiệp Tư Nhân,Là như đến từ với như với hơn người.,27220000,Rejected,Cash
EXP0000081,DEP011,2022-11-22,Office Supplies,Dương Mai Công Ty Cổ Phần,Gần như làm chỉ đi từ lớn của.,17493000,Approved,Corporate Card
EXP0000082,DEP020,2025-06-28,Utilities,Mai Và Trần Công Ty Trách Nhiệm Hữu Hạn,Hoặc đang và dưới.,25452000,Approved,Bank Transfer
EXP0000083,DEP013,2025-03-13,Research,Vũ Và Mai Công Ty Tnhh Mtv,Thì cũng để nhiều.,369666000,Approved,Cash
EXP0000084,DEP005,2025-05-15,Salary,Lê Và Bùi Công Ty Trách Nhiệm Hữu Hạn,Trong cũng nào thay.,305273000,Pending,Corporate Card
EXP0000085,DEP003,2024-07-22,Office Supplies,Bùi Và Trần Công Ty Hợp Danh,Để thay nhiều nào bạn sẽ từ cũng số.,28468000,Rejected,Corporate Card
EXP0000086,DEP007,2024-02-14,Equipment,Đặng Và Bùi Tập Đoàn,Chưa sau thì đúng đúng mà chỉ nhưng.,243588000,Pending,Bank Transfer
EXP0000087,DEP009,2026-01-02,Scholarship,Trần Và Lê Công Ty Cổ Phần,Của như gần cái trong làm tự.,132458000,Pending,Corporate Card
EXP0000088,DEP018,2024-07-11,Office Supplies,Vũ Công Ty Cổ Phần,Vì tôi tôi nào.,18828000,Rejected,Cash
EXP0000089,DEP018,2024-09-12,Scholarship,Hoàng Công Ty Tnhh Mtv,Chỉ nào để đi giống.,248827000,Approved,Cash
EXP0000090,DEP018,2022-08-07,Utilities,Hoàng Công Ty Tnhh Mtv,Nơi với hoặc đã gần giữa từng.,7585000,Rejected,Cash
EXP0000091,DEP013,2022-03-06,Utilities,Trần Và Vũ Công Ty Cổ Phần,Tại nơi dưới rất.,32943000,Pending,Cash
EXP0000092,DEP006,2024-09-30,Maintenance,Bùi Và Đối Tác Doanh Nghiệp Tư Nhân,Nhiều có vài với dưới đi tại.,10321000,Pending,Bank Transfer
EXP0000093,DEP013,2022-03-19,Equipment,Vũ Trần Công Ty Hợp Danh,Tại chưa người như vẫn trong khi của.,346766000,Rejected,Cash
EXP0000094,DEP005,2022-02-18,Scholarship,Lê Và Lê Công Ty Cổ Phần,Chỉ để thì của nơi để mỗi mà điều.,201916000,Rejected,Cash
EXP0000095,DEP007,2022-06-27,Salary,Bùi Và Đối Tác Công Ty Cổ Phần,Hơn tự tại về sau sẽ mà.,842496000,Rejected,Bank Transfer
EXP0000096,DEP019,2022-06-18,Office Supplies,Phạm Tập Đoàn,Như đúng đang điều làm khiến giống chỉ khiến.,21843000,Rejected,Cash
EXP0000097,DEP006,2022-05-17,Scholarship,Lê Công Ty Trách Nhiệm Hữu Hạn,Giống điều hơn như dưới.,183057000,Pending,Corporate Card
EXP0000098,DEP020,2023-07-28,Marketing,Nguyễn Và Đối Tác Doanh Nghiệp Tư Nhân,Để chưa trong được đến tại.,74603000,Pending,Corporate Card
EXP0000099,DEP020,2025-05-04,Office Supplies,Hoàng Công Ty Cổ Phần,Vậy nào hơn theo là.,8085000,Approved,Bank Transfer
EXP0000100,DEP012,2025-12-27,Maintenance,Phạm Và Đối Tác Công Ty Trách Nhiệm Hữu Hạn,Như thế người nào mà nhiều.,104069000,Rejected,Corporate Card
EXP0000101,DEP009,2022-09-19,Office Supplies,Bùi Dương Công Ty Tnhh,Từng số cách cho nhiều khi chưa hơn.,13136000,Approved,Bank Transfer
EXP0000102,DEP018,2025-05-31,Equipment,Trần Và Đối Tác Công Ty Trách Nhiệm Hữu Hạn,Gần làm để từ điều cũng.,346555000,Pending,Bank Transfer
EXP0000103,DEP010,2022-10-11,Equipment,Hoàng Và Đối Tác Công Ty Trách Nhiệm Hữu Hạn,Được bạn theo từ từ.,223701000,Pending,Corporate Card
EXP0000104,DEP018,2024-06-28,Scholarship,Dương Công Ty Tnhh,Thay từ giữa trong bạn chỉ.,74970000,Rejected,Bank Transfer
EXP0000105,DEP012,2024-05-25,Maintenance,Nguyễn Và Đối Tác Doanh Nghiệp Tư Nhân,Sẽ người giống sẽ nhiều đó vì các.,62823000,Approved,Corporate Card
EXP0000106,DEP007,2025-09-03,Utilities,Dương Và Đối Tác Công Ty Cổ Phần,Khiến cũng như để vậy nhưng cũng để chỉ.,42785000,Rejected,Cash
EXP0000107,DEP015,2022-04-25,Salary,Dương Doanh Nghiệp Tư Nhân,Mà được khiến nơi nhưng.,643546000,Rejected,Bank Transfer
EXP0000108,DEP012,2025-11-22,Utilities,Trần Công Ty Tnhh,Có để tại đang từ bạn nhưng hơn làm.,40191000,Rejected,Cash
EXP0000109,DEP008,2026-04-20,Utilities,Phạm Và Nguyễn Công Ty Tnhh Mtv,Lớn vì thì như thế hơn.,47667000,Pending,Corporate Card
EXP0000110,DEP002,2024-02-05,Scholarship,Hoàng Công Ty Cổ Phần,Được có lớn hơn.,225259000,Approved,Bank Transfer
EXP0000111,DEP017,2025-03-26,Maintenance,Đặng Và Trần Công Ty Trách Nhiệm Hữu Hạn,Hoặc là vẫn nhiều tại cái như thay.,62366000,Approved,Cash
EXP0000112,DEP016,2025-05-01,Research,Vũ Và Nguyễn Công Ty Hợp Danh,Khiến thì mỗi theo với một.,313751000,Pending,Bank Transfer
EXP0000113,DEP020,2024-09-13,Equipment,Hoàng Và Đối Tác Công Ty Cổ Phần,Tôi có khi một như rất sẽ.,293453000,Rejected,Corporate Card
EXP0000114,DEP010,2022-05-14,Equipment,Bùi Công Ty Hợp Danh,Tại có khi của thì dưới nơi.,184580000,Approved,Cash
EXP0000115,DEP018,2026-01-21,Maintenance,Đặng Và Đối Tác Tập Đoàn,Hơn đúng theo cái từ số.,24053000,Approved,Bank Transfer
EXP0000116,DEP012,2024-07-04,Office Supplies,Mai Và Đối Tác Doanh Nghiệp Tư Nhân,Từng của gần không khi cách nào.,25542000,Rejected,Corporate Card
EXP0000117,DEP013,2022-09-15,Salary,Trần Vũ Công Ty Trách Nhiệm Hữu Hạn,Tự làm bạn bên làm vẫn có.,274809000,Pending,Cash
EXP0000118,DEP013,2024-10-29,Research,Đặng Và Đối Tác Doanh Nghiệp Tư Nhân,Từng thế nếu hơn về tôi thay vẫn.,163094000,Rejected,Bank Transfer
EXP0000119,DEP012,2025-03-06,Marketing,Dương Tập Đoàn,Như có nào một nhưng chưa số theo.,50678000,Rejected,Bank Transfer
EXP0000120,DEP020,2022-11-02,Office Supplies,Đặng Công Ty Hợp Danh,Số mà với thế đúng đúng.,14454000,Approved,Bank Transfer
EXP0000121,DEP016,2024-06-19,Marketing,Lê Và Dương Công Ty Tnhh,Rất đúng hơn mà với như sẽ từ đã.,74471000,Approved,Bank Transfer
EXP0000122,DEP008,2026-03-04,Utilities,Bùi Và Đối Tác Tập Đoàn,Tại như trong thế được vì này cũng.,52941000,Rejected,Cash
EXP0000123,DEP012,2026-02-27,Equipment,Phạm Và Đối Tác Công Ty Tnhh Mtv,Đó từ hoặc nhiều vài chưa mà.,237030000,Rejected,Bank Transfer
EXP0000124,DEP010,2025-01-02,Scholarship,Mai Đặng Công Ty Tnhh,Cách đã cho thì từng đã chưa.,277166000,Pending,Cash
EXP0000125,DEP005,2023-09-08,Research,Mai Công Ty Tnhh Mtv,Chỉ cho thế gần có.,134361000,Pending,Corporate Card
EXP0000126,DEP003,2025-10-19,Utilities,Dương Và Dương Công Ty Tnhh Mtv,Có trong cũng của như trong tự để.,29478000,Rejected,Corporate Card
EXP0000127,DEP008,2023-10-05,Office Supplies,Vũ Và Đối Tác Tập Đoàn,Cái theo hơn bạn sẽ nào từ dưới điều.,6468000,Rejected,Bank Transfer
EXP0000128,DEP004,2023-08-21,Utilities,Dương Doanh Nghiệp Tư Nhân,Từ cái nào giống có có hoặc gần có.,70553000,Pending,Bank Transfer
EXP0000129,DEP005,2023-08-03,Maintenance,Vũ Và Nguyễn Doanh Nghiệp Tư Nhân,Điều của mà thì được đang không nếu.,103768000,Pending,Bank Transfer
EXP0000130,DEP012,2024-02-26,Research,Lê Và Bùi Tập Đoàn,Bạn khiến được của này đang đang.,470830000,Approved,Cash
EXP0000131,DEP012,2026-06-21,Scholarship,Trần Và Lê Công Ty Tnhh,Theo để cũng vẫn khiến vì gần cái.,160249000,Approved,Corporate Card
EXP0000132,DEP002,2025-04-27,Salary,Trần Dương Doanh Nghiệp Tư Nhân,Đi bạn số đến cho nhiều dưới và.,897356000,Rejected,Corporate Card
EXP0000133,DEP006,2023-08-12,Utilities,Nguyễn Tập Đoàn,Cũng rất hoặc như tại cũng này vài đúng.,93403000,Rejected,Corporate Card
EXP0000134,DEP017,2023-03-31,Salary,Mai Mai Công Ty Tnhh,Cũng và thế theo.,845735000,Pending,Corporate Card
EXP0000135,DEP008,2026-04-18,Research,Hoàng Và Bùi Doanh Nghiệp Tư Nhân,Đang đi như khiến tại tại như vậy về.,130498000,Rejected,Cash
EXP0000136,DEP012,2026-05-18,Office Supplies,Phạm Và Phạm Công Ty Trách Nhiệm Hữu Hạn,Vài sau để làm.,9898000,Rejected,Corporate Card
EXP0000137,DEP009,2025-11-18,Maintenance,Mai Và Đối Tác Công Ty Cổ Phần,Của tại cũng các thế với.,117036000,Approved,Bank Transfer
EXP0000138,DEP005,2023-05-11,Office Supplies,Mai Và Đối Tác Công Ty Hợp Danh,Cũng gần tự một các thế.,23063000,Approved,Corporate Card
EXP0000139,DEP019,2026-02-02,Salary,Hoàng Hoàng Công Ty Tnhh Mtv,Nào dưới rất cái và tự có.,511281000,Approved,Cash
EXP0000140,DEP010,2022-08-15,Office Supplies,Trần Trần Doanh Nghiệp Tư Nhân,Thay trong với vẫn.,22096000,Rejected,Bank Transfer
EXP0000141,DEP005,2024-05-08,Office Supplies,Vũ Và Đối Tác Công Ty Trách Nhiệm Hữu Hạn,Làm thì dưới giống là.,24738000,Rejected,Cash
EXP0000142,DEP005,2022-06-09,Marketing,Dương Và Đối Tác Công Ty Trách Nhiệm Hữu Hạn,Được như lớn là như sau với bạn trong.,10302000,Rejected,Bank Transfer
EXP0000143,DEP008,2025-01-20,Equipment,Nguyễn Doanh Nghiệp Tư Nhân,Thế nhiều và thay nhưng đến có.,277963000,Rejected,Corporate Card
EXP0000144,DEP012,2025-03-10,Research,Nguyễn Và Đối Tác Công Ty Trách Nhiệm Hữu Hạn,Tại chưa trong nếu cách có số tự của.,307915000,Approved,Cash
EXP0000145,DEP011,2024-10-20,Marketing,Nguyễn Đặng Công Ty Hợp Danh,Của để đang để giữa.,107050000,Rejected,Cash
EXP0000146,DEP010,2025-11-23,Marketing,Mai Và Đối Tác Công Ty Cổ Phần,Được đó không nhiều.,140799000,Pending,Bank Transfer
EXP0000147,DEP009,2024-01-01,Utilities,Phạm Và Đối Tác Công Ty Cổ Phần,Được cũng thay hoặc thế bên bên.,64922000,Rejected,Bank Transfer
EXP0000148,DEP019,2026-05-31,Office Supplies,Trần Và Đối Tác Công Ty Tnhh,Chưa mỗi một chỉ nhưng số.,24223000,Pending,Bank Transfer
EXP0000149,DEP001,2025-09-18,Marketing,Vũ Và Lê Công Ty Tnhh Mtv,Nhiều từng các thì.,169412000,Pending,Corporate Card
EXP0000150,DEP004,2026-01-09,Maintenance,Nguyễn Tập Đoàn,Có đó đang cái vài nào là từ.,46819000,Approved,Bank Transfer
EXP0000151,DEP015,2026-06-18,Marketing,Lê Doanh Nghiệp Tư Nhân,Với vẫn tôi bên tôi nhưng tại.,106487000,Approved,Cash
EXP0000152,DEP014,2022-05-29,Scholarship,Nguyễn Lê Doanh Nghiệp Tư Nhân,Cách giữa rất nhưng như.,7606000,Pending,Bank Transfer
EXP0000153,DEP005,2022-08-21,Marketing,Nguyễn Doanh Nghiệp Tư Nhân,Trong vài đi đến đi bên cũng thế sẽ.,107384000,Rejected,Corporate Card
EXP0000154,DEP001,2023-09-11,Office Supplies,Vũ Lê Doanh Nghiệp Tư Nhân,Là sau từ gần được với giống.,3452000,Rejected,Cash
EXP0000155,DEP007,2022-12-28,Office Supplies,Lê Doanh Nghiệp Tư Nhân,Nếu có một người thay.,25491000,Rejected,Cash
EXP0000156,DEP017,2024-11-23,Office Supplies,Phạm Và Đặng Công Ty Cổ Phần,Vậy vì người làm vẫn vài hơn lớn.,23231000,Approved,Cash
EXP0000157,DEP007,2024-08-15,Maintenance,Vũ Và Đối Tác Công Ty Tnhh Mtv,Giống với như nhưng hoặc đi đúng.,3154000,Approved,Bank Transfer
EXP0000158,DEP012,2024-01-09,Salary,Mai Và Bùi Công Ty Tnhh Mtv,Tại như nơi với cái vài mà vẫn vẫn.,664410000,Approved,Corporate Card
EXP0000159,DEP006,2022-08-08,Marketing,Lê Và Mai Công Ty Tnhh,Nếu để nhưng khi có.,122712000,Rejected,Corporate Card
EXP0000160,DEP010,2025-11-22,Scholarship,Trần Lê Tập Đoàn,Khiến tại trong khi tại chỉ mà.,114811000,Pending,Bank Transfer
EXP0000161,DEP003,2022-11-05,Research,Phạm Và Lê Tập Đoàn,Nơi cũng từ sau như hơn của lớn.,259060000,Approved,Bank Transfer
EXP0000162,DEP017,2022-08-27,Scholarship,Bùi Bùi Công Ty Cổ Phần,Thì người chưa như sẽ theo chỉ.,206032000,Rejected,Corporate Card
EXP0000163,DEP009,2025-11-17,Research,Phạm Công Ty Cổ Phần,Đó từng từ theo.,305304000,Approved,Cash
EXP0000164,DEP020,2025-05-08,Maintenance,Phạm Công Ty Tnhh Mtv,Để số mỗi để với này chỉ mỗi.,17165000,Rejected,Bank Transfer
EXP0000165,DEP019,2025-10-28,Utilities,Mai Phạm Công Ty Cổ Phần,Của khi là hơn từ các đúng.,49370000,Pending,Cash
EXP0000166,DEP013,2022-11-06,Research,Nguyễn Và Phạm Công Ty Tnhh,Sau tại gần mỗi bên khi đúng.,198390000,Pending,Corporate Card
EXP0000167,DEP014,2024-12-15,Maintenance,Vũ Tập Đoàn,Sau từ tại một bạn đi tại.,134865000,Pending,Corporate Card
EXP0000168,DEP020,2022-07-04,Salary,Vũ Và Đối Tác Tập Đoàn,Cách tại lớn hoặc gần tự.,651419000,Approved,Corporate Card
EXP0000169,DEP003,2025-08-08,Marketing,Hoàng Và Bùi Tập Đoàn,Đã sẽ vì có.,10546000,Approved,Bank Transfer
EXP0000170,DEP005,2026-05-12,Office Supplies,Bùi Và Mai Công Ty Cổ Phần,Cũng tại với như rất.,23362000,Rejected,Corporate Card
EXP0000171,DEP001,2024-03-31,Scholarship,Mai Đặng Doanh Nghiệp Tư Nhân,Đúng lớn này vẫn như.,23054000,Approved,Bank Transfer
EXP0000172,DEP020,2022-11-06,Maintenance,Bùi Dương Công Ty Cổ Phần,Không nhưng sẽ với của lớn làm.,126399000,Approved,Corporate Card
EXP0000173,DEP011,2025-11-06,Maintenance,Bùi Công Ty Tnhh Mtv,Với với khi có về với này của.,42993000,Pending,Corporate Card
EXP0000174,DEP007,2022-12-05,Office Supplies,Bùi Và Phạm Công Ty Tnhh Mtv,Tại cũng người lớn theo.,3616000,Rejected,Corporate Card
EXP0000175,DEP001,2025-07-05,Research,Bùi Và Đối Tác Công Ty Tnhh,Cách của bên có thì.,47615000,Rejected,Bank Transfer
EXP0000176,DEP017,2022-01-29,Maintenance,Phạm Đặng Tập Đoàn,Hơn từng sẽ nhiều sẽ hơn đã nào.,146849000,Pending,Cash
EXP0000177,DEP009,2026-05-21,Scholarship,Nguyễn Nguyễn Doanh Nghiệp Tư Nhân,Nhiều thế đi như trong như làm một làm.,238611000,Pending,Bank Transfer
EXP0000178,DEP018,2022-04-01,Research,Mai Công Ty Hợp Danh,Cũng thì sau giữa chưa đúng.,378967000,Rejected,Cash
EXP0000179,DEP007,2025-12-06,Scholarship,Hoàng Hoàng Công Ty Hợp Danh,Với vài này bạn này trong điều cũng tại.,262116000,Approved,Cash
EXP0000180,DEP012,2022-09-26,Utilities,Dương Tập Đoàn,Đang gần để cái đi chỉ từ.,17714000,Rejected,Cash
EXP0000181,DEP006,2024-03-11,Research,Lê Dương Công Ty Hợp Danh,Tại của không một làm.,205558000,Pending,Cash
EXP0000182,DEP017,2024-02-26,Utilities,Mai Và Đối Tác Công Ty Hợp Danh,Bên thế số một nếu nhiều về như như.,49527000,Approved,Cash
EXP0000183,DEP002,2026-04-27,Salary,Lê Và Dương Công Ty Tnhh Mtv,Đang nhiều này dưới tại.,787414000,Pending,Bank Transfer
EXP0000184,DEP019,2024-12-15,Maintenance,Lê Phạm Công Ty Trách Nhiệm Hữu Hạn,Trong cái cũng như đúng bạn tại sẽ.,41112000,Rejected,Bank Transfer
EXP0000185,DEP003,2023-06-04,Office Supplies,Lê Và Phạm Tập Đoàn,Để vậy vì như.,13269000,Approved,Corporate Card
EXP0000186,DEP012,2026-03-05,Salary,Dương Đặng Tập Đoàn,Mỗi gần cách đang.,898408000,Pending,Bank Transfer
EXP0000187,DEP016,2022-10-26,Maintenance,Hoàng Mai Công Ty Trách Nhiệm Hữu Hạn,Để nào thế có tôi điều như nào.,136075000,Approved,Corporate Card
EXP0000188,DEP013,2026-05-06,Equipment,Dương Và Phạm Công Ty Hợp Danh,Như nhiều với tôi.,40517000,Pending,Cash
EXP0000189,DEP002,2025-11-15,Research,Lê Mai Công Ty Tnhh Mtv,Theo hoặc cách trong sẽ hơn với vài có.,261183000,Approved,Cash
EXP0000190,DEP019,2023-05-24,Office Supplies,Vũ Và Đối Tác Công Ty Trách Nhiệm Hữu Hạn,Rất cho cái tôi từ.,28787000,Pending,Corporate Card
EXP0000191,DEP007,2025-10-26,Salary,Bùi Và Bùi Doanh Nghiệp Tư Nhân,Theo đúng sẽ một của.,684385000,Approved,Corporate Card
EXP0000192,DEP017,2023-09-26,Research,Phạm Và Đối Tác Công Ty Tnhh,Hơn dưới để nhiều trong từng.,59342000,Approved,Bank Transfer
EXP0000193,DEP005,2024-05-25,Salary,Vũ Và Đối Tác Công Ty Tnhh,Hoặc đi của của để hơn gần với được.,530417000,Pending,Cash
EXP0000194,DEP011,2026-04-11,Marketing,Vũ Và Đối Tác Công Ty Tnhh,Bên làm tại một các tôi để được.,111740000,Rejected,Cash
EXP0000195,DEP005,2026-02-11,Salary,Nguyễn Doanh Nghiệp Tư Nhân,Có thế như tôi và là bên hơn.,957356000,Approved,Cash
EXP0000196,DEP012,2023-02-09,Equipment,Dương Và Đối Tác Công Ty Cổ Phần,Của của vẫn có không nào hơn này.,280472000,Approved,Bank Transfer
EXP0000197,DEP017,2023-03-15,Office Supplies,Vũ Lê Doanh Nghiệp Tư Nhân,Cho có như cũng lớn là thay nào hoặc.,28364000,Approved,Corporate Card
EXP0000198,DEP001,2022-05-18,Maintenance,Lê Trần Công Ty Tnhh,Nhưng đến đi sẽ trong làm giữa tại.,11035000,Approved,Cash
EXP0000199,DEP005,2026-07-26,Office Supplies,Hoàng Lê Công Ty Hợp Danh,Nhưng mà tôi khi.,15580000,Pending,Cash
EXP0000200,DEP012,2023-05-12,Equipment,Phạm Vũ Doanh Nghiệp Tư Nhân,Không một một này như cách thế.,243305000,Rejected,Bank Transfer
EXP0000201,DEP003,2026-03-21,Equipment,Trần Mai Công Ty Tnhh,Điều sẽ về đang thì để hoặc.,352640000,Approved,Corporate Card
EXP0000202,DEP012,2023-05-25,Equipment,Nguyễn Mai Công Ty Hợp Danh,Từ dưới người cái.,205421000,Approved,Cash
EXP0000203,DEP010,2024-01-13,Office Supplies,Dương Và Đối Tác Công Ty Trách Nhiệm Hữu Hạn,Với nơi hoặc có.,5289000,Pending,Corporate Card
EXP0000204,DEP001,2023-05-21,Salary,Dương Công Ty Tnhh,Đó chưa điều sau đúng để của như.,394676000,Approved,Bank Transfer
EXP0000205,DEP001,2023-11-15,Office Supplies,Vũ Và Bùi Tập Đoàn,Từ cũng từng để các với.,26835000,Pending,Bank Transfer
EXP0000206,DEP003,2022-11-21,Marketing,Vũ Doanh Nghiệp Tư Nhân,Các thế tại bên.,46468000,Rejected,Corporate Card
EXP0000207,DEP014,2025-06-05,Salary,Lê Và Đối Tác Công Ty Hợp Danh,Là của khi này vậy không sau.,292499000,Pending,Corporate Card
EXP0000208,DEP005,2024-02-16,Salary,Dương Doanh Nghiệp Tư Nhân,Điều từng tôi được vì để.,887898000,Approved,Cash
EXP0000209,DEP005,2026-05-09,Maintenance,Đặng Phạm Công Ty Cổ Phần,Nhiều vì vẫn sau chưa.,111635000,Pending,Corporate Card
EXP0000210,DEP001,2025-01-31,Equipment,Dương Nguyễn Công Ty Hợp Danh,Đến để đang một từng đang đang có.,67470000,Pending,Bank Transfer
EXP0000211,DEP009,2026-05-14,Maintenance,Dương Và Phạm Doanh Nghiệp Tư Nhân,Hoặc mà vẫn điều đã.,135428000,Approved,Corporate Card
EXP0000212,DEP016,2022-05-27,Office Supplies,Trần Và Đối Tác Công Ty Hợp Danh,Nhiều một hơn cách.,11273000,Pending,Cash
EXP0000213,DEP004,2022-12-10,Scholarship,Vũ Và Đối Tác Công Ty Tnhh Mtv,Với lớn hơn cách cho từ thế vài cho.,278131000,Pending,Bank Transfer
EXP0000214,DEP013,2022-08-07,Marketing,Trần Và Phạm Công Ty Trách Nhiệm Hữu Hạn,Trong để nhưng cho.,83206000,Pending,Cash
EXP0000215,DEP013,2026-05-29,Marketing,Dương Và Đối Tác Công Ty Hợp Danh,Như cũng giống tôi với như giữa đến.,130581000,Pending,Cash
EXP0000216,DEP008,2026-06-24,Scholarship,Trần Công Ty Trách Nhiệm Hữu Hạn,Hơn nơi như thì hơn nào.,106267000,Pending,Corporate Card
EXP0000217,DEP009,2026-07-08,Marketing,Bùi Bùi Công Ty Cổ Phần,Mỗi đang là vài tại đi tôi.,175606000,Approved,Cash
EXP0000218,DEP013,2025-10-18,Office Supplies,Trần Phạm Doanh Nghiệp Tư Nhân,Và có nhưng với từ hơn.,8748000,Pending,Bank Transfer
EXP0000219,DEP020,2026-05-14,Office Supplies,Lê Và Đặng Công Ty Trách Nhiệm Hữu Hạn,Nơi với nếu giống trong bạn với.,8077000,Pending,Corporate Card
EXP0000220,DEP015,2024-05-19,Office Supplies,Hoàng Và Đối Tác Công Ty Tnhh,Để với trong có gần đã.,744000,Approved,Cash
EXP0000221,DEP004,2023-10-26,Salary,Bùi Và Phạm Công Ty Trách Nhiệm Hữu Hạn,Lớn điều cho như.,969865000,Pending,Bank Transfer
EXP0000222,DEP017,2022-09-10,Marketing,Hoàng Và Vũ Công Ty Tnhh,Cũng từ không theo các trong.,145783000,Rejected,Cash
EXP0000223,DEP011,2025-10-11,Utilities,Đặng Và Dương Doanh Nghiệp Tư Nhân,Có này khiến đó đến.,48580000,Approved,Corporate Card
EXP0000224,DEP014,2022-09-18,Utilities,Vũ Và Đối Tác Tập Đoàn,Hoặc rất trong khiến như khi thì không tại.,56683000,Pending,Cash
EXP0000225,DEP011,2023-04-24,Scholarship,Hoàng Lê Công Ty Trách Nhiệm Hữu Hạn,Thế điều giống như.,176942000,Approved,Corporate Card
EXP0000226,DEP002,2026-07-29,Scholarship,Trần Công Ty Cổ Phần,Hoặc hơn nếu cũng này nhiều.,11128000,Pending,Corporate Card
EXP0000227,DEP011,2022-04-11,Salary,Trần Và Đối Tác Công Ty Hợp Danh,Để cho điều khi chưa nếu thế vẫn về.,437417000,Approved,Bank Transfer
EXP0000228,DEP011,2022-07-20,Marketing,Phạm Trần Công Ty Hợp Danh,Một gần gần như đến trong đang nào.,184877000,Rejected,Cash
EXP0000229,DEP003,2023-09-04,Salary,Đặng Nguyễn Công Ty Tnhh,Chưa giữa hơn tại.,641073000,Rejected,Corporate Card
EXP0000230,DEP015,2024-07-25,Salary,Mai Và Nguyễn Doanh Nghiệp Tư Nhân,Sau chỉ trong của của số tại.,762996000,Rejected,Cash
EXP0000231,DEP018,2024-01-04,Office Supplies,Lê Mai Doanh Nghiệp Tư Nhân,Gần với nào như trong vậy cũng để.,23128000,Rejected,Cash
EXP0000232,DEP018,2023-02-21,Research,Vũ Và Đối Tác Công Ty Cổ Phần,Điều thay đó của với nơi nào.,148957000,Approved,Corporate Card
EXP0000233,DEP006,2023-01-18,Utilities,Vũ Và Dương Công Ty Cổ Phần,Có của hơn giữa nhiều tại chỉ.,58683000,Pending,Bank Transfer
EXP0000234,DEP017,2024-12-30,Salary,Bùi Lê Công Ty Trách Nhiệm Hữu Hạn,Để tôi chỉ nhưng đó gần.,335673000,Rejected,Bank Transfer
EXP0000235,DEP015,2023-07-11,Office Supplies,Trần Và Lê Công Ty Tnhh,Từng nơi sẽ tự.,5116000,Pending,Bank Transfer
EXP0000236,DEP005,2024-10-30,Office Supplies,Hoàng Trần Công Ty Hợp Danh,Tại giữa chưa làm người hơn.,29138000,Rejected,Cash
EXP0000237,DEP009,2025-04-14,Utilities,Lê Phạm Tập Đoàn,Bên được thế cái gần cái hơn nào.,55227000,Pending,Cash
EXP0000238,DEP020,2023-04-25,Scholarship,Trần Và Đối Tác Công Ty Tnhh Mtv,Số số về là như đó giữa nào.,254879000,Approved,Corporate Card
EXP0000239,DEP005,2026-07-06,Maintenance,Hoàng Doanh Nghiệp Tư Nhân,Nơi bên từng trong để.,41221000,Rejected,Corporate Card
EXP0000240,DEP015,2025-08-06,Scholarship,Trần Và Đối Tác Doanh Nghiệp Tư Nhân,Không nào đã về rất sẽ trong mỗi.,260938000,Rejected,Cash
EXP0000241,DEP013,2025-08-16,Marketing,Dương Công Ty Tnhh Mtv,Chưa sau để nhiều.,163162000,Approved,Corporate Card
EXP0000242,DEP005,2023-04-28,Equipment,Lê Đặng Công Ty Tnhh,Cho cái từng điều nhiều trong của bên.,328097000,Approved,Bank Transfer
EXP0000243,DEP005,2026-01-28,Scholarship,Nguyễn Công Ty Hợp Danh,Một hơn vẫn chỉ đúng nếu.,238880000,Pending,Corporate Card
EXP0000244,DEP014,2024-04-12,Salary,Nguyễn Và Đặng Công Ty Hợp Danh,Rất nhưng dưới như rất trong.,711882000,Rejected,Corporate Card
EXP0000245,DEP014,2022-05-02,Utilities,Hoàng Đặng Công Ty Cổ Phần,Hơn từng thì tại vẫn vì.,35169000,Approved,Cash
EXP0000246,DEP002,2022-11-17,Scholarship,Phạm Vũ Công Ty Cổ Phần,Hơn nhưng thay thế làm vẫn.,238986000,Rejected,Corporate Card
EXP0000247,DEP017,2025-04-27,Office Supplies,Dương Và Đối Tác Công Ty Trách Nhiệm Hữu Hạn,Theo nếu giữa cho trong tại làm bên.,25530000,Rejected,Bank Transfer
EXP0000248,DEP010,2025-12-11,Marketing,Vũ Và Đối Tác Công Ty Hợp Danh,Dưới rất thì các.,191158000,Pending,Cash
EXP0000249,DEP002,2023-08-25,Marketing,Dương Công Ty Tnhh,Cách có nhiều của với nào với và.,21640000,Pending,Cash
EXP0000250,DEP005,2024-05-27,Office Supplies,Mai Và Vũ Tập Đoàn,Dưới về nào cũng để nơi cũng.,21881000,Approved,Cash
EXP0000251,DEP006,2023-03-23,Scholarship,Hoàng Doanh Nghiệp Tư Nhân,Tại như trong nhưng lớn cho điều với.,82734000,Rejected,Bank Transfer
EXP0000252,DEP018,2026-03-18,Marketing,Dương Tập Đoàn,Từ vài hơn đến cũng.,27095000,Pending,Bank Transfer
EXP0000253,DEP007,2025-05-14,Office Supplies,Vũ Và Hoàng Công Ty Hợp Danh,Chỉ đang để đúng giống trong dưới.,19361000,Approved,Corporate Card
EXP0000254,DEP006,2022-08-08,Scholarship,Mai Và Vũ Công Ty Tnhh Mtv,Như hoặc điều vì của.,279415000,Rejected,Bank Transfer
EXP0000255,DEP003,2023-01-27,Marketing,Vũ Và Đối Tác Tập Đoàn,Cũng lớn đó nơi bên cái.,30563000,Approved,Bank Transfer
EXP0000256,DEP017,2025-09-13,Office Supplies,Nguyễn Mai Tập Đoàn,Sau vài như với thế gần để.,16124000,Rejected,Bank Transfer
EXP0000257,DEP014,2022-07-18,Utilities,Nguyễn Công Ty Tnhh Mtv,Về đúng trong sẽ để.,96116000,Rejected,Bank Transfer
EXP0000258,DEP017,2022-06-30,Scholarship,Bùi Đặng Tập Đoàn,Hơn chưa nếu gần.,190652000,Pending,Bank Transfer
EXP0000259,DEP016,2025-02-08,Maintenance,Dương Và Đối Tác Công Ty Cổ Phần,Nếu trong các như đã thì số một thì.,128919000,Approved,Bank Transfer
EXP0000260,DEP002,2026-01-13,Office Supplies,Đặng Và Đối Tác Tập Đoàn,Làm với có nhưng trong.,5537000,Approved,Corporate Card
EXP0000261,DEP010,2025-08-13,Maintenance,Hoàng Doanh Nghiệp Tư Nhân,Mà lớn chưa thế nhưng từ được giống về.,137932000,Rejected,Bank Transfer
EXP0000262,DEP011,2022-10-27,Salary,Hoàng Và Đối Tác Công Ty Tnhh Mtv,Làm của là như từng từng nếu có.,299667000,Approved,Cash
EXP0000263,DEP001,2024-11-12,Marketing,Nguyễn Và Đối Tác Tập Đoàn,Lớn hơn đúng nơi chỉ thế nơi.,21582000,Pending,Bank Transfer
EXP0000264,DEP008,2026-05-18,Research,Hoàng Và Phạm Công Ty Trách Nhiệm Hữu Hạn,Các để và có thì.,98576000,Rejected,Corporate Card
EXP0000265,DEP005,2025-11-08,Scholarship,Mai Và Đối Tác Công Ty Hợp Danh,Như hơn bạn với với.,252508000,Rejected,Bank Transfer
EXP0000266,DEP004,2026-07-26,Research,Lê Và Đối Tác Công Ty Trách Nhiệm Hữu Hạn,Lớn khi theo đã cho như tôi.,87703000,Rejected,Cash
EXP0000267,DEP005,2023-06-16,Utilities,Mai Công Ty Tnhh Mtv,Trong để dưới đến.,78849000,Approved,Bank Transfer
EXP0000268,DEP014,2022-10-15,Utilities,Lê Và Đối Tác Công Ty Hợp Danh,Chưa như mà thế về nếu nhiều có.,36467000,Pending,Corporate Card
EXP0000269,DEP001,2023-09-12,Research,Đặng Và Vũ Doanh Nghiệp Tư Nhân,Khi đến của sẽ nơi là cho tại đó.,115720000,Approved,Cash
EXP0000270,DEP002,2025-07-12,Utilities,Bùi Và Đối Tác Công Ty Trách Nhiệm Hữu Hạn,Trong có dưới hơn.,21895000,Pending,Corporate Card
EXP0000271,DEP002,2023-08-28,Research,Phạm Và Hoàng Doanh Nghiệp Tư Nhân,Được gần người trong mà chỉ.,303434000,Approved,Bank Transfer
EXP0000272,DEP013,2022-11-27,Utilities,Nguyễn Và Phạm Công Ty Tnhh Mtv,Từ tại để đã số gần.,27706000,Approved,Bank Transfer
EXP0000273,DEP017,2025-02-16,Scholarship,Vũ Và Dương Công Ty Cổ Phần,Trong làm như các từ để giống hơn đi.,52645000,Approved,Corporate Card
EXP0000274,DEP006,2024-10-08,Scholarship,Bùi Doanh Nghiệp Tư Nhân,Làm gần tôi được không rất cũng làm cho.,94717000,Rejected,Corporate Card
EXP0000275,DEP009,2025-11-24,Office Supplies,Phạm Và Đối Tác Công Ty Tnhh Mtv,Cũng của nào cách.,29027000,Approved,Bank Transfer
EXP0000276,DEP001,2022-10-10,Research,Lê Tập Đoàn,Của đã cho sẽ cái đúng lớn.,363695000,Approved,Bank Transfer
EXP0000277,DEP008,2023-06-11,Utilities,Hoàng Nguyễn Công Ty Hợp Danh,Trong tại như người tôi nếu giống.,98852000,Pending,Corporate Card
EXP0000278,DEP009,2023-02-10,Equipment,Nguyễn Bùi Doanh Nghiệp Tư Nhân,Của cũng tại điều nhiều.,161933000,Pending,Cash
EXP0000279,DEP002,2022-03-10,Research,Vũ Và Đối Tác Công Ty Trách Nhiệm Hữu Hạn,Bên đang đúng cũng rất hoặc.,426048000,Rejected,Corporate Card
EXP0000280,DEP003,2023-03-23,Utilities,Trần Và Đối Tác Công Ty Tnhh,Từ cũng của có gần.,54398000,Pending,Corporate Card
EXP0000281,DEP004,2022-02-09,Scholarship,Mai Công Ty Cổ Phần,Bên để khiến điều này.,174415000,Approved,Bank Transfer
EXP0000282,DEP017,2023-08-12,Equipment,Nguyễn Đặng Công Ty Hợp Danh,Từ như đi chưa.,231521000,Rejected,Cash
EXP0000283,DEP010,2023-10-06,Office Supplies,Phạm Công Ty Hợp Danh,Vẫn không theo như để từ vài vài của.,3853000,Approved,Bank Transfer
EXP0000284,DEP018,2025-11-13,Scholarship,Vũ Doanh Nghiệp Tư Nhân,Và cũng có đang.,9089000,Rejected,Cash
EXP0000285,DEP013,2025-10-05,Research,Phạm Và Đối Tác Doanh Nghiệp Tư Nhân,Cho chưa theo đang thay với vì.,329102000,Approved,Corporate Card
EXP0000286,DEP011,2022-10-31,Utilities,Bùi Và Dương Công Ty Cổ Phần,Là nhưng rất là là thế về người.,94233000,Approved,Corporate Card
EXP0000287,DEP011,2023-07-07,Utilities,Dương Bùi Công Ty Tnhh Mtv,Đến vài chưa chỉ vì đã.,34484000,Pending,Cash
EXP0000288,DEP008,2022-10-19,Salary,Dương Và Đặng Công Ty Trách Nhiệm Hữu Hạn,Nhiều thì đang gần cách sẽ.,656703000,Pending,Bank Transfer
EXP0000289,DEP006,2025-12-16,Equipment,Phạm Hoàng Công Ty Hợp Danh,Cũng đó cũng là của thế vài.,198459000,Approved,Bank Transfer
EXP0000290,DEP015,2025-07-16,Maintenance,Mai Và Đối Tác Doanh Nghiệp Tư Nhân,Để đã thế số.,115832000,Pending,Corporate Card
EXP0000291,DEP002,2024-12-29,Scholarship,Trần Và Đối Tác Công Ty Tnhh Mtv,Số có vẫn từ vẫn.,246842000,Approved,Corporate Card
EXP0000292,DEP014,2023-09-29,Scholarship,Bùi Và Bùi Công Ty Cổ Phần,Cách với cách như tự gần thì.,161991000,Rejected,Corporate Card
EXP0000293,DEP006,2022-11-11,Office Supplies,Vũ Và Lê Công Ty Tnhh Mtv,Theo của khi người một.,28441000,Pending,Bank Transfer
EXP0000294,DEP004,2023-01-02,Salary,Đặng Và Đối Tác Công Ty Tnhh,Hoặc từng một trong.,270601000,Approved,Bank Transfer
EXP0000295,DEP015,2026-04-26,Office Supplies,Trần Và Đối Tác Doanh Nghiệp Tư Nhân,Từ nào để hoặc hơn bạn nào có.,15202000,Pending,Cash
EXP0000296,DEP005,2022-03-26,Utilities,Hoàng Và Đối Tác Tập Đoàn,Đã đi thay mỗi có theo không.,45375000,Approved,Bank Transfer
EXP0000297,DEP008,2025-06-27,Marketing,Phạm Và Đối Tác Công Ty Tnhh Mtv,Với nhưng về là khiến giữa không.,132483000,Pending,Corporate Card
EXP0000298,DEP004,2023-02-22,Marketing,Đặng Công Ty Hợp Danh,Tự thay các nào không của tại với.,142926000,Rejected,Corporate Card
EXP0000299,DEP020,2025-09-01,Equipment,Nguyễn Trần Công Ty Tnhh,Sau đã bạn để chưa từ hơn.,197575000,Approved,Corporate Card
EXP0000300,DEP011,2026-02-19,Scholarship,Hoàng Lê Công Ty Cổ Phần,Gần làm vậy như nơi lớn thì của để.,9581000,Approved,Corporate Card
EXP0000301,DEP018,2023-10-02,Utilities,Trần Công Ty Tnhh Mtv,Giống như bên vài đang trong chưa.,30759000,Approved,Corporate Card
EXP0000302,DEP019,2022-12-29,Scholarship,Phạm Hoàng Công Ty Cổ Phần,Vậy đi đến gần khi tự đang cái.,24000000,Pending,Cash
EXP0000303,DEP002,2025-09-10,Maintenance,Mai Và Lê Công Ty Hợp Danh,Với nơi bên bên được của cái cách.,98819000,Approved,Corporate Card
EXP0000304,DEP001,2023-02-18,Equipment,Hoàng Và Đối Tác Công Ty Hợp Danh,Nhiều đó để nhưng khi từng làm này để.,332721000,Approved,Bank Transfer
EXP0000305,DEP011,2024-03-02,Office Supplies,Nguyễn Và Vũ Doanh Nghiệp Tư Nhân,Cách rất về người.,9714000,Approved,Bank Transfer
EXP0000306,DEP017,2023-01-19,Research,Đặng Dương Công Ty Trách Nhiệm Hữu Hạn,Cách chưa cách khi điều để.,419355000,Pending,Bank Transfer
EXP0000307,DEP007,2024-09-19,Salary,Trần Mai Công Ty Cổ Phần,Giữa để không cho nơi hoặc đến.,648812000,Rejected,Bank Transfer
EXP0000308,DEP020,2024-04-28,Salary,Nguyễn Và Đối Tác Công Ty Tnhh,Thế tự thay và gần vẫn thì này.,803451000,Rejected,Corporate Card
EXP0000309,DEP017,2022-03-06,Research,Trần Và Lê Công Ty Cổ Phần,Nào hơn cách chỉ nhiều.,158953000,Pending,Corporate Card
EXP0000310,DEP008,2023-10-14,Research,Hoàng Hoàng Công Ty Tnhh,Không khiến vậy theo giống của thay sau.,141783000,Rejected,Corporate Card
EXP0000311,DEP006,2026-04-01,Equipment,Lê Tập Đoàn,Thế từ tôi các cho từng hơn.,325169000,Approved,Corporate Card
EXP0000312,DEP015,2024-01-27,Research,Vũ Và Trần Công Ty Tnhh,Đang vẫn với vậy vậy như của.,283023000,Approved,Cash
EXP0000313,DEP013,2025-09-09,Office Supplies,Mai Vũ Công Ty Hợp Danh,Nào chỉ nơi để là chỉ với.,27617000,Rejected,Corporate Card
EXP0000314,DEP015,2023-06-17,Salary,Lê Nguyễn Công Ty Cổ Phần,Này nhiều được nhiều người đó người.,633877000,Approved,Corporate Card
EXP0000315,DEP003,2024-10-19,Scholarship,Mai Công Ty Hợp Danh,Với này giống đó chưa với.,37051000,Approved,Cash
EXP0000316,DEP009,2025-06-19,Office Supplies,Mai Công Ty Cổ Phần,Chưa với thế sẽ cũng cho sẽ gần tại.,18324000,Rejected,Corporate Card
EXP0000317,DEP020,2025-08-13,Research,Đặng Và Đối Tác Công Ty Cổ Phần,Tôi như là hoặc.,185754000,Pending,Corporate Card
EXP0000318,DEP016,2023-10-05,Salary,Lê Và Đối Tác Doanh Nghiệp Tư Nhân,Giữa vậy bên tại gần điều.,522108000,Approved,Bank Transfer
EXP0000319,DEP013,2023-05-17,Salary,Nguyễn Công Ty Cổ Phần,Như người vẫn của đúng từ.,411643000,Rejected,Cash
EXP0000320,DEP002,2025-03-28,Research,Vũ Và Đối Tác Công Ty Tnhh,Với rất vì theo từ.,451356000,Rejected,Cash
EXP0000321,DEP019,2024-06-19,Salary,Mai Và Nguyễn Công Ty Cổ Phần,Từ nếu bên vẫn.,874944000,Rejected,Bank Transfer
EXP0000322,DEP013,2025-04-03,Scholarship,Đặng Và Đối Tác Tập Đoàn,Hơn khiến với tự chưa người.,274670000,Approved,Corporate Card
EXP0000323,DEP019,2026-07-07,Maintenance,Đặng Lê Công Ty Tnhh,Từ tại bên để bạn bên.,108537000,Pending,Bank Transfer
EXP0000324,DEP009,2026-01-31,Office Supplies,Đặng Và Hoàng Công Ty Tnhh,Đến sẽ để khiến để nhưng đang là.,19270000,Rejected,Cash
EXP0000325,DEP015,2025-05-07,Marketing,Mai Công Ty Tnhh Mtv,Giữa trong bạn về.,170809000,Approved,Cash
EXP0000326,DEP003,2024-11-10,Office Supplies,Bùi Phạm Công Ty Tnhh,Có hoặc giống tại nơi nhưng.,23570000,Pending,Bank Transfer
EXP0000327,DEP001,2025-07-21,Equipment,Nguyễn Và Đối Tác Công Ty Tnhh,Tự và từ chưa cũng thế nơi.,15222000,Rejected,Corporate Card
EXP0000328,DEP018,2023-01-07,Marketing,Hoàng Và Nguyễn Công Ty Trách Nhiệm Hữu Hạn,Tại sau thay khi nhưng như từ về.,182987000,Approved,Corporate Card
EXP0000329,DEP001,2023-12-03,Office Supplies,Phạm Tập Đoàn,Hơn như cho đúng có tại.,3404000,Pending,Cash
EXP0000330,DEP013,2026-03-05,Scholarship,Phạm Và Đặng Công Ty Cổ Phần,Của giữa gần tôi.,110051000,Pending,Corporate Card
EXP0000331,DEP013,2023-04-05,Equipment,Mai Phạm Doanh Nghiệp Tư Nhân,Để vì lớn sẽ đã trong có.,159484000,Rejected,Corporate Card
EXP0000332,DEP004,2023-09-21,Equipment,Phạm Nguyễn Doanh Nghiệp Tư Nhân,Thì hơn thì nhưng tự hơn.,235129000,Approved,Cash
EXP0000333,DEP010,2022-10-07,Scholarship,Mai Và Đối Tác Công Ty Tnhh Mtv,Dưới thay người này hoặc và vài.,272121000,Rejected,Cash
EXP0000334,DEP001,2023-06-16,Utilities,Phạm Công Ty Tnhh Mtv,Của của như từ không tự nhưng như.,14720000,Approved,Cash
EXP0000335,DEP017,2023-02-26,Marketing,Nguyễn Dương Công Ty Hợp Danh,Của các nhiều tôi điều của nào lớn.,189130000,Approved,Cash
EXP0000336,DEP002,2022-05-28,Utilities,Nguyễn Và Dương Doanh Nghiệp Tư Nhân,Hoặc làm từ tại vẫn tự hơn điều.,50444000,Pending,Bank Transfer
EXP0000337,DEP014,2026-07-30,Equipment,Trần Và Đối Tác Công Ty Trách Nhiệm Hữu Hạn,Giống đi tự với dưới các số.,155050000,Pending,Corporate Card
EXP0000338,DEP014,2025-05-12,Utilities,Trần Hoàng Công Ty Hợp Danh,Để thế cái hơn.,53019000,Approved,Bank Transfer
EXP0000339,DEP012,2025-12-22,Equipment,Đặng Vũ Doanh Nghiệp Tư Nhân,Rất đúng vẫn vì.,269407000,Pending,Corporate Card
EXP0000340,DEP002,2025-11-02,Scholarship,Dương Công Ty Cổ Phần,Vẫn mỗi từng từng.,181236000,Rejected,Corporate Card
EXP0000341,DEP009,2023-11-17,Marketing,Nguyễn Tập Đoàn,Tôi có tại của.,5685000,Approved,Bank Transfer
EXP0000342,DEP007,2023-03-07,Scholarship,Bùi Mai Công Ty Hợp Danh,Đang hơn điều đã để khiến theo này.,231292000,Rejected,Bank Transfer
EXP0000343,DEP007,2023-09-23,Maintenance,Mai Và Đặng Doanh Nghiệp Tư Nhân,Đang trong thì khi.,60915000,Rejected,Cash
EXP0000344,DEP015,2025-05-06,Research,Bùi Hoàng Công Ty Cổ Phần,Làm được với tự.,365762000,Pending,Corporate Card
EXP0000345,DEP018,2022-02-01,Research,Lê Và Đặng Doanh Nghiệp Tư Nhân,Với là hơn của.,46429000,Pending,Bank Transfer
EXP0000346,DEP012,2023-01-06,Research,Nguyễn Và Trần Công Ty Hợp Danh,Và cũng bạn điều tự vẫn của số.,90204000,Rejected,Bank Transfer
EXP0000347,DEP012,2024-06-20,Salary,Phạm Và Mai Tập Đoàn,Bạn tại như về để giữa cái.,258623000,Rejected,Corporate Card
EXP0000348,DEP019,2026-04-30,Maintenance,Bùi Và Dương Doanh Nghiệp Tư Nhân,Đi giữa với bên đi đã.,139041000,Pending,Corporate Card
EXP0000349,DEP019,2024-08-17,Salary,Mai Và Trần Công Ty Cổ Phần,Để theo của lớn này của sẽ.,617764000,Pending,Cash
EXP0000350,DEP013,2023-01-02,Office Supplies,Đặng Và Đối Tác Công Ty Tnhh,Từng chỉ này để dưới và người chỉ.,12674000,Approved,Corporate Card
EXP0000351,DEP011,2025-08-12,Office Supplies,Bùi Và Đối Tác Công Ty Tnhh,Vì về thế trong mỗi.,22708000,Approved,Corporate Card
EXP0000352,DEP018,2024-04-10,Office Supplies,Trần Vũ Công Ty Trách Nhiệm Hữu Hạn,Giữa tôi như hơn vì là.,29564000,Approved,Cash
EXP0000353,DEP004,2025-08-24,Office Supplies,Bùi Và Hoàng Công Ty Tnhh,Đó hơn vậy giữa bạn lớn lớn.,10604000,Approved,Bank Transfer
EXP0000354,DEP020,2025-12-19,Research,Vũ Lê Công Ty Tnhh,Hoặc lớn là cho của nếu.,245445000,Approved,Bank Transfer
EXP0000355,DEP005,2023-04-20,Utilities,Đặng Và Nguyễn Công Ty Cổ Phần,Một cái từ tại tự đến của thay như.,55901000,Approved,Bank Transfer
EXP0000356,DEP001,2023-01-26,Utilities,Đặng Và Dương Công Ty Cổ Phần,Như cũng để của đúng thế.,63121000,Approved,Cash
EXP0000357,DEP003,2025-06-09,Marketing,Nguyễn Công Ty Hợp Danh,Chưa nơi với vì chưa chỉ sẽ giống với.,110262000,Approved,Cash
EXP0000358,DEP014,2023-10-24,Maintenance,Lê Và Hoàng Công Ty Tnhh Mtv,Tại hơn người đi thế điều từ.,93704000,Pending,Corporate Card
EXP0000359,DEP012,2024-03-07,Office Supplies,Nguyễn Công Ty Cổ Phần,Điều nhưng của cũng để mỗi.,9175000,Pending,Cash
EXP0000360,DEP016,2023-05-06,Scholarship,Nguyễn Và Đối Tác Công Ty Hợp Danh,Số cũng hoặc như.,140688000,Pending,Cash
EXP0000361,DEP018,2023-09-25,Maintenance,Lê Dương Công Ty Tnhh Mtv,Của của tôi để để có.,108705000,Approved,Corporate Card
EXP0000362,DEP017,2025-08-01,Maintenance,Vũ Và Nguyễn Công Ty Trách Nhiệm Hữu Hạn,Về với với một và là từ.,149428000,Approved,Bank Transfer
EXP0000363,DEP020,2024-07-04,Maintenance,Đặng Và Đối Tác Công Ty Trách Nhiệm Hữu Hạn,Và từ rất của giữa.,120779000,Approved,Cash
EXP0000364,DEP014,2023-01-14,Scholarship,Mai Phạm Công Ty Hợp Danh,Với tự sẽ trong nơi gần lớn nếu đó.,237351000,Approved,Cash
EXP0000365,DEP017,2023-08-19,Salary,Bùi Và Dương Doanh Nghiệp Tư Nhân,Giống khi điều điều thay tự.,533882000,Pending,Corporate Card
EXP0000366,DEP003,2022-07-17,Utilities,Trần Công Ty Tnhh Mtv,Điều để theo bên là bạn.,14433000,Pending,Bank Transfer
EXP0000367,DEP007,2022-11-08,Scholarship,Bùi Công Ty Tnhh Mtv,Như tại bạn cũng lớn.,23603000,Pending,Cash
EXP0000368,DEP002,2024-06-12,Maintenance,Vũ Và Đối Tác Công Ty Hợp Danh,Để thì gần chỉ nơi tại nhưng.,115314000,Rejected,Corporate Card
EXP0000369,DEP003,2022-10-28,Equipment,Trần Mai Công Ty Trách Nhiệm Hữu Hạn,Số về của cách thì đã và tự như.,138216000,Rejected,Bank Transfer
EXP0000370,DEP019,2022-03-07,Research,Dương Và Bùi Công Ty Cổ Phần,Được đến tôi sau.,223371000,Approved,Cash
EXP0000371,DEP001,2022-09-26,Utilities,Vũ Phạm Công Ty Tnhh Mtv,Một hơn hoặc về một nào đúng cho.,19410000,Pending,Cash
EXP0000372,DEP006,2025-08-04,Marketing,Lê Và Đối Tác Công Ty Tnhh Mtv,Cách của tự làm cái đến.,135429000,Pending,Corporate Card
EXP0000373,DEP007,2023-03-21,Maintenance,Phạm Và Mai Công Ty Tnhh Mtv,Sẽ để cái không đó về cái của.,106248000,Pending,Corporate Card
EXP0000374,DEP015,2025-11-14,Equipment,Vũ Và Đối Tác Công Ty Tnhh,Gần vẫn như này của.,382839000,Pending,Bank Transfer
EXP0000375,DEP011,2025-08-24,Scholarship,Hoàng Và Lê Công Ty Hợp Danh,Từ số như hơn sẽ gần.,76893000,Approved,Bank Transfer
EXP0000376,DEP003,2025-08-12,Salary,Nguyễn Và Đối Tác Công Ty Tnhh Mtv,Vài đã như giữa.,580214000,Rejected,Bank Transfer
EXP0000377,DEP015,2024-11-09,Maintenance,Nguyễn Và Đặng Công Ty Tnhh,Là như với hơn.,118308000,Pending,Cash
EXP0000378,DEP007,2022-04-02,Equipment,Phạm Mai Tập Đoàn,Thì mà để dưới có.,245153000,Rejected,Cash
EXP0000379,DEP012,2023-08-16,Research,Phạm Và Nguyễn Công Ty Hợp Danh,Dưới gần điều cách sẽ gần lớn.,454792000,Pending,Corporate Card
EXP0000380,DEP005,2022-05-03,Research,Mai Công Ty Tnhh Mtv,Về vẫn vậy nếu.,331168000,Approved,Cash
EXP0000381,DEP001,2024-08-15,Utilities,Hoàng Và Lê Công Ty Trách Nhiệm Hữu Hạn,Đó từ đó cũng điều một.,79128000,Pending,Corporate Card
EXP0000382,DEP016,2025-06-19,Maintenance,Trần Và Trần Doanh Nghiệp Tư Nhân,Thì nếu mỗi với.,24467000,Pending,Bank Transfer
EXP0000383,DEP004,2024-06-25,Scholarship,Vũ Và Đối Tác Công Ty Tnhh,Đã nơi khi của.,267106000,Approved,Corporate Card
EXP0000384,DEP017,2022-05-22,Scholarship,Hoàng Và Đối Tác Tập Đoàn,Để đó số sẽ.,35219000,Rejected,Bank Transfer
EXP0000385,DEP005,2024-07-17,Utilities,Lê Và Đối Tác Tập Đoàn,Giữa tôi để trong của này này.,28660000,Pending,Cash
EXP0000386,DEP016,2022-08-13,Salary,Trần Công Ty Trách Nhiệm Hữu Hạn,Chưa các hoặc tự chỉ nơi vì.,519161000,Rejected,Bank Transfer
EXP0000387,DEP013,2025-05-20,Equipment,Phạm Và Đối Tác Công Ty Trách Nhiệm Hữu Hạn,Tôi giữa có tại.,339194000,Pending,Corporate Card
EXP0000388,DEP007,2026-08-01,Utilities,Bùi Và Dương Công Ty Hợp Danh,Nhưng mỗi tại cho đó khiến vậy khiến.,74694000,Approved,Cash
EXP0000389,DEP004,2026-04-02,Office Supplies,Phạm Và Đối Tác Công Ty Hợp Danh,Đi cho là khi khi.,27346000,Pending,Cash
EXP0000390,DEP003,2023-03-25,Scholarship,Vũ Công Ty Hợp Danh,Có hơn để tôi mỗi đi không về.,103405000,Pending,Cash
EXP0000391,DEP009,2025-04-29,Marketing,Mai Và Bùi Công Ty Hợp Danh,Vẫn nhưng một cách đúng như.,98887000,Pending,Corporate Card
EXP0000392,DEP005,2025-06-04,Salary,Bùi Mai Công Ty Cổ Phần,Rất như làm vậy về từ.,595661000,Approved,Bank Transfer
EXP0000393,DEP014,2026-06-10,Equipment,Nguyễn Công Ty Cổ Phần,Lớn mỗi chỉ sau hơn chỉ là sau.,26882000,Pending,Bank Transfer
EXP0000394,DEP019,2022-04-12,Research,Phạm Công Ty Cổ Phần,Tại là vài cũng.,337784000,Pending,Bank Transfer
EXP0000395,DEP017,2023-12-01,Salary,Lê Trần Công Ty Trách Nhiệm Hữu Hạn,Đó điều từ như từ vì đã thế đến.,391894000,Approved,Cash
EXP0000396,DEP009,2025-06-02,Marketing,Trần Và Phạm Công Ty Hợp Danh,Khi thay của tôi.,37817000,Rejected,Bank Transfer
EXP0000397,DEP003,2023-06-05,Utilities,Vũ Mai Doanh Nghiệp Tư Nhân,Khi từ về vì bên là.,19739000,Pending,Corporate Card
EXP0000398,DEP017,2023-04-29,Office Supplies,Phạm Công Ty Tnhh Mtv,Tại gần của như đúng.,24529000,Pending,Corporate Card
EXP0000399,DEP009,2025-10-16,Office Supplies,Hoàng Công Ty Hợp Danh,Này trong của đi như của này như.,9643000,Approved,Corporate Card
EXP0000400,DEP017,2023-09-21,Scholarship,Đặng Và Đối Tác Công Ty Trách Nhiệm Hữu Hạn,Như thế của tự.,49572000,Approved,Bank Transfer
EXP0000401,DEP017,2022-01-10,Equipment,Nguyễn Lê Công Ty Cổ Phần,Cũng tự như khiến có cũng lớn với.,399257000,Pending,Corporate Card
EXP0000402,DEP018,2023-06-29,Marketing,Bùi Lê Công Ty Tnhh,Này giữa đúng là các.,72765000,Rejected,Bank Transfer
EXP0000403,DEP003,2023-07-29,Equipment,Hoàng Tập Đoàn,Số cũng cũng thế không tại để.,127572000,Rejected,Cash
EXP0000404,DEP016,2022-05-11,Marketing,Dương Và Đối Tác Công Ty Cổ Phần,Để đi về từ.,19219000,Approved,Cash
EXP0000405,DEP002,2024-02-09,Utilities,Mai Mai Công Ty Hợp Danh,Mỗi thì sẽ như nơi nhưng như vì là.,88578000,Pending,Cash
EXP0000406,DEP020,2023-08-18,Research,Mai Công Ty Tnhh,Nào từng này đúng các.,117571000,Approved,Bank Transfer
EXP0000407,DEP002,2025-04-05,Maintenance,Đặng Dương Công Ty Cổ Phần,Từng theo hơn vì đi đi trong vì.,80559000,Rejected,Cash
EXP0000408,DEP019,2024-02-21,Salary,Vũ Và Đối Tác Công Ty Trách Nhiệm Hữu Hạn,Không đang là hơn có có.,629216000,Rejected,Corporate Card
EXP0000409,DEP010,2023-10-12,Salary,Phạm Mai Công Ty Trách Nhiệm Hữu Hạn,Vài của thay gần nào cái.,911936000,Pending,Cash
EXP0000410,DEP019,2024-09-16,Utilities,Phạm Và Bùi Công Ty Trách Nhiệm Hữu Hạn,Từ hoặc vì thì từ thế của cũng.,57703000,Pending,Corporate Card
EXP0000411,DEP006,2026-05-19,Research,Nguyễn Và Đối Tác Công Ty Tnhh Mtv,Tự không cho nào trong để bạn như điều.,360863000,Approved,Bank Transfer
EXP0000412,DEP004,2023-11-29,Research,Phạm Bùi Công Ty Hợp Danh,Có với bên trong về gần tại giữa.,79847000,Approved,Corporate Card
EXP0000413,DEP010,2025-05-11,Utilities,Phạm Tập Đoàn,Vì tại để giống vài rất đến nếu.,64309000,Pending,Bank Transfer
EXP0000414,DEP014,2024-04-09,Equipment,Hoàng Và Mai Tập Đoàn,Tự đã tự như.,154386000,Rejected,Corporate Card
EXP0000415,DEP001,2024-09-25,Utilities,Phạm Và Đối Tác Công Ty Hợp Danh,Nếu để được vẫn là.,66723000,Approved,Bank Transfer
EXP0000416,DEP009,2022-07-28,Office Supplies,Lê Và Nguyễn Công Ty Cổ Phần,Với khiến nhưng người đi hơn giống.,27842000,Approved,Corporate Card
EXP0000417,DEP001,2022-09-13,Maintenance,Phạm Và Hoàng Doanh Nghiệp Tư Nhân,Có đang làm theo đi hoặc.,123756000,Approved,Bank Transfer
EXP0000418,DEP009,2022-05-26,Scholarship,Phạm Công Ty Cổ Phần,Đúng nhưng cũng với của.,111701000,Pending,Bank Transfer
EXP0000419,DEP001,2026-04-07,Office Supplies,Nguyễn Tập Đoàn,Khiến bên tại làm này có.,14031000,Pending,Cash
EXP0000420,DEP020,2025-08-04,Utilities,Bùi Và Trần Tập Đoàn,Lớn nhiều của nào và nhưng.,44670000,Rejected,Cash
EXP0000421,DEP017,2023-05-10,Research,Vũ Và Đối Tác Công Ty Trách Nhiệm Hữu Hạn,Để hơn hơn với cái mà bạn này.,67823000,Rejected,Corporate Card
EXP0000422,DEP004,2024-01-27,Office Supplies,Phạm Đặng Công Ty Hợp Danh,Vẫn tôi được thế đến cái về lớn.,7737000,Rejected,Corporate Card
EXP0000423,DEP001,2025-06-08,Equipment,Mai Và Đối Tác Công Ty Cổ Phần,Chưa trong được để số bạn tại các mà.,133359000,Approved,Cash
EXP0000424,DEP016,2023-01-29,Maintenance,Nguyễn Và Đối Tác Công Ty Hợp Danh,Như và tại khiến cho.,59260000,Pending,Bank Transfer
EXP0000425,DEP004,2023-09-06,Marketing,Mai Và Đối Tác Công Ty Tnhh Mtv,Một từ để chỉ làm.,104165000,Approved,Bank Transfer
EXP0000426,DEP019,2023-11-16,Maintenance,Trần Và Đặng Công Ty Tnhh Mtv,Tại thế đi để cũng vài khi.,135963000,Pending,Cash
EXP0000427,DEP003,2023-02-04,Research,Bùi Công Ty Trách Nhiệm Hữu Hạn,Có từ cho cũng từng.,441176000,Approved,Bank Transfer
EXP0000428,DEP011,2025-10-31,Equipment,Mai Công Ty Cổ Phần,Gần như giống hơn một nhưng là của.,296983000,Approved,Corporate Card
EXP0000429,DEP012,2022-11-15,Maintenance,Lê Và Lê Công Ty Hợp Danh,Cái các tại để từ trong.,94417000,Pending,Corporate Card
EXP0000430,DEP009,2022-07-12,Office Supplies,Nguyễn Và Đối Tác Công Ty Cổ Phần,Thì nơi sẽ và như.,1561000,Rejected,Corporate Card
EXP0000431,DEP019,2025-11-25,Maintenance,Nguyễn Và Đối Tác Công Ty Tnhh Mtv,Và cho đi vài sẽ vì khi.,119333000,Rejected,Corporate Card
EXP0000432,DEP008,2022-02-01,Equipment,Vũ Và Đối Tác Công Ty Trách Nhiệm Hữu Hạn,Nếu không một bên.,211552000,Pending,Cash
EXP0000433,DEP002,2024-10-13,Marketing,Dương Công Ty Hợp Danh,Vì của chưa nào số số.,163119000,Pending,Bank Transfer
EXP0000434,DEP016,2023-05-09,Utilities,Nguyễn Công Ty Hợp Danh,Thì một giống với chưa.,93768000,Rejected,Cash
EXP0000435,DEP017,2025-08-15,Office Supplies,Dương Trần Công Ty Hợp Danh,Làm không tự một này tự là nhiều.,1624000,Approved,Corporate Card
EXP0000436,DEP001,2022-10-03,Utilities,Hoàng Và Mai Tập Đoàn,Của điều gần đó là nhưng như.,14677000,Rejected,Bank Transfer
EXP0000437,DEP007,2022-05-16,Equipment,Mai Tập Đoàn,Hoặc cho thế vẫn và bên của.,323231000,Approved,Bank Transfer
EXP0000438,DEP016,2022-10-28,Utilities,Đặng Và Nguyễn Công Ty Tnhh,Là này đúng mỗi mà đúng người một.,70529000,Pending,Bank Transfer
EXP0000439,DEP018,2024-04-01,Equipment,Mai Đặng Doanh Nghiệp Tư Nhân,Như với có để nơi về đi theo thay.,172932000,Rejected,Corporate Card
EXP0000440,DEP013,2025-08-24,Maintenance,Phạm Và Dương Công Ty Tnhh Mtv,Sẽ để tại có cách trong là thế mà.,135533000,Pending,Cash
EXP0000441,DEP006,2023-09-06,Marketing,Dương Và Nguyễn Công Ty Cổ Phần,Theo nơi này theo đó với.,50099000,Approved,Cash
EXP0000442,DEP003,2026-04-03,Utilities,Mai Công Ty Hợp Danh,Của có làm để bên.,23610000,Pending,Corporate Card
EXP0000443,DEP008,2023-07-30,Salary,Đặng Và Hoàng Công Ty Tnhh,Tôi như tôi các tại để tự từng.,787132000,Approved,Cash
EXP0000444,DEP015,2024-11-25,Research,Bùi Doanh Nghiệp Tư Nhân,Đến thay của giống để như theo chỉ cũng.,167029000,Pending,Cash
EXP0000445,DEP016,2025-03-05,Equipment,Nguyễn Công Ty Hợp Danh,Tại đã không vài.,326034000,Rejected,Bank Transfer
EXP0000446,DEP018,2024-11-18,Utilities,Bùi Và Hoàng Công Ty Tnhh,Này chỉ hoặc như làm.,13673000,Approved,Corporate Card
EXP0000447,DEP001,2024-07-25,Research,Dương Và Dương Công Ty Trách Nhiệm Hữu Hạn,Giữa giữa này rất tại của tôi vậy cho.,151309000,Rejected,Bank Transfer
EXP0000448,DEP014,2024-01-15,Utilities,Trần Bùi Doanh Nghiệp Tư Nhân,Đúng chưa của từ như nhưng bên thì.,44219000,Rejected,Cash
EXP0000449,DEP016,2026-05-31,Utilities,Hoàng Và Đối Tác Công Ty Hợp Danh,Tôi rất bạn như.,69753000,Pending,Corporate Card
EXP0000450,DEP003,2024-06-20,Marketing,Dương Và Đối Tác Công Ty Cổ Phần,Đến thế người một sau làm.,8712000,Approved,Corporate Card
EXP0000451,DEP018,2025-10-21,Research,Trần Vũ Công Ty Cổ Phần,Với làm thay từ bên với số.,113959000,Rejected,Bank Transfer
EXP0000452,DEP010,2023-04-06,Maintenance,Vũ Dương Tập Đoàn,Tự lớn số như được vẫn vậy khiến từng.,144325000,Rejected,Bank Transfer
EXP0000453,DEP012,2024-04-12,Marketing,Phạm Và Đối Tác Công Ty Hợp Danh,Tự cũng cho nơi làm.,70810000,Rejected,Corporate Card
EXP0000454,DEP010,2024-10-25,Office Supplies,Dương Và Đối Tác Doanh Nghiệp Tư Nhân,Vậy tự giống tự khiến chỉ từng.,8018000,Rejected,Bank Transfer
EXP0000455,DEP006,2026-07-06,Utilities,Trần Và Đối Tác Công Ty Trách Nhiệm Hữu Hạn,Sẽ nào từ như này tự sau tự.,29577000,Approved,Corporate Card
EXP0000456,DEP016,2026-08-01,Salary,Phạm Và Đối Tác Công Ty Trách Nhiệm Hữu Hạn,Theo đang tại đến như.,384785000,Pending,Corporate Card
EXP0000457,DEP009,2024-12-26,Salary,Lê Công Ty Cổ Phần,Như chỉ nếu khi.,766593000,Pending,Cash
EXP0000458,DEP013,2022-10-12,Equipment,Đặng Công Ty Trách Nhiệm Hữu Hạn,Đó cũng nếu nhiều mà của một.,36454000,Approved,Cash
EXP0000459,DEP017,2024-11-25,Salary,Trần Và Đối Tác Công Ty Hợp Danh,Đúng tự tự gần hoặc nếu bên khiến vài.,487793000,Rejected,Bank Transfer
EXP0000460,DEP017,2022-02-28,Marketing,Bùi Công Ty Hợp Danh,Theo cũng đã đi đến.,191396000,Rejected,Bank Transfer
EXP0000461,DEP019,2026-05-13,Equipment,Đặng Và Đối Tác Công Ty Cổ Phần,Rất rất cách giống tự hơn.,36370000,Rejected,Corporate Card
EXP0000462,DEP006,2024-11-06,Utilities,Dương Và Đối Tác Công Ty Hợp Danh,Nơi từng của nếu.,24309000,Rejected,Bank Transfer
EXP0000463,DEP010,2023-01-22,Utilities,Đặng Bùi Doanh Nghiệp Tư Nhân,Tự bạn cũng hơn nhiều thì vài.,70635000,Pending,Corporate Card
EXP0000464,DEP016,2022-02-02,Office Supplies,Trần Công Ty Cổ Phần,Bên một từ bên vậy giữa.,5232000,Approved,Corporate Card
EXP0000465,DEP008,2025-05-07,Utilities,Đặng Lê Doanh Nghiệp Tư Nhân,Số cái và thì các như nếu.,55693000,Rejected,Corporate Card
EXP0000466,DEP018,2025-06-18,Maintenance,Mai Và Đối Tác Công Ty Tnhh,Mà từ tại mà rất chưa cũng giống về.,130511000,Rejected,Cash
EXP0000467,DEP010,2024-02-23,Marketing,Đặng Mai Công Ty Tnhh Mtv,Số mà mỗi để của người này chưa nhiều.,178773000,Pending,Corporate Card
EXP0000468,DEP007,2022-04-22,Research,Dương Công Ty Trách Nhiệm Hữu Hạn,Tôi cái về không chỉ.,391918000,Pending,Bank Transfer
EXP0000469,DEP001,2025-03-02,Maintenance,Hoàng Và Dương Công Ty Cổ Phần,Trong từng từ nơi.,22311000,Rejected,Corporate Card
EXP0000470,DEP001,2022-04-12,Salary,Lê Và Dương Doanh Nghiệp Tư Nhân,Dưới sau chưa có hơn.,978794000,Pending,Cash
EXP0000471,DEP004,2024-06-11,Research,Phạm Dương Công Ty Tnhh,Có nhiều làm người nào sau.,499533000,Approved,Bank Transfer
EXP0000472,DEP010,2023-12-15,Office Supplies,Trần Công Ty Tnhh,Cũng nhưng để lớn bạn mỗi.,5612000,Approved,Cash
EXP0000473,DEP003,2022-08-05,Office Supplies,Bùi Và Đối Tác Công Ty Cổ Phần,Cái giống dưới có.,28821000,Rejected,Cash
EXP0000474,DEP015,2023-12-21,Equipment,Mai Công Ty Cổ Phần,Thay như hơn tự vài.,149205000,Approved,Bank Transfer
EXP0000475,DEP013,2025-03-12,Marketing,Vũ Và Đối Tác Tập Đoàn,Tôi bên số có mà sau thay cách đang.,65083000,Approved,Corporate Card
EXP0000476,DEP020,2022-01-28,Marketing,Dương Công Ty Trách Nhiệm Hữu Hạn,Của gần trong có chưa của nào.,191662000,Approved,Corporate Card
EXP0000477,DEP012,2026-06-07,Equipment,Dương Và Nguyễn Công Ty Hợp Danh,Trong nếu thế từng hơn có đúng.,223688000,Rejected,Cash
EXP0000478,DEP008,2025-06-08,Office Supplies,Vũ Lê Công Ty Hợp Danh,Tại đó tại cũng.,6357000,Pending,Corporate Card
EXP0000479,DEP005,2024-12-11,Maintenance,Vũ Và Đối Tác Công Ty Tnhh,Khiến đó lớn nhiều đã từng giống.,51438000,Pending,Cash
EXP0000480,DEP012,2023-12-21,Office Supplies,Dương Và Đối Tác Công Ty Cổ Phần,Vậy như làm điều tôi không thế cũng.,16377000,Approved,Bank Transfer
EXP0000481,DEP007,2024-03-18,Utilities,Phạm Và Bùi Công Ty Trách Nhiệm Hữu Hạn,Mà vẫn điều của.,91995000,Rejected,Bank Transfer
EXP0000482,DEP014,2026-03-26,Maintenance,Phạm Lê Công Ty Tnhh,Tôi trong cái để cho vì nhưng.,5059000,Pending,Corporate Card
EXP0000483,DEP013,2023-01-16,Scholarship,Lê Tập Đoàn,Số từ vẫn của người thay như khi số.,32204000,Pending,Cash
EXP0000484,DEP007,2024-09-01,Office Supplies,Phạm Mai Công Ty Tnhh Mtv,Nơi vì chưa và để hoặc các.,27389000,Approved,Cash
EXP0000485,DEP012,2024-09-29,Research,Vũ Và Vũ Tập Đoàn,Của có đã vì cách.,219917000,Approved,Bank Transfer
EXP0000486,DEP010,2025-11-10,Scholarship,Phạm Và Đối Tác Công Ty Hợp Danh,Hơn hoặc cho nơi sẽ.,166774000,Pending,Corporate Card
EXP0000487,DEP013,2025-05-01,Maintenance,Vũ Và Bùi Công Ty Trách Nhiệm Hữu Hạn,Gần như của đã từng hơn như các về.,67616000,Pending,Corporate Card
EXP0000488,DEP014,2026-05-30,Research,Phạm Trần Công Ty Hợp Danh,Nào là thì không từ để này để.,379643000,Rejected,Bank Transfer
EXP0000489,DEP019,2024-12-26,Salary,Đặng Mai Tập Đoàn,Tự cách tại khiến tại vì nào.,981313000,Rejected,Corporate Card
EXP0000490,DEP002,2023-06-18,Office Supplies,Nguyễn Công Ty Hợp Danh,Để như cái bạn.,11450000,Rejected,Cash
EXP0000491,DEP017,2023-10-06,Utilities,Bùi Nguyễn Công Ty Hợp Danh,Như thay hơn thì các thay nhưng là có.,62961000,Approved,Bank Transfer
EXP0000492,DEP012,2023-12-04,Office Supplies,Nguyễn Nguyễn Doanh Nghiệp Tư Nhân,Hơn các và cũng.,23314000,Approved,Bank Transfer
EXP0000493,DEP012,2024-07-24,Office Supplies,Mai Mai Công Ty Cổ Phần,Cái cho mà như tôi bạn với hoặc thay.,23554000,Pending,Cash
EXP0000494,DEP007,2026-08-01,Salary,Mai Công Ty Trách Nhiệm Hữu Hạn,Giữa một mà hơn và.,943647000,Approved,Bank Transfer
EXP0000495,DEP020,2023-10-09,Equipment,Trần Và Nguyễn Công Ty Cổ Phần,Đang theo sau với gần cách tôi khi.,285125000,Approved,Bank Transfer
EXP0000496,DEP006,2023-08-26,Equipment,Trần Tập Đoàn,Vậy chưa vẫn này về từ người trong để.,278812000,Approved,Cash
EXP0000497,DEP012,2024-01-17,Equipment,Dương Phạm Công Ty Tnhh,Chưa mỗi đến tại và với nơi của.,92629000,Pending,Cash
EXP0000498,DEP010,2022-10-12,Salary,Bùi Công Ty Tnhh,Tại bên tại nhiều về là.,523477000,Rejected,Corporate Card
EXP0000499,DEP003,2022-09-01,Research,Nguyễn Và Đối Tác Công Ty Hợp Danh,Mà có rất để thay tại hơn để.,248735000,Rejected,Bank Transfer
EXP0000500,DEP012,2023-06-20,Research,Bùi Công Ty Hợp Danh,Đi với mỗi nhưng đã có đến đi.,320508000,Approved,Bank Transfer
EXP0000501,DEP019,2024-02-24,Marketing,Phạm Vũ Công Ty Trách Nhiệm Hữu Hạn,Có trong của chưa.,87594000,Approved,Cash
EXP0000502,DEP010,2024-08-04,Maintenance,Mai Và Đối Tác Công Ty Trách Nhiệm Hữu Hạn,Khi như giống hơn giống cũng có tại.,117954000,Approved,Corporate Card
EXP0000503,DEP007,2024-02-23,Office Supplies,Phạm Hoàng Công Ty Trách Nhiệm Hữu Hạn,Nơi của nào cũng không chưa trong thế cái.,21288000,Pending,Corporate Card
EXP0000504,DEP015,2025-08-15,Equipment,Hoàng Và Đối Tác Công Ty Hợp Danh,Từng là như để nào trong đó mà với.,377914000,Rejected,Corporate Card
EXP0000505,DEP012,2025-07-31,Equipment,Trần Và Đối Tác Doanh Nghiệp Tư Nhân,Chỉ vì có như để.,46870000,Rejected,Bank Transfer
EXP0000506,DEP007,2025-02-24,Scholarship,Dương Và Đối Tác Công Ty Trách Nhiệm Hữu Hạn,Làm nhưng số với như.,44229000,Approved,Corporate Card
EXP0000507,DEP017,2022-03-15,Salary,Bùi Tập Đoàn,Như sau một cũng.,257444000,Rejected,Cash
EXP0000508,DEP018,2022-08-28,Office Supplies,Vũ Trần Công Ty Cổ Phần,Một như được thì này người tự rất của.,27623000,Approved,Bank Transfer
EXP0000509,DEP014,2022-03-02,Scholarship,Đặng Và Nguyễn Công Ty Cổ Phần,Như số như thì nhiều sau trong có.,17179000,Rejected,Bank Transfer
EXP0000510,DEP005,2023-10-03,Research,Lê Công Ty Hợp Danh,Không gần giống trong tôi thay nếu tại.,353772000,Approved,Corporate Card
EXP0000511,DEP012,2025-07-17,Scholarship,Đặng Và Nguyễn Công Ty Tnhh Mtv,Bên với đi từ đến theo vài.,73978000,Pending,Bank Transfer
EXP0000512,DEP001,2024-11-02,Utilities,Trần Công Ty Cổ Phần,Chưa như là từ điều.,13866000,Approved,Cash
EXP0000513,DEP008,2022-08-16,Maintenance,Trần Công Ty Trách Nhiệm Hữu Hạn,Nhưng từng như sẽ từ.,52139000,Approved,Corporate Card
EXP0000514,DEP012,2025-12-26,Office Supplies,Phạm Và Đối Tác Công Ty Hợp Danh,Sau cái vẫn có của.,23063000,Rejected,Cash
EXP0000515,DEP015,2025-03-13,Salary,Hoàng Hoàng Doanh Nghiệp Tư Nhân,Khiến theo không số với với làm cách sẽ.,520689000,Rejected,Corporate Card
EXP0000516,DEP017,2022-10-05,Office Supplies,Nguyễn Công Ty Trách Nhiệm Hữu Hạn,Không cũng vì hơn gần.,19303000,Rejected,Bank Transfer
EXP0000517,DEP020,2026-01-28,Utilities,Mai Và Đặng Công Ty Tnhh Mtv,Vậy điều từ theo các đến với.,61732000,Pending,Corporate Card
EXP0000518,DEP008,2025-01-06,Marketing,Dương Phạm Công Ty Hợp Danh,Số gần một của hoặc.,115708000,Rejected,Cash
EXP0000519,DEP013,2022-04-21,Office Supplies,Bùi Và Đối Tác Công Ty Hợp Danh,Của số thay có trong thì của.,16651000,Pending,Corporate Card
EXP0000520,DEP010,2022-05-27,Utilities,Trần Công Ty Hợp Danh,Như có từng sẽ.,36812000,Pending,Bank Transfer
EXP0000521,DEP011,2022-11-19,Marketing,Nguyễn Và Mai Công Ty Tnhh Mtv,Bên đúng như của để và đang.,68076000,Rejected,Cash
EXP0000522,DEP003,2024-07-09,Utilities,Hoàng Dương Công Ty Hợp Danh,Hơn gần đi của.,25942000,Approved,Bank Transfer
EXP0000523,DEP013,2025-06-05,Marketing,Phạm Dương Công Ty Tnhh,Không vài bạn cũng thì của như.,34339000,Rejected,Corporate Card
EXP0000524,DEP012,2024-02-21,Utilities,Bùi Vũ Công Ty Tnhh Mtv,Thế của như của thế.,87813000,Pending,Corporate Card
EXP0000525,DEP006,2022-10-31,Office Supplies,Hoàng Và Đối Tác Công Ty Trách Nhiệm Hữu Hạn,Giữa thay mà là.,29539000,Pending,Corporate Card
EXP0000526,DEP008,2025-08-03,Scholarship,Phạm Và Hoàng Công Ty Hợp Danh,Có nhưng cái từ nơi cho.,287519000,Pending,Bank Transfer
EXP0000527,DEP005,2022-06-04,Office Supplies,Phạm Và Đối Tác Tập Đoàn,Chưa của vậy sau rất mà.,14186000,Pending,Cash
EXP0000528,DEP004,2024-04-09,Scholarship,Đặng Và Đối Tác Công Ty Tnhh,Làm như một tại trong.,44606000,Pending,Bank Transfer
EXP0000529,DEP014,2026-02-01,Utilities,Lê Doanh Nghiệp Tư Nhân,Này chưa của số khiến.,7516000,Approved,Bank Transfer
EXP0000530,DEP019,2022-06-12,Office Supplies,Đặng Công Ty Tnhh Mtv,Đến nhưng vậy từ cũng để được bạn tự.,23485000,Approved,Bank Transfer
EXP0000531,DEP014,2022-02-02,Maintenance,Hoàng Và Vũ Công Ty Tnhh,Giữa như gần trong giống hơn.,63993000,Approved,Bank Transfer
EXP0000532,DEP016,2024-07-11,Marketing,Dương Doanh Nghiệp Tư Nhân,Như trong để tại tại với đúng sẽ cái.,181310000,Rejected,Bank Transfer
EXP0000533,DEP005,2026-07-14,Research,Hoàng Nguyễn Công Ty Trách Nhiệm Hữu Hạn,Đi vài trong điều của dưới.,419067000,Rejected,Corporate Card
EXP0000534,DEP005,2025-07-17,Salary,Mai Công Ty Tnhh,Như mỗi từ dưới hơn như như.,376992000,Pending,Corporate Card
EXP0000535,DEP005,2023-07-13,Office Supplies,Đặng Dương Tập Đoàn,Sẽ của nơi đúng tại.,8071000,Pending,Cash
EXP0000536,DEP005,2022-01-06,Utilities,Vũ Tập Đoàn,Nhiều với nơi và tại bạn nhưng của.,20345000,Pending,Corporate Card
EXP0000537,DEP006,2023-12-05,Maintenance,Lê Và Đối Tác Công Ty Tnhh,Đúng tại chưa có không.,14129000,Approved,Corporate Card
EXP0000538,DEP009,2022-09-03,Marketing,Trần Công Ty Trách Nhiệm Hữu Hạn,Như thay trong đã từ đến như cho từ.,38487000,Pending,Corporate Card
EXP0000539,DEP016,2022-08-03,Office Supplies,Lê Công Ty Tnhh,Cho làm thì hơn được đúng tại từng.,21285000,Rejected,Bank Transfer
EXP0000540,DEP015,2024-05-18,Research,Phạm Và Dương Công Ty Trách Nhiệm Hữu Hạn,Sau vẫn tại về không là khi.,194051000,Pending,Cash
EXP0000541,DEP012,2026-05-04,Research,Lê Và Đối Tác Công Ty Tnhh Mtv,Như mỗi nào tôi khiến làm hơn.,140860000,Pending,Bank Transfer
EXP0000542,DEP004,2023-10-07,Salary,Bùi Hoàng Công Ty Cổ Phần,Đó cũng thì tự nhưng và.,700891000,Pending,Bank Transfer
EXP0000543,DEP007,2022-02-07,Utilities,Hoàng Công Ty Tnhh Mtv,Trong dưới tự thì tôi nếu chưa này như.,79643000,Rejected,Cash
EXP0000544,DEP020,2023-05-22,Maintenance,Hoàng Công Ty Tnhh,Đang như sẽ dưới từ hơn không không.,88894000,Rejected,Bank Transfer
EXP0000545,DEP010,2024-05-12,Research,Bùi Công Ty Tnhh,Rất tại vẫn này giữa từ cũng.,242078000,Pending,Cash
EXP0000546,DEP014,2022-08-05,Research,Đặng Và Nguyễn Công Ty Hợp Danh,Được nhưng nơi đó đã này trong tôi.,417043000,Approved,Bank Transfer
EXP0000547,DEP003,2025-05-14,Scholarship,Lê Công Ty Hợp Danh,Từ này như như đúng rất sẽ.,218804000,Pending,Cash
EXP0000548,DEP011,2025-01-19,Scholarship,Vũ Công Ty Cổ Phần,Đang đến tại hơn tôi cho vì hơn.,27047000,Pending,Corporate Card
EXP0000549,DEP019,2022-10-09,Research,Lê Và Dương Công Ty Trách Nhiệm Hữu Hạn,Vài về giống nếu.,299913000,Rejected,Bank Transfer
EXP0000550,DEP001,2025-10-12,Research,Bùi Trần Tập Đoàn,Với lớn thì thế số đang giữa.,368649000,Approved,Corporate Card
EXP0000551,DEP009,2022-02-09,Marketing,Phạm Công Ty Trách Nhiệm Hữu Hạn,Dưới cách để mỗi thế.,189472000,Rejected,Bank Transfer
EXP0000552,DEP020,2025-03-20,Office Supplies,Bùi Và Nguyễn Công Ty Cổ Phần,Mỗi tại với trong sau bên thế hoặc nhiều.,15756000,Pending,Cash
EXP0000553,DEP007,2022-09-02,Marketing,Mai Và Đối Tác Công Ty Tnhh,Của của và không với như.,70402000,Pending,Cash
EXP0000554,DEP002,2023-02-17,Utilities,Đặng Phạm Công Ty Tnhh,Cho nào mỗi khiến.,94602000,Pending,Corporate Card
EXP0000555,DEP001,2023-12-06,Marketing,Vũ Doanh Nghiệp Tư Nhân,Trong như mỗi cũng vài này.,49262000,Rejected,Cash
EXP0000556,DEP013,2025-07-03,Salary,Vũ Công Ty Tnhh Mtv,Nhưng này nếu làm tôi giữa điều.,676128000,Pending,Cash
EXP0000557,DEP017,2022-07-02,Office Supplies,Nguyễn Vũ Doanh Nghiệp Tư Nhân,Cũng như từng về nào đến cũng.,5349000,Approved,Bank Transfer
EXP0000558,DEP006,2026-03-02,Salary,Đặng Tập Đoàn,Như của trong thế số để giống chưa.,776089000,Approved,Cash
EXP0000559,DEP019,2022-11-30,Equipment,Mai Và Đối Tác Công Ty Hợp Danh,Hơn đó nếu cũng thế vẫn.,299743000,Pending,Bank Transfer
EXP0000560,DEP004,2022-09-27,Maintenance,Lê Và Vũ Doanh Nghiệp Tư Nhân,Số giữa với đó.,120074000,Approved,Cash
EXP0000561,DEP003,2026-01-01,Marketing,Trần Công Ty Tnhh Mtv,Để vài sẽ và đến.,55509000,Rejected,Cash
EXP0000562,DEP008,2026-05-07,Scholarship,Dương Và Bùi Công Ty Hợp Danh,Cũng gần nhiều như về như gần tại số.,83716000,Rejected,Bank Transfer
EXP0000563,DEP017,2022-08-15,Utilities,Mai Và Đối Tác Công Ty Tnhh Mtv,Chưa đã nhưng trong nhiều đi hoặc vẫn vì.,33205000,Rejected,Bank Transfer
EXP0000564,DEP011,2024-04-01,Marketing,Vũ Công Ty Tnhh,Chưa hoặc dưới giống cái tại trong sẽ tại.,159857000,Approved,Cash
EXP0000565,DEP019,2023-04-03,Salary,Bùi Trần Công Ty Tnhh,Với hơn của theo.,313544000,Approved,Cash
EXP0000566,DEP011,2024-05-16,Marketing,Bùi Công Ty Cổ Phần,Một cũng để được nếu vẫn vậy.,193243000,Pending,Bank Transfer
EXP0000567,DEP012,2022-12-06,Utilities,Bùi Và Hoàng Công Ty Trách Nhiệm Hữu Hạn,Từ không và tự của.,65439000,Rejected,Cash
EXP0000568,DEP018,2024-06-26,Equipment,Đặng Và Dương Công Ty Trách Nhiệm Hữu Hạn,Như vẫn số mỗi.,73613000,Rejected,Bank Transfer
EXP0000569,DEP012,2025-02-02,Research,Trần Và Trần Công Ty Trách Nhiệm Hữu Hạn,Thay từng dưới rất số trong bên hơn.,300579000,Rejected,Bank Transfer
EXP0000570,DEP018,2026-06-07,Utilities,Đặng Và Đặng Doanh Nghiệp Tư Nhân,Trong đã và thì đang này cho.,56429000,Approved,Bank Transfer
EXP0000571,DEP013,2024-07-10,Marketing,Vũ Mai Công Ty Trách Nhiệm Hữu Hạn,Sẽ để khi tại.,40503000,Pending,Corporate Card
EXP0000572,DEP014,2025-08-18,Scholarship,Đặng Và Nguyễn Công Ty Cổ Phần,Một khi nhiều từ.,235336000,Pending,Cash
EXP0000573,DEP001,2023-09-16,Equipment,Hoàng Và Vũ Doanh Nghiệp Tư Nhân,Nơi hoặc đang đến dưới tại như.,148646000,Rejected,Bank Transfer
EXP0000574,DEP007,2024-05-03,Research,Nguyễn Và Đối Tác Công Ty Tnhh Mtv,Giống để đi của mỗi một như tôi hơn.,136570000,Pending,Corporate Card
EXP0000575,DEP006,2024-11-20,Research,Lê Và Bùi Doanh Nghiệp Tư Nhân,Cho cái cách có về có vẫn được.,369623000,Approved,Cash
EXP0000576,DEP020,2024-04-13,Office Supplies,Bùi Và Đối Tác Công Ty Tnhh Mtv,Của đi đó theo hơn rất thay.,20393000,Pending,Cash
EXP0000577,DEP006,2025-03-14,Salary,Phạm Và Vũ Công Ty Cổ Phần,Không và chỉ giống số.,399192000,Rejected,Cash
EXP0000578,DEP016,2025-08-21,Scholarship,Nguyễn Mai Công Ty Tnhh,Đã và tôi và.,88422000,Pending,Corporate Card
EXP0000579,DEP001,2023-01-05,Research,Bùi Và Lê Công Ty Trách Nhiệm Hữu Hạn,Hoặc vì như điều khiến.,298359000,Rejected,Corporate Card
EXP0000580,DEP011,2025-10-23,Salary,Dương Doanh Nghiệp Tư Nhân,Đi như lớn mà.,463568000,Pending,Bank Transfer
EXP0000581,DEP012,2024-01-12,Maintenance,Hoàng Và Bùi Tập Đoàn,Làm rất làm từ điều.,136317000,Rejected,Corporate Card
EXP0000582,DEP009,2024-03-26,Research,Đặng Và Đối Tác Công Ty Tnhh,Này thì đến lớn khiến thế để là gần.,336947000,Pending,Cash
EXP0000583,DEP012,2022-01-16,Equipment,Lê Công Ty Tnhh,Trong đang lớn chỉ vì nào không.,199682000,Approved,Bank Transfer
EXP0000584,DEP017,2025-09-26,Scholarship,Dương Công Ty Cổ Phần,Chỉ trong như được.,125487000,Rejected,Cash
EXP0000585,DEP007,2024-09-25,Salary,Lê Công Ty Tnhh Mtv,Của từng mỗi giữa của từ đó.,381317000,Approved,Corporate Card
EXP0000586,DEP006,2023-09-03,Equipment,Lê Nguyễn Công Ty Tnhh Mtv,Hơn từ đó nào để.,47915000,Approved,Corporate Card
EXP0000587,DEP009,2022-02-27,Scholarship,Trần Hoàng Công Ty Cổ Phần,Hoặc đến vẫn mỗi hoặc sau từ cũng trong.,178098000,Rejected,Corporate Card
EXP0000588,DEP018,2025-12-15,Maintenance,Mai Công Ty Tnhh Mtv,Tôi để để trong.,39980000,Pending,Cash
EXP0000589,DEP012,2025-06-21,Equipment,Vũ Và Đối Tác Công Ty Tnhh,Về nơi số người cũng người cũng mỗi.,374469000,Rejected,Bank Transfer
EXP0000590,DEP012,2023-05-19,Maintenance,Mai Công Ty Trách Nhiệm Hữu Hạn,Trong là rất vì trong tại đúng.,75331000,Approved,Corporate Card
EXP0000591,DEP009,2024-08-26,Office Supplies,Phạm Và Đối Tác Tập Đoàn,Về hơn có từ đi sẽ các.,28258000,Pending,Bank Transfer
EXP0000592,DEP020,2022-02-02,Marketing,Mai Công Ty Trách Nhiệm Hữu Hạn,Đó nhiều có vài cũng nơi.,40273000,Approved,Bank Transfer
EXP0000593,DEP003,2024-08-25,Marketing,Mai Phạm Công Ty Hợp Danh,Có chưa mà như chỉ chưa.,186415000,Approved,Bank Transfer
EXP0000594,DEP005,2022-12-18,Maintenance,Trần Và Mai Tập Đoàn,Rất hơn từng theo trong để không hơn.,84703000,Approved,Corporate Card
EXP0000595,DEP010,2023-01-20,Equipment,Vũ Công Ty Trách Nhiệm Hữu Hạn,Được số cho trong.,169044000,Pending,Cash
EXP0000596,DEP018,2024-05-15,Utilities,Vũ Đặng Doanh Nghiệp Tư Nhân,Tại như một như cũng giống về nhiều các.,29727000,Approved,Cash
EXP0000597,DEP016,2025-04-26,Utilities,Lê Và Đối Tác Công Ty Cổ Phần,Tại tự cũng trong hơn về vẫn.,26725000,Approved,Bank Transfer
EXP0000598,DEP001,2026-01-25,Salary,Bùi Và Lê Công Ty Trách Nhiệm Hữu Hạn,Nếu tự cách như.,435679000,Pending,Bank Transfer
EXP0000599,DEP008,2026-01-22,Maintenance,Trần Công Ty Trách Nhiệm Hữu Hạn,Từ với từng nhưng.,118985000,Pending,Cash
EXP0000600,DEP012,2022-09-24,Office Supplies,Trần Và Lê Công Ty Hợp Danh,Giống cũng cho của cái chưa.,19163000,Pending,Cash
EXP0000601,DEP012,2024-09-16,Marketing,Vũ Và Đối Tác Công Ty Trách Nhiệm Hữu Hạn,Là khi từ để thì cho.,143512000,Approved,Cash
EXP0000602,DEP014,2023-05-27,Marketing,Đặng Công Ty Tnhh,Gần của mỗi này.,22250000,Pending,Corporate Card
EXP0000603,DEP003,2025-08-13,Marketing,Bùi Và Lê Doanh Nghiệp Tư Nhân,Đúng tại đó tại và là người khi với.,145783000,Rejected,Cash
EXP0000604,DEP011,2026-06-30,Marketing,Mai Và Nguyễn Công Ty Tnhh,Của giống cách như sẽ.,31432000,Approved,Corporate Card
EXP0000605,DEP005,2024-08-27,Equipment,Bùi Và Vũ Công Ty Cổ Phần,Làm tự hơn khiến về để.,377461000,Pending,Cash
EXP0000606,DEP007,2024-06-25,Utilities,Đặng Lê Công Ty Tnhh,Cái của cũng của.,65518000,Rejected,Bank Transfer
EXP0000607,DEP015,2025-08-18,Scholarship,Phạm Và Đối Tác Công Ty Tnhh Mtv,Cái là chưa với giữa vẫn để làm có.,139136000,Rejected,Corporate Card
EXP0000608,DEP016,2023-06-21,Office Supplies,Bùi Doanh Nghiệp Tư Nhân,Của thế vậy nhiều giống vẫn.,28557000,Approved,Corporate Card
EXP0000609,DEP019,2025-07-19,Salary,Lê Và Đặng Công Ty Tnhh Mtv,Với từ nào đúng tự hơn mỗi.,853043000,Approved,Bank Transfer
EXP0000610,DEP004,2025-07-27,Office Supplies,Phạm Mai Công Ty Cổ Phần,Lớn sau đã cách vẫn mỗi gần cũng.,5350000,Rejected,Bank Transfer
EXP0000611,DEP002,2023-03-08,Scholarship,Mai Và Dương Công Ty Tnhh Mtv,Có để tự đang trong giữa dưới cũng.,144093000,Pending,Cash
EXP0000612,DEP020,2025-05-03,Marketing,Mai Và Đặng Công Ty Tnhh,Nhưng nếu cách giữa đi điều.,152120000,Rejected,Cash
EXP0000613,DEP003,2026-06-08,Salary,Mai Và Đối Tác Công Ty Trách Nhiệm Hữu Hạn,Này bạn để đi bạn đi hơn.,812251000,Approved,Corporate Card
EXP0000614,DEP012,2026-07-19,Maintenance,Bùi Và Phạm Công Ty Cổ Phần,Nhiều cho tại hoặc là một từ.,95787000,Rejected,Bank Transfer
EXP0000615,DEP007,2023-07-08,Maintenance,Mai Và Đối Tác Công Ty Tnhh Mtv,Với thì như giữa cách.,82047000,Pending,Bank Transfer
EXP0000616,DEP009,2024-09-08,Scholarship,Trần Và Đối Tác Công Ty Trách Nhiệm Hữu Hạn,Với mà này là hơn đi là cái.,58256000,Rejected,Corporate Card
EXP0000617,DEP016,2022-04-19,Office Supplies,Đặng Công Ty Tnhh,Của hơn là bên trong là hơn số.,12122000,Approved,Corporate Card
EXP0000618,DEP001,2023-09-29,Office Supplies,Nguyễn Đặng Doanh Nghiệp Tư Nhân,Được vài rất đúng đến đang dưới của.,14478000,Rejected,Cash
EXP0000619,DEP016,2025-11-29,Maintenance,Trần Công Ty Trách Nhiệm Hữu Hạn,Giống cái cũng thế này người lớn cách.,40285000,Approved,Cash
EXP0000620,DEP014,2025-09-29,Office Supplies,Phạm Công Ty Trách Nhiệm Hữu Hạn,Tự sau từng tự chưa của chỉ khiến để.,10522000,Approved,Corporate Card
EXP0000621,DEP018,2026-01-26,Office Supplies,Đặng Hoàng Công Ty Tnhh Mtv,Bên khi tại như nhiều.,13752000,Rejected,Cash
EXP0000622,DEP018,2025-11-20,Maintenance,Dương Và Đối Tác Tập Đoàn,Dưới từ bên lớn để nếu dưới.,12229000,Approved,Bank Transfer
EXP0000623,DEP020,2022-03-21,Marketing,Vũ Và Đối Tác Công Ty Cổ Phần,Số người hơn như.,130323000,Approved,Corporate Card
EXP0000624,DEP002,2025-09-05,Utilities,Dương Doanh Nghiệp Tư Nhân,Để bạn người như hơn nhiều được để.,26430000,Pending,Cash
EXP0000625,DEP016,2024-08-10,Maintenance,Đặng Dương Công Ty Tnhh Mtv,Trong thay được sau sẽ tại về tự.,82195000,Approved,Cash
EXP0000626,DEP019,2026-07-15,Maintenance,Nguyễn Và Dương Công Ty Tnhh Mtv,Rất chỉ hơn thay vài giữa.,83282000,Rejected,Corporate Card
EXP0000627,DEP016,2022-03-21,Maintenance,Dương Mai Công Ty Hợp Danh,Gần đến người về này này trong của cũng.,119430000,Pending,Bank Transfer
EXP0000628,DEP010,2026-02-01,Research,Vũ Công Ty Trách Nhiệm Hữu Hạn,Nơi khi đúng khi với khiến.,140898000,Pending,Bank Transfer
EXP0000629,DEP014,2024-10-10,Salary,Mai Và Nguyễn Tập Đoàn,Đến thay có gần lớn vì đúng.,866257000,Approved,Bank Transfer
EXP0000630,DEP003,2022-05-09,Office Supplies,Trần Và Vũ Công Ty Tnhh Mtv,Mỗi này như vài nhiều đến cho số.,17501000,Approved,Corporate Card
EXP0000631,DEP009,2023-11-06,Maintenance,Phạm Bùi Công Ty Hợp Danh,Nào vẫn như đã chưa trong.,54228000,Rejected,Cash
EXP0000632,DEP012,2024-10-31,Office Supplies,Dương Và Bùi Tập Đoàn,Khiến nhưng với là để chỉ bạn nhiều.,15967000,Approved,Cash
EXP0000633,DEP001,2026-03-27,Utilities,Phạm Công Ty Trách Nhiệm Hữu Hạn,Sau để số nhiều.,21598000,Approved,Cash
EXP0000634,DEP018,2022-07-31,Research,Bùi Công Ty Cổ Phần,Bên tại rất bên vẫn tôi cho cái từ.,353412000,Rejected,Cash
EXP0000635,DEP011,2024-02-19,Marketing,Phạm Lê Công Ty Trách Nhiệm Hữu Hạn,Như tôi của nhiều nào các được nhiều.,183023000,Pending,Cash
EXP0000636,DEP005,2022-04-27,Scholarship,Nguyễn Công Ty Tnhh,Từng này trong tự làm hoặc trong nếu.,245253000,Pending,Cash
EXP0000637,DEP001,2025-02-07,Scholarship,Dương Và Vũ Doanh Nghiệp Tư Nhân,Rất bạn của từ rất rất cách dưới.,149176000,Rejected,Corporate Card
EXP0000638,DEP005,2023-10-13,Salary,Đặng Công Ty Trách Nhiệm Hữu Hạn,Các khiến đi vài như vẫn lớn lớn như.,518959000,Rejected,Corporate Card
EXP0000639,DEP005,2024-06-10,Marketing,Phạm Công Ty Tnhh,Nếu nhưng hoặc đúng vài trong một.,61077000,Rejected,Corporate Card
EXP0000640,DEP011,2022-11-04,Maintenance,Bùi Và Đối Tác Tập Đoàn,Giống số giữa cũng được như.,85054000,Pending,Cash
EXP0000641,DEP019,2022-08-28,Utilities,Trần Và Trần Công Ty Cổ Phần,Vẫn này thì có có bên một.,13529000,Approved,Cash
EXP0000642,DEP007,2022-03-13,Salary,Vũ Công Ty Cổ Phần,Gần cái đó chưa có một.,521387000,Pending,Corporate Card
EXP0000643,DEP007,2023-08-03,Scholarship,Dương Doanh Nghiệp Tư Nhân,Giống khi và chỉ sau hơn.,5896000,Rejected,Corporate Card
EXP0000644,DEP015,2022-09-26,Office Supplies,Trần Và Đối Tác Công Ty Hợp Danh,Khi đến để có các.,7242000,Approved,Cash
EXP0000645,DEP001,2023-05-21,Office Supplies,Trần Tập Đoàn,Lớn vẫn thay có đi theo của và được.,17008000,Approved,Cash
EXP0000646,DEP006,2026-03-25,Maintenance,Mai Đặng Công Ty Hợp Danh,Thì như từ một tự khi.,93328000,Pending,Cash
EXP0000647,DEP009,2024-04-12,Utilities,Nguyễn Và Đối Tác Công Ty Tnhh Mtv,Như như vậy trong.,26805000,Approved,Cash
EXP0000648,DEP015,2022-08-01,Equipment,Lê Và Phạm Tập Đoàn,Trong khiến gần trong mỗi bên nhiều cũng.,274285000,Pending,Corporate Card
EXP0000649,DEP005,2024-07-31,Office Supplies,Dương Và Hoàng Tập Đoàn,Đúng hoặc cái bạn điều cách vậy.,4020000,Pending,Corporate Card
EXP0000650,DEP009,2024-06-23,Maintenance,Phạm Và Đối Tác Công Ty Hợp Danh,Từ để mỗi nơi.,86850000,Approved,Bank Transfer
EXP0000651,DEP015,2025-03-14,Salary,Lê Và Bùi Doanh Nghiệp Tư Nhân,Đến vài dưới đang với cách.,452325000,Pending,Corporate Card
EXP0000652,DEP005,2025-05-21,Marketing,Vũ Và Đối Tác Công Ty Trách Nhiệm Hữu Hạn,Như hơn của của lớn hơn cái thế.,34240000,Pending,Bank Transfer
EXP0000653,DEP015,2022-09-26,Salary,Phạm Và Đối Tác Công Ty Tnhh Mtv,Cách cũng trong này hơn trong khiến.,556333000,Pending,Cash
EXP0000654,DEP018,2025-03-01,Equipment,Lê Mai Công Ty Trách Nhiệm Hữu Hạn,Vậy để rất được chưa trong.,152792000,Pending,Corporate Card
EXP0000655,DEP009,2023-08-28,Salary,Mai Và Đối Tác Tập Đoàn,Cái trong hơn trong giống bên đã khi.,703829000,Approved,Bank Transfer
EXP0000656,DEP017,2024-06-02,Office Supplies,Mai Và Đối Tác Công Ty Tnhh,Khi là mỗi vậy.,8475000,Approved,Corporate Card
EXP0000657,DEP003,2024-12-22,Utilities,Dương Và Phạm Công Ty Tnhh,Số và bạn này điều.,77035000,Approved,Cash
EXP0000658,DEP016,2026-07-11,Research,Nguyễn Và Đối Tác Công Ty Trách Nhiệm Hữu Hạn,Tại như các làm đang nào chưa nhiều được.,466443000,Pending,Corporate Card
EXP0000659,DEP003,2026-05-13,Office Supplies,Hoàng Doanh Nghiệp Tư Nhân,Của của theo thế để của.,25027000,Approved,Corporate Card
EXP0000660,DEP005,2024-01-09,Research,Nguyễn Và Phạm Công Ty Cổ Phần,Để có cũng nhưng sau nào tại.,108222000,Approved,Cash
EXP0000661,DEP018,2024-10-08,Office Supplies,Dương Bùi Công Ty Trách Nhiệm Hữu Hạn,Theo cách mỗi để theo của đến thì.,4482000,Rejected,Corporate Card
EXP0000662,DEP007,2022-09-04,Salary,Phạm Và Đối Tác Công Ty Cổ Phần,Bạn giống để cho làm mà cũng tại.,299817000,Approved,Corporate Card
EXP0000663,DEP010,2023-05-15,Office Supplies,Đặng Hoàng Công Ty Trách Nhiệm Hữu Hạn,Tại đó nếu bạn.,21398000,Pending,Cash
EXP0000664,DEP015,2022-07-12,Office Supplies,Lê Trần Công Ty Tnhh Mtv,Trong từng hoặc có theo.,20339000,Rejected,Bank Transfer
EXP0000665,DEP001,2022-02-20,Office Supplies,Nguyễn Và Vũ Doanh Nghiệp Tư Nhân,Từ nơi khi từ.,21760000,Rejected,Bank Transfer
EXP0000666,DEP012,2022-07-09,Salary,Dương Vũ Công Ty Tnhh Mtv,Dưới để theo như cách dưới người với đang.,752731000,Rejected,Cash
EXP0000667,DEP008,2026-03-05,Research,Mai Tập Đoàn,Đã đã của điều cái thay.,192689000,Pending,Bank Transfer
EXP0000668,DEP010,2024-09-06,Utilities,Lê Trần Công Ty Tnhh Mtv,Và của bạn từ với vì đúng.,30295000,Approved,Bank Transfer
EXP0000669,DEP007,2024-10-30,Equipment,Dương Và Đối Tác Công Ty Trách Nhiệm Hữu Hạn,Đúng như các khi hơn đến thay.,125452000,Rejected,Cash
EXP0000670,DEP006,2023-10-28,Utilities,Đặng Và Đối Tác Tập Đoàn,Chỉ nào như để chưa sau mà đến của.,31197000,Rejected,Corporate Card
EXP0000671,DEP019,2023-04-20,Utilities,Mai Và Mai Công Ty Hợp Danh,Từ các nhưng cách.,29789000,Pending,Cash
EXP0000672,DEP008,2026-04-25,Salary,Vũ Lê Tập Đoàn,Khi cũng với sẽ khiến.,979432000,Approved,Cash
EXP0000673,DEP019,2025-10-14,Utilities,Mai Trần Công Ty Tnhh Mtv,Cách và chỉ tự điều như.,41390000,Pending,Bank Transfer
EXP0000674,DEP009,2026-06-03,Salary,Phạm Và Đối Tác Công Ty Tnhh,Thì số để cũng có được thay hơn đúng.,423091000,Pending,Cash
EXP0000675,DEP019,2025-11-26,Research,Nguyễn Đặng Tập Đoàn,Làm đó hơn tự.,353904000,Pending,Bank Transfer
EXP0000676,DEP007,2023-02-02,Research,Bùi Và Đối Tác Tập Đoàn,Nhiều dưới của đó chỉ dưới để.,160445000,Rejected,Bank Transfer
EXP0000677,DEP010,2022-09-25,Maintenance,Dương Và Đối Tác Công Ty Hợp Danh,Người điều như với nếu được.,83912000,Rejected,Cash
EXP0000678,DEP011,2024-04-25,Maintenance,Phạm Dương Tập Đoàn,Không vẫn từ nơi với.,133628000,Pending,Cash
EXP0000679,DEP013,2025-01-21,Marketing,Bùi Và Dương Công Ty Tnhh,Thế để nhưng làm thế chỉ tại.,16340000,Rejected,Cash
EXP0000680,DEP014,2023-10-28,Equipment,Dương Và Vũ Công Ty Tnhh,Với bạn thì trong lớn lớn của.,93160000,Rejected,Corporate Card
EXP0000681,DEP016,2022-11-25,Equipment,Hoàng Và Đối Tác Doanh Nghiệp Tư Nhân,Có về như hoặc có đi.,337749000,Pending,Bank Transfer
EXP0000682,DEP016,2022-01-21,Salary,Đặng Và Đối Tác Công Ty Tnhh,Như cách và hoặc vẫn tại là đi bạn.,678212000,Approved,Cash
EXP0000683,DEP003,2023-05-22,Utilities,Đặng Và Đối Tác Công Ty Trách Nhiệm Hữu Hạn,Giữa là nhiều thế mỗi như lớn để.,66407000,Rejected,Corporate Card
EXP0000684,DEP014,2023-11-27,Equipment,Trần Công Ty Tnhh,Cho nhưng lớn các bên vì của từ nơi.,292770000,Pending,Corporate Card
EXP0000685,DEP013,2026-03-01,Utilities,Hoàng Và Đối Tác Công Ty Cổ Phần,Cho vậy cũng theo chưa cái.,98815000,Pending,Bank Transfer
EXP0000686,DEP010,2024-04-28,Scholarship,Mai Và Nguyễn Công Ty Cổ Phần,Từng của tôi có cũng khi từ cái.,86566000,Rejected,Corporate Card
EXP0000687,DEP009,2022-10-19,Research,Bùi Và Mai Công Ty Tnhh Mtv,Đó chỉ sẽ được một là.,331489000,Pending,Bank Transfer
EXP0000688,DEP003,2023-03-26,Research,Phạm Công Ty Trách Nhiệm Hữu Hạn,Điều thế này bên vài sẽ.,485534000,Approved,Bank Transfer
EXP0000689,DEP012,2023-08-08,Office Supplies,Trần Công Ty Hợp Danh,Đó nếu của hoặc là lớn đi đó.,6738000,Rejected,Cash
EXP0000690,DEP011,2023-05-21,Equipment,Đặng Và Phạm Công Ty Cổ Phần,Từng người theo giống của rất.,59432000,Pending,Cash
EXP0000691,DEP009,2024-10-26,Research,Mai Và Mai Doanh Nghiệp Tư Nhân,Đã với với đi thế.,315779000,Pending,Cash
EXP0000692,DEP017,2023-12-25,Research,Mai Và Đối Tác Công Ty Tnhh Mtv,Thay tôi được vậy.,308441000,Pending,Cash
EXP0000693,DEP001,2024-12-29,Maintenance,Hoàng Công Ty Cổ Phần,Vậy của đó gần của đó giữa.,118671000,Approved,Cash
EXP0000694,DEP004,2024-10-24,Equipment,Đặng Và Đối Tác Công Ty Hợp Danh,Người tại số trong sẽ mà khiến.,48854000,Rejected,Cash
EXP0000695,DEP017,2024-03-18,Salary,Lê Và Đối Tác Công Ty Tnhh Mtv,Các số theo để để tại giữa giống cách.,493711000,Rejected,Corporate Card
EXP0000696,DEP008,2023-12-04,Marketing,Phạm Và Đối Tác Doanh Nghiệp Tư Nhân,Chưa bên khiến nhiều cách.,118858000,Approved,Cash
EXP0000697,DEP004,2024-06-22,Utilities,Phạm Công Ty Tnhh Mtv,Đang sau được của được để.,37087000,Rejected,Cash
EXP0000698,DEP015,2022-06-21,Research,Trần Và Đối Tác Tập Đoàn,Hơn đã sau gần.,62501000,Rejected,Bank Transfer
EXP0000699,DEP005,2022-01-05,Marketing,Bùi Công Ty Hợp Danh,Tôi nơi điều các một đó.,47782000,Rejected,Bank Transfer
EXP0000700,DEP003,2023-04-28,Marketing,Bùi Đặng Công Ty Cổ Phần,Của tôi trong tại thế lớn các đúng.,95321000,Approved,Corporate Card
EXP0000701,DEP020,2025-09-10,Maintenance,Bùi Và Đặng Công Ty Cổ Phần,Hơn đó đang rất cũng chưa.,95315000,Rejected,Corporate Card
EXP0000702,DEP002,2023-11-10,Research,Đặng Doanh Nghiệp Tư Nhân,Trong đang số rất.,70024000,Rejected,Cash
EXP0000703,DEP006,2022-03-17,Equipment,Lê Bùi Công Ty Tnhh Mtv,Đã nhưng vài lớn vài chưa.,228990000,Approved,Bank Transfer
EXP0000704,DEP018,2022-03-22,Marketing,Dương Trần Công Ty Tnhh Mtv,Đến như đó lớn để đến theo từ như.,144359000,Rejected,Corporate Card
EXP0000705,DEP008,2025-06-29,Maintenance,Mai Và Trần Công Ty Trách Nhiệm Hữu Hạn,Chỉ hơn vậy hoặc như thay.,45111000,Approved,Cash
EXP0000706,DEP012,2025-08-29,Maintenance,Dương Và Đối Tác Công Ty Hợp Danh,Hơn nơi không tại cũng cũng sau để để.,143246000,Pending,Cash
EXP0000707,DEP009,2022-10-21,Research,Nguyễn Doanh Nghiệp Tư Nhân,Để cũng chưa vậy như nhiều rất.,246473000,Pending,Corporate Card
EXP0000708,DEP012,2026-03-14,Utilities,Trần Và Nguyễn Công Ty Cổ Phần,Giữa của hơn gần cho điều giống đi.,47982000,Pending,Bank Transfer
EXP0000709,DEP011,2024-11-14,Office Supplies,Đặng Tập Đoàn,Một tự về thì số có như các.,28045000,Rejected,Corporate Card
EXP0000710,DEP014,2024-04-06,Salary,Trần Và Đối Tác Công Ty Cổ Phần,Được được vậy trong cho làm.,829483000,Approved,Cash
EXP0000711,DEP011,2024-11-02,Scholarship,Nguyễn Và Đối Tác Công Ty Hợp Danh,Thì của về được cách.,212918000,Approved,Bank Transfer
EXP0000712,DEP014,2022-08-08,Salary,Mai Và Dương Công Ty Hợp Danh,Cái gần cách chỉ từ như là như vài.,688767000,Pending,Corporate Card
EXP0000713,DEP004,2023-11-21,Office Supplies,Lê Mai Công Ty Cổ Phần,Cách lớn và thì các sẽ.,10571000,Approved,Cash
EXP0000714,DEP004,2024-06-30,Utilities,Bùi Và Đối Tác Doanh Nghiệp Tư Nhân,Giống như số làm gần nếu cũng.,75823000,Pending,Cash
EXP0000715,DEP013,2022-02-11,Office Supplies,Trần Tập Đoàn,Rất số trong nếu.,22912000,Rejected,Corporate Card
EXP0000716,DEP007,2022-12-01,Research,Mai Và Đối Tác Tập Đoàn,Có chưa tôi có.,371739000,Rejected,Cash
EXP0000717,DEP015,2022-05-11,Office Supplies,Bùi Và Đối Tác Công Ty Trách Nhiệm Hữu Hạn,Trong như như tự.,23549000,Approved,Corporate Card
EXP0000718,DEP010,2025-04-29,Maintenance,Dương Đặng Công Ty Cổ Phần,Như như rất từ thay chưa.,38319000,Rejected,Bank Transfer
EXP0000719,DEP003,2023-02-25,Office Supplies,Nguyễn Và Đối Tác Công Ty Tnhh Mtv,Như sẽ nếu đang.,3581000,Pending,Bank Transfer
EXP0000720,DEP002,2023-01-20,Salary,Dương Công Ty Tnhh,Đó nếu trong bạn nếu có.,476957000,Rejected,Cash
EXP0000721,DEP007,2022-07-28,Marketing,Mai Công Ty Tnhh,Mà để làm cho làm nhiều tại như mỗi.,76950000,Approved,Bank Transfer
EXP0000722,DEP018,2024-04-23,Maintenance,Vũ Công Ty Tnhh,Mà nào nơi một với giữa mỗi nếu với.,107137000,Rejected,Bank Transfer
EXP0000723,DEP013,2024-07-25,Salary,Dương Hoàng Doanh Nghiệp Tư Nhân,Cũng tại tại để làm các.,209613000,Pending,Cash
EXP0000724,DEP020,2025-07-16,Utilities,Nguyễn Và Phạm Công Ty Tnhh,Một có vậy số một để tại.,51579000,Pending,Cash
EXP0000725,DEP001,2022-09-01,Salary,Dương Và Dương Công Ty Tnhh,Tại làm giống của là tại cái.,648294000,Approved,Corporate Card
EXP0000726,DEP008,2025-07-09,Office Supplies,Đặng Công Ty Tnhh Mtv,Làm đó từ tôi lớn.,5172000,Approved,Bank Transfer
EXP0000727,DEP013,2023-02-06,Maintenance,Đặng Phạm Công Ty Hợp Danh,Có dưới như vẫn giống.,18496000,Rejected,Bank Transfer
EXP0000728,DEP011,2023-10-02,Salary,Dương Phạm Công Ty Hợp Danh,Vì để vì chỉ từng.,846418000,Pending,Bank Transfer
EXP0000729,DEP003,2026-05-29,Salary,Mai Trần Doanh Nghiệp Tư Nhân,Tại thế vì không.,638906000,Approved,Bank Transfer
EXP0000730,DEP005,2022-11-02,Office Supplies,Vũ Và Hoàng Doanh Nghiệp Tư Nhân,Cách từ đến một để.,10378000,Approved,Bank Transfer
EXP0000731,DEP010,2025-07-30,Marketing,Trần Và Đối Tác Công Ty Cổ Phần,Này đang hơn của.,118398000,Pending,Cash
EXP0000732,DEP002,2023-08-10,Equipment,Nguyễn Và Dương Công Ty Cổ Phần,Được bên thế từng về cách như.,290814000,Rejected,Bank Transfer
EXP0000733,DEP008,2022-12-08,Office Supplies,Vũ Và Nguyễn Công Ty Tnhh Mtv,Trong vẫn có đã tự rất điều tôi.,14995000,Pending,Bank Transfer
EXP0000734,DEP006,2023-07-19,Office Supplies,Phạm Doanh Nghiệp Tư Nhân,Các tại về tại trong giữa.,13125000,Approved,Cash
EXP0000735,DEP007,2022-01-06,Marketing,Dương Mai Công Ty Tnhh,Có đã cái chưa thay nào này vì.,68325000,Pending,Cash
EXP0000736,DEP016,2024-11-11,Marketing,Mai Và Đối Tác Công Ty Hợp Danh,Có một bên thay từ nhưng khi.,175693000,Pending,Cash
EXP0000737,DEP013,2025-10-25,Scholarship,Đặng Đặng Công Ty Cổ Phần,Nào giữa bên từng có đúng để làm đúng.,22398000,Approved,Corporate Card
EXP0000738,DEP014,2025-02-17,Maintenance,Bùi Nguyễn Công Ty Hợp Danh,Lớn không là cũng.,59503000,Rejected,Cash
EXP0000739,DEP017,2024-07-01,Maintenance,Lê Doanh Nghiệp Tư Nhân,Dưới người cái khi trong.,139393000,Approved,Cash
EXP0000740,DEP002,2024-07-29,Utilities,Trần Và Đối Tác Công Ty Cổ Phần,Sau chỉ mà các làm giống dưới để.,42678000,Pending,Bank Transfer
EXP0000741,DEP014,2022-10-14,Marketing,Hoàng Và Đối Tác Công Ty Trách Nhiệm Hữu Hạn,Rất từng nào cũng trong tại một mà.,109397000,Rejected,Bank Transfer
EXP0000742,DEP012,2024-07-10,Utilities,Vũ Và Vũ Tập Đoàn,Tôi của tự mà theo.,84493000,Approved,Bank Transfer
EXP0000743,DEP011,2023-07-24,Utilities,Đặng Công Ty Tnhh Mtv,Vẫn này thế chưa đang trong rất tự.,61264000,Pending,Corporate Card
EXP0000744,DEP005,2023-07-06,Utilities,Dương Công Ty Cổ Phần,Nhiều cách đi gần để là.,57330000,Approved,Cash
EXP0000745,DEP017,2024-08-12,Office Supplies,Vũ Và Đặng Công Ty Tnhh,Số đó đến tự mỗi dưới điều.,3620000,Pending,Cash
EXP0000746,DEP016,2023-06-04,Utilities,Dương Và Đối Tác Công Ty Trách Nhiệm Hữu Hạn,Hoặc đi để trong chưa để đến bạn với.,20126000,Approved,Bank Transfer
EXP0000747,DEP019,2022-08-13,Scholarship,Mai Và Phạm Doanh Nghiệp Tư Nhân,Nhưng nào đã mà.,270718000,Approved,Corporate Card
EXP0000748,DEP003,2022-10-11,Research,Vũ Và Đặng Tập Đoàn,Gần với khiến mỗi một này đã.,74224000,Pending,Cash
EXP0000749,DEP017,2022-12-26,Maintenance,Hoàng Và Đối Tác Công Ty Tnhh Mtv,Đang gần rất nơi.,134128000,Approved,Bank Transfer
EXP0000750,DEP006,2024-04-03,Scholarship,Vũ Nguyễn Doanh Nghiệp Tư Nhân,Nhưng số theo khiến điều nhiều bạn vài.,247167000,Rejected,Corporate Card
EXP0000751,DEP011,2024-07-15,Research,Nguyễn Công Ty Tnhh Mtv,Có vì vậy thay của này các nhiều từ.,262315000,Rejected,Corporate Card
EXP0000752,DEP001,2023-04-01,Scholarship,Nguyễn Đặng Công Ty Cổ Phần,Sau bạn tôi tại.,151964000,Rejected,Bank Transfer
EXP0000753,DEP015,2022-10-09,Marketing,Trần Và Đặng Công Ty Tnhh Mtv,Bạn tôi nào chưa mỗi tại lớn bên cái.,44423000,Pending,Cash
EXP0000754,DEP013,2026-03-28,Equipment,Trần Và Đối Tác Công Ty Hợp Danh,Đã với không từ.,364832000,Rejected,Corporate Card
EXP0000755,DEP004,2023-04-20,Marketing,Lê Và Đối Tác Công Ty Trách Nhiệm Hữu Hạn,Như có làm với mà từ.,91462000,Approved,Cash
EXP0000756,DEP008,2026-06-17,Scholarship,Nguyễn Doanh Nghiệp Tư Nhân,Nơi làm như gần.,183350000,Pending,Cash
EXP0000757,DEP019,2022-08-26,Office Supplies,Hoàng Phạm Công Ty Tnhh Mtv,Như về người cho đó các từ có bên.,18466000,Pending,Cash
EXP0000758,DEP009,2023-10-03,Maintenance,Bùi Và Đối Tác Công Ty Trách Nhiệm Hữu Hạn,Đi trong làm mà.,53309000,Rejected,Cash
EXP0000759,DEP006,2025-10-28,Utilities,Vũ Lê Công Ty Tnhh Mtv,Như thế cách tự để nhiều hoặc giữa theo.,80270000,Approved,Corporate Card
EXP0000760,DEP020,2025-05-27,Marketing,Bùi Và Vũ Công Ty Trách Nhiệm Hữu Hạn,Đó điều tự để.,79589000,Approved,Bank Transfer
EXP0000761,DEP008,2024-06-26,Office Supplies,Mai Và Đối Tác Công Ty Hợp Danh,Gần số có thế như đó vẫn.,27070000,Approved,Cash
EXP0000762,DEP010,2022-06-27,Scholarship,Nguyễn Và Vũ Công Ty Trách Nhiệm Hữu Hạn,Từ một nếu từ người nếu từ.,144934000,Rejected,Bank Transfer
EXP0000763,DEP008,2022-10-29,Utilities,Vũ Và Vũ Công Ty Tnhh Mtv,Như khi trong với đã hơn.,99107000,Rejected,Bank Transfer
EXP0000764,DEP009,2024-09-11,Salary,Hoàng Trần Công Ty Tnhh Mtv,Tại giữa trong vài thì bên đã cái nơi.,443137000,Pending,Bank Transfer
EXP0000765,DEP016,2025-09-05,Marketing,Đặng Công Ty Hợp Danh,Của mà đó hoặc tôi này.,181575000,Approved,Corporate Card
EXP0000766,DEP011,2024-01-15,Marketing,Bùi Doanh Nghiệp Tư Nhân,Với thế nơi cách với.,48746000,Rejected,Cash
EXP0000767,DEP008,2024-02-12,Maintenance,Trần Và Vũ Công Ty Trách Nhiệm Hữu Hạn,Từ với thì bạn bạn.,147604000,Pending,Cash
EXP0000768,DEP003,2026-03-01,Utilities,Vũ Hoàng Công Ty Hợp Danh,Đã từng giữa được.,45374000,Rejected,Corporate Card
EXP0000769,DEP011,2024-06-06,Office Supplies,Đặng Hoàng Tập Đoàn,Chưa gần này một như.,9667000,Approved,Cash
EXP0000770,DEP018,2022-04-10,Utilities,Nguyễn Doanh Nghiệp Tư Nhân,Tôi cách làm và của không trong theo.,11912000,Pending,Cash
EXP0000771,DEP020,2025-02-12,Scholarship,Đặng Doanh Nghiệp Tư Nhân,Như và thì từng cách tự.,22482000,Rejected,Corporate Card
EXP0000772,DEP003,2026-04-10,Scholarship,Hoàng Và Dương Công Ty Cổ Phần,Giữa như tôi cũng của là cũng tại.,157233000,Rejected,Bank Transfer
EXP0000773,DEP010,2024-06-13,Utilities,Vũ Đặng Công Ty Tnhh Mtv,Đó này thay đã số thay và làm cái.,84029000,Approved,Cash
EXP0000774,DEP017,2024-09-17,Salary,Bùi Và Đối Tác Công Ty Trách Nhiệm Hữu Hạn,Là sẽ có dưới tôi.,635068000,Rejected,Corporate Card
EXP0000775,DEP018,2024-01-16,Scholarship,Nguyễn Công Ty Tnhh Mtv,Vì cũng đúng có hơn như bạn tự.,208783000,Rejected,Bank Transfer
EXP0000776,DEP004,2026-02-15,Maintenance,Phạm Và Nguyễn Tập Đoàn,Tôi cho lớn cũng giống để để.,128753000,Rejected,Corporate Card
EXP0000777,DEP007,2026-01-31,Office Supplies,Dương Dương Công Ty Hợp Danh,Hơn cũng như tại.,26512000,Approved,Cash
EXP0000778,DEP003,2025-03-28,Scholarship,Đặng Lê Công Ty Tnhh,Dưới đi tại dưới thế đã chưa.,47207000,Approved,Cash
EXP0000779,DEP001,2022-01-31,Office Supplies,Dương Và Bùi Công Ty Trách Nhiệm Hữu Hạn,Tôi nơi hơn hơn được của tự.,18044000,Approved,Bank Transfer
EXP0000780,DEP003,2025-08-26,Scholarship,Phạm Và Trần Công Ty Trách Nhiệm Hữu Hạn,Bên hoặc lớn và từ gần để như.,194970000,Pending,Bank Transfer
EXP0000781,DEP005,2023-12-15,Office Supplies,Bùi Và Bùi Công Ty Cổ Phần,Đi cũng đã từ mỗi giống để lớn.,28918000,Approved,Bank Transfer
EXP0000782,DEP006,2022-01-27,Equipment,Trần Và Đối Tác Tập Đoàn,Cái như và như mỗi như như như từ.,301719000,Rejected,Bank Transfer
EXP0000783,DEP016,2025-12-23,Office Supplies,Bùi Và Nguyễn Công Ty Cổ Phần,Để được cũng nhưng cho từ người để như.,20702000,Pending,Cash
EXP0000784,DEP003,2026-02-01,Utilities,Vũ Và Đối Tác Công Ty Trách Nhiệm Hữu Hạn,Vẫn đó hơn có tự mà vẫn cũng.,51126000,Pending,Corporate Card
EXP0000785,DEP011,2026-06-21,Utilities,Bùi Nguyễn Công Ty Hợp Danh,Đến và đi các trong để số.,11950000,Rejected,Cash
EXP0000786,DEP009,2022-08-19,Marketing,Hoàng Doanh Nghiệp Tư Nhân,Tại đến là sẽ sẽ.,149591000,Pending,Bank Transfer
EXP0000787,DEP006,2022-05-17,Office Supplies,Phạm Công Ty Tnhh Mtv,Giống nào để cách.,29849000,Rejected,Cash
EXP0000788,DEP005,2026-02-02,Salary,Nguyễn Và Đối Tác Doanh Nghiệp Tư Nhân,Đó bạn tôi trong hơn.,987457000,Rejected,Bank Transfer
EXP0000789,DEP011,2022-12-28,Scholarship,Trần Bùi Công Ty Tnhh,Một đã từ mỗi dưới các trong từ.,215727000,Rejected,Corporate Card
EXP0000790,DEP016,2023-08-02,Scholarship,Lê Và Hoàng Công Ty Tnhh,Hơn người giống theo đang.,220108000,Approved,Corporate Card
EXP0000791,DEP005,2025-08-24,Equipment,Hoàng Và Đối Tác Công Ty Hợp Danh,Cái và tại lớn không từng bên thì để.,224501000,Rejected,Cash
EXP0000792,DEP018,2026-06-02,Utilities,Vũ Công Ty Cổ Phần,Hơn đã gần nơi sẽ thì hoặc nào như.,49331000,Approved,Cash
EXP0000793,DEP004,2022-12-07,Maintenance,Lê Công Ty Tnhh,Đã nhưng với với cho trong.,38260000,Approved,Bank Transfer
EXP0000794,DEP017,2023-12-25,Maintenance,Trần Đặng Công Ty Tnhh,Cũng tại của để dưới gần tại mà không.,32339000,Pending,Cash
EXP0000795,DEP002,2024-08-19,Research,Lê Và Đối Tác Công Ty Cổ Phần,Có với không khi khiến từ vẫn.,202991000,Approved,Bank Transfer
EXP0000796,DEP012,2026-02-03,Equipment,Hoàng Công Ty Trách Nhiệm Hữu Hạn,Khi cũng giống về của cái nếu.,88282000,Pending,Corporate Card
EXP0000797,DEP018,2023-11-06,Equipment,Mai Phạm Công Ty Tnhh Mtv,Vẫn như từng chưa với.,53908000,Rejected,Cash
EXP0000798,DEP010,2024-03-08,Marketing,Hoàng Công Ty Tnhh,Đang số để với số giữa như vẫn của.,91288000,Approved,Cash
EXP0000799,DEP015,2023-02-05,Maintenance,Mai Tập Đoàn,Với khi của để vài sẽ về.,17490000,Rejected,Cash
EXP0000800,DEP012,2023-09-17,Maintenance,Trần Và Bùi Công Ty Tnhh Mtv,Cũng từng nếu tại rất số đúng đi.,74825000,Approved,Cash
EXP0000801,DEP002,2022-07-20,Utilities,Hoàng Lê Công Ty Tnhh,Với để cũng hơn mỗi số giữa trong.,71468000,Approved,Cash
EXP0000802,DEP014,2025-10-10,Equipment,Đặng Phạm Doanh Nghiệp Tư Nhân,Hoặc vài đi là của nhưng thay.,193150000,Rejected,Cash
EXP0000803,DEP020,2024-03-01,Maintenance,Lê Và Đối Tác Công Ty Tnhh,Thì hơn nhiều hơn.,92767000,Rejected,Bank Transfer
EXP0000804,DEP012,2026-07-31,Equipment,Vũ Và Đối Tác Tập Đoàn,Thay và khiến bạn số.,318194000,Approved,Cash
EXP0000805,DEP017,2024-05-14,Salary,Bùi Và Đối Tác Doanh Nghiệp Tư Nhân,Đã như thế rất.,411067000,Rejected,Corporate Card
EXP0000806,DEP011,2023-04-10,Office Supplies,Nguyễn Công Ty Tnhh,Tự để hơn lớn hơn.,2430000,Approved,Cash
EXP0000807,DEP009,2025-03-04,Marketing,Đặng Và Nguyễn Công Ty Trách Nhiệm Hữu Hạn,Các chỉ bạn điều nhưng.,75125000,Approved,Corporate Card
EXP0000808,DEP015,2024-07-04,Marketing,Đặng Và Mai Công Ty Tnhh,Một hơn của nhiều với tại có.,124098000,Approved,Cash
EXP0000809,DEP017,2023-07-21,Scholarship,Phạm Và Đối Tác Tập Đoàn,Cách đang như với đã để nơi.,247681000,Pending,Corporate Card
EXP0000810,DEP015,2026-05-24,Utilities,Phạm Hoàng Tập Đoàn,Một để để khiến với chỉ chưa số là.,42053000,Rejected,Bank Transfer
EXP0000811,DEP015,2025-03-31,Marketing,Mai Nguyễn Công Ty Tnhh Mtv,Đã để trong với tại.,48114000,Approved,Corporate Card
EXP0000812,DEP017,2023-05-06,Equipment,Đặng Và Nguyễn Công Ty Tnhh Mtv,Cho tại một đúng khiến đang từ.,290965000,Approved,Bank Transfer
EXP0000813,DEP020,2026-06-26,Utilities,Vũ Tập Đoàn,Khi sau bạn như mỗi như khiến cũng mà.,81909000,Approved,Bank Transfer
EXP0000814,DEP020,2026-01-01,Equipment,Vũ Tập Đoàn,Thế không trong giữa cái cũng chưa.,66691000,Rejected,Corporate Card
EXP0000815,DEP020,2023-10-11,Utilities,Đặng Doanh Nghiệp Tư Nhân,Bên nhiều về tự khi sẽ.,84249000,Rejected,Corporate Card
EXP0000816,DEP003,2024-05-13,Scholarship,Vũ Bùi Công Ty Tnhh,Vài của để chưa các tôi.,26464000,Rejected,Cash
EXP0000817,DEP018,2023-10-28,Marketing,Vũ Và Đối Tác Công Ty Cổ Phần,Hoặc của hơn thay sau hơn như trong.,43297000,Pending,Corporate Card
EXP0000818,DEP016,2023-06-06,Equipment,Vũ Và Hoàng Công Ty Cổ Phần,Với tự theo vì tôi các hơn từ cái.,129964000,Pending,Bank Transfer
EXP0000819,DEP012,2023-11-19,Maintenance,Hoàng Và Phạm Công Ty Hợp Danh,Thay vậy đi cũng người với nhưng nếu cho.,117219000,Pending,Cash
EXP0000820,DEP020,2022-11-15,Office Supplies,Mai Và Đối Tác Công Ty Hợp Danh,Sẽ cái vẫn đang số cũng.,6962000,Approved,Bank Transfer
EXP0000821,DEP009,2025-07-18,Office Supplies,Mai Và Đối Tác Công Ty Tnhh,Khiến sẽ như đã đúng nhưng như.,16081000,Pending,Corporate Card
EXP0000822,DEP001,2025-09-28,Office Supplies,Trần Và Mai Công Ty Cổ Phần,Như sau giống dưới.,7959000,Pending,Bank Transfer
EXP0000823,DEP019,2024-02-01,Equipment,Đặng Và Đối Tác Công Ty Trách Nhiệm Hữu Hạn,Tôi tại lớn trong.,91490000,Pending,Corporate Card
EXP0000824,DEP008,2024-01-13,Scholarship,Lê Và Đối Tác Tập Đoàn,Các đã thì nơi làm một.,110942000,Approved,Bank Transfer
EXP0000825,DEP010,2023-08-26,Scholarship,Dương Trần Doanh Nghiệp Tư Nhân,Rất sau là tại giống.,157398000,Rejected,Corporate Card
EXP0000826,DEP005,2026-07-28,Utilities,Dương Đặng Công Ty Hợp Danh,Hơn sau sẽ cái từng.,53339000,Approved,Corporate Card
EXP0000827,DEP020,2022-01-04,Office Supplies,Vũ Và Đối Tác Công Ty Trách Nhiệm Hữu Hạn,Cho không từ đã chưa tôi nếu điều như.,8290000,Approved,Bank Transfer
EXP0000828,DEP008,2025-07-03,Maintenance,Mai Nguyễn Tập Đoàn,Giữa giữa từ chỉ nào từng.,34081000,Approved,Bank Transfer
EXP0000829,DEP017,2025-10-07,Utilities,Dương Và Bùi Doanh Nghiệp Tư Nhân,Để có cách chưa rất từng.,8332000,Rejected,Cash
EXP0000830,DEP011,2026-03-29,Utilities,Đặng Và Đối Tác Công Ty Trách Nhiệm Hữu Hạn,Như vậy hoặc khi làm vài bên sau.,62406000,Rejected,Bank Transfer
EXP0000831,DEP020,2025-02-09,Maintenance,Nguyễn Và Đối Tác Tập Đoàn,Vậy được nếu như.,147654000,Rejected,Bank Transfer
EXP0000832,DEP017,2026-06-05,Equipment,Vũ Và Đối Tác Công Ty Tnhh,Nơi là của để với các người của.,398210000,Approved,Cash
EXP0000833,DEP004,2022-09-29,Maintenance,Mai Và Đối Tác Doanh Nghiệp Tư Nhân,Nơi như như với được để.,59798000,Rejected,Bank Transfer
EXP0000834,DEP015,2022-08-04,Equipment,Trần Doanh Nghiệp Tư Nhân,Không sẽ nhưng nơi như đang này.,165755000,Pending,Cash
EXP0000835,DEP008,2022-07-29,Salary,Hoàng Công Ty Cổ Phần,Là như sau số thay đúng như của như.,525803000,Rejected,Bank Transfer
EXP0000836,DEP004,2024-06-11,Salary,Mai Và Đối Tác Công Ty Trách Nhiệm Hữu Hạn,Mà tại cái bên với của.,814314000,Pending,Corporate Card
EXP0000837,DEP016,2024-07-30,Equipment,Vũ Công Ty Tnhh Mtv,Trong như được đúng như đi.,333455000,Rejected,Corporate Card
EXP0000838,DEP013,2024-08-20,Research,Phạm Công Ty Tnhh Mtv,Thế tôi cách để về nơi về cho.,455615000,Pending,Cash
EXP0000839,DEP018,2025-01-05,Salary,Lê Và Lê Công Ty Hợp Danh,Nào tại sẽ của bạn.,670735000,Pending,Bank Transfer
EXP0000840,DEP007,2022-11-24,Marketing,Dương Công Ty Hợp Danh,Vì có khi vài được hơn như về.,178544000,Approved,Corporate Card
EXP0000841,DEP009,2023-08-12,Equipment,Lê Và Hoàng Doanh Nghiệp Tư Nhân,Dưới nơi số để đang như nếu như nào.,313587000,Rejected,Corporate Card
EXP0000842,DEP020,2022-11-14,Research,Hoàng Vũ Công Ty Cổ Phần,Đó như vì có có tại tôi hơn cho.,119486000,Rejected,Corporate Card
EXP0000843,DEP017,2025-12-25,Research,Dương Tập Đoàn,Như trong thế cũng cái một theo.,296352000,Rejected,Bank Transfer
EXP0000844,DEP012,2024-10-22,Equipment,Lê Trần Tập Đoàn,Giống nào đã theo làm.,275429000,Rejected,Corporate Card
EXP0000845,DEP015,2026-07-11,Scholarship,Bùi Và Vũ Doanh Nghiệp Tư Nhân,Thế như nhiều không để như khiến nếu.,32027000,Rejected,Cash
EXP0000846,DEP002,2025-07-25,Maintenance,Hoàng Và Đối Tác Công Ty Hợp Danh,Từng thế như đến nhưng.,12978000,Rejected,Bank Transfer
EXP0000847,DEP007,2023-09-02,Scholarship,Lê Công Ty Tnhh,Dưới cũng sau để được thay.,218521000,Rejected,Corporate Card
EXP0000848,DEP016,2023-02-14,Utilities,Đặng Công Ty Tnhh,Chỉ số của của đúng nơi tự.,62679000,Pending,Cash
EXP0000849,DEP006,2024-05-11,Marketing,Dương Và Đối Tác Tập Đoàn,Giống như mà bên.,38035000,Approved,Corporate Card
EXP0000850,DEP020,2022-11-18,Maintenance,Dương Công Ty Cổ Phần,Nào gần bạn trong.,68186000,Rejected,Corporate Card
EXP0000851,DEP017,2022-05-02,Salary,Trần Công Ty Hợp Danh,Từ của đang nào đúng hơn giữa.,779496000,Approved,Cash
EXP0000852,DEP018,2022-07-13,Equipment,Bùi Công Ty Hợp Danh,Để nếu thay lớn sau về.,274323000,Approved,Corporate Card
EXP0000853,DEP007,2023-05-07,Scholarship,Nguyễn Vũ Công Ty Hợp Danh,Khiến này dưới đã.,142231000,Approved,Bank Transfer
EXP0000854,DEP012,2024-04-26,Maintenance,Trần Nguyễn Công Ty Tnhh Mtv,Tôi bên của đi điều nhưng cho tại.,107493000,Rejected,Corporate Card
EXP0000855,DEP011,2024-04-29,Salary,Đặng Công Ty Tnhh Mtv,Từng chỉ có chỉ bạn vài.,313329000,Rejected,Cash
EXP0000856,DEP013,2022-08-16,Salary,Phạm Và Mai Công Ty Tnhh Mtv,Giống số như như bạn trong.,366600000,Rejected,Corporate Card
EXP0000857,DEP003,2024-06-19,Research,Hoàng Hoàng Công Ty Tnhh Mtv,Dưới có nhiều cách của.,380018000,Rejected,Cash
EXP0000858,DEP009,2025-08-12,Marketing,Dương Và Bùi Công Ty Tnhh,Từng đến vậy của đang từ lớn dưới.,196848000,Rejected,Bank Transfer
EXP0000859,DEP008,2025-03-02,Office Supplies,Hoàng Nguyễn Công Ty Tnhh Mtv,Giữa được hoặc nhiều giữa đã.,20637000,Approved,Cash
EXP0000860,DEP003,2023-08-24,Scholarship,Lê Và Đối Tác Công Ty Trách Nhiệm Hữu Hạn,Có như của như của.,269503000,Rejected,Cash
EXP0000861,DEP005,2022-11-03,Office Supplies,Bùi Và Đối Tác Doanh Nghiệp Tư Nhân,Nào để chưa cách chỉ để có.,2340000,Approved,Cash
EXP0000862,DEP011,2024-08-27,Marketing,Dương Và Nguyễn Tập Đoàn,Nhưng mà được làm có của rất.,75869000,Pending,Corporate Card
EXP0000863,DEP019,2022-08-19,Scholarship,Vũ Và Đối Tác Công Ty Trách Nhiệm Hữu Hạn,Vậy làm làm như tự từ dưới đang.,77292000,Pending,Bank Transfer
EXP0000864,DEP020,2025-09-15,Research,Trần Công Ty Trách Nhiệm Hữu Hạn,Trong như hơn làm thay dưới bên.,27699000,Pending,Corporate Card
EXP0000865,DEP008,2025-08-30,Equipment,Lê Và Nguyễn Công Ty Tnhh,Về nơi của như tự nhiều mà cũng.,360164000,Pending,Bank Transfer
EXP0000866,DEP016,2022-08-31,Equipment,Trần Và Trần Công Ty Trách Nhiệm Hữu Hạn,Các cũng để bạn chưa có làm gần đi.,143560000,Pending,Corporate Card
EXP0000867,DEP017,2025-06-10,Office Supplies,Trần Và Đối Tác Công Ty Tnhh,Là cũng với đang theo để gần từng.,23756000,Approved,Corporate Card
EXP0000868,DEP017,2025-08-18,Utilities,Phạm Và Phạm Công Ty Tnhh Mtv,Của giống sẽ vẫn.,42229000,Pending,Cash
EXP0000869,DEP015,2024-02-16,Research,Nguyễn Dương Công Ty Hợp Danh,Đang bạn với hơn.,347060000,Rejected,Bank Transfer
EXP0000870,DEP014,2022-11-18,Scholarship,Đặng Lê Công Ty Tnhh,Các của trong được đang các bạn hoặc đúng.,105489000,Approved,Bank Transfer
EXP0000871,DEP013,2024-04-25,Research,Trần Tập Đoàn,Để tại của không.,472584000,Pending,Corporate Card
EXP0000872,DEP009,2023-06-05,Salary,Đặng Tập Đoàn,Giống đã người làm của nhưng theo sẽ.,402261000,Approved,Corporate Card
EXP0000873,DEP017,2024-09-16,Research,Phạm Và Đối Tác Công Ty Tnhh,Đã cho điều với như hơn.,74943000,Pending,Cash
EXP0000874,DEP006,2023-11-26,Equipment,Nguyễn Và Đối Tác Công Ty Hợp Danh,Với từng đúng tại và bạn tự.,265318000,Pending,Corporate Card
EXP0000875,DEP014,2025-10-21,Research,Bùi Công Ty Trách Nhiệm Hữu Hạn,Trong trong một đúng với vẫn nơi đi.,80571000,Rejected,Corporate Card
EXP0000876,DEP003,2025-06-30,Scholarship,Nguyễn Và Nguyễn Công Ty Cổ Phần,Từ vài giữa trong như lớn vì điều.,132026000,Rejected,Cash
EXP0000877,DEP001,2024-08-18,Office Supplies,Lê Và Nguyễn Tập Đoàn,Đến cái này chỉ của nếu.,5064000,Pending,Bank Transfer
EXP0000878,DEP016,2025-03-08,Equipment,Vũ Và Trần Công Ty Tnhh Mtv,Có để bên của và.,325634000,Rejected,Bank Transfer
EXP0000879,DEP010,2022-09-12,Research,Vũ Và Trần Công Ty Tnhh,Thì để dưới vì của cũng.,377483000,Approved,Cash
EXP0000880,DEP010,2022-11-04,Salary,Lê Phạm Doanh Nghiệp Tư Nhân,Hơn về như hơn này theo vẫn có giống.,888931000,Pending,Cash
EXP0000881,DEP009,2022-08-10,Office Supplies,Đặng Công Ty Tnhh,Và mỗi số điều khiến rất.,25053000,Approved,Cash
EXP0000882,DEP011,2024-02-11,Scholarship,Bùi Hoàng Tập Đoàn,Gần chưa mà của đã hơn chưa các.,198051000,Pending,Cash
EXP0000883,DEP016,2025-11-07,Research,Dương Doanh Nghiệp Tư Nhân,Giống với gần có hơn.,105478000,Approved,Cash
EXP0000884,DEP004,2025-05-28,Marketing,Nguyễn Công Ty Tnhh Mtv,Với rất sẽ nhiều cách đã hơn bên.,53553000,Rejected,Cash
EXP0000885,DEP004,2024-10-11,Marketing,Mai Mai Công Ty Trách Nhiệm Hữu Hạn,Vẫn đã nào và là.,80352000,Approved,Cash
EXP0000886,DEP015,2025-11-05,Equipment,Dương Đặng Công Ty Tnhh Mtv,Đang trong như thế.,152960000,Approved,Bank Transfer
EXP0000887,DEP015,2022-03-03,Utilities,Phạm Hoàng Công Ty Hợp Danh,Được từ đó vì với để không.,96463000,Approved,Bank Transfer
EXP0000888,DEP005,2024-03-05,Salary,Đặng Và Đối Tác Công Ty Hợp Danh,Của điều chỉ đó đang mỗi.,464613000,Rejected,Cash
EXP0000889,DEP011,2023-05-23,Utilities,Trần Và Đối Tác Công Ty Hợp Danh,Đúng tôi lớn cũng nhưng rất đó từ người.,69852000,Approved,Bank Transfer
EXP0000890,DEP005,2025-10-25,Office Supplies,Bùi Và Đối Tác Công Ty Tnhh,Rất gần lớn người nếu nếu.,9411000,Pending,Cash
EXP0000891,DEP004,2025-04-08,Research,Vũ Công Ty Hợp Danh,Chưa hơn đến mỗi về cũng.,290632000,Pending,Corporate Card
EXP0000892,DEP008,2023-02-10,Office Supplies,Dương Mai Công Ty Tnhh Mtv,Sẽ hơn hơn cách giống rất thì mỗi nào.,7960000,Pending,Bank Transfer
EXP0000893,DEP007,2024-11-06,Research,Vũ Và Đối Tác Công Ty Trách Nhiệm Hữu Hạn,Gần để từ đó như như tự hoặc.,111635000,Approved,Cash
EXP0000894,DEP003,2024-12-02,Marketing,Bùi Đặng Công Ty Tnhh Mtv,Người cái có giống hơn không gần trong đúng.,6316000,Approved,Bank Transfer
EXP0000895,DEP007,2024-12-30,Marketing,Trần Hoàng Công Ty Tnhh Mtv,Cái nếu chưa vẫn sau để như trong dưới.,67182000,Pending,Cash
EXP0000896,DEP019,2024-11-29,Office Supplies,Phạm Và Đối Tác Công Ty Trách Nhiệm Hữu Hạn,Điều dưới đi thì bên.,4600000,Approved,Corporate Card
EXP0000897,DEP012,2025-11-25,Salary,Nguyễn Và Đối Tác Công Ty Trách Nhiệm Hữu Hạn,Có này cũng như để cho.,601176000,Approved,Cash
EXP0000898,DEP017,2023-06-09,Maintenance,Phạm Lê Công Ty Hợp Danh,Vì để nào đến.,56749000,Rejected,Cash
EXP0000899,DEP014,2025-05-31,Marketing,Đặng Vũ Công Ty Hợp Danh,Với nhiều này như cũng mỗi.,109258000,Approved,Cash
EXP0000900,DEP006,2023-01-30,Utilities,Nguyễn Và Mai Doanh Nghiệp Tư Nhân,Nào và của vẫn có thế người được khi.,67562000,Rejected,Cash
EXP0000901,DEP009,2025-11-16,Marketing,Phạm Công Ty Tnhh Mtv,Dưới tại đi cũng.,195768000,Rejected,Cash
EXP0000902,DEP006,2023-02-17,Marketing,Dương Và Mai Công Ty Tnhh,Của để từ có của với mỗi.,29055000,Rejected,Corporate Card
EXP0000903,DEP011,2024-01-11,Equipment,Phạm Đặng Công Ty Trách Nhiệm Hữu Hạn,Lớn một khiến nếu đã nếu vì là trong.,348075000,Rejected,Cash
EXP0000904,DEP019,2023-04-15,Maintenance,Trần Công Ty Hợp Danh,Để đó tại một.,134660000,Pending,Corporate Card
EXP0000905,DEP020,2025-05-30,Maintenance,Dương Và Phạm Doanh Nghiệp Tư Nhân,Từng sẽ sẽ mỗi nơi thay vậy.,137827000,Rejected,Bank Transfer
EXP0000906,DEP010,2024-04-30,Research,Trần Tập Đoàn,Vậy trong cũng cũng của vài không.,113560000,Pending,Bank Transfer
EXP0000907,DEP006,2025-03-31,Utilities,Mai Và Hoàng Doanh Nghiệp Tư Nhân,Từ gần về vậy thì.,88692000,Rejected,Corporate Card
EXP0000908,DEP019,2023-10-28,Equipment,Phạm Và Đối Tác Công Ty Cổ Phần,Giữa gần chưa chỉ có.,240464000,Approved,Corporate Card
EXP0000909,DEP017,2026-07-27,Research,Phạm Doanh Nghiệp Tư Nhân,Đã lớn cũng nhưng hơn nhưng.,228549000,Approved,Cash
EXP0000910,DEP019,2025-04-20,Marketing,Dương Và Phạm Công Ty Tnhh,Được lớn cách từ với lớn từ là.,141897000,Approved,Cash
EXP0000911,DEP007,2022-01-08,Utilities,Dương Và Lê Công Ty Tnhh Mtv,Như thế đến của bạn đúng cách tôi hơn.,22455000,Rejected,Corporate Card
EXP0000912,DEP005,2024-07-13,Scholarship,Trần Công Ty Tnhh,Mỗi số từ từ nhưng hoặc số.,135213000,Pending,Bank Transfer
EXP0000913,DEP013,2024-07-08,Research,Bùi Công Ty Tnhh Mtv,Từ rất vài vẫn vài đến đến.,388325000,Pending,Corporate Card
EXP0000914,DEP013,2023-05-31,Equipment,Vũ Tập Đoàn,Được giống nhưng như sau tại của rất.,399241000,Approved,Cash
EXP0000915,DEP017,2026-02-23,Office Supplies,Mai Công Ty Tnhh Mtv,Nơi thế vẫn về.,29607000,Approved,Bank Transfer
EXP0000916,DEP020,2023-09-09,Equipment,Phạm Tập Đoàn,Để giống đó từng.,217081000,Approved,Corporate Card
EXP0000917,DEP019,2026-02-18,Equipment,Lê Công Ty Tnhh Mtv,Hoặc hoặc sẽ không thay mỗi để tôi này.,378988000,Approved,Bank Transfer
EXP0000918,DEP011,2025-06-29,Office Supplies,Trần Công Ty Hợp Danh,Để giống hơn là tôi cách trong theo.,29667000,Pending,Corporate Card
EXP0000919,DEP016,2022-12-13,Scholarship,Nguyễn Và Đối Tác Công Ty Cổ Phần,Lớn này gần điều các đang để như nếu.,127406000,Pending,Cash
EXP0000920,DEP017,2022-06-26,Equipment,Nguyễn Đặng Công Ty Hợp Danh,Tại trong có dưới dưới có.,30918000,Rejected,Corporate Card
EXP0000921,DEP006,2026-04-24,Research,Đặng Công Ty Tnhh Mtv,Thì được vẫn không không các.,179667000,Approved,Bank Transfer
EXP0000922,DEP001,2025-01-24,Maintenance,Hoàng Công Ty Cổ Phần,Đã như tôi từ có để vì.,71111000,Approved,Corporate Card
EXP0000923,DEP014,2024-10-31,Maintenance,Bùi Doanh Nghiệp Tư Nhân,Giữa đang mà này khiến như.,113520000,Pending,Corporate Card
EXP0000924,DEP014,2026-03-29,Maintenance,Phạm Và Vũ Tập Đoàn,Để các cách như vài.,63819000,Pending,Corporate Card
EXP0000925,DEP006,2024-06-07,Research,Phạm Và Mai Công Ty Tnhh,Mà hoặc không như đã được của cách đi.,23556000,Rejected,Cash
EXP0000926,DEP018,2022-06-05,Research,Dương Công Ty Trách Nhiệm Hữu Hạn,Tại đi như số rất nơi.,172540000,Pending,Cash
EXP0000927,DEP020,2026-03-24,Marketing,Lê Và Đối Tác Công Ty Cổ Phần,Của vậy nhưng là.,99029000,Rejected,Cash
EXP0000928,DEP002,2023-09-13,Research,Nguyễn Và Mai Công Ty Cổ Phần,Đến đã như nhiều từ.,490329000,Pending,Corporate Card
EXP0000929,DEP016,2024-09-27,Equipment,Lê Công Ty Trách Nhiệm Hữu Hạn,Dưới để lớn và các.,11104000,Rejected,Bank Transfer
EXP0000930,DEP010,2024-06-08,Maintenance,Đặng Công Ty Cổ Phần,Với có làm lớn tại trong.,11336000,Pending,Cash
EXP0000931,DEP010,2023-12-31,Office Supplies,Vũ Và Hoàng Tập Đoàn,Để nào nơi tại.,10869000,Rejected,Corporate Card
EXP0000932,DEP010,2024-09-27,Equipment,Vũ Vũ Công Ty Hợp Danh,Với nếu cái tại vậy nào chưa mà.,33140000,Approved,Cash
EXP0000933,DEP018,2023-09-30,Equipment,Bùi Và Trần Công Ty Tnhh Mtv,Trong vài này với với.,147942000,Pending,Bank Transfer
EXP0000934,DEP018,2025-07-27,Maintenance,Lê Tập Đoàn,Như hoặc với theo nhưng có cho.,30449000,Approved,Corporate Card
EXP0000935,DEP014,2023-11-13,Equipment,Dương Và Trần Công Ty Tnhh,Nhiều thế hơn số.,73921000,Approved,Corporate Card
EXP0000936,DEP010,2023-01-31,Salary,Vũ Và Phạm Công Ty Trách Nhiệm Hữu Hạn,Gần dưới gần một cách.,309026000,Rejected,Cash
EXP0000937,DEP014,2024-05-15,Utilities,Phạm Công Ty Cổ Phần,Giữa hơn người cho để của vì giữa.,7446000,Pending,Bank Transfer
EXP0000938,DEP013,2025-02-08,Office Supplies,Đặng Và Đối Tác Công Ty Tnhh Mtv,Mà cho đi đang giữa.,2302000,Pending,Cash
EXP0000939,DEP016,2023-03-30,Salary,Lê Công Ty Cổ Phần,Đúng để vậy nhưng tôi làm thì tại.,978995000,Rejected,Bank Transfer
EXP0000940,DEP007,2025-10-16,Equipment,Hoàng Tập Đoàn,Khiến vì đến từ nhiều đi.,69500000,Pending,Corporate Card
EXP0000941,DEP012,2024-08-10,Maintenance,Vũ Trần Công Ty Tnhh,Có một nếu bạn đó.,52041000,Rejected,Cash
EXP0000942,DEP009,2022-03-17,Salary,Mai Lê Tập Đoàn,Như về tại như nơi cũng vì.,712513000,Pending,Cash
EXP0000943,DEP007,2023-12-27,Maintenance,Lê Công Ty Cổ Phần,Từ để vì tôi bên.,12180000,Rejected,Bank Transfer
EXP0000944,DEP020,2025-08-01,Scholarship,Dương Và Đối Tác Tập Đoàn,Sau cách đến của khi tại.,298650000,Approved,Cash
EXP0000945,DEP012,2023-04-08,Salary,Vũ Công Ty Cổ Phần,Cho từ là cách.,336896000,Pending,Bank Transfer
EXP0000946,DEP012,2022-07-12,Office Supplies,Mai Và Đối Tác Tập Đoàn,Từ tự vậy như.,21301000,Approved,Cash
EXP0000947,DEP008,2023-12-28,Research,Hoàng Phạm Công Ty Trách Nhiệm Hữu Hạn,Chưa nếu vì mà gần tại rất giữa.,29770000,Rejected,Bank Transfer
EXP0000948,DEP017,2024-06-22,Research,Mai Và Hoàng Công Ty Hợp Danh,Mà đó tôi nhưng.,65010000,Rejected,Cash
EXP0000949,DEP017,2025-08-31,Research,Phạm Tập Đoàn,Sẽ nhưng được đi từ.,306866000,Pending,Bank Transfer
EXP0000950,DEP017,2023-07-16,Utilities,Lê Vũ Công Ty Tnhh,Nhưng với thế có khi.,24661000,Pending,Cash
EXP0000951,DEP011,2022-06-06,Office Supplies,Phạm Công Ty Tnhh Mtv,Vẫn chỉ giữa có như.,4579000,Pending,Cash
EXP0000952,DEP018,2022-10-14,Research,Lê Phạm Công Ty Tnhh Mtv,Nhiều điều của của vậy đó.,154480000,Approved,Corporate Card
EXP0000953,DEP015,2025-12-12,Marketing,Đặng Và Đối Tác Doanh Nghiệp Tư Nhân,Theo có này mà tại với cũng sẽ.,190127000,Pending,Corporate Card
EXP0000954,DEP001,2024-05-14,Salary,Nguyễn Và Hoàng Công Ty Tnhh Mtv,Với của tại gần của để như chưa.,718653000,Pending,Cash
EXP0000955,DEP007,2022-01-22,Salary,Trần Vũ Công Ty Tnhh Mtv,Nhưng nơi sẽ có gần không tự.,292854000,Approved,Corporate Card
EXP0000956,DEP017,2022-07-01,Equipment,Bùi Công Ty Tnhh Mtv,Đúng cũng đi như.,218704000,Rejected,Bank Transfer
EXP0000957,DEP009,2025-09-18,Utilities,Phạm Và Đối Tác Doanh Nghiệp Tư Nhân,Để như vài thế cũng đến theo mà có.,11948000,Approved,Bank Transfer
EXP0000958,DEP001,2025-05-26,Utilities,Mai Và Vũ Công Ty Trách Nhiệm Hữu Hạn,Như được để theo tại với.,19402000,Pending,Bank Transfer
EXP0000959,DEP002,2023-02-15,Maintenance,Nguyễn Và Đối Tác Doanh Nghiệp Tư Nhân,Nhưng theo hơn này chưa được trong đi.,132110000,Rejected,Corporate Card
EXP0000960,DEP013,2022-05-09,Research,Bùi Bùi Công Ty Trách Nhiệm Hữu Hạn,Làm mỗi đến điều rất của thế không tại.,255353000,Pending,Bank Transfer
EXP0000961,DEP002,2023-12-03,Office Supplies,Phạm Nguyễn Công Ty Tnhh Mtv,Cũng khiến từ bên nếu trong.,6395000,Pending,Corporate Card
EXP0000962,DEP011,2022-02-28,Marketing,Lê Công Ty Tnhh Mtv,Đang có với đã một rất với.,9698000,Approved,Bank Transfer
EXP0000963,DEP002,2026-05-23,Salary,Dương Và Hoàng Công Ty Cổ Phần,Điều đúng thì mà có trong tại từ đang.,478664000,Rejected,Bank Transfer
EXP0000964,DEP004,2023-11-20,Marketing,Trần Công Ty Tnhh Mtv,Bên bên nhưng trong trong như đến một bạn.,61669000,Approved,Bank Transfer
EXP0000965,DEP020,2026-04-21,Research,Mai Bùi Tập Đoàn,Trong không như hoặc cũng của hoặc.,446347000,Pending,Bank Transfer
EXP0000966,DEP014,2022-11-07,Salary,Hoàng Tập Đoàn,Của một rất với vì.,748153000,Pending,Bank Transfer
EXP0000967,DEP020,2025-12-18,Equipment,Bùi Và Dương Công Ty Hợp Danh,Cho một để đã.,163209000,Rejected,Corporate Card
EXP0000968,DEP020,2025-07-17,Marketing,Lê Công Ty Hợp Danh,Thì như nếu với chưa số tại được của.,136979000,Pending,Bank Transfer
EXP0000969,DEP001,2023-06-02,Office Supplies,Dương Công Ty Tnhh,Người có làm vẫn tự đang.,22385000,Rejected,Cash
EXP0000970,DEP017,2024-02-20,Marketing,Vũ Và Đối Tác Tập Đoàn,Điều để từ để mà cũng là là các.,42738000,Approved,Cash
EXP0000971,DEP018,2026-01-18,Research,Hoàng Hoàng Công Ty Tnhh,Đến chỉ bạn vài thay gần đó.,475168000,Pending,Cash
EXP0000972,DEP019,2023-04-11,Marketing,Bùi Trần Công Ty Tnhh Mtv,Giữa nhưng từng của cũng tại.,53374000,Approved,Cash
EXP0000973,DEP012,2023-10-07,Research,Phạm Trần Công Ty Hợp Danh,Mà nơi vì tự mỗi cũng các thế.,391071000,Pending,Cash
EXP0000974,DEP014,2024-09-05,Office Supplies,Nguyễn Và Đặng Tập Đoàn,Từ đến sau trong vậy.,2771000,Approved,Bank Transfer
EXP0000975,DEP019,2022-07-08,Marketing,Bùi Tập Đoàn,Làm giống rất sau.,138261000,Approved,Cash
EXP0000976,DEP013,2022-12-15,Salary,Đặng Và Phạm Công Ty Tnhh Mtv,Vài đúng giống đó.,554202000,Pending,Cash
EXP0000977,DEP017,2025-04-17,Salary,Mai Tập Đoàn,Hơn làm đã đúng như rất vậy nhiều sẽ.,702700000,Pending,Cash
EXP0000978,DEP018,2023-01-25,Marketing,Trần Và Mai Công Ty Hợp Danh,Chưa giống khi đến theo được và cho.,152680000,Approved,Bank Transfer
EXP0000979,DEP018,2026-03-24,Equipment,Trần Và Đối Tác Tập Đoàn,Để đang đúng đến không của với.,377761000,Pending,Bank Transfer
EXP0000980,DEP008,2023-04-27,Equipment,Vũ Công Ty Tnhh,Vậy và với cũng chưa như chưa.,79460000,Pending,Corporate Card
EXP0000981,DEP004,2023-09-16,Research,Dương Tập Đoàn,Tại chưa giống rất dưới nào.,393219000,Rejected,Bank Transfer
EXP0000982,DEP013,2022-09-27,Salary,Trần Và Đối Tác Công Ty Tnhh Mtv,Sau nếu bạn số.,769054000,Approved,Cash
EXP0000983,DEP014,2025-07-24,Equipment,Trần Và Đối Tác Công Ty Trách Nhiệm Hữu Hạn,Chỉ bên này của.,41228000,Rejected,Cash
EXP0000984,DEP005,2024-03-30,Office Supplies,Hoàng Phạm Công Ty Hợp Danh,Này tại hơn nhưng là bên nơi.,6597000,Approved,Cash
EXP0000985,DEP017,2024-07-11,Equipment,Bùi Và Đối Tác Công Ty Trách Nhiệm Hữu Hạn,Từ làm mỗi nào như thay.,324249000,Approved,Bank Transfer
EXP0000986,DEP009,2023-09-03,Scholarship,Trần Hoàng Doanh Nghiệp Tư Nhân,Cho dưới các gần như thế vậy có làm.,200003000,Approved,Bank Transfer
EXP0000987,DEP002,2022-01-20,Research,Bùi Bùi Doanh Nghiệp Tư Nhân,Với đang cũng và số cách hơn trong mà.,332166000,Approved,Corporate Card
EXP0000988,DEP020,2022-09-04,Scholarship,Nguyễn Vũ Công Ty Trách Nhiệm Hữu Hạn,Lớn một nào đã nơi.,283336000,Pending,Bank Transfer
EXP0000989,DEP005,2024-02-12,Maintenance,Phạm Và Phạm Công Ty Trách Nhiệm Hữu Hạn,Có đã rất trong dưới đến số nhưng.,52621000,Pending,Bank Transfer
EXP0000990,DEP017,2022-06-05,Office Supplies,Hoàng Và Đối Tác Công Ty Trách Nhiệm Hữu Hạn,Hơn hơn nào với trong trong của tự không.,6282000,Pending,Bank Transfer
EXP0000991,DEP005,2022-03-27,Office Supplies,Hoàng Và Hoàng Tập Đoàn,Làm của cách vì vài là thế.,2237000,Pending,Cash
EXP0000992,DEP010,2022-03-09,Scholarship,Nguyễn Và Đối Tác Công Ty Hợp Danh,Dưới của và mà như của thì từng chỉ.,101775000,Approved,Bank Transfer
EXP0000993,DEP010,2023-05-11,Equipment,Đặng Và Vũ Công Ty Tnhh Mtv,Nhiều từng trong và mỗi đến như.,224225000,Rejected,Bank Transfer
EXP0000994,DEP014,2023-05-11,Maintenance,Vũ Công Ty Hợp Danh,Chưa đi vẫn đúng bên các vậy.,131722000,Pending,Bank Transfer
EXP0000995,DEP017,2025-11-07,Utilities,Phạm Và Đối Tác Công Ty Cổ Phần,Giữa như trong giữa để cho đã.,58704000,Rejected,Cash
EXP0000996,DEP007,2022-07-20,Office Supplies,Đặng Và Nguyễn Tập Đoàn,Này vẫn tại về rất từ đó.,5323000,Pending,Corporate Card
EXP0000997,DEP014,2024-12-27,Salary,Hoàng Doanh Nghiệp Tư Nhân,Rất gần với tự.,452926000,Approved,Bank Transfer
EXP0000998,DEP001,2025-02-03,Scholarship,Dương Và Bùi Công Ty Trách Nhiệm Hữu Hạn,Thay theo khiến theo số sẽ dưới vẫn.,207734000,Rejected,Corporate Card
EXP0000999,DEP018,2024-02-04,Office Supplies,Đặng Và Trần Công Ty Tnhh Mtv,Với từ thay thay nhưng đi chỉ nhưng.,26024000,Pending,Cash
EXP0001000,DEP006,2024-02-20,Salary,Dương Và Đối Tác Doanh Nghiệp Tư Nhân,Để bên như như dưới để tại với.,619154000,Rejected,Corporate Card
EXP0001001,DEP009,2026-01-23,Scholarship,Bùi Công Ty Tnhh,Đến tại nếu cách và mà.,136590000,Approved,Bank Transfer
EXP0001002,DEP006,2022-07-23,Scholarship,Hoàng Và Hoàng Tập Đoàn,Tại cũng rất tại.,265646000,Pending,Cash
EXP0001003,DEP011,2025-03-16,Scholarship,Hoàng Công Ty Hợp Danh,Đi từ bạn để mỗi.,67032000,Rejected,Cash
EXP0001004,DEP002,2026-04-18,Salary,Mai Và Đặng Công Ty Tnhh,Hơn mỗi rất giữa có trong khiến như.,996678000,Pending,Corporate Card
EXP0001005,DEP020,2025-09-02,Maintenance,Vũ Và Đối Tác Công Ty Cổ Phần,Đó theo mỗi thế được để.,57368000,Approved,Corporate Card
EXP0001006,DEP011,2024-05-10,Scholarship,Hoàng Và Đối Tác Công Ty Tnhh,Rất để như nhiều có đã giống.,245484000,Approved,Cash
EXP0001007,DEP004,2026-06-23,Scholarship,Đặng Vũ Công Ty Cổ Phần,Mỗi cho rất thay từng.,133766000,Rejected,Corporate Card
EXP0001008,DEP002,2025-03-19,Office Supplies,Phạm Tập Đoàn,Không khi của của vì và.,628000,Rejected,Bank Transfer
EXP0001009,DEP015,2023-08-03,Utilities,Đặng Và Nguyễn Công Ty Tnhh Mtv,Để trong vậy khiến hơn như đúng đúng hoặc.,67289000,Rejected,Corporate Card
EXP0001010,DEP019,2022-02-17,Maintenance,Hoàng Bùi Tập Đoàn,Tự hơn các cái thay nhiều.,50463000,Approved,Bank Transfer
EXP0001011,DEP010,2024-05-11,Salary,Hoàng Và Đối Tác Công Ty Tnhh,Vậy về vì các sau sau vì.,412014000,Approved,Corporate Card
EXP0001012,DEP008,2024-12-05,Utilities,Lê Và Lê Tập Đoàn,Như từng nơi gần nơi như cách đến.,46742000,Pending,Bank Transfer
EXP0001013,DEP013,2022-11-20,Scholarship,Lê Mai Công Ty Trách Nhiệm Hữu Hạn,Như hơn thế từ cũng để tôi rất.,37330000,Approved,Cash
EXP0001014,DEP005,2022-02-15,Maintenance,Nguyễn Và Đối Tác Tập Đoàn,Từ chỉ tôi lớn rất để.,56951000,Pending,Bank Transfer
EXP0001015,DEP015,2025-06-09,Maintenance,Vũ Và Hoàng Công Ty Tnhh,Mỗi để dưới vì nào giữa đang lớn.,133918000,Approved,Corporate Card
EXP0001016,DEP015,2025-06-16,Utilities,Nguyễn Công Ty Hợp Danh,Khi để bạn đang.,17830000,Pending,Cash
EXP0001017,DEP016,2023-09-30,Equipment,Phạm Hoàng Doanh Nghiệp Tư Nhân,Dưới trong cũng hơn điều được nhưng lớn.,355980000,Approved,Bank Transfer
EXP0001018,DEP001,2023-07-13,Utilities,Hoàng Và Đối Tác Doanh Nghiệp Tư Nhân,Nhiều sẽ đang người như sẽ.,20251000,Pending,Corporate Card
EXP0001019,DEP009,2025-06-17,Research,Phạm Và Đối Tác Công Ty Cổ Phần,Như điều của nơi cũng.,112422000,Approved,Cash
EXP0001020,DEP002,2025-11-28,Scholarship,Dương Vũ Tập Đoàn,Vẫn với làm lớn được để tự.,27287000,Rejected,Corporate Card
EXP0001021,DEP014,2024-09-05,Scholarship,Vũ Bùi Công Ty Tnhh,Nếu giống để đi cũng.,60293000,Pending,Cash
EXP0001022,DEP008,2026-03-06,Office Supplies,Mai Và Trần Công Ty Cổ Phần,Cũng giữa sau và bên như một về.,3848000,Approved,Bank Transfer
EXP0001023,DEP011,2022-06-23,Research,Phạm Công Ty Hợp Danh,Gần từ đã với thế để đúng chưa.,420731000,Approved,Cash
EXP0001024,DEP004,2024-11-25,Salary,Nguyễn Và Đối Tác Công Ty Trách Nhiệm Hữu Hạn,Như trong từ mà làm như thế tại.,591138000,Pending,Cash
EXP0001025,DEP003,2023-09-30,Office Supplies,Trần Và Đối Tác Doanh Nghiệp Tư Nhân,Tại nhưng hơn sẽ sau hoặc mà số vậy.,29951000,Approved,Corporate Card
EXP0001026,DEP018,2023-10-14,Utilities,Đặng Đặng Công Ty Trách Nhiệm Hữu Hạn,Cái từng mỗi điều đó từng.,92606000,Pending,Cash
EXP0001027,DEP004,2024-09-16,Marketing,Hoàng Và Hoàng Công Ty Hợp Danh,Cũng như sẽ tôi các làm dưới như số.,111647000,Approved,Cash
EXP0001028,DEP008,2022-01-13,Office Supplies,Hoàng Và Đối Tác Tập Đoàn,Là nơi đã sẽ bên khi trong được.,26386000,Rejected,Bank Transfer
EXP0001029,DEP001,2025-10-26,Utilities,Phạm Và Đặng Tập Đoàn,Vì làm cho sau.,52135000,Rejected,Cash
EXP0001030,DEP001,2023-02-14,Office Supplies,Hoàng Và Hoàng Công Ty Cổ Phần,Người đã cho để.,22679000,Pending,Bank Transfer
EXP0001031,DEP010,2022-08-29,Scholarship,Dương Và Hoàng Công Ty Tnhh Mtv,Theo nào có hơn được dưới.,77510000,Pending,Bank Transfer
EXP0001032,DEP017,2022-04-29,Office Supplies,Mai Công Ty Tnhh,Điều không này cho dưới.,18309000,Approved,Corporate Card
EXP0001033,DEP005,2022-05-23,Salary,Mai Công Ty Tnhh,Như mà và vẫn nơi cái.,615099000,Rejected,Bank Transfer
EXP0001034,DEP016,2024-10-10,Research,Vũ Công Ty Hợp Danh,Giống vậy dưới khi.,255408000,Pending,Corporate Card
EXP0001035,DEP001,2026-05-21,Office Supplies,Vũ Và Hoàng Doanh Nghiệp Tư Nhân,Của theo chưa tôi từng như các thay theo.,24503000,Rejected,Cash
EXP0001036,DEP008,2023-10-17,Salary,Phạm Đặng Công Ty Cổ Phần,Của và tự của thì.,265672000,Rejected,Cash
EXP0001037,DEP015,2024-07-17,Office Supplies,Mai Và Đối Tác Công Ty Tnhh,Của mà thì hơn như thì thế như trong.,4761000,Rejected,Bank Transfer
EXP0001038,DEP001,2023-07-01,Research,Vũ Mai Công Ty Hợp Danh,Như tự để cho thay.,245313000,Rejected,Corporate Card
EXP0001039,DEP014,2023-07-28,Marketing,Lê Và Đối Tác Công Ty Cổ Phần,Hoặc khi bên bạn.,76518000,Rejected,Bank Transfer
EXP0001040,DEP011,2024-08-01,Equipment,Bùi Và Bùi Công Ty Tnhh,Mà để số dưới lớn.,144330000,Rejected,Corporate Card
EXP0001041,DEP005,2025-08-30,Equipment,Mai Nguyễn Doanh Nghiệp Tư Nhân,Nào dưới với để nếu giữa vẫn.,165140000,Rejected,Cash
EXP0001042,DEP013,2023-03-14,Scholarship,Hoàng Và Đối Tác Công Ty Hợp Danh,Cũng cho khiến từ trong thế.,213539000,Rejected,Bank Transfer
EXP0001043,DEP019,2022-12-28,Utilities,Vũ Doanh Nghiệp Tư Nhân,Thay hơn để được đó người rất.,7058000,Pending,Cash
EXP0001044,DEP003,2023-05-09,Salary,Đặng Và Đối Tác Công Ty Trách Nhiệm Hữu Hạn,Làm vì như dưới sẽ vẫn của giữa.,774898000,Rejected,Cash
EXP0001045,DEP004,2024-07-26,Salary,Dương Doanh Nghiệp Tư Nhân,Có người là từ của.,743224000,Approved,Bank Transfer
EXP0001046,DEP018,2026-03-11,Maintenance,Dương Và Nguyễn Công Ty Hợp Danh,Cho với tôi vài.,42409000,Rejected,Cash
EXP0001047,DEP008,2022-10-17,Maintenance,Mai Và Trần Công Ty Tnhh Mtv,Các trong cho tại như thế.,144067000,Rejected,Corporate Card
EXP0001048,DEP010,2025-07-28,Maintenance,Mai Và Hoàng Tập Đoàn,Thay thay cho theo tại một tôi về.,148547000,Approved,Corporate Card
EXP0001049,DEP008,2024-08-30,Equipment,Vũ Trần Công Ty Tnhh,Thay sẽ có hoặc tại nhiều với gần lớn.,356806000,Approved,Cash
EXP0001050,DEP009,2024-07-21,Salary,Dương Công Ty Trách Nhiệm Hữu Hạn,Có các với trong như của bạn đúng số.,528705000,Approved,Cash
EXP0001051,DEP007,2026-01-04,Scholarship,Bùi Công Ty Trách Nhiệm Hữu Hạn,Có chỉ này dưới rất thế chưa mỗi thế.,118434000,Approved,Cash
EXP0001052,DEP019,2023-06-05,Scholarship,Bùi Và Đối Tác Công Ty Hợp Danh,Có rất tại về từ để có bên thì.,31171000,Approved,Cash
EXP0001053,DEP020,2026-04-03,Marketing,Trần Và Vũ Công Ty Trách Nhiệm Hữu Hạn,Hoặc khiến đúng đến đúng.,59507000,Approved,Corporate Card
EXP0001054,DEP010,2025-10-12,Marketing,Nguyễn Và Đối Tác Công Ty Cổ Phần,Các hoặc nơi người một của thay thay giống.,64453000,Pending,Bank Transfer
EXP0001055,DEP010,2024-06-01,Office Supplies,Bùi Lê Công Ty Cổ Phần,Không từ với mà.,22728000,Approved,Corporate Card
EXP0001056,DEP002,2024-06-17,Marketing,Đặng Và Đối Tác Công Ty Tnhh Mtv,Đi được khi đã nếu có.,143105000,Rejected,Cash
EXP0001057,DEP017,2022-11-18,Scholarship,Lê Và Đối Tác Doanh Nghiệp Tư Nhân,Từ trong hơn có vài đang đang.,235308000,Approved,Corporate Card
EXP0001058,DEP012,2024-05-20,Office Supplies,Hoàng Lê Doanh Nghiệp Tư Nhân,Tự như cũng mỗi tại hoặc có sẽ như.,9782000,Pending,Bank Transfer
EXP0001059,DEP017,2026-07-10,Utilities,Đặng Và Đối Tác Tập Đoàn,Vẫn tôi đúng sẽ khiến cho đã vì số.,60450000,Rejected,Cash
EXP0001060,DEP004,2023-09-30,Salary,Dương Và Đối Tác Công Ty Hợp Danh,Khi trong cũng của.,384959000,Rejected,Corporate Card
EXP0001061,DEP005,2025-08-20,Office Supplies,Đặng Và Đối Tác Công Ty Hợp Danh,Gần đang như từng tại.,9848000,Approved,Cash
EXP0001062,DEP011,2022-11-30,Research,Vũ Và Trần Công Ty Hợp Danh,Bên với người từng tại như.,400930000,Rejected,Bank Transfer
EXP0001063,DEP002,2023-03-20,Office Supplies,Hoàng Tập Đoàn,Để tại sau nhưng về mà hơn.,11542000,Pending,Cash
EXP0001064,DEP007,2024-06-17,Research,Lê Và Đặng Tập Đoàn,Mà nơi trong cho nơi của.,485686000,Rejected,Corporate Card
EXP0001065,DEP004,2024-03-11,Marketing,Dương Công Ty Cổ Phần,Để cho để của của đang.,108071000,Pending,Cash
EXP0001066,DEP007,2024-08-19,Utilities,Nguyễn Trần Doanh Nghiệp Tư Nhân,Hơn của để bên như.,87283000,Approved,Cash
EXP0001067,DEP019,2025-05-30,Salary,Lê Và Hoàng Doanh Nghiệp Tư Nhân,Số nếu để khiến giống vài thay rất có.,329990000,Approved,Corporate Card
EXP0001068,DEP004,2023-08-08,Marketing,Mai Công Ty Tnhh Mtv,Hoặc tại khiến không hơn rất cũng về hoặc.,20502000,Rejected,Corporate Card
EXP0001069,DEP015,2023-11-20,Marketing,Nguyễn Công Ty Tnhh,Tự gần này lớn của các từ chỉ thì.,119379000,Rejected,Corporate Card
EXP0001070,DEP006,2024-10-10,Office Supplies,Lê Và Vũ Doanh Nghiệp Tư Nhân,Để từng không cũng của vẫn người.,2350000,Pending,Corporate Card
EXP0001071,DEP010,2023-11-17,Salary,Hoàng Tập Đoàn,Tôi tự vậy thay vì cái hơn để.,229806000,Rejected,Cash
EXP0001072,DEP002,2025-08-26,Utilities,Nguyễn Công Ty Hợp Danh,Vài vậy có vậy là được với khiến số.,29422000,Approved,Bank Transfer
EXP0001073,DEP001,2022-05-07,Scholarship,Phạm Công Ty Cổ Phần,Tại để hơn giữa khi không nhiều.,167070000,Pending,Cash
EXP0001074,DEP008,2026-05-30,Salary,Mai Và Lê Doanh Nghiệp Tư Nhân,Nào được bên như vậy.,416334000,Rejected,Bank Transfer
EXP0001075,DEP007,2023-09-28,Marketing,Bùi Công Ty Tnhh Mtv,Bạn không thế sau không nhiều vậy số có.,171757000,Approved,Cash
EXP0001076,DEP015,2024-12-08,Marketing,Bùi Công Ty Trách Nhiệm Hữu Hạn,Người này của có giữa thay.,32967000,Rejected,Bank Transfer
EXP0001077,DEP013,2022-11-22,Office Supplies,Lê Và Đối Tác Công Ty Cổ Phần,Số cái các và để như thay tự với.,17706000,Approved,Corporate Card
EXP0001078,DEP006,2022-04-25,Equipment,Trần Và Lê Công Ty Tnhh Mtv,Chỉ khi nhiều đã rất chỉ khiến.,254394000,Pending,Cash
EXP0001079,DEP018,2022-06-16,Marketing,Đặng Và Mai Công Ty Cổ Phần,Khiến giống như nào giống có tại của.,140203000,Approved,Corporate Card
EXP0001080,DEP010,2023-04-05,Office Supplies,Vũ Và Lê Công Ty Tnhh,Là thay bạn thay từ cách có giữa từng.,13139000,Approved,Bank Transfer
EXP0001081,DEP011,2024-06-14,Equipment,Lê Và Hoàng Doanh Nghiệp Tư Nhân,Đã được sau vài.,60570000,Approved,Bank Transfer
EXP0001082,DEP004,2025-06-04,Research,Mai Nguyễn Công Ty Tnhh Mtv,Thế vài các từ nhiều các để.,492701000,Approved,Cash
EXP0001083,DEP003,2023-05-04,Office Supplies,Nguyễn Bùi Công Ty Tnhh Mtv,Gần có đến dưới bên không nhiều nơi.,16200000,Pending,Cash
EXP0001084,DEP010,2022-07-26,Research,Lê Trần Công Ty Trách Nhiệm Hữu Hạn,Được rất đi đang người có các như.,329514000,Pending,Bank Transfer
EXP0001085,DEP013,2025-05-19,Research,Dương Trần Công Ty Tnhh Mtv,Là một giống vẫn với.,498365000,Rejected,Corporate Card
EXP0001086,DEP011,2022-05-11,Marketing,Hoàng Và Đối Tác Doanh Nghiệp Tư Nhân,Đang một nào số nhiều đến hoặc.,98739000,Approved,Corporate Card
EXP0001087,DEP005,2022-09-07,Office Supplies,Bùi Công Ty Trách Nhiệm Hữu Hạn,Này người thì đang đã hơn.,19481000,Pending,Corporate Card
EXP0001088,DEP005,2025-02-01,Utilities,Lê Và Lê Công Ty Tnhh Mtv,Khi giữa như thì vì.,63579000,Approved,Bank Transfer
EXP0001089,DEP001,2022-01-28,Utilities,Dương Và Đối Tác Doanh Nghiệp Tư Nhân,Người sau có người và.,11568000,Rejected,Corporate Card
EXP0001090,DEP003,2022-12-04,Utilities,Đặng Trần Công Ty Trách Nhiệm Hữu Hạn,Các có vậy rất lớn tôi.,71242000,Pending,Corporate Card
EXP0001091,DEP015,2023-09-18,Research,Nguyễn Và Lê Công Ty Cổ Phần,Như cách của như đang nhiều chưa có cũng.,487866000,Rejected,Corporate Card
EXP0001092,DEP004,2023-03-24,Equipment,Lê Và Đối Tác Công Ty Tnhh,Cho vẫn như vì.,386577000,Approved,Corporate Card
EXP0001093,DEP018,2026-01-25,Research,Lê Công Ty Trách Nhiệm Hữu Hạn,Tại chỉ như như bên đang theo điều trong.,276142000,Pending,Bank Transfer
EXP0001094,DEP019,2023-08-18,Maintenance,Dương Và Đối Tác Công Ty Cổ Phần,Số như thì có tại.,110202000,Rejected,Bank Transfer
EXP0001095,DEP007,2025-12-31,Maintenance,Dương Bùi Công Ty Cổ Phần,Cũng từ dưới để.,97847000,Rejected,Corporate Card
EXP0001096,DEP009,2026-02-16,Office Supplies,Dương Và Đối Tác Tập Đoàn,Tự hoặc dưới cách tại.,26330000,Approved,Cash
EXP0001097,DEP014,2022-11-08,Utilities,Hoàng Và Đối Tác Công Ty Tnhh Mtv,Dưới để cách gần làm tại.,92183000,Pending,Cash
EXP0001098,DEP005,2024-05-13,Marketing,Bùi Và Nguyễn Tập Đoàn,Khiến vài mỗi hoặc hơn.,65548000,Rejected,Bank Transfer
EXP0001099,DEP007,2024-02-02,Equipment,Đặng Hoàng Công Ty Hợp Danh,Cách hoặc làm vài.,202482000,Rejected,Bank Transfer
EXP0001100,DEP015,2023-11-08,Equipment,Lê Và Đối Tác Công Ty Trách Nhiệm Hữu Hạn,Và khiến có một từ.,291398000,Pending,Cash
EXP0001101,DEP002,2024-12-01,Research,Hoàng Và Nguyễn Công Ty Tnhh Mtv,Mỗi thế đó vài từ cũng đang của lớn.,29223000,Pending,Corporate Card
EXP0001102,DEP014,2022-04-29,Research,Bùi Và Hoàng Công Ty Tnhh,Chỉ nào vậy như cái sau nhưng.,92231000,Pending,Corporate Card
EXP0001103,DEP016,2024-11-18,Marketing,Trần Và Đối Tác Tập Đoàn,Hơn nhiều thay đúng mà đến.,75852000,Approved,Cash
EXP0001104,DEP005,2023-02-11,Scholarship,Đặng Phạm Công Ty Tnhh Mtv,Hoặc gần đang đúng đã hơn như mỗi.,185743000,Pending,Bank Transfer
EXP0001105,DEP007,2022-12-21,Marketing,Vũ Và Đối Tác Tập Đoàn,Tại có như và này cho hoặc.,110515000,Approved,Cash
EXP0001106,DEP004,2023-02-05,Marketing,Phạm Và Đối Tác Doanh Nghiệp Tư Nhân,Đúng của cái cũng trong có cách với hơn.,9494000,Rejected,Corporate Card
EXP0001107,DEP009,2024-03-20,Marketing,Vũ Nguyễn Công Ty Trách Nhiệm Hữu Hạn,Từ nơi về của mỗi nhưng giống chỉ.,6208000,Rejected,Cash
EXP0001108,DEP017,2022-08-06,Salary,Dương Tập Đoàn,Khi một nếu làm chưa.,715322000,Approved,Bank Transfer
EXP0001109,DEP020,2023-06-26,Research,Vũ Và Đối Tác Công Ty Trách Nhiệm Hữu Hạn,Khiến với thay như nơi có không.,229395000,Pending,Corporate Card
EXP0001110,DEP016,2024-03-15,Office Supplies,Hoàng Công Ty Tnhh,Là từng với của thế được nhiều có này.,10807000,Pending,Cash
EXP0001111,DEP014,2026-07-19,Utilities,Dương Và Đối Tác Công Ty Cổ Phần,Như cách đó bên giống vẫn.,45437000,Pending,Corporate Card
EXP0001112,DEP009,2023-02-13,Maintenance,Phạm Và Đối Tác Công Ty Trách Nhiệm Hữu Hạn,Với nhưng hoặc đến.,15401000,Rejected,Bank Transfer
EXP0001113,DEP020,2024-08-28,Scholarship,Trần Lê Công Ty Tnhh,Vẫn trong làm là là của.,132432000,Pending,Cash
EXP0001114,DEP017,2022-08-30,Research,Phạm Và Trần Công Ty Cổ Phần,Từ của bên cái này.,312099000,Rejected,Bank Transfer
EXP0001115,DEP006,2026-01-01,Equipment,Phạm Và Đối Tác Công Ty Trách Nhiệm Hữu Hạn,Có như khiến để không nào với để.,341405000,Rejected,Bank Transfer
EXP0001116,DEP005,2023-04-03,Marketing,Dương Và Hoàng Công Ty Tnhh,Hơn đi để như thay.,196718000,Approved,Corporate Card
EXP0001117,DEP011,2024-11-02,Utilities,Dương Dương Công Ty Trách Nhiệm Hữu Hạn,Cũng như hơn đang khiến cách là như số.,23860000,Approved,Bank Transfer
EXP0001118,DEP018,2024-05-26,Equipment,Bùi Và Đặng Công Ty Trách Nhiệm Hữu Hạn,Mỗi các từ dưới vài hơn không từng.,114127000,Approved,Cash
EXP0001119,DEP006,2025-09-03,Marketing,Vũ Và Đối Tác Doanh Nghiệp Tư Nhân,Có trong có tự tự.,125467000,Rejected,Bank Transfer
EXP0001120,DEP004,2024-03-04,Equipment,Dương Doanh Nghiệp Tư Nhân,Tôi đến khi từ người.,342942000,Pending,Corporate Card
EXP0001121,DEP019,2026-02-20,Office Supplies,Bùi Doanh Nghiệp Tư Nhân,Cái gần đến tự.,5274000,Approved,Bank Transfer
EXP0001122,DEP006,2026-02-05,Research,Phạm Và Đối Tác Doanh Nghiệp Tư Nhân,Đúng gần chưa cái nhiều đúng.,154555000,Rejected,Corporate Card
EXP0001123,DEP013,2026-03-04,Maintenance,Vũ Và Đối Tác Công Ty Tnhh,Đúng với một thì.,58563000,Approved,Cash
EXP0001124,DEP016,2024-11-07,Salary,Vũ Và Lê Tập Đoàn,Là này này này nhiều trong theo hơn.,489319000,Rejected,Bank Transfer
EXP0001125,DEP003,2024-03-18,Marketing,Đặng Và Đối Tác Doanh Nghiệp Tư Nhân,Tại nhiều thay bên như vài.,147172000,Approved,Bank Transfer
EXP0001126,DEP008,2024-06-16,Office Supplies,Lê Và Vũ Công Ty Hợp Danh,Một giống cũng tại cho nơi để.,20367000,Rejected,Corporate Card
EXP0001127,DEP017,2023-05-17,Equipment,Hoàng Trần Tập Đoàn,Đến rất rất thay và theo.,363405000,Rejected,Cash
EXP0001128,DEP006,2023-10-08,Office Supplies,Bùi Và Đối Tác Tập Đoàn,Dưới thay một từng.,11501000,Pending,Bank Transfer
EXP0001129,DEP009,2025-07-24,Utilities,Bùi Công Ty Trách Nhiệm Hữu Hạn,Làm để với lớn.,81221000,Pending,Corporate Card
EXP0001130,DEP013,2025-05-21,Office Supplies,Đặng Công Ty Trách Nhiệm Hữu Hạn,Chỉ được thì đã cái.,26329000,Pending,Bank Transfer
EXP0001131,DEP009,2023-09-20,Maintenance,Mai Và Vũ Công Ty Tnhh Mtv,Trong làm bên với đang số chưa.,36516000,Approved,Corporate Card
EXP0001132,DEP015,2025-08-15,Research,Đặng Công Ty Tnhh,Cho theo mỗi cho như khiến.,416150000,Approved,Cash
EXP0001133,DEP014,2025-05-16,Maintenance,Nguyễn Vũ Công Ty Tnhh Mtv,Các với nhưng thay.,6457000,Pending,Bank Transfer
EXP0001134,DEP019,2025-04-22,Salary,Lê Lê Công Ty Hợp Danh,Giống như thế dưới thì.,516114000,Approved,Corporate Card
EXP0001135,DEP017,2025-04-27,Office Supplies,Nguyễn Công Ty Tnhh,Vậy người khi từng nơi hơn có thì vài.,24657000,Approved,Cash
EXP0001136,DEP020,2023-07-17,Maintenance,Dương Và Đối Tác Công Ty Hợp Danh,Điều với mà tại một giống rất từ của.,144855000,Approved,Cash
EXP0001137,DEP016,2026-07-12,Maintenance,Phạm Công Ty Hợp Danh,Điều nếu với hơn nhiều gần nhiều để mỗi.,30738000,Rejected,Corporate Card
EXP0001138,DEP011,2025-07-03,Research,Phạm Và Đối Tác Công Ty Tnhh,Chỉ cái như vậy để cũng nhiều.,141168000,Rejected,Cash
EXP0001139,DEP004,2023-11-09,Maintenance,Phạm Công Ty Hợp Danh,Của số của giống có để sẽ.,51716000,Approved,Bank Transfer
EXP0001140,DEP011,2026-05-20,Utilities,Dương Và Bùi Công Ty Hợp Danh,Từ bạn người từ nhiều như.,67028000,Pending,Bank Transfer
EXP0001141,DEP014,2022-07-11,Equipment,Hoàng Nguyễn Công Ty Hợp Danh,Về với nếu cái như từ chưa vì giống.,278363000,Rejected,Cash
EXP0001142,DEP005,2022-09-04,Salary,Phạm Và Đối Tác Doanh Nghiệp Tư Nhân,Nhiều bạn chỉ đó từng bạn.,649659000,Approved,Cash
EXP0001143,DEP011,2026-01-02,Research,Phạm Và Nguyễn Công Ty Cổ Phần,Điều giống mỗi đi như không.,59111000,Pending,Corporate Card
EXP0001144,DEP009,2026-02-12,Research,Đặng Công Ty Hợp Danh,Có bạn với vậy vậy theo thế.,223507000,Rejected,Cash
EXP0001145,DEP008,2024-11-02,Utilities,Trần Và Vũ Công Ty Tnhh Mtv,Nơi của thay như chưa.,28795000,Rejected,Corporate Card
EXP0001146,DEP003,2026-03-29,Scholarship,Đặng Và Dương Công Ty Tnhh Mtv,Người dưới đúng để để đúng như.,31527000,Approved,Bank Transfer
EXP0001147,DEP019,2022-09-11,Utilities,Nguyễn Và Đối Tác Tập Đoàn,Nhưng vì trong nào cho đúng từng.,18034000,Rejected,Bank Transfer
EXP0001148,DEP019,2025-06-28,Office Supplies,Lê Và Vũ Công Ty Tnhh,Với cũng tự chỉ có tôi khiến.,21447000,Rejected,Corporate Card
EXP0001149,DEP004,2025-07-13,Salary,Vũ Đặng Công Ty Tnhh,Hơn về chỉ các để vẫn.,504664000,Rejected,Corporate Card
EXP0001150,DEP014,2023-07-26,Salary,Đặng Và Đối Tác Tập Đoàn,Từ thế như cũng bên nhiều.,635926000,Approved,Cash
EXP0001151,DEP018,2024-01-06,Marketing,Hoàng Và Đối Tác Công Ty Tnhh Mtv,Từ mỗi tự nhiều thì.,13444000,Rejected,Corporate Card
EXP0001152,DEP009,2025-05-29,Equipment,Dương Và Dương Công Ty Tnhh Mtv,Mỗi để nhiều người dưới mỗi trong.,149812000,Pending,Bank Transfer
EXP0001153,DEP005,2022-12-22,Office Supplies,Mai Công Ty Tnhh Mtv,Mà tại tự đó số sau tự đi.,29839000,Rejected,Bank Transfer
EXP0001154,DEP016,2023-05-25,Utilities,Dương Mai Công Ty Cổ Phần,Cũng trong thay như để.,23787000,Approved,Bank Transfer
EXP0001155,DEP009,2025-07-21,Maintenance,Phạm Trần Công Ty Cổ Phần,Có hơn cách hơn bên cũng nhưng.,144633000,Approved,Bank Transfer
EXP0001156,DEP018,2022-11-21,Office Supplies,Mai Vũ Công Ty Trách Nhiệm Hữu Hạn,Để như thay nào người trong cách.,14294000,Pending,Corporate Card
EXP0001157,DEP002,2023-04-07,Maintenance,Đặng Và Bùi Công Ty Cổ Phần,Vậy đã giữa cũng đi vì rất đến một.,60884000,Pending,Bank Transfer
EXP0001158,DEP011,2023-05-19,Research,Hoàng Công Ty Hợp Danh,Tự người trong nhưng nhưng này dưới.,361230000,Rejected,Corporate Card
EXP0001159,DEP004,2026-05-08,Equipment,Mai Và Đối Tác Công Ty Cổ Phần,Vẫn tôi nhưng để.,371393000,Approved,Bank Transfer
EXP0001160,DEP015,2026-02-10,Equipment,Vũ Công Ty Cổ Phần,Cũng rất dưới nếu vẫn.,188266000,Pending,Cash
EXP0001161,DEP020,2025-02-02,Research,Vũ Doanh Nghiệp Tư Nhân,Mà nhiều như tôi khi nào từ đó thế.,63471000,Approved,Corporate Card
EXP0001162,DEP008,2025-06-14,Salary,Lê Và Vũ Công Ty Hợp Danh,Chỉ như trong vì vì sẽ.,340430000,Rejected,Cash
EXP0001163,DEP002,2022-07-02,Scholarship,Lê Và Hoàng Công Ty Cổ Phần,Của được điều từ từ để của sau.,32596000,Rejected,Corporate Card
EXP0001164,DEP018,2023-01-07,Scholarship,Đặng Và Đối Tác Công Ty Cổ Phần,Trong như nhiều nhiều vì về các.,80811000,Approved,Cash
EXP0001165,DEP014,2022-06-11,Maintenance,Trần Trần Công Ty Trách Nhiệm Hữu Hạn,Làm chỉ đó với sau một của.,140288000,Rejected,Cash
EXP0001166,DEP002,2022-11-23,Office Supplies,Hoàng Công Ty Hợp Danh,Từ có người làm từ để thế.,28594000,Approved,Corporate Card
EXP0001167,DEP018,2023-01-30,Utilities,Lê Và Trần Tập Đoàn,Cái không để cái lớn với giống.,13542000,Approved,Cash
EXP0001168,DEP013,2026-03-17,Utilities,Vũ Công Ty Cổ Phần,Được theo sẽ thay.,9793000,Rejected,Cash
EXP0001169,DEP009,2025-05-29,Marketing,Bùi Và Đối Tác Doanh Nghiệp Tư Nhân,Mà giống tại khi như là như các.,91505000,Pending,Bank Transfer
EXP0001170,DEP003,2023-05-14,Equipment,Đặng Tập Đoàn,Dưới nhiều hơn cái.,219208000,Pending,Cash
EXP0001171,DEP004,2026-02-19,Utilities,Bùi Và Đối Tác Công Ty Cổ Phần,Như khi và các tại cách và một của.,28603000,Pending,Corporate Card
EXP0001172,DEP006,2022-02-27,Research,Bùi Và Đối Tác Công Ty Cổ Phần,Cũng hoặc vài đã cũng.,312395000,Rejected,Corporate Card
EXP0001173,DEP009,2024-03-14,Utilities,Lê Công Ty Tnhh Mtv,Thì nếu thế này.,51734000,Approved,Corporate Card
EXP0001174,DEP013,2022-03-03,Salary,Bùi Và Đối Tác Doanh Nghiệp Tư Nhân,Được bạn được hơn cũng hơn gần nhiều với.,239563000,Rejected,Bank Transfer
EXP0001175,DEP014,2024-02-18,Office Supplies,Mai Đặng Công Ty Tnhh Mtv,Chỉ nào sẽ để để từng lớn chỉ.,10404000,Approved,Bank Transfer
EXP0001176,DEP006,2024-05-19,Maintenance,Vũ Và Đối Tác Công Ty Cổ Phần,Giống sau nơi vẫn có hơn là về.,16227000,Rejected,Cash
EXP0001177,DEP012,2026-06-23,Marketing,Mai Đặng Công Ty Tnhh Mtv,Giữa vậy chưa từ.,195280000,Pending,Cash
EXP0001178,DEP020,2022-12-09,Salary,Phạm Và Đối Tác Công Ty Cổ Phần,Nhiều chỉ thế giống.,505181000,Rejected,Corporate Card
EXP0001179,DEP007,2024-01-08,Equipment,Mai Phạm Doanh Nghiệp Tư Nhân,Hơn với đến cái đó như.,252307000,Pending,Cash
EXP0001180,DEP017,2025-02-18,Salary,Bùi Và Đối Tác Tập Đoàn,Của cũng như với vẫn nhưng.,692244000,Approved,Corporate Card
EXP0001181,DEP014,2023-03-26,Equipment,Trần Công Ty Tnhh,Này hơn có số này như này số.,60146000,Rejected,Corporate Card
EXP0001182,DEP016,2024-04-23,Office Supplies,Hoàng Trần Tập Đoàn,Có bạn vì bên từ.,606000,Approved,Corporate Card
EXP0001183,DEP013,2024-06-06,Utilities,Hoàng Doanh Nghiệp Tư Nhân,Đến của mà thì để được.,47040000,Pending,Cash
EXP0001184,DEP004,2025-03-23,Equipment,Bùi Và Đối Tác Công Ty Trách Nhiệm Hữu Hạn,Để làm có nào gần đi.,26338000,Approved,Corporate Card
EXP0001185,DEP001,2023-12-17,Maintenance,Vũ Bùi Công Ty Cổ Phần,Gần hơn vì bên thì bên.,89006000,Rejected,Bank Transfer
EXP0001186,DEP019,2023-05-27,Salary,Đặng Lê Công Ty Tnhh Mtv,Làm chưa chỉ để hoặc.,602834000,Approved,Cash
EXP0001187,DEP020,2022-06-14,Maintenance,Phạm Và Đối Tác Doanh Nghiệp Tư Nhân,Bên mỗi như số theo để.,27174000,Pending,Bank Transfer
EXP0001188,DEP002,2023-03-08,Utilities,Lê Hoàng Tập Đoàn,Như có tại bạn lớn cũng được đó gần.,64046000,Pending,Corporate Card
EXP0001189,DEP011,2023-06-03,Office Supplies,Đặng Nguyễn Công Ty Cổ Phần,Này như trong tại.,8824000,Rejected,Bank Transfer
EXP0001190,DEP020,2022-09-15,Office Supplies,Hoàng Công Ty Trách Nhiệm Hữu Hạn,Bạn như đi mà đã một cũng.,2500000,Approved,Corporate Card
EXP0001191,DEP010,2023-11-13,Office Supplies,Bùi Và Đặng Công Ty Tnhh,Khi đó nhiều vài để gần.,3497000,Rejected,Cash
EXP0001192,DEP019,2023-12-13,Scholarship,Dương Và Dương Công Ty Cổ Phần,Để cách được từng.,122032000,Approved,Bank Transfer
EXP0001193,DEP017,2022-01-08,Maintenance,Phạm Công Ty Hợp Danh,Sẽ về như chưa là không có cũng như.,75238000,Pending,Corporate Card
EXP0001194,DEP003,2022-02-06,Salary,Đặng Và Đối Tác Tập Đoàn,Để trong về gần nhiều.,717915000,Rejected,Bank Transfer
EXP0001195,DEP010,2022-06-03,Research,Hoàng Mai Công Ty Tnhh Mtv,Tại bên theo theo các sau.,165852000,Pending,Bank Transfer
EXP0001196,DEP012,2026-03-20,Office Supplies,Phạm Và Đặng Công Ty Cổ Phần,Các hơn vài để cũng thế gần.,16717000,Pending,Cash
EXP0001197,DEP001,2025-10-24,Marketing,Mai Công Ty Cổ Phần,Có nhưng và dưới như từng hơn để mà.,186071000,Pending,Cash
EXP0001198,DEP011,2024-05-02,Equipment,Trần Và Đối Tác Công Ty Tnhh,Đó từng đó tại.,287744000,Pending,Bank Transfer
EXP0001199,DEP018,2024-08-24,Research,Trần Và Đối Tác Công Ty Cổ Phần,Của rất từng khiến mà của như trong để.,25006000,Pending,Cash
EXP0001200,DEP011,2026-06-01,Scholarship,Bùi Công Ty Tnhh Mtv,Thì của như để cũng hơn tự đến vậy.,172094000,Rejected,Bank Transfer
EXP0001201,DEP009,2024-01-06,Equipment,Phạm Lê Tập Đoàn,Nếu theo chỉ cũng hoặc này.,331282000,Pending,Corporate Card
EXP0001202,DEP009,2025-01-07,Research,Phạm Và Đối Tác Tập Đoàn,Trong tại như cũng thì nơi điều.,84651000,Pending,Bank Transfer
EXP0001203,DEP006,2023-09-17,Scholarship,Nguyễn Và Đặng Công Ty Tnhh Mtv,Tại làm của làm từng của đó rất cũng.,258505000,Rejected,Bank Transfer
EXP0001204,DEP014,2025-12-26,Office Supplies,Mai Công Ty Tnhh Mtv,Để bạn điều mà về đến tại.,19775000,Rejected,Corporate Card
EXP0001205,DEP013,2026-07-30,Marketing,Nguyễn Công Ty Hợp Danh,Nhưng như rất cũng người hơn.,175294000,Approved,Cash
EXP0001206,DEP003,2023-04-17,Utilities,Lê Vũ Công Ty Hợp Danh,Nếu tại người thay.,11721000,Rejected,Corporate Card
EXP0001207,DEP014,2022-12-11,Scholarship,Đặng Và Hoàng Công Ty Tnhh,Đó như đúng cũng từng từ hoặc vậy.,50260000,Approved,Bank Transfer
EXP0001208,DEP019,2022-04-07,Research,Mai Dương Công Ty Tnhh,Có nào để dưới để vì.,239750000,Rejected,Bank Transfer
EXP0001209,DEP005,2024-06-12,Scholarship,Phạm Và Đối Tác Công Ty Trách Nhiệm Hữu Hạn,Cũng để hơn cách nhưng đến để về.,278730000,Rejected,Cash
EXP0001210,DEP008,2023-05-09,Salary,Dương Và Đối Tác Công Ty Tnhh Mtv,Thế thì cái của rất từng nào đã về.,713417000,Pending,Corporate Card
EXP0001211,DEP007,2022-03-08,Research,Mai Và Bùi Công Ty Hợp Danh,Cũng thay làm giữa tôi rất như giữa.,316371000,Pending,Corporate Card
EXP0001212,DEP007,2025-09-09,Maintenance,Lê Bùi Công Ty Tnhh,Để cho thế để.,57654000,Pending,Bank Transfer
EXP0001213,DEP003,2026-04-10,Maintenance,Mai Và Đối Tác Tập Đoàn,Nhưng hoặc tôi được trong.,38421000,Approved,Bank Transfer
EXP0001214,DEP012,2025-11-14,Scholarship,Phạm Và Bùi Công Ty Trách Nhiệm Hữu Hạn,Không theo tôi thế làm hoặc cũng giống.,69219000,Approved,Corporate Card
EXP0001215,DEP011,2022-04-04,Salary,Nguyễn Và Lê Công Ty Trách Nhiệm Hữu Hạn,Giống với như đến nhưng nếu vì.,609178000,Rejected,Bank Transfer
EXP0001216,DEP003,2024-02-18,Scholarship,Trần Và Đối Tác Công Ty Cổ Phần,Vậy vậy sau của giữa.,213408000,Approved,Cash
EXP0001217,DEP001,2022-06-07,Scholarship,Nguyễn Công Ty Hợp Danh,Vậy với với vậy bên.,74345000,Pending,Cash
EXP0001218,DEP008,2024-04-29,Research,Vũ Và Đối Tác Công Ty Tnhh Mtv,Các được được với hơn sau.,492386000,Pending,Bank Transfer
EXP0001219,DEP018,2024-04-18,Maintenance,Trần Hoàng Doanh Nghiệp Tư Nhân,Khiến là như nào vậy như của có theo.,102348000,Pending,Corporate Card
EXP0001220,DEP012,2025-11-14,Salary,Mai Phạm Doanh Nghiệp Tư Nhân,Này của gần đã cái vài gần thế tại.,483773000,Rejected,Cash
EXP0001221,DEP014,2024-04-06,Research,Đặng Và Hoàng Công Ty Cổ Phần,Một rất như nhưng không và.,42888000,Pending,Bank Transfer
EXP0001222,DEP005,2023-11-18,Maintenance,Hoàng Và Lê Tập Đoàn,Thay đang cũng và có.,93859000,Pending,Cash
EXP0001223,DEP015,2023-12-27,Research,Lê Và Đối Tác Tập Đoàn,Đó bên cái thay trong này.,257198000,Approved,Corporate Card
EXP0001224,DEP010,2022-03-20,Equipment,Hoàng Và Đặng Công Ty Trách Nhiệm Hữu Hạn,Hơn tại cách nơi.,36618000,Approved,Cash
EXP0001225,DEP004,2025-03-07,Salary,Phạm Công Ty Tnhh,Từ nào có cái để để.,601232000,Pending,Cash
EXP0001226,DEP020,2022-01-31,Scholarship,Vũ Công Ty Trách Nhiệm Hữu Hạn,Nào từng thay như.,204379000,Approved,Cash
EXP0001227,DEP011,2026-06-25,Scholarship,Lê Và Mai Công Ty Tnhh,Từ cho làm có để cái là.,15129000,Pending,Cash
EXP0001228,DEP003,2024-02-08,Equipment,Vũ Và Đối Tác Công Ty Cổ Phần,Là gần theo và thay khi tại số.,67941000,Rejected,Cash
EXP0001229,DEP006,2023-05-13,Equipment,Vũ Công Ty Trách Nhiệm Hữu Hạn,Vậy đi đi như giống với đang.,356258000,Approved,Cash
EXP0001230,DEP020,2023-08-11,Utilities,Vũ Công Ty Tnhh,Cách của vậy từ hoặc và để của hoặc.,91460000,Approved,Bank Transfer
EXP0001231,DEP008,2023-04-23,Office Supplies,Vũ Doanh Nghiệp Tư Nhân,Như cũng người chỉ đã cho nếu.,8704000,Rejected,Cash
EXP0001232,DEP008,2023-04-13,Maintenance,Hoàng Phạm Công Ty Tnhh,Chỉ không hơn người rất.,95679000,Pending,Cash
EXP0001233,DEP016,2025-03-14,Marketing,Lê Trần Công Ty Cổ Phần,Như từ cái tự cũng tại và cho.,196722000,Approved,Cash
EXP0001234,DEP012,2026-07-11,Office Supplies,Vũ Và Đối Tác Công Ty Tnhh,Rất như sẽ đang không trong điều.,744000,Approved,Cash
EXP0001235,DEP008,2023-10-15,Research,Bùi Dương Công Ty Hợp Danh,Cái mỗi khiến trong thì khi mà.,165240000,Pending,Bank Transfer
EXP0001236,DEP003,2025-06-19,Utilities,Mai Nguyễn Công Ty Cổ Phần,Vì nào không như nhưng không vậy hơn.,97317000,Approved,Corporate Card
EXP0001237,DEP014,2025-08-25,Utilities,Trần Tập Đoàn,Nhiều vài với có như cũng tại đi.,38514000,Approved,Bank Transfer
EXP0001238,DEP020,2025-08-06,Research,Vũ Công Ty Tnhh Mtv,Về vậy chỉ trong.,435778000,Pending,Corporate Card
EXP0001239,DEP002,2026-07-08,Equipment,Trần Và Đối Tác Công Ty Cổ Phần,Nếu nơi với mỗi đúng tôi đó thế tại.,59164000,Rejected,Corporate Card
EXP0001240,DEP013,2023-09-27,Utilities,Nguyễn Công Ty Tnhh,Vậy mà để cũng sẽ.,16428000,Rejected,Cash
EXP0001241,DEP018,2023-02-14,Maintenance,Bùi Và Bùi Tập Đoàn,Mỗi đang theo và nếu chưa tự.,75795000,Rejected,Corporate Card
EXP0001242,DEP018,2025-04-03,Utilities,Mai Và Nguyễn Doanh Nghiệp Tư Nhân,Của có đến mà nào trong cách.,48615000,Approved,Corporate Card
EXP0001243,DEP002,2024-12-08,Scholarship,Mai Công Ty Hợp Danh,Thế vậy số để tại giữa vẫn của từ.,272574000,Approved,Bank Transfer
EXP0001244,DEP010,2023-04-14,Salary,Đặng Đặng Công Ty Tnhh,Từ theo và đúng đó vẫn của tại có.,964655000,Approved,Bank Transfer
EXP0001245,DEP009,2023-07-26,Utilities,Phạm Và Đặng Công Ty Tnhh,Vài các dưới tại được đến hoặc được.,7241000,Approved,Corporate Card
EXP0001246,DEP017,2024-12-31,Salary,Bùi Và Đối Tác Công Ty Tnhh,Là lớn được tôi về theo đã để thế.,509121000,Approved,Cash
EXP0001247,DEP005,2024-09-26,Utilities,Trần Lê Công Ty Trách Nhiệm Hữu Hạn,Có các mỗi như.,19094000,Approved,Corporate Card
EXP0001248,DEP004,2026-02-22,Research,Nguyễn Và Vũ Công Ty Cổ Phần,Nơi không thì khiến có.,266319000,Approved,Corporate Card
EXP0001249,DEP004,2025-05-16,Research,Lê Và Dương Tập Đoàn,Tôi vậy với với về vẫn số hơn.,167471000,Rejected,Bank Transfer
EXP0001250,DEP019,2025-10-18,Utilities,Mai Và Đối Tác Tập Đoàn,Đó như đi tôi đến.,11404000,Rejected,Cash
EXP0001251,DEP013,2022-03-09,Office Supplies,Dương Và Trần Công Ty Tnhh,Để nhưng như hoặc với tự tại cách như.,11697000,Rejected,Bank Transfer
EXP0001252,DEP018,2025-05-24,Salary,Đặng Và Hoàng Tập Đoàn,Mỗi cho từ các về theo sẽ.,255343000,Approved,Bank Transfer
EXP0001253,DEP018,2024-04-20,Research,Trần Và Lê Công Ty Tnhh Mtv,Số một từ người.,122484000,Rejected,Cash
EXP0001254,DEP006,2023-09-19,Maintenance,Đặng Nguyễn Công Ty Trách Nhiệm Hữu Hạn,Lớn để hơn rất hơn.,26311000,Rejected,Corporate Card
EXP0001255,DEP011,2025-10-04,Maintenance,Hoàng Và Đặng Công Ty Trách Nhiệm Hữu Hạn,Dưới rất điều vì.,67055000,Rejected,Bank Transfer
EXP0001256,DEP006,2025-10-19,Salary,Mai Nguyễn Công Ty Tnhh Mtv,Nhiều có đó như nhiều.,219519000,Pending,Bank Transfer
EXP0001257,DEP008,2022-09-13,Maintenance,Đặng Và Nguyễn Tập Đoàn,Từng đến về vậy giữa.,45377000,Pending,Cash
EXP0001258,DEP020,2024-06-26,Utilities,Dương Trần Công Ty Cổ Phần,Khi cái thế có tại nơi.,22318000,Rejected,Cash
EXP0001259,DEP001,2025-04-13,Office Supplies,Bùi Và Dương Công Ty Hợp Danh,Như để đó từng mỗi tại là tự.,17404000,Rejected,Cash
EXP0001260,DEP019,2025-03-28,Marketing,Đặng Trần Công Ty Cổ Phần,Chỉ là đi mỗi hơn bạn.,15474000,Approved,Corporate Card
EXP0001261,DEP010,2025-06-12,Maintenance,Trần Doanh Nghiệp Tư Nhân,Này để để như.,32427000,Pending,Cash
EXP0001262,DEP011,2025-11-25,Research,Hoàng Và Đối Tác Doanh Nghiệp Tư Nhân,Vậy một cũng nhiều.,348833000,Pending,Bank Transfer
EXP0001263,DEP009,2025-10-08,Scholarship,Bùi Và Đối Tác Công Ty Trách Nhiệm Hữu Hạn,Thế có nếu giống như.,10337000,Rejected,Bank Transfer
EXP0001264,DEP005,2024-05-02,Marketing,Nguyễn Và Đối Tác Công Ty Hợp Danh,Của tôi cái chưa trong đang chỉ.,160601000,Rejected,Corporate Card
EXP0001265,DEP001,2024-11-14,Maintenance,Đặng Mai Tập Đoàn,Như này tại đến nhiều.,15601000,Approved,Bank Transfer
EXP0001266,DEP003,2022-05-25,Utilities,Trần Và Đối Tác Công Ty Trách Nhiệm Hữu Hạn,Nhưng nếu nơi theo nhưng vẫn.,50770000,Rejected,Cash
EXP0001267,DEP003,2023-02-16,Equipment,Mai Công Ty Tnhh,Vậy nhiều như mỗi có đó nơi.,285266000,Pending,Bank Transfer
EXP0001268,DEP016,2024-09-12,Salary,Bùi Phạm Công Ty Trách Nhiệm Hữu Hạn,Các trong như nhưng.,692858000,Rejected,Corporate Card
EXP0001269,DEP014,2025-04-12,Utilities,Vũ Phạm Công Ty Tnhh Mtv,Có vì không về.,47162000,Approved,Cash
EXP0001270,DEP017,2024-07-25,Maintenance,Hoàng Và Đối Tác Công Ty Tnhh Mtv,Theo điều để vài như khi có trong cách.,123711000,Approved,Corporate Card
EXP0001271,DEP001,2022-11-10,Research,Lê Vũ Công Ty Trách Nhiệm Hữu Hạn,Giữa này nếu khi cách để sẽ giống.,314362000,Approved,Corporate Card
EXP0001272,DEP016,2022-09-01,Equipment,Vũ Và Đối Tác Công Ty Trách Nhiệm Hữu Hạn,Chỉ thì nơi dưới rất để.,174248000,Pending,Bank Transfer
EXP0001273,DEP011,2025-12-29,Marketing,Nguyễn Và Đối Tác Doanh Nghiệp Tư Nhân,Số giữa là một không với.,114999000,Pending,Cash
EXP0001274,DEP011,2023-04-07,Marketing,Phạm Trần Công Ty Hợp Danh,Như cũng như chưa gần đã.,12644000,Rejected,Bank Transfer
EXP0001275,DEP018,2025-01-01,Equipment,Mai Công Ty Trách Nhiệm Hữu Hạn,Nào đang của vẫn vài thì.,389661000,Pending,Cash
EXP0001276,DEP004,2025-01-09,Equipment,Dương Tập Đoàn,Các cũng vài đúng mỗi như các của của.,129131000,Pending,Corporate Card
EXP0001277,DEP014,2025-01-19,Research,Dương Nguyễn Công Ty Trách Nhiệm Hữu Hạn,Mỗi hơn tôi các.,381251000,Approved,Cash
EXP0001278,DEP013,2025-05-10,Utilities,Vũ Và Đối Tác Doanh Nghiệp Tư Nhân,Với như trong lớn chưa vẫn dưới lớn cũng.,41903000,Approved,Bank Transfer
EXP0001279,DEP014,2024-06-28,Scholarship,Nguyễn Và Phạm Công Ty Tnhh Mtv,Như này điều tại người tự từ có.,89720000,Rejected,Bank Transfer
EXP0001280,DEP013,2022-04-13,Utilities,Mai Công Ty Tnhh,Được hoặc đó không giống đúng.,25705000,Pending,Bank Transfer
EXP0001281,DEP013,2023-10-19,Office Supplies,Dương Và Đặng Công Ty Tnhh,Sau đi giữa có bên cách.,14254000,Rejected,Cash
EXP0001282,DEP014,2022-07-12,Salary,Mai Đặng Công Ty Tnhh,Tôi nào mỗi là vài về về.,628684000,Approved,Corporate Card
EXP0001283,DEP011,2026-06-05,Salary,Mai Trần Công Ty Trách Nhiệm Hữu Hạn,Hơn tại khi cái chưa cái với về nhưng.,976672000,Rejected,Cash
EXP0001284,DEP007,2025-12-10,Equipment,Mai Mai Công Ty Tnhh,Gần có theo giữa.,99373000,Pending,Bank Transfer
EXP0001285,DEP006,2026-03-27,Office Supplies,Mai Công Ty Trách Nhiệm Hữu Hạn,Cũng nhiều dưới vì nơi để nơi.,9492000,Approved,Corporate Card
EXP0001286,DEP002,2024-06-30,Equipment,Vũ Và Đối Tác Công Ty Tnhh,Như giống điều đang gần cách.,321274000,Approved,Bank Transfer
EXP0001287,DEP008,2023-04-02,Marketing,Bùi Công Ty Tnhh Mtv,Trong người tại thì vậy trong sau chưa giống.,184553000,Rejected,Corporate Card
EXP0001288,DEP015,2022-07-20,Office Supplies,Mai Doanh Nghiệp Tư Nhân,Đúng mà chưa từ sau hơn và.,29147000,Rejected,Bank Transfer
EXP0001289,DEP018,2025-06-01,Maintenance,Dương Và Hoàng Công Ty Hợp Danh,Các khi bạn thay giữa như bên chỉ.,29858000,Pending,Cash
EXP0001290,DEP019,2025-11-24,Equipment,Hoàng Và Phạm Công Ty Hợp Danh,Với cũng cho đang với nhiều từ.,67679000,Approved,Bank Transfer
EXP0001291,DEP008,2023-08-31,Salary,Lê Và Mai Công Ty Tnhh Mtv,Thay để đang nơi có.,274293000,Rejected,Cash
EXP0001292,DEP001,2025-08-27,Utilities,Lê Và Nguyễn Công Ty Hợp Danh,Về mà của thế để.,79773000,Approved,Bank Transfer
EXP0001293,DEP011,2024-03-07,Equipment,Hoàng Và Lê Doanh Nghiệp Tư Nhân,Nếu thay sau tại đang với.,315958000,Approved,Bank Transfer
EXP0001294,DEP001,2026-01-25,Marketing,Lê Mai Công Ty Tnhh,Như mỗi của như mà bạn.,138461000,Pending,Cash
EXP0001295,DEP011,2025-10-04,Office Supplies,Bùi Và Hoàng Doanh Nghiệp Tư Nhân,Vì số nhưng khi trong từ.,21600000,Approved,Cash
EXP0001296,DEP006,2026-05-13,Utilities,Dương Dương Công Ty Tnhh Mtv,Của dưới cũng người hoặc từ.,54400000,Pending,Corporate Card
EXP0001297,DEP019,2025-01-24,Salary,Bùi Và Đặng Công Ty Cổ Phần,Cho thay để mỗi mỗi sau có.,213105000,Approved,Bank Transfer
EXP0001298,DEP009,2026-03-13,Maintenance,Bùi Công Ty Hợp Danh,Trong làm vậy thì và vậy được.,28705000,Rejected,Corporate Card
EXP0001299,DEP006,2024-09-09,Utilities,Dương Hoàng Công Ty Trách Nhiệm Hữu Hạn,Được đi khi cho hơn mà đúng.,44893000,Pending,Cash
EXP0001300,DEP003,2025-04-14,Equipment,Hoàng Công Ty Hợp Danh,Này không giữa cũng.,106922000,Pending,Bank Transfer
EXP0001301,DEP005,2025-02-04,Salary,Mai Tập Đoàn,Và về này làm.,240486000,Approved,Corporate Card
EXP0001302,DEP011,2025-01-16,Research,Mai Tập Đoàn,Của thay tại cái.,304385000,Pending,Bank Transfer
EXP0001303,DEP009,2026-05-13,Research,Dương Công Ty Cổ Phần,Tôi vậy tại rất.,379810000,Pending,Corporate Card
EXP0001304,DEP013,2025-07-22,Research,Phạm Công Ty Tnhh,Bên nhiều khi nhưng.,226771000,Pending,Cash
EXP0001305,DEP008,2024-06-10,Maintenance,Trần Mai Công Ty Trách Nhiệm Hữu Hạn,Vì lớn hoặc của đã để vậy như mỗi.,8233000,Pending,Cash
EXP0001306,DEP003,2022-07-17,Salary,Bùi Nguyễn Công Ty Tnhh,Nhưng vì các điều như rất cách.,795462000,Rejected,Corporate Card
EXP0001307,DEP017,2023-04-09,Salary,Lê Bùi Công Ty Tnhh Mtv,Chỉ cái khiến của thì nào từ các trong.,213757000,Pending,Corporate Card
EXP0001308,DEP009,2024-01-13,Research,Lê Và Đối Tác Công Ty Tnhh Mtv,Để theo nào làm cũng tự của hơn.,289607000,Pending,Corporate Card
EXP0001309,DEP016,2023-08-29,Maintenance,Trần Mai Công Ty Hợp Danh,Để về trong giống trong thì.,108637000,Approved,Cash
EXP0001310,DEP002,2022-06-03,Maintenance,Mai Công Ty Trách Nhiệm Hữu Hạn,Của khi là hoặc cho thay số nếu được.,95932000,Pending,Corporate Card
EXP0001311,DEP007,2022-04-03,Scholarship,Trần Và Dương Công Ty Tnhh,Của thế với này bạn.,125152000,Rejected,Bank Transfer
EXP0001312,DEP002,2022-03-25,Marketing,Mai Nguyễn Công Ty Hợp Danh,Để được trong của giống.,41624000,Pending,Bank Transfer
EXP0001313,DEP013,2022-09-15,Salary,Mai Dương Công Ty Trách Nhiệm Hữu Hạn,Của dưới của trong như hơn hoặc làm.,220913000,Approved,Cash
EXP0001314,DEP019,2023-10-13,Maintenance,Mai Phạm Tập Đoàn,Hơn này thì với lớn nơi như được mà.,114939000,Pending,Bank Transfer
EXP0001315,DEP008,2022-01-25,Office Supplies,Dương Và Lê Công Ty Trách Nhiệm Hữu Hạn,Hoặc cho bên các.,26719000,Rejected,Bank Transfer
EXP0001316,DEP007,2022-06-27,Office Supplies,Dương Và Vũ Công Ty Tnhh,Đang cái sau với hoặc.,1928000,Approved,Cash
EXP0001317,DEP008,2024-08-13,Equipment,Lê Và Dương Công Ty Tnhh,Mỗi để đang mà.,53369000,Pending,Bank Transfer
EXP0001318,DEP002,2022-01-31,Maintenance,Đặng Và Đối Tác Công Ty Cổ Phần,Số đi có với này.,58369000,Rejected,Cash
EXP0001319,DEP016,2023-03-11,Marketing,Lê Và Đặng Công Ty Tnhh,Để hơn không cái nếu như.,111562000,Pending,Corporate Card
EXP0001320,DEP011,2023-07-19,Research,Trần Và Mai Tập Đoàn,Của chỉ cũng cũng khi dưới nơi nhiều không.,410224000,Pending,Cash
EXP0001321,DEP004,2025-10-15,Equipment,Hoàng Đặng Tập Đoàn,Tại sẽ có vậy hơn.,285757000,Approved,Bank Transfer
EXP0001322,DEP007,2023-07-12,Equipment,Hoàng Và Đối Tác Công Ty Cổ Phần,Dưới nào trong đến theo tự.,167024000,Approved,Cash
EXP0001323,DEP009,2025-01-29,Marketing,Trần Doanh Nghiệp Tư Nhân,Nào chưa với theo với.,111895000,Approved,Bank Transfer
EXP0001324,DEP004,2025-12-25,Equipment,Trần Và Đặng Công Ty Hợp Danh,Này khi giữa về như.,161502000,Rejected,Bank Transfer
EXP0001325,DEP017,2022-11-27,Utilities,Hoàng Vũ Công Ty Tnhh Mtv,Nào sẽ làm vì bạn mà.,10690000,Rejected,Corporate Card
EXP0001326,DEP001,2022-11-19,Research,Nguyễn Tập Đoàn,Từ sẽ trong khiến như.,277002000,Rejected,Corporate Card
EXP0001327,DEP002,2025-05-06,Utilities,Trần Lê Doanh Nghiệp Tư Nhân,Chưa từ đó tôi bên nơi với mỗi mà.,30073000,Rejected,Cash
EXP0001328,DEP016,2022-08-05,Research,Đặng Công Ty Hợp Danh,Theo đang rất chưa làm.,137001000,Pending,Corporate Card
EXP0001329,DEP004,2024-01-13,Maintenance,Bùi Và Đối Tác Công Ty Trách Nhiệm Hữu Hạn,Bên có nào như cũng đến.,96944000,Approved,Corporate Card
EXP0001330,DEP015,2023-09-11,Salary,Hoàng Và Đối Tác Công Ty Hợp Danh,Cách nơi sau không cách khiến lớn.,667190000,Pending,Corporate Card
EXP0001331,DEP018,2023-04-04,Marketing,Trần Và Hoàng Doanh Nghiệp Tư Nhân,Làm thay như khi để đúng nhưng như.,69007000,Rejected,Cash
EXP0001332,DEP002,2022-05-20,Maintenance,Hoàng Và Trần Công Ty Tnhh Mtv,Và thay nhưng thế là lớn.,6164000,Rejected,Corporate Card
EXP0001333,DEP007,2023-05-29,Maintenance,Hoàng Công Ty Cổ Phần,Giống giống nào giữa như đến cũng hơn.,39881000,Approved,Cash
EXP0001334,DEP003,2026-07-20,Marketing,Mai Vũ Doanh Nghiệp Tư Nhân,Đi vì được này.,63691000,Rejected,Bank Transfer
EXP0001335,DEP001,2022-02-22,Utilities,Hoàng Vũ Công Ty Trách Nhiệm Hữu Hạn,Vì chưa điều trong chỉ hơn nhiều khi như.,13021000,Pending,Bank Transfer
EXP0001336,DEP019,2024-01-04,Equipment,Phạm Công Ty Trách Nhiệm Hữu Hạn,Sẽ vì từ từng giữa như.,139570000,Pending,Cash
EXP0001337,DEP005,2023-01-05,Marketing,Trần Mai Công Ty Trách Nhiệm Hữu Hạn,Để từ có vẫn.,151849000,Pending,Cash
EXP0001338,DEP007,2023-02-04,Salary,Trần Doanh Nghiệp Tư Nhân,Vậy chưa chỉ một sau các.,997403000,Rejected,Bank Transfer
EXP0001339,DEP019,2024-06-01,Office Supplies,Mai Và Đối Tác Công Ty Tnhh,Đó nhiều như cho.,22323000,Approved,Bank Transfer
EXP0001340,DEP019,2023-07-24,Maintenance,Bùi Công Ty Hợp Danh,Cho để thì bạn chỉ tự sẽ sẽ.,138635000,Pending,Corporate Card
EXP0001341,DEP003,2025-10-13,Scholarship,Phạm Công Ty Hợp Danh,Khi đó hơn nếu hơn được với trong.,122408000,Approved,Cash
EXP0001342,DEP016,2025-08-13,Utilities,Mai Công Ty Trách Nhiệm Hữu Hạn,Với điều vì từ sẽ nào như.,94564000,Approved,Cash
EXP0001343,DEP003,2022-03-26,Office Supplies,Đặng Công Ty Trách Nhiệm Hữu Hạn,Với hơn từ trong số thay nào.,6956000,Rejected,Bank Transfer
EXP0001344,DEP009,2026-02-03,Scholarship,Hoàng Và Bùi Công Ty Trách Nhiệm Hữu Hạn,Từ để như để giống có thế khi.,144386000,Rejected,Cash
EXP0001345,DEP014,2024-09-23,Research,Hoàng Và Đối Tác Công Ty Tnhh,Bạn gần thì để nếu.,493389000,Pending,Cash
EXP0001346,DEP010,2025-09-10,Maintenance,Hoàng Và Nguyễn Doanh Nghiệp Tư Nhân,Tại tại trong từ cái bên khiến đúng nếu.,36902000,Approved,Cash
EXP0001347,DEP005,2025-05-30,Utilities,Mai Và Đối Tác Tập Đoàn,Giữa người mỗi mà đến bên có hoặc lớn.,90148000,Rejected,Corporate Card
EXP0001348,DEP006,2025-05-13,Marketing,Trần Và Đối Tác Doanh Nghiệp Tư Nhân,Thế chỉ có điều điều giống cho người.,115215000,Approved,Corporate Card
EXP0001349,DEP019,2023-11-25,Maintenance,Vũ Và Đối Tác Công Ty Cổ Phần,Sau bên giống cách này.,40491000,Pending,Corporate Card
EXP0001350,DEP008,2022-06-06,Office Supplies,Hoàng Doanh Nghiệp Tư Nhân,Nếu trong bên tại người.,10235000,Rejected,Cash
EXP0001351,DEP005,2024-03-29,Maintenance,Vũ Công Ty Trách Nhiệm Hữu Hạn,Thay làm đó hoặc làm để rất nếu hơn.,30933000,Approved,Cash
EXP0001352,DEP010,2023-06-18,Maintenance,Hoàng Vũ Công Ty Trách Nhiệm Hữu Hạn,Và hoặc trong đó.,133912000,Approved,Bank Transfer
EXP0001353,DEP016,2022-04-23,Marketing,Phạm Hoàng Công Ty Tnhh Mtv,Tôi để hơn của.,181203000,Rejected,Cash
EXP0001354,DEP010,2024-09-24,Office Supplies,Phạm Và Mai Công Ty Hợp Danh,Nếu điều như của chỉ.,28743000,Approved,Bank Transfer
EXP0001355,DEP009,2025-01-14,Utilities,Phạm Và Đối Tác Công Ty Trách Nhiệm Hữu Hạn,Và vậy một mà để.,15629000,Pending,Cash
EXP0001356,DEP015,2023-05-13,Utilities,Hoàng Và Phạm Công Ty Hợp Danh,Như cũng tự nào theo bên sẽ cũng.,43261000,Approved,Corporate Card
EXP0001357,DEP010,2022-01-09,Equipment,Dương Lê Tập Đoàn,Này nào thay là hoặc.,108007000,Approved,Bank Transfer
EXP0001358,DEP014,2025-08-18,Office Supplies,Nguyễn Trần Tập Đoàn,Tại như như lớn đến mỗi cho.,3628000,Approved,Cash
EXP0001359,DEP002,2022-01-06,Maintenance,Phạm Bùi Công Ty Hợp Danh,Được nhiều có lớn chỉ.,140962000,Rejected,Bank Transfer
EXP0001360,DEP006,2025-01-25,Maintenance,Bùi Trần Tập Đoàn,Của tại làm vậy gần vài được rất.,117322000,Approved,Bank Transfer
EXP0001361,DEP011,2022-05-24,Marketing,Nguyễn Và Đối Tác Công Ty Cổ Phần,Người cũng chưa như vì điều bạn giống rất.,5026000,Rejected,Corporate Card
EXP0001362,DEP009,2024-05-02,Scholarship,Vũ Lê Công Ty Tnhh,Với đó của với bạn cũng như.,248992000,Pending,Corporate Card
EXP0001363,DEP008,2025-02-05,Marketing,Lê Và Dương Công Ty Cổ Phần,Giống vậy cũng nhưng đó.,53004000,Pending,Bank Transfer
EXP0001364,DEP020,2022-07-16,Utilities,Phạm Công Ty Tnhh,Đang cái trong khiến bên.,42368000,Approved,Corporate Card
EXP0001365,DEP014,2025-01-09,Utilities,Hoàng Phạm Công Ty Tnhh,Trong chỉ số nhiều hơn vậy.,40760000,Approved,Cash
EXP0001366,DEP014,2023-04-01,Scholarship,Trần Và Dương Công Ty Tnhh,Như có hoặc hơn.,141239000,Rejected,Bank Transfer
EXP0001367,DEP006,2026-07-22,Marketing,Mai Công Ty Cổ Phần,Hoặc nhiều mỗi được từng.,198464000,Rejected,Corporate Card
EXP0001368,DEP007,2023-11-07,Utilities,Phạm Và Phạm Công Ty Trách Nhiệm Hữu Hạn,Để như bạn hơn từ giống.,67810000,Approved,Bank Transfer
EXP0001369,DEP004,2025-05-07,Salary,Lê Và Đặng Công Ty Hợp Danh,Của với vì đã khiến.,315833000,Approved,Bank Transfer
EXP0001370,DEP004,2025-12-17,Scholarship,Trần Công Ty Tnhh Mtv,Cách từ như được theo vài dưới của hoặc.,131592000,Approved,Bank Transfer
EXP0001371,DEP004,2023-06-23,Equipment,Phạm Và Dương Công Ty Trách Nhiệm Hữu Hạn,Cách rất không có.,126510000,Approved,Corporate Card
EXP0001372,DEP006,2023-09-13,Marketing,Dương Doanh Nghiệp Tư Nhân,Giống giống nơi với cho của.,167635000,Approved,Cash
EXP0001373,DEP006,2022-03-24,Salary,Đặng Nguyễn Công Ty Tnhh Mtv,Sẽ sẽ bạn khi từng như thay hoặc.,437379000,Pending,Cash
EXP0001374,DEP006,2025-09-27,Equipment,Mai Công Ty Tnhh Mtv,Cái nhiều sẽ như hơn hơn.,77254000,Approved,Bank Transfer
EXP0001375,DEP007,2025-08-27,Equipment,Nguyễn Và Đối Tác Tập Đoàn,Đi bên đi chỉ chỉ được.,290356000,Pending,Cash
EXP0001376,DEP006,2022-05-11,Salary,Đặng Và Mai Công Ty Hợp Danh,Tại số thế vài.,535895000,Rejected,Bank Transfer
EXP0001377,DEP004,2024-03-02,Research,Đặng Và Trần Tập Đoàn,Người lớn mỗi để giữa lớn.,394868000,Pending,Bank Transfer
EXP0001378,DEP007,2023-01-14,Maintenance,Nguyễn Và Đối Tác Công Ty Tnhh Mtv,Đó tại có nào.,129433000,Rejected,Bank Transfer
EXP0001379,DEP002,2025-10-18,Office Supplies,Lê Tập Đoàn,Cái hơn giống về bạn thế tại mà theo.,17161000,Rejected,Cash
EXP0001380,DEP001,2025-08-16,Equipment,Vũ Và Đối Tác Công Ty Tnhh,Nhiều tự đến nhiều giống về cũng người.,194633000,Rejected,Corporate Card
EXP0001381,DEP006,2025-07-14,Salary,Hoàng Bùi Công Ty Tnhh Mtv,Với mỗi cũng trong có dưới một.,434425000,Rejected,Bank Transfer
EXP0001382,DEP006,2024-03-30,Utilities,Phạm Dương Công Ty Tnhh Mtv,Khi tại nơi để của tự chỉ sau giống.,36713000,Approved,Bank Transfer
EXP0001383,DEP002,2025-10-19,Scholarship,Dương Lê Công Ty Hợp Danh,Như cũng có để thế giữa trong.,128874000,Rejected,Bank Transfer
EXP0001384,DEP017,2026-06-14,Marketing,Hoàng Công Ty Tnhh Mtv,Khi sẽ của có nhưng tại giữa.,82005000,Rejected,Corporate Card
EXP0001385,DEP003,2026-07-22,Marketing,Vũ Lê Doanh Nghiệp Tư Nhân,Khiến rất vì có từng bên của với vì.,145315000,Pending,Corporate Card
EXP0001386,DEP010,2026-04-09,Research,Trần Công Ty Tnhh Mtv,Sẽ vài nhưng nếu rất trong cũng.,416569000,Rejected,Corporate Card
EXP0001387,DEP004,2023-03-12,Scholarship,Dương Lê Công Ty Cổ Phần,Thì gần trong từng tại đi.,123166000,Approved,Cash
EXP0001388,DEP008,2022-11-01,Equipment,Phạm Và Dương Công Ty Tnhh,Để từng cũng như thế.,65726000,Pending,Cash
EXP0001389,DEP002,2023-05-09,Maintenance,Đặng Công Ty Tnhh,Các đúng về thì.,8968000,Pending,Corporate Card
EXP0001390,DEP003,2022-03-15,Equipment,Trần Dương Công Ty Tnhh Mtv,Các nếu như từng để tôi.,273079000,Approved,Bank Transfer
EXP0001391,DEP006,2025-10-28,Salary,Phạm Công Ty Hợp Danh,Khiến nào đã cũng rất giống tại khiến trong.,616436000,Approved,Bank Transfer
EXP0001392,DEP009,2023-10-31,Maintenance,Vũ Tập Đoàn,Từng được thay như.,96647000,Approved,Bank Transfer
EXP0001393,DEP007,2024-08-05,Maintenance,Lê Và Đối Tác Tập Đoàn,Dưới thì từ thì thì như trong đi.,3537000,Rejected,Corporate Card
EXP0001394,DEP009,2026-04-19,Marketing,Bùi Công Ty Tnhh Mtv,Của như cũng để đang này chỉ.,40451000,Rejected,Cash
EXP0001395,DEP004,2025-07-09,Equipment,Mai Và Vũ Doanh Nghiệp Tư Nhân,Này hơn trong trong.,326404000,Pending,Cash
EXP0001396,DEP006,2023-02-08,Utilities,Hoàng Và Đối Tác Doanh Nghiệp Tư Nhân,Mà làm cách như có của đã.,68169000,Pending,Bank Transfer
EXP0001397,DEP007,2022-01-16,Salary,Phạm Và Trần Công Ty Hợp Danh,Để với như theo không để từ.,995223000,Approved,Corporate Card
EXP0001398,DEP019,2026-01-06,Office Supplies,Bùi Và Đối Tác Công Ty Trách Nhiệm Hữu Hạn,Tôi như đúng đã về tự được vì giữa.,7680000,Approved,Cash
EXP0001399,DEP005,2024-12-09,Research,Vũ Và Mai Doanh Nghiệp Tư Nhân,Cũng khiến thì điều.,403808000,Approved,Corporate Card
EXP0001400,DEP012,2023-01-30,Marketing,Đặng Dương Công Ty Hợp Danh,Giữa như để tại từ với người mà và.,64444000,Approved,Bank Transfer
EXP0001401,DEP010,2025-11-26,Research,Dương Và Đặng Công Ty Cổ Phần,Số nếu để đang thay một.,154852000,Approved,Bank Transfer
EXP0001402,DEP019,2023-07-19,Utilities,Nguyễn Và Đối Tác Công Ty Hợp Danh,Nơi không để cách người nhiều mỗi nơi.,42024000,Pending,Bank Transfer
EXP0001403,DEP004,2026-04-13,Maintenance,Dương Bùi Công Ty Cổ Phần,Đó tại để cách thay chỉ tại.,49544000,Rejected,Bank Transfer
EXP0001404,DEP007,2025-07-15,Utilities,Bùi Và Nguyễn Tập Đoàn,Với được khiến các khi.,80350000,Rejected,Corporate Card
EXP0001405,DEP006,2025-10-04,Scholarship,Phạm Công Ty Cổ Phần,Vài thay của vẫn hoặc khiến tôi đó cũng.,29581000,Rejected,Bank Transfer
EXP0001406,DEP020,2025-07-04,Office Supplies,Lê Và Mai Công Ty Hợp Danh,Với sẽ của đến một nếu tại tại.,13528000,Rejected,Cash
EXP0001407,DEP009,2024-01-02,Marketing,Hoàng Và Phạm Công Ty Trách Nhiệm Hữu Hạn,Vẫn vài này nếu lớn.,31916000,Rejected,Corporate Card
EXP0001408,DEP017,2023-11-26,Marketing,Bùi Và Đối Tác Công Ty Tnhh,Như như từ số chỉ hơn thế để.,6277000,Pending,Corporate Card
EXP0001409,DEP015,2025-01-28,Scholarship,Trần Và Đối Tác Công Ty Hợp Danh,Nhiều của cũng mỗi như nơi từ hơn.,11563000,Rejected,Corporate Card
EXP0001410,DEP007,2022-01-30,Salary,Hoàng Vũ Công Ty Tnhh Mtv,Khiến giống người với hơn.,714624000,Approved,Bank Transfer
EXP0001411,DEP004,2023-05-17,Equipment,Phạm Và Dương Doanh Nghiệp Tư Nhân,Để thế của hơn.,100742000,Approved,Corporate Card
EXP0001412,DEP011,2025-01-22,Equipment,Hoàng Và Đối Tác Tập Đoàn,Tại cũng từng có này.,35560000,Pending,Cash
EXP0001413,DEP003,2024-03-10,Office Supplies,Trần Phạm Công Ty Tnhh,Có thì thay như theo bạn.,12941000,Approved,Corporate Card
EXP0001414,DEP008,2022-01-03,Research,Mai Nguyễn Công Ty Trách Nhiệm Hữu Hạn,Được như đó trong sau của bạn dưới hơn.,291699000,Approved,Bank Transfer
EXP0001415,DEP019,2022-07-14,Office Supplies,Vũ Và Đối Tác Công Ty Cổ Phần,Giữa của làm dưới nhiều với cái có có.,19714000,Rejected,Cash
EXP0001416,DEP004,2026-02-11,Research,Phạm Nguyễn Công Ty Trách Nhiệm Hữu Hạn,Với khiến nơi thì của của trong trong dưới.,278455000,Rejected,Corporate Card
EXP0001417,DEP014,2023-02-25,Research,Nguyễn Tập Đoàn,Từng đang cái lớn vậy mỗi trong trong để.,151081000,Rejected,Corporate Card
EXP0001418,DEP006,2024-11-01,Marketing,Vũ Doanh Nghiệp Tư Nhân,Sau thế tại khiến đó.,15797000,Rejected,Corporate Card
EXP0001419,DEP001,2025-02-14,Utilities,Lê Và Đối Tác Công Ty Trách Nhiệm Hữu Hạn,Từng lớn hơn cũng có số cái vẫn bên.,40267000,Pending,Bank Transfer
EXP0001420,DEP008,2025-10-18,Research,Nguyễn Và Dương Tập Đoàn,Người đi nào sau không vẫn hơn với thế.,240979000,Rejected,Corporate Card
EXP0001421,DEP003,2026-06-29,Research,Mai Công Ty Cổ Phần,Tại với nơi về không trong tự trong cách.,412644000,Pending,Bank Transfer
EXP0001422,DEP018,2024-10-14,Research,Trần Công Ty Tnhh Mtv,Mà hơn để nào một từ.,407280000,Rejected,Corporate Card
EXP0001423,DEP016,2022-01-22,Utilities,Phạm Công Ty Trách Nhiệm Hữu Hạn,Hoặc có tôi vẫn lớn chưa để với.,30068000,Rejected,Corporate Card
EXP0001424,DEP020,2022-04-01,Salary,Bùi Công Ty Tnhh,Tôi hoặc và như trong với sau.,540683000,Rejected,Cash
EXP0001425,DEP016,2026-03-24,Scholarship,Đặng Và Đối Tác Công Ty Tnhh,Bên tự rất đó rất sau sau lớn.,215065000,Pending,Corporate Card
EXP0001426,DEP013,2025-09-08,Scholarship,Lê Đặng Tập Đoàn,Hơn số khiến làm.,111890000,Rejected,Corporate Card
EXP0001427,DEP001,2026-01-21,Salary,Vũ Bùi Công Ty Cổ Phần,Về dưới như tại.,986623000,Rejected,Corporate Card
EXP0001428,DEP008,2025-07-04,Maintenance,Mai Mai Doanh Nghiệp Tư Nhân,Mỗi giữa tôi nếu về từ.,131365000,Approved,Cash
EXP0001429,DEP009,2026-05-25,Maintenance,Dương Và Đối Tác Công Ty Trách Nhiệm Hữu Hạn,Một giữa từ như từng vì.,17569000,Pending,Corporate Card
EXP0001430,DEP013,2025-08-17,Scholarship,Nguyễn Công Ty Trách Nhiệm Hữu Hạn,Như như một của cho.,112196000,Rejected,Corporate Card
EXP0001431,DEP010,2025-08-24,Marketing,Bùi Vũ Công Ty Hợp Danh,Đã nhiều sẽ bạn.,60342000,Pending,Corporate Card
EXP0001432,DEP007,2022-01-23,Research,Mai Và Đối Tác Tập Đoàn,Của trong như của vì mà tự vì.,347989000,Rejected,Bank Transfer
EXP0001433,DEP014,2026-03-20,Maintenance,Dương Đặng Tập Đoàn,Mỗi nhưng như không với không.,93750000,Rejected,Bank Transfer
EXP0001434,DEP017,2026-01-22,Marketing,Phạm Công Ty Tnhh,Người tại về hơn sau.,56378000,Pending,Corporate Card
EXP0001435,DEP015,2025-10-20,Equipment,Mai Và Mai Doanh Nghiệp Tư Nhân,Hoặc để có đang với nào của cái điều.,312471000,Pending,Cash
EXP0001436,DEP011,2024-09-29,Office Supplies,Đặng Và Đối Tác Tập Đoàn,Từ vì nhưng tại đang dưới tự đang cho.,20429000,Pending,Corporate Card
EXP0001437,DEP008,2022-11-28,Maintenance,Bùi Và Nguyễn Công Ty Tnhh,Có đúng với cái làm là không điều về.,109894000,Approved,Bank Transfer
EXP0001438,DEP017,2023-08-11,Office Supplies,Lê Bùi Công Ty Hợp Danh,Rất người đang được chưa mỗi khiến.,8109000,Pending,Bank Transfer
EXP0001439,DEP009,2024-07-24,Equipment,Mai Và Đối Tác Công Ty Tnhh,Của với nhiều cũng sau có đang thì bên.,216579000,Approved,Corporate Card
EXP0001440,DEP001,2026-06-28,Equipment,Mai Và Mai Tập Đoàn,Như đi chưa gần.,253538000,Approved,Corporate Card
EXP0001441,DEP014,2024-12-14,Equipment,Phạm Nguyễn Công Ty Hợp Danh,Vì trong nhưng gần trong không giống để chỉ.,351453000,Pending,Bank Transfer
EXP0001442,DEP010,2022-08-22,Utilities,Bùi Và Hoàng Công Ty Hợp Danh,Đang bên được vài từ bạn từ.,36950000,Rejected,Corporate Card
EXP0001443,DEP013,2022-07-11,Utilities,Mai Và Phạm Công Ty Hợp Danh,Hơn của các từ số vài.,81806000,Rejected,Bank Transfer
EXP0001444,DEP017,2022-08-31,Research,Trần Và Dương Doanh Nghiệp Tư Nhân,Tôi cũng theo tự rất thay.,323195000,Pending,Cash
EXP0001445,DEP010,2024-06-30,Maintenance,Mai Công Ty Tnhh,Vì khiến cái thì của có.,21126000,Rejected,Corporate Card
EXP0001446,DEP009,2022-12-11,Research,Mai Và Đối Tác Công Ty Tnhh Mtv,Tự là vậy cách và người.,76924000,Rejected,Cash
EXP0001447,DEP014,2023-02-09,Research,Mai Mai Công Ty Cổ Phần,Như như nào làm.,56587000,Rejected,Cash
EXP0001448,DEP003,2024-10-15,Utilities,Dương Công Ty Cổ Phần,Có từ từ cách đang tại sẽ đã tại.,5798000,Pending,Corporate Card
EXP0001449,DEP016,2024-03-25,Maintenance,Hoàng Và Hoàng Công Ty Tnhh,Để tại được khi được theo.,131476000,Rejected,Cash
EXP0001450,DEP016,2026-05-24,Office Supplies,Lê Và Đối Tác Doanh Nghiệp Tư Nhân,Hơn tự nhưng và lớn.,10824000,Rejected,Cash
EXP0001451,DEP007,2025-04-11,Utilities,Dương Và Mai Doanh Nghiệp Tư Nhân,Đang này như người nếu tại.,58911000,Approved,Bank Transfer
EXP0001452,DEP016,2026-07-02,Equipment,Bùi Và Nguyễn Doanh Nghiệp Tư Nhân,Từ đã cho vậy tôi cách.,95559000,Rejected,Cash
EXP0001453,DEP006,2024-10-17,Research,Vũ Dương Công Ty Hợp Danh,Rất như mỗi để là.,388433000,Approved,Corporate Card
EXP0001454,DEP018,2025-07-26,Research,Đặng Và Đối Tác Công Ty Hợp Danh,Như thay như đang chưa.,216517000,Rejected,Corporate Card
EXP0001455,DEP020,2023-02-01,Scholarship,Nguyễn Vũ Công Ty Tnhh,Đi cũng có như có vài.,88227000,Pending,Cash
EXP0001456,DEP010,2025-12-25,Office Supplies,Hoàng Và Đối Tác Công Ty Hợp Danh,Như cũng rất có.,11963000,Rejected,Bank Transfer
EXP0001457,DEP019,2023-02-04,Marketing,Nguyễn Vũ Công Ty Tnhh,Tại chưa mỗi một tại này tự.,153013000,Pending,Bank Transfer
EXP0001458,DEP015,2025-04-21,Salary,Vũ Và Đối Tác Công Ty Hợp Danh,Vì người làm mà được điều.,978146000,Pending,Bank Transfer
EXP0001459,DEP016,2026-06-03,Research,Trần Công Ty Tnhh,Hơn giữa sau có của điều như từng gần.,409939000,Rejected,Cash
EXP0001460,DEP010,2023-02-17,Maintenance,Lê Và Đối Tác Doanh Nghiệp Tư Nhân,Tự thì từ từng hơn là tự.,123777000,Rejected,Corporate Card
EXP0001461,DEP013,2025-07-20,Equipment,Hoàng Và Phạm Công Ty Hợp Danh,Từ tự cũng tôi khi cho để mà gần.,394256000,Rejected,Cash
EXP0001462,DEP001,2022-03-16,Equipment,Dương Và Lê Công Ty Trách Nhiệm Hữu Hạn,Một số từng tại nơi với chỉ đến.,58222000,Rejected,Corporate Card
EXP0001463,DEP011,2024-02-27,Salary,Trần Và Mai Công Ty Hợp Danh,Được có đang cho số từng từ.,385743000,Rejected,Cash
EXP0001464,DEP008,2022-02-13,Marketing,Bùi Và Đối Tác Tập Đoàn,Tự về này theo.,67425000,Rejected,Corporate Card
EXP0001465,DEP015,2024-11-26,Research,Vũ Công Ty Trách Nhiệm Hữu Hạn,Từng cái trong hơn đã.,306417000,Approved,Cash
EXP0001466,DEP013,2026-07-20,Marketing,Hoàng Công Ty Hợp Danh,Mà số như trong như để là là.,15775000,Approved,Corporate Card
EXP0001467,DEP017,2025-08-25,Utilities,Lê Dương Doanh Nghiệp Tư Nhân,Giữa làm tôi với vì.,12503000,Pending,Bank Transfer
EXP0001468,DEP007,2023-07-07,Office Supplies,Đặng Công Ty Hợp Danh,Với vài sẽ của như có vài và.,12697000,Rejected,Bank Transfer
EXP0001469,DEP019,2024-06-13,Salary,Vũ Doanh Nghiệp Tư Nhân,Chưa một cái đang tự vì khi đang.,468327000,Pending,Bank Transfer
EXP0001470,DEP001,2022-07-27,Utilities,Mai Lê Công Ty Cổ Phần,Để bạn tôi bên có có.,99342000,Approved,Bank Transfer
EXP0001471,DEP020,2024-10-16,Research,Lê Công Ty Tnhh Mtv,Thế bên bạn tại tự vì mỗi là số.,451408000,Pending,Corporate Card
EXP0001472,DEP012,2023-02-27,Scholarship,Trần Và Đặng Công Ty Trách Nhiệm Hữu Hạn,Khi cũng về không hơn.,155668000,Rejected,Corporate Card
EXP0001473,DEP016,2022-09-27,Equipment,Đặng Và Đối Tác Công Ty Cổ Phần,Của chỉ với chưa tại đúng đi hơn giống.,305863000,Approved,Bank Transfer
EXP0001474,DEP007,2024-07-01,Scholarship,Trần Hoàng Công Ty Trách Nhiệm Hữu Hạn,Các có hơn nào tại sẽ như.,49502000,Approved,Cash
EXP0001475,DEP017,2026-02-24,Scholarship,Mai Công Ty Trách Nhiệm Hữu Hạn,Khi khi của số đi như.,224964000,Pending,Corporate Card
EXP0001476,DEP003,2023-09-01,Research,Trần Dương Tập Đoàn,Như không chỉ chưa cái.,393283000,Approved,Cash
EXP0001477,DEP016,2026-03-20,Maintenance,Nguyễn Và Đối Tác Công Ty Trách Nhiệm Hữu Hạn,Cũng của rất cho.,115187000,Approved,Corporate Card
EXP0001478,DEP016,2023-02-02,Marketing,Nguyễn Tập Đoàn,Mỗi giữa được cho hơn chưa tự.,81113000,Approved,Cash
EXP0001479,DEP007,2026-04-05,Office Supplies,Mai Và Đối Tác Tập Đoàn,Chỉ để bên để thế.,13497000,Approved,Cash
EXP0001480,DEP006,2023-05-15,Scholarship,Nguyễn Và Đối Tác Tập Đoàn,Như từ cũng đến.,26478000,Rejected,Cash
EXP0001481,DEP007,2023-06-21,Office Supplies,Lê Tập Đoàn,Sau thay chỉ như.,14061000,Approved,Corporate Card
EXP0001482,DEP020,2023-11-01,Equipment,Mai Công Ty Tnhh Mtv,Tại với tại như đi.,378899000,Rejected,Corporate Card
EXP0001483,DEP002,2022-09-23,Scholarship,Hoàng Công Ty Tnhh Mtv,Rất thay trong nhưng khiến.,272702000,Pending,Bank Transfer
EXP0001484,DEP015,2022-11-09,Scholarship,Hoàng Và Trần Công Ty Tnhh,Có tự để với rất thế vậy cách.,239348000,Pending,Cash
EXP0001485,DEP001,2025-12-23,Marketing,Nguyễn Công Ty Hợp Danh,Trong đó có một đúng cũng.,18540000,Pending,Cash
EXP0001486,DEP007,2025-07-29,Maintenance,Bùi Và Đối Tác Doanh Nghiệp Tư Nhân,Của nếu của vài theo giống với.,14935000,Rejected,Corporate Card
EXP0001487,DEP020,2023-02-17,Office Supplies,Mai Và Đối Tác Công Ty Hợp Danh,Cách như để cách với trong.,26548000,Pending,Cash
EXP0001488,DEP020,2023-04-04,Scholarship,Lê Và Bùi Công Ty Hợp Danh,Với nơi để có gần cách hơn từ bên.,219227000,Pending,Bank Transfer
EXP0001489,DEP020,2023-03-12,Utilities,Lê Tập Đoàn,Để hoặc nhưng khiến trong cái.,49165000,Pending,Bank Transfer
EXP0001490,DEP009,2026-01-26,Utilities,Dương Và Đối Tác Tập Đoàn,Vẫn rất rất lớn bên đúng lớn.,19407000,Pending,Cash
EXP0001491,DEP005,2022-05-20,Maintenance,Bùi Vũ Công Ty Tnhh Mtv,Làm về cho của cho hơn.,142320000,Approved,Bank Transfer
EXP0001492,DEP003,2024-05-23,Salary,Vũ Và Đối Tác Công Ty Trách Nhiệm Hữu Hạn,Để chưa vậy tại từ hoặc tại một nếu.,801723000,Pending,Bank Transfer
EXP0001493,DEP015,2024-04-12,Office Supplies,Bùi Đặng Công Ty Tnhh,Giữa từ hoặc được.,16232000,Approved,Bank Transfer
EXP0001494,DEP013,2024-07-27,Marketing,Hoàng Và Đối Tác Công Ty Trách Nhiệm Hữu Hạn,Như giữa có thế số mà.,55194000,Pending,Cash
EXP0001495,DEP010,2026-02-13,Equipment,Bùi Và Đối Tác Công Ty Tnhh Mtv,Với như sau lớn.,182429000,Approved,Bank Transfer
EXP0001496,DEP019,2025-01-23,Salary,Hoàng Và Đối Tác Doanh Nghiệp Tư Nhân,Trong bên giữa không làm có là.,416431000,Rejected,Corporate Card
EXP0001497,DEP010,2025-10-29,Equipment,Nguyễn Và Nguyễn Công Ty Hợp Danh,Điều giữa vậy nhiều để như đúng giữa.,228894000,Rejected,Cash
EXP0001498,DEP013,2026-03-17,Scholarship,Trần Và Bùi Doanh Nghiệp Tư Nhân,Của các đó như như thay cái khiến như.,212276000,Approved,Corporate Card
EXP0001499,DEP003,2025-12-14,Office Supplies,Bùi Và Vũ Tập Đoàn,Dưới của cũng mỗi từ hoặc.,26412000,Approved,Cash
EXP0001500,DEP011,2022-11-15,Utilities,Mai Và Đối Tác Doanh Nghiệp Tư Nhân,Với như giữa hơn.,67443000,Pending,Corporate Card
EXP0001501,DEP018,2023-02-20,Research,Hoàng Công Ty Cổ Phần,Của sau từng để đến giữa.,341861000,Rejected,Cash
EXP0001502,DEP007,2025-10-27,Maintenance,Vũ Và Bùi Công Ty Hợp Danh,Từ đã nào như tôi đến tại khiến.,138654000,Approved,Corporate Card
EXP0001503,DEP011,2024-09-14,Office Supplies,Mai Mai Công Ty Cổ Phần,Nhưng này bên đã dưới từ nếu đúng giống.,11179000,Approved,Corporate Card
EXP0001504,DEP009,2024-01-25,Research,Hoàng Và Đối Tác Doanh Nghiệp Tư Nhân,Cũng cũng nếu dưới đến.,459324000,Pending,Bank Transfer
EXP0001505,DEP006,2023-02-20,Equipment,Phạm Công Ty Trách Nhiệm Hữu Hạn,Nhiều như từ khi tại của như.,34260000,Approved,Cash
EXP0001506,DEP015,2024-06-04,Scholarship,Bùi Hoàng Công Ty Tnhh,Dưới có trong vài thì để bên điều đang.,163870000,Approved,Cash
EXP0001507,DEP010,2024-02-13,Scholarship,Lê Và Bùi Công Ty Trách Nhiệm Hữu Hạn,Gần từng như có cũng.,224642000,Pending,Corporate Card
EXP0001508,DEP011,2025-08-07,Scholarship,Đặng Doanh Nghiệp Tư Nhân,Hơn từ theo của của như.,141078000,Rejected,Corporate Card
EXP0001509,DEP002,2022-06-05,Marketing,Phạm Công Ty Tnhh,Mỗi các điều như chỉ từ.,6136000,Approved,Bank Transfer
EXP0001510,DEP006,2024-08-05,Equipment,Trần Và Đối Tác Công Ty Hợp Danh,Sau giống để nhưng này.,274645000,Approved,Bank Transfer
EXP0001511,DEP007,2025-02-15,Maintenance,Nguyễn Trần Công Ty Hợp Danh,Thế thay như về hoặc cái.,125313000,Pending,Cash
EXP0001512,DEP007,2023-03-10,Salary,Nguyễn Vũ Công Ty Cổ Phần,Sẽ tự giống vậy vài.,988398000,Approved,Cash
EXP0001513,DEP015,2023-05-25,Maintenance,Vũ Và Phạm Tập Đoàn,Thế theo và và cho nơi.,109537000,Pending,Bank Transfer
EXP0001514,DEP001,2023-08-01,Marketing,Phạm Công Ty Hợp Danh,Nếu dưới như mà từ vì bên.,106947000,Pending,Cash
EXP0001515,DEP012,2025-05-02,Marketing,Đặng Tập Đoàn,Là hơn như bên cũng làm.,114381000,Pending,Bank Transfer
EXP0001516,DEP014,2022-05-17,Marketing,Lê Công Ty Cổ Phần,Của để của các bạn nếu.,102952000,Pending,Bank Transfer
EXP0001517,DEP002,2022-09-01,Scholarship,Mai Lê Công Ty Trách Nhiệm Hữu Hạn,Nhưng lớn này về mỗi tôi hoặc.,263010000,Rejected,Bank Transfer
EXP0001518,DEP010,2026-06-20,Utilities,Hoàng Và Trần Tập Đoàn,Có tại chưa tại.,94507000,Approved,Corporate Card
EXP0001519,DEP016,2022-07-09,Equipment,Lê Và Trần Doanh Nghiệp Tư Nhân,Từ nhưng của như của.,22237000,Pending,Corporate Card
EXP0001520,DEP009,2023-11-14,Salary,Dương Doanh Nghiệp Tư Nhân,Khi theo trong mà đi để.,769087000,Rejected,Corporate Card
EXP0001521,DEP002,2022-07-05,Research,Phạm Và Phạm Công Ty Hợp Danh,Nào dưới tại với.,267570000,Pending,Corporate Card
EXP0001522,DEP018,2023-11-08,Research,Vũ Dương Công Ty Cổ Phần,Tại từ bạn tại chỉ bạn đi.,111858000,Rejected,Cash
EXP0001523,DEP006,2026-05-15,Salary,Mai Và Đối Tác Công Ty Tnhh Mtv,Làm cách mỗi làm từ của nếu.,507302000,Approved,Corporate Card
EXP0001524,DEP004,2023-10-25,Maintenance,Vũ Phạm Doanh Nghiệp Tư Nhân,Của nào nếu đã chỉ có tại.,24461000,Pending,Bank Transfer
EXP0001525,DEP011,2024-12-27,Utilities,Nguyễn Công Ty Hợp Danh,Đúng của tự này.,92790000,Rejected,Cash
EXP0001526,DEP013,2023-09-18,Marketing,Vũ Và Đối Tác Công Ty Cổ Phần,Nơi đến tự nơi.,161412000,Rejected,Corporate Card
EXP0001527,DEP016,2025-11-02,Equipment,Dương Lê Công Ty Tnhh,Như đến có một nhưng.,141574000,Rejected,Corporate Card
EXP0001528,DEP009,2023-08-01,Maintenance,Phạm Và Đối Tác Công Ty Cổ Phần,Trong nơi chưa tại một là từ.,116009000,Rejected,Corporate Card
EXP0001529,DEP017,2023-04-07,Marketing,Lê Và Hoàng Công Ty Tnhh,Với thay theo trong như thì hơn vậy.,75175000,Approved,Bank Transfer
EXP0001530,DEP019,2025-10-30,Utilities,Nguyễn Tập Đoàn,Sẽ như chỉ như không từng mà.,69604000,Rejected,Bank Transfer
EXP0001531,DEP019,2026-06-30,Scholarship,Vũ Và Đối Tác Tập Đoàn,Giống tại của đang đã như nơi.,103954000,Rejected,Cash
EXP0001532,DEP007,2025-08-11,Maintenance,Đặng Vũ Tập Đoàn,Nếu trong người từng được.,134142000,Rejected,Cash
EXP0001533,DEP012,2023-05-16,Equipment,Vũ Vũ Công Ty Trách Nhiệm Hữu Hạn,Gần theo với nếu bên bên như.,30322000,Rejected,Bank Transfer
EXP0001534,DEP011,2026-03-15,Scholarship,Đặng Và Vũ Công Ty Tnhh Mtv,Giống các chưa bên như giống này dưới nhiều.,112134000,Pending,Corporate Card
EXP0001535,DEP020,2023-06-05,Scholarship,Dương Công Ty Trách Nhiệm Hữu Hạn,Vẫn giống vậy nơi làm rất đã.,242415000,Approved,Cash
EXP0001536,DEP007,2023-09-08,Office Supplies,Dương Công Ty Trách Nhiệm Hữu Hạn,Bạn để từng như gần.,14943000,Pending,Cash
EXP0001537,DEP015,2025-04-19,Utilities,Vũ Và Đối Tác Công Ty Tnhh Mtv,Thay này có từ người tại và của một.,11836000,Approved,Corporate Card
EXP0001538,DEP012,2023-05-18,Utilities,Lê Và Đặng Công Ty Cổ Phần,Vậy này cũng như là là với theo.,95166000,Pending,Bank Transfer
EXP0001539,DEP013,2022-03-26,Marketing,Trần Tập Đoàn,Nhưng bạn lớn vậy đúng đến mỗi.,87024000,Rejected,Bank Transfer
EXP0001540,DEP011,2026-05-30,Maintenance,Đặng Dương Tập Đoàn,Với và người tôi hoặc gần là sau.,12225000,Rejected,Corporate Card
EXP0001541,DEP018,2023-05-19,Salary,Hoàng Hoàng Công Ty Tnhh,Như đang từ hơn người tự.,666410000,Approved,Corporate Card
EXP0001542,DEP002,2025-06-26,Research,Nguyễn Và Đối Tác Công Ty Tnhh Mtv,Nào hơn và của từ lớn nếu điều.,431577000,Rejected,Cash
EXP0001543,DEP004,2024-06-13,Maintenance,Vũ Và Hoàng Công Ty Hợp Danh,Đã nếu về nơi có.,110929000,Rejected,Cash
EXP0001544,DEP006,2024-09-20,Office Supplies,Hoàng Hoàng Tập Đoàn,Hơn sau đi giống từng trong nào.,3455000,Pending,Cash
EXP0001545,DEP001,2024-03-20,Maintenance,Mai Công Ty Cổ Phần,Của người tôi để.,42674000,Pending,Corporate Card
EXP0001546,DEP016,2026-04-21,Maintenance,Trần Mai Công Ty Tnhh Mtv,Tại làm của các nào gần thì nhiều lớn.,86760000,Rejected,Bank Transfer
EXP0001547,DEP003,2022-06-12,Scholarship,Nguyễn Công Ty Hợp Danh,Điều nào có giống thay điều của.,147789000,Pending,Cash
EXP0001548,DEP015,2025-04-20,Equipment,Phạm Và Lê Công Ty Hợp Danh,Sẽ để sẽ vẫn không.,64380000,Approved,Corporate Card
EXP0001549,DEP006,2024-08-13,Equipment,Đặng Tập Đoàn,Hơn thế như trong với cũng để mà.,184542000,Approved,Cash
EXP0001550,DEP003,2023-12-29,Equipment,Nguyễn Và Đối Tác Công Ty Cổ Phần,Thì không theo không hơn của vì rất tại.,364496000,Pending,Bank Transfer
EXP0001551,DEP004,2023-06-21,Utilities,Đặng Và Mai Công Ty Tnhh,Trong đó đó người cái để vậy khi.,76229000,Rejected,Corporate Card
EXP0001552,DEP012,2025-10-12,Research,Đặng Công Ty Tnhh,Vẫn như nào đúng với đúng.,164867000,Pending,Cash
EXP0001553,DEP011,2022-07-20,Maintenance,Hoàng Và Bùi Công Ty Cổ Phần,Là có sẽ của tại như có.,98967000,Rejected,Corporate Card
EXP0001554,DEP001,2022-10-22,Marketing,Nguyễn Mai Công Ty Hợp Danh,Mỗi để thế và khi nhiều lớn với.,154954000,Approved,Cash
EXP0001555,DEP006,2025-03-30,Marketing,Nguyễn Lê Tập Đoàn,Vài như đến sẽ trong tự của.,68024000,Pending,Bank Transfer
EXP0001556,DEP008,2023-10-27,Utilities,Đặng Và Bùi Công Ty Tnhh,Từ của từ dưới đó.,59495000,Pending,Cash
EXP0001557,DEP011,2026-05-07,Utilities,Mai Và Đối Tác Công Ty Trách Nhiệm Hữu Hạn,Khiến không được vẫn nhưng cũng tôi để.,96567000,Rejected,Cash
EXP0001558,DEP016,2026-07-25,Salary,Dương Và Vũ Công Ty Hợp Danh,Đi nơi như từ.,211959000,Pending,Cash
EXP0001559,DEP016,2026-03-11,Salary,Dương Và Đối Tác Doanh Nghiệp Tư Nhân,Theo mà để cách đi tại làm đúng.,228019000,Approved,Corporate Card
EXP0001560,DEP008,2024-07-20,Scholarship,Lê Và Đối Tác Công Ty Trách Nhiệm Hữu Hạn,Đi vì cho cũng và.,193008000,Pending,Corporate Card
EXP0001561,DEP015,2025-12-29,Utilities,Dương Và Đối Tác Công Ty Hợp Danh,Làm được với của làm số sau đi trong.,58734000,Rejected,Bank Transfer
EXP0001562,DEP013,2024-09-15,Equipment,Đặng Công Ty Tnhh Mtv,Làm từng dưới để như tại để số của.,200234000,Rejected,Corporate Card
EXP0001563,DEP004,2022-06-24,Scholarship,Dương Và Mai Công Ty Tnhh Mtv,Đúng làm mà điều.,46886000,Approved,Corporate Card
EXP0001564,DEP005,2024-07-05,Scholarship,Trần Và Trần Công Ty Cổ Phần,Được đến dưới từ nhưng lớn.,267679000,Rejected,Cash
EXP0001565,DEP007,2022-07-05,Office Supplies,Lê Công Ty Tnhh,Khiến với chưa có đến khi khi.,28432000,Approved,Cash
EXP0001566,DEP009,2022-03-05,Salary,Dương Và Trần Công Ty Tnhh Mtv,Như như mà dưới sau chưa và thì trong.,698031000,Approved,Corporate Card
EXP0001567,DEP003,2022-03-14,Office Supplies,Dương Và Đặng Công Ty Tnhh Mtv,Về sau trong thế.,20526000,Rejected,Cash
EXP0001568,DEP011,2024-08-11,Office Supplies,Dương Và Vũ Doanh Nghiệp Tư Nhân,Vì lớn cũng được nhiều cái khi vẫn cũng.,10892000,Pending,Cash
EXP0001569,DEP020,2025-12-15,Office Supplies,Vũ Và Phạm Tập Đoàn,Tôi cái thế vẫn với.,28630000,Rejected,Bank Transfer
EXP0001570,DEP018,2024-06-08,Marketing,Trần Và Nguyễn Công Ty Tnhh Mtv,Và sẽ này cũng theo.,51667000,Approved,Cash
EXP0001571,DEP012,2024-03-15,Utilities,Đặng Công Ty Cổ Phần,Có cái mà từng nhưng của.,60448000,Rejected,Corporate Card
EXP0001572,DEP006,2024-09-25,Salary,Trần Công Ty Hợp Danh,Từng có có theo từng nhưng.,900069000,Rejected,Cash
EXP0001573,DEP006,2023-10-01,Utilities,Trần Và Đối Tác Công Ty Trách Nhiệm Hữu Hạn,Nhiều theo này vẫn như đến vì.,84200000,Pending,Cash
EXP0001574,DEP001,2023-05-09,Marketing,Bùi Tập Đoàn,Nơi và đúng đến người trong.,198590000,Rejected,Bank Transfer
EXP0001575,DEP012,2022-03-24,Equipment,Mai Và Phạm Doanh Nghiệp Tư Nhân,Vậy số thì từ.,254247000,Rejected,Bank Transfer
EXP0001576,DEP010,2024-10-24,Salary,Trần Nguyễn Công Ty Tnhh Mtv,Cách đến vậy với.,288569000,Pending,Cash
EXP0001577,DEP007,2023-01-07,Utilities,Lê Và Đối Tác Công Ty Tnhh,Thay đó vẫn bên giữa.,17423000,Rejected,Cash
EXP0001578,DEP008,2025-04-06,Salary,Nguyễn Bùi Tập Đoàn,Cách thế về đến khi của một đúng.,673667000,Approved,Bank Transfer
EXP0001579,DEP016,2026-07-23,Salary,Trần Công Ty Hợp Danh,Chưa của và để với với.,602052000,Approved,Corporate Card
EXP0001580,DEP014,2026-05-21,Research,Phạm Mai Doanh Nghiệp Tư Nhân,Tự vài chỉ để trong thế này.,424064000,Pending,Corporate Card
EXP0001581,DEP012,2024-03-20,Salary,Dương Và Hoàng Công Ty Tnhh Mtv,Như từ đã vẫn như để người.,573843000,Pending,Cash
EXP0001582,DEP007,2022-02-10,Office Supplies,Bùi Công Ty Hợp Danh,Đi số thay đi.,2512000,Approved,Cash
EXP0001583,DEP009,2025-12-14,Utilities,Mai Và Nguyễn Công Ty Cổ Phần,Cái đi từng mỗi được của cũng nhưng và.,39923000,Rejected,Cash
EXP0001584,DEP009,2024-05-16,Research,Lê Và Đối Tác Công Ty Hợp Danh,Trong tôi với rất của của.,431517000,Approved,Cash
EXP0001585,DEP016,2024-05-02,Salary,Phạm Nguyễn Doanh Nghiệp Tư Nhân,Sẽ để trong người như vậy trong thế.,596793000,Approved,Bank Transfer
EXP0001586,DEP004,2024-07-18,Office Supplies,Lê Hoàng Công Ty Cổ Phần,Như giống thay đã đến.,23665000,Pending,Cash
EXP0001587,DEP013,2024-06-21,Equipment,Đặng Và Đối Tác Công Ty Trách Nhiệm Hữu Hạn,Mỗi bạn với các rất từ có gần.,126424000,Approved,Corporate Card
EXP0001588,DEP019,2025-09-01,Equipment,Hoàng Công Ty Cổ Phần,Của đó chưa mà thế làm nếu.,31975000,Pending,Cash
EXP0001589,DEP012,2023-05-20,Utilities,Mai Và Vũ Công Ty Tnhh Mtv,Điều khiến là làm cũng người cho mà.,19275000,Approved,Bank Transfer
EXP0001590,DEP008,2026-02-03,Research,Bùi Tập Đoàn,Chỉ theo gần bạn.,211111000,Rejected,Bank Transfer
EXP0001591,DEP002,2025-07-04,Research,Trần Doanh Nghiệp Tư Nhân,Là của đi giữa nhiều chỉ.,272027000,Pending,Cash
EXP0001592,DEP013,2024-01-24,Office Supplies,Dương Và Bùi Tập Đoàn,Các tại của cũng để trong sau nhưng từng.,12725000,Rejected,Cash
EXP0001593,DEP016,2026-01-21,Equipment,Đặng Vũ Tập Đoàn,Số vì về đúng cái vậy.,207773000,Rejected,Cash
EXP0001594,DEP011,2022-03-16,Scholarship,Dương Phạm Tập Đoàn,Gần giữa không đi lớn tôi vài.,190959000,Rejected,Bank Transfer
EXP0001595,DEP011,2023-05-27,Marketing,Nguyễn Và Hoàng Công Ty Tnhh Mtv,Tự như bên cũng mỗi người khiến.,114232000,Approved,Corporate Card
EXP0001596,DEP007,2025-05-23,Scholarship,Vũ Công Ty Hợp Danh,Để đến chưa trong đó giống trong tại.,178884000,Rejected,Cash
EXP0001597,DEP012,2025-07-07,Maintenance,Trần Nguyễn Doanh Nghiệp Tư Nhân,Vì với hoặc cho.,65775000,Pending,Cash
EXP0001598,DEP004,2025-02-16,Office Supplies,Đặng Hoàng Doanh Nghiệp Tư Nhân,Theo số nhiều không từng người có.,22479000,Pending,Cash
EXP0001599,DEP015,2024-06-05,Equipment,Phạm Và Phạm Công Ty Tnhh,Bên không được vậy của.,256809000,Pending,Bank Transfer
EXP0001600,DEP008,2025-11-12,Equipment,Nguyễn Doanh Nghiệp Tư Nhân,Như nơi gần sẽ cũng nếu được không.,61642000,Approved,Corporate Card
EXP0001601,DEP016,2023-08-24,Utilities,Trần Và Hoàng Công Ty Tnhh Mtv,Cái người vì trong đã để hơn.,17149000,Rejected,Bank Transfer
EXP0001602,DEP017,2026-02-09,Research,Nguyễn Hoàng Công Ty Trách Nhiệm Hữu Hạn,Vài của đi cái như được vậy khiến.,449651000,Approved,Corporate Card
EXP0001603,DEP012,2023-02-02,Salary,Phạm Mai Công Ty Cổ Phần,Nơi để được để đã người.,937991000,Rejected,Corporate Card
EXP0001604,DEP020,2022-02-01,Scholarship,Mai Và Hoàng Công Ty Trách Nhiệm Hữu Hạn,Như bạn hoặc tự tại cũng của một.,128884000,Pending,Corporate Card
EXP0001605,DEP001,2022-03-08,Marketing,Nguyễn Bùi Doanh Nghiệp Tư Nhân,Làm là hoặc của từ.,102919000,Pending,Cash
EXP0001606,DEP013,2023-01-09,Office Supplies,Lê Và Trần Doanh Nghiệp Tư Nhân,Tự bên là thì hoặc từ.,22518000,Rejected,Bank Transfer
EXP0001607,DEP011,2025-08-01,Marketing,Nguyễn Và Vũ Doanh Nghiệp Tư Nhân,Tại dưới vì đúng của chưa.,93353000,Approved,Cash
EXP0001608,DEP005,2026-06-12,Salary,Mai Tập Đoàn,Giữa dưới đến hơn.,672682000,Pending,Cash
EXP0001609,DEP019,2023-03-05,Office Supplies,Vũ Công Ty Hợp Danh,Để giống được hơn nào đang nhiều.,14548000,Rejected,Bank Transfer
EXP0001610,DEP018,2023-12-19,Equipment,Phạm Và Đối Tác Tập Đoàn,Chỉ sẽ như dưới vẫn không không.,203216000,Rejected,Cash
EXP0001611,DEP010,2022-03-08,Marketing,Lê Và Hoàng Công Ty Tnhh Mtv,Điều bên đến bạn.,95682000,Rejected,Cash
EXP0001612,DEP005,2023-05-22,Salary,Đặng Và Bùi Công Ty Trách Nhiệm Hữu Hạn,Hơn cái có thay mà làm có đi cái.,888793000,Rejected,Bank Transfer
EXP0001613,DEP008,2026-07-30,Research,Bùi Tập Đoàn,Là như rất khi.,345622000,Rejected,Cash
EXP0001614,DEP017,2024-07-25,Scholarship,Vũ Và Đối Tác Công Ty Cổ Phần,Rất khi vẫn mà được chưa giống cho.,106483000,Rejected,Corporate Card
EXP0001615,DEP015,2025-12-06,Salary,Nguyễn Nguyễn Công Ty Trách Nhiệm Hữu Hạn,Hơn chỉ giữa cái từ số.,419716000,Pending,Cash
EXP0001616,DEP012,2024-03-11,Equipment,Mai Dương Doanh Nghiệp Tư Nhân,Có đó sẽ đến khi.,243070000,Approved,Corporate Card
EXP0001617,DEP001,2022-03-17,Utilities,Đặng Bùi Công Ty Tnhh,Và cái bên thì có.,37540000,Pending,Corporate Card
EXP0001618,DEP018,2024-04-29,Salary,Nguyễn Công Ty Tnhh,Của sẽ sẽ cũng có một.,725543000,Rejected,Bank Transfer
EXP0001619,DEP019,2023-11-15,Office Supplies,Nguyễn Và Đối Tác Công Ty Trách Nhiệm Hữu Hạn,Đó nhiều sau của nào hoặc.,3028000,Pending,Bank Transfer
EXP0001620,DEP001,2022-12-12,Research,Vũ Và Bùi Công Ty Tnhh,Một chỉ nào cho tại vài cũng.,182872000,Approved,Cash
EXP0001621,DEP017,2024-06-08,Utilities,Vũ Và Đối Tác Công Ty Tnhh,Hơn cũng làm không.,72815000,Pending,Cash
EXP0001622,DEP019,2023-06-04,Research,Bùi Và Đối Tác Công Ty Tnhh,Có người số tôi cho hoặc.,183249000,Rejected,Bank Transfer
EXP0001623,DEP009,2023-07-07,Scholarship,Lê Và Hoàng Công Ty Trách Nhiệm Hữu Hạn,Được nào như chưa.,247773000,Rejected,Corporate Card
EXP0001624,DEP012,2022-06-17,Marketing,Nguyễn Và Đối Tác Công Ty Cổ Phần,Lớn tại nhưng vẫn theo.,62195000,Rejected,Cash
EXP0001625,DEP003,2026-01-31,Office Supplies,Mai Và Đối Tác Công Ty Trách Nhiệm Hữu Hạn,Đang trong được tại.,24511000,Pending,Cash
EXP0001626,DEP010,2024-12-21,Equipment,Trần Đặng Công Ty Tnhh,Mà hơn vài cho.,302118000,Approved,Cash
EXP0001627,DEP006,2024-07-27,Marketing,Hoàng Công Ty Trách Nhiệm Hữu Hạn,Cũng dưới đang trong nhiều người như trong.,83022000,Approved,Corporate Card
EXP0001628,DEP006,2024-04-15,Maintenance,Dương Và Đối Tác Công Ty Cổ Phần,Đến giống chưa hoặc nơi từ với thế.,17330000,Rejected,Bank Transfer
EXP0001629,DEP012,2022-02-11,Maintenance,Bùi Và Đặng Công Ty Tnhh Mtv,Nơi như nhưng điều đến.,75309000,Pending,Cash
EXP0001630,DEP009,2023-09-24,Office Supplies,Vũ Và Bùi Tập Đoàn,Làm giống nơi như hơn từ tại.,16119000,Approved,Bank Transfer
EXP0001631,DEP010,2023-08-05,Research,Phạm Và Hoàng Tập Đoàn,Mỗi đến cũng như lớn tại trong.,383810000,Pending,Bank Transfer
EXP0001632,DEP009,2025-09-17,Marketing,Bùi Bùi Công Ty Hợp Danh,Chỉ đúng số gần.,46584000,Rejected,Corporate Card
EXP0001633,DEP001,2024-05-04,Research,Trần Lê Công Ty Cổ Phần,Mà cũng đúng số các bạn để hơn.,281871000,Approved,Cash
EXP0001634,DEP020,2022-02-17,Salary,Lê Và Mai Tập Đoàn,Mà như mà hơn trong chưa theo.,221513000,Approved,Cash
EXP0001635,DEP013,2025-01-16,Research,Nguyễn Và Vũ Công Ty Cổ Phần,Cho với khiến không vẫn tại khi.,51763000,Pending,Bank Transfer
EXP0001636,DEP003,2023-01-18,Maintenance,Phạm Dương Công Ty Tnhh Mtv,Được hơn một để có trong.,65001000,Pending,Cash
EXP0001637,DEP016,2022-04-02,Marketing,Mai Dương Công Ty Trách Nhiệm Hữu Hạn,Như của nếu của có có.,183570000,Rejected,Cash
EXP0001638,DEP006,2023-03-19,Utilities,Vũ Bùi Công Ty Tnhh Mtv,Thì sẽ như mà mỗi.,92821000,Rejected,Corporate Card
EXP0001639,DEP015,2022-11-17,Salary,Nguyễn Và Hoàng Công Ty Tnhh,Đi giữa và từng.,522497000,Rejected,Cash
EXP0001640,DEP001,2023-07-21,Marketing,Dương Và Nguyễn Công Ty Hợp Danh,Thì từ của nhưng có số có.,168598000,Rejected,Corporate Card
EXP0001641,DEP011,2024-05-20,Research,Vũ Doanh Nghiệp Tư Nhân,Hoặc làm khiến khiến mà một người.,217555000,Rejected,Bank Transfer
EXP0001642,DEP017,2023-03-25,Research,Đặng Và Đối Tác Công Ty Tnhh Mtv,Bên điều làm của như.,309925000,Rejected,Bank Transfer
EXP0001643,DEP001,2024-05-15,Maintenance,Lê Và Trần Doanh Nghiệp Tư Nhân,Cách hơn nhiều tự.,87718000,Rejected,Cash
EXP0001644,DEP010,2026-06-21,Equipment,Dương Và Nguyễn Doanh Nghiệp Tư Nhân,Dưới làm có lớn của gần tự giữa.,47463000,Rejected,Bank Transfer
EXP0001645,DEP014,2022-06-08,Salary,Mai Và Đối Tác Công Ty Trách Nhiệm Hữu Hạn,Làm tại từ về.,264669000,Rejected,Bank Transfer
EXP0001646,DEP002,2024-12-30,Salary,Vũ Công Ty Trách Nhiệm Hữu Hạn,Lớn nhiều được cũng tại thế.,222389000,Rejected,Cash
EXP0001647,DEP012,2024-07-02,Maintenance,Đặng Vũ Tập Đoàn,Bên có cũng dưới trong như nơi.,82047000,Approved,Corporate Card
EXP0001648,DEP012,2025-04-21,Maintenance,Đặng Và Vũ Công Ty Hợp Danh,Và đến trong khi theo làm số tại.,25752000,Pending,Bank Transfer
EXP0001649,DEP003,2026-07-30,Equipment,Trần Và Đối Tác Công Ty Tnhh,Trong dưới rất theo mỗi nào được các và.,22948000,Rejected,Cash
EXP0001650,DEP002,2023-06-30,Maintenance,Vũ Công Ty Trách Nhiệm Hữu Hạn,Hoặc hoặc để nhưng.,34765000,Pending,Bank Transfer
EXP0001651,DEP019,2026-01-20,Utilities,Hoàng Và Lê Tập Đoàn,Là để và vậy có số người.,36512000,Approved,Cash
EXP0001652,DEP011,2024-05-19,Utilities,Lê Và Hoàng Doanh Nghiệp Tư Nhân,Đến bạn để như.,49342000,Pending,Cash
EXP0001653,DEP010,2023-04-26,Utilities,Đặng Vũ Tập Đoàn,Đang đến cách nhưng không.,97450000,Approved,Corporate Card
EXP0001654,DEP011,2024-10-29,Equipment,Lê Và Dương Công Ty Hợp Danh,Chỉ số có cái người với vậy này.,162192000,Rejected,Bank Transfer
EXP0001655,DEP015,2025-08-12,Salary,Dương Vũ Doanh Nghiệp Tư Nhân,Này cách đúng sẽ như.,986113000,Approved,Corporate Card
EXP0001656,DEP011,2025-11-11,Scholarship,Trần Và Vũ Công Ty Cổ Phần,Mỗi nhiều trong từ.,238639000,Rejected,Corporate Card
EXP0001657,DEP016,2024-03-12,Office Supplies,Nguyễn Nguyễn Tập Đoàn,Bên rất làm gần từng như đi để vậy.,6354000,Rejected,Cash
EXP0001658,DEP015,2024-07-23,Equipment,Phạm Bùi Công Ty Trách Nhiệm Hữu Hạn,Thế nào tôi thay làm của gần.,284814000,Approved,Bank Transfer
EXP0001659,DEP020,2024-02-08,Maintenance,Dương Nguyễn Công Ty Tnhh,Vài sẽ để có.,146636000,Pending,Bank Transfer
EXP0001660,DEP009,2024-12-05,Scholarship,Phạm Và Đối Tác Công Ty Cổ Phần,Là có số bạn cũng.,209611000,Approved,Corporate Card
EXP0001661,DEP006,2022-11-03,Salary,Trần Nguyễn Công Ty Tnhh,Có đi hơn khi.,993733000,Rejected,Cash
EXP0001662,DEP010,2023-08-22,Salary,Phạm Lê Công Ty Trách Nhiệm Hữu Hạn,Từ đang không gần của vì theo.,842522000,Approved,Corporate Card
EXP0001663,DEP008,2024-02-10,Salary,Dương Và Mai Công Ty Tnhh Mtv,Vẫn không của cho để trong hơn.,775428000,Approved,Cash
EXP0001664,DEP001,2024-06-20,Maintenance,Hoàng Và Trần Tập Đoàn,Trong tự để nào để chỉ một tại để.,21173000,Approved,Cash
EXP0001665,DEP012,2025-05-01,Maintenance,Bùi Và Đối Tác Công Ty Tnhh,Trong người giống đến khiến trong số.,48917000,Approved,Corporate Card
EXP0001666,DEP007,2026-02-08,Equipment,Phạm Và Đối Tác Công Ty Tnhh Mtv,Của bên vài cách là khiến đó thay.,279737000,Approved,Cash
EXP0001667,DEP004,2024-09-13,Utilities,Nguyễn Công Ty Tnhh Mtv,Giữa tôi nhưng bên với cho rất.,28115000,Pending,Corporate Card
EXP0001668,DEP019,2024-06-12,Scholarship,Mai Và Hoàng Công Ty Tnhh,Thay làm từng với nhiều trong.,186946000,Approved,Bank Transfer
EXP0001669,DEP004,2024-02-28,Maintenance,Vũ Và Vũ Doanh Nghiệp Tư Nhân,Để này bạn cái cũng.,133378000,Rejected,Cash
EXP0001670,DEP006,2025-05-05,Office Supplies,Hoàng Bùi Công Ty Tnhh,Các dưới vậy khi như lớn sau.,1683000,Approved,Corporate Card
EXP0001671,DEP003,2025-01-30,Research,Phạm Công Ty Tnhh Mtv,Đó từ nếu hơn cũng cách thế đã đến.,156028000,Approved,Bank Transfer
EXP0001672,DEP011,2022-03-12,Maintenance,Lê Và Đối Tác Công Ty Hợp Danh,Giống vẫn tôi khi đúng để vì tự tôi.,132734000,Pending,Cash
EXP0001673,DEP001,2025-12-05,Salary,Hoàng Và Trần Công Ty Hợp Danh,Vẫn dưới tại như vậy vì các.,877970000,Approved,Cash
EXP0001674,DEP010,2024-07-26,Salary,Phạm Và Đối Tác Công Ty Tnhh Mtv,Của cho như hơn của từ vẫn theo.,851208000,Pending,Corporate Card
EXP0001675,DEP006,2024-11-08,Scholarship,Bùi Nguyễn Công Ty Trách Nhiệm Hữu Hạn,Khiến để cái tôi làm gần này khiến chỉ.,255889000,Pending,Corporate Card
EXP0001676,DEP014,2026-06-15,Scholarship,Trần Và Mai Công Ty Hợp Danh,Thay điều về của tại vài thế làm cũng.,272552000,Rejected,Corporate Card
EXP0001677,DEP012,2024-05-08,Salary,Bùi Doanh Nghiệp Tư Nhân,Để nhưng vài tôi của lớn.,593775000,Rejected,Bank Transfer
EXP0001678,DEP019,2025-01-26,Utilities,Mai Và Đối Tác Công Ty Trách Nhiệm Hữu Hạn,Của tại đúng đã đã.,92593000,Pending,Cash
EXP0001679,DEP011,2025-07-10,Utilities,Vũ Và Trần Công Ty Tnhh,Để trong đúng tôi khi số.,75154000,Rejected,Corporate Card
EXP0001680,DEP012,2026-03-01,Scholarship,Mai Lê Doanh Nghiệp Tư Nhân,Bên một thay cũng một thay rất và theo.,208602000,Pending,Cash
EXP0001681,DEP017,2022-05-16,Scholarship,Mai Phạm Doanh Nghiệp Tư Nhân,Cho vẫn để đến nào đến nếu.,63840000,Pending,Bank Transfer
EXP0001682,DEP008,2023-11-29,Equipment,Lê Tập Đoàn,Khi theo chỉ bạn bạn mỗi chưa.,191000000,Approved,Bank Transfer
EXP0001683,DEP015,2026-07-09,Equipment,Vũ Và Bùi Công Ty Cổ Phần,Đúng đang cũng nơi tôi về về.,44193000,Rejected,Bank Transfer
EXP0001684,DEP019,2022-12-25,Research,Bùi Và Đặng Công Ty Cổ Phần,Số tại này để với như.,414519000,Approved,Corporate Card
EXP0001685,DEP013,2023-12-07,Salary,Mai Công Ty Hợp Danh,Hoặc như tại tại.,346216000,Approved,Cash
EXP0001686,DEP010,2025-03-29,Marketing,Trần Và Bùi Công Ty Tnhh,Thế để khi vì để.,101151000,Approved,Corporate Card
EXP0001687,DEP003,2023-04-26,Research,Lê Và Đối Tác Công Ty Tnhh,Chỉ giữa nhiều cho rất nhưng cho sau.,114155000,Rejected,Cash
EXP0001688,DEP004,2025-06-01,Maintenance,Mai Công Ty Tnhh Mtv,Nếu các như là khi vẫn giống.,128889000,Pending,Cash
EXP0001689,DEP003,2024-05-19,Salary,Hoàng Và Đối Tác Công Ty Hợp Danh,Giữa đang cũng người.,278684000,Approved,Bank Transfer
EXP0001690,DEP001,2025-04-06,Office Supplies,Đặng Và Đối Tác Công Ty Hợp Danh,Sau giống hơn khiến người với.,1025000,Approved,Cash
EXP0001691,DEP007,2022-08-23,Equipment,Dương Và Đối Tác Công Ty Cổ Phần,Thế đang chỉ chưa vì.,112435000,Approved,Cash
EXP0001692,DEP014,2025-09-18,Research,Mai Và Mai Công Ty Trách Nhiệm Hữu Hạn,Từng được mà vì từng.,289591000,Rejected,Cash
EXP0001693,DEP005,2025-03-27,Research,Trần Hoàng Công Ty Trách Nhiệm Hữu Hạn,Này bạn từ của để.,116591000,Approved,Corporate Card
EXP0001694,DEP004,2022-08-15,Marketing,Phạm Trần Công Ty Hợp Danh,Tại để với dưới bạn nhưng như đang.,37290000,Rejected,Cash
EXP0001695,DEP010,2022-11-03,Office Supplies,Hoàng Bùi Công Ty Tnhh Mtv,Chỉ đang với bạn như thì với.,26415000,Pending,Bank Transfer
EXP0001696,DEP001,2025-08-11,Scholarship,Bùi Công Ty Cổ Phần,Cho như vậy của thế.,210514000,Approved,Bank Transfer
EXP0001697,DEP008,2023-11-21,Marketing,Vũ Và Vũ Tập Đoàn,Là của đã như tại giữa.,34927000,Rejected,Corporate Card
EXP0001698,DEP016,2024-04-09,Maintenance,Hoàng Và Đối Tác Công Ty Hợp Danh,Đó tại được hơn bạn là thì với.,114559000,Approved,Cash
EXP0001699,DEP007,2026-02-04,Equipment,Phạm Và Đối Tác Công Ty Hợp Danh,Nếu gần đó như như nào của là.,71000000,Rejected,Cash
EXP0001700,DEP007,2022-09-22,Research,Trần Vũ Công Ty Cổ Phần,Thay để của hơn.,360624000,Pending,Cash
EXP0001701,DEP016,2025-02-24,Office Supplies,Bùi Dương Công Ty Hợp Danh,Và cũng làm này chỉ để với với hơn.,15423000,Pending,Bank Transfer
EXP0001702,DEP001,2022-05-03,Maintenance,Vũ Công Ty Tnhh Mtv,Sẽ với sẽ là này số tại.,43146000,Approved,Cash
EXP0001703,DEP010,2026-05-17,Marketing,Phạm Và Đối Tác Công Ty Tnhh Mtv,Không với như gần chưa nhưng.,34391000,Rejected,Bank Transfer
EXP0001704,DEP003,2024-06-05,Salary,Phạm Trần Công Ty Cổ Phần,Thế bên như điều dưới vài.,767450000,Rejected,Corporate Card
EXP0001705,DEP013,2026-01-14,Salary,Hoàng Phạm Công Ty Cổ Phần,Từ khi đã khiến gần cũng.,879988000,Rejected,Bank Transfer
EXP0001706,DEP004,2025-10-28,Maintenance,Đặng Và Đối Tác Doanh Nghiệp Tư Nhân,Của người sẽ có chỉ thì hoặc.,44591000,Pending,Bank Transfer
EXP0001707,DEP009,2024-05-25,Scholarship,Trần Mai Công Ty Trách Nhiệm Hữu Hạn,Đi của thế vậy đi.,209680000,Pending,Corporate Card
EXP0001708,DEP008,2025-07-30,Maintenance,Trần Lê Công Ty Tnhh Mtv,Không mỗi vẫn với người số hơn cũng.,135247000,Rejected,Cash
EXP0001709,DEP005,2024-03-04,Marketing,Dương Dương Công Ty Hợp Danh,Với đã vì vậy đang đang đi từng chỉ.,169983000,Approved,Corporate Card
EXP0001710,DEP015,2023-01-06,Research,Dương Dương Công Ty Tnhh Mtv,Cũng theo trong của.,193043000,Approved,Corporate Card
EXP0001711,DEP010,2022-09-11,Marketing,Vũ Và Trần Công Ty Trách Nhiệm Hữu Hạn,Nhiều dưới mỗi thế mỗi nếu vài.,94822000,Rejected,Corporate Card
EXP0001712,DEP010,2022-12-09,Office Supplies,Hoàng Và Trần Doanh Nghiệp Tư Nhân,Không mỗi tại người.,7391000,Rejected,Corporate Card
EXP0001713,DEP005,2024-04-19,Salary,Phạm Và Đối Tác Công Ty Tnhh,Giống bên không đã.,296267000,Rejected,Bank Transfer
EXP0001714,DEP009,2026-07-18,Equipment,Nguyễn Vũ Công Ty Hợp Danh,Giữa nơi tại để nếu giống.,44081000,Approved,Bank Transfer
EXP0001715,DEP004,2025-01-12,Maintenance,Mai Và Đối Tác Công Ty Tnhh,Để cho đúng của chỉ giữa.,91446000,Approved,Bank Transfer
EXP0001716,DEP018,2023-09-03,Office Supplies,Dương Và Đối Tác Tập Đoàn,Từ gần rất đã chỉ có từng mỗi.,27048000,Approved,Bank Transfer
EXP0001717,DEP016,2023-08-05,Marketing,Bùi Doanh Nghiệp Tư Nhân,Từ giống một số điều khi trong hoặc điều.,108582000,Pending,Cash
EXP0001718,DEP018,2022-06-11,Scholarship,Vũ Hoàng Tập Đoàn,Nơi chỉ từ chỉ hơn người là nhưng rất.,13658000,Rejected,Corporate Card
EXP0001719,DEP018,2022-11-11,Maintenance,Mai Và Đối Tác Doanh Nghiệp Tư Nhân,Này như đúng giống được.,114605000,Rejected,Corporate Card
EXP0001720,DEP006,2023-12-31,Scholarship,Bùi Và Mai Công Ty Trách Nhiệm Hữu Hạn,Vì hơn như trong khi bên.,203576000,Pending,Cash
EXP0001721,DEP009,2026-05-26,Marketing,Lê Phạm Công Ty Tnhh Mtv,Tự từ một các của.,83437000,Pending,Bank Transfer
EXP0001722,DEP009,2024-03-29,Scholarship,Phạm Tập Đoàn,Với tại nơi đi.,232330000,Pending,Cash
EXP0001723,DEP007,2023-08-23,Office Supplies,Bùi Công Ty Hợp Danh,Như tại vài với sẽ với.,6457000,Pending,Bank Transfer
EXP0001724,DEP014,2026-02-18,Marketing,Dương Đặng Công Ty Trách Nhiệm Hữu Hạn,Cũng về của thì như và.,46919000,Approved,Corporate Card
EXP0001725,DEP014,2022-05-04,Office Supplies,Mai Công Ty Tnhh,Đang số cũng đến thế tôi tại cách sẽ.,12056000,Pending,Bank Transfer
EXP0001726,DEP017,2022-01-09,Salary,Bùi Công Ty Tnhh Mtv,Vài của về cách tự với được các chỉ.,310750000,Pending,Bank Transfer
EXP0001727,DEP007,2024-08-11,Equipment,Hoàng Và Lê Công Ty Cổ Phần,Tự gần để từ bên thì như.,121578000,Pending,Bank Transfer
EXP0001728,DEP002,2022-01-23,Scholarship,Đặng Và Bùi Tập Đoàn,Sẽ có làm các rất như để.,111759000,Pending,Bank Transfer
EXP0001729,DEP010,2026-05-08,Equipment,Phạm Bùi Tập Đoàn,Vẫn giống hơn chỉ đúng có vậy.,199298000,Approved,Bank Transfer
EXP0001730,DEP011,2023-06-27,Salary,Hoàng Tập Đoàn,Hơn thì có cũng khi.,250811000,Rejected,Bank Transfer
EXP0001731,DEP018,2025-04-23,Office Supplies,Đặng Hoàng Công Ty Cổ Phần,Được bạn cũng hơn.,20328000,Approved,Bank Transfer
EXP0001732,DEP020,2025-12-12,Research,Phạm Và Đối Tác Công Ty Trách Nhiệm Hữu Hạn,Thì thay không bạn mỗi.,199298000,Pending,Corporate Card
EXP0001733,DEP020,2026-03-03,Equipment,Hoàng Và Trần Công Ty Hợp Danh,Được thế cách cho của theo.,164535000,Rejected,Cash
EXP0001734,DEP003,2023-02-21,Maintenance,Nguyễn Vũ Công Ty Hợp Danh,Trong làm trong như như nhưng làm vì.,37915000,Approved,Corporate Card
EXP0001735,DEP007,2025-06-04,Equipment,Dương Và Phạm Công Ty Tnhh,Từ như giống nơi cách.,27360000,Approved,Bank Transfer
EXP0001736,DEP008,2023-03-17,Utilities,Trần Và Phạm Tập Đoàn,Tự người trong để.,16088000,Approved,Bank Transfer
EXP0001737,DEP012,2022-01-11,Salary,Dương Và Đối Tác Công Ty Tnhh Mtv,Thì để là giống trong để.,877943000,Pending,Cash
EXP0001738,DEP020,2025-12-29,Salary,Mai Phạm Công Ty Tnhh Mtv,Bên từng nhiều được thế cũng cũng cũng.,935911000,Rejected,Corporate Card
EXP0001739,DEP003,2024-06-06,Utilities,Đặng Và Đối Tác Công Ty Trách Nhiệm Hữu Hạn,Điều của mỗi chưa cũng.,10175000,Pending,Bank Transfer
EXP0001740,DEP010,2025-11-25,Equipment,Nguyễn Doanh Nghiệp Tư Nhân,Để số hơn theo.,165288000,Approved,Cash
EXP0001741,DEP009,2022-02-26,Maintenance,Nguyễn Và Lê Công Ty Hợp Danh,Để đúng nhiều sẽ trong cách dưới.,86139000,Pending,Bank Transfer
EXP0001742,DEP015,2025-08-03,Scholarship,Dương Và Đối Tác Công Ty Hợp Danh,Vẫn giống thay một khi một mà đó với.,106227000,Pending,Bank Transfer
EXP0001743,DEP001,2024-07-13,Equipment,Vũ Nguyễn Công Ty Tnhh,Trong như được mà cho thì như và để.,113537000,Approved,Bank Transfer
EXP0001744,DEP012,2023-05-05,Salary,Dương Công Ty Cổ Phần,Có thế của gần thì nhiều.,543746000,Approved,Cash
EXP0001745,DEP001,2023-12-16,Office Supplies,Vũ Và Đối Tác Công Ty Cổ Phần,Tự làm nhiều khiến tôi.,1194000,Rejected,Bank Transfer
EXP0001746,DEP014,2026-04-28,Marketing,Phạm Và Đặng Công Ty Tnhh Mtv,Lớn với người như lớn khi theo được.,138329000,Pending,Cash
EXP0001747,DEP001,2023-12-29,Scholarship,Hoàng Lê Công Ty Tnhh,Đi cũng thế hoặc đã.,272531000,Approved,Cash
EXP0001748,DEP017,2026-05-14,Office Supplies,Phạm Và Đối Tác Tập Đoàn,Cái cũng cái sẽ cách với cho đã.,22282000,Approved,Bank Transfer
EXP0001749,DEP004,2022-10-28,Marketing,Mai Đặng Doanh Nghiệp Tư Nhân,Như của thay chỉ của để.,73526000,Pending,Corporate Card
EXP0001750,DEP014,2026-04-07,Utilities,Đặng Nguyễn Công Ty Trách Nhiệm Hữu Hạn,Giống trong được nào bạn giống.,84915000,Pending,Bank Transfer
EXP0001751,DEP011,2022-07-19,Marketing,Lê Và Hoàng Công Ty Tnhh Mtv,Một từ cũng như làm khiến thay.,122010000,Approved,Bank Transfer
EXP0001752,DEP001,2024-04-24,Research,Lê Và Đặng Doanh Nghiệp Tư Nhân,Mỗi của sau bên có.,30623000,Pending,Bank Transfer
EXP0001753,DEP012,2022-07-06,Utilities,Hoàng Và Hoàng Công Ty Tnhh,Thay số là từ nơi đang số.,38563000,Pending,Cash
EXP0001754,DEP008,2022-06-03,Research,Trần Công Ty Tnhh Mtv,Mỗi và cách về.,150076000,Pending,Corporate Card
EXP0001755,DEP002,2024-04-22,Research,Hoàng Phạm Công Ty Tnhh Mtv,Mỗi đang giữa đúng đang.,275721000,Approved,Cash
EXP0001756,DEP011,2022-12-14,Marketing,Mai Và Đối Tác Công Ty Tnhh Mtv,Người khiến khi bên với đến vì.,163463000,Rejected,Cash
EXP0001757,DEP018,2025-12-18,Office Supplies,Mai Tập Đoàn,Giống mỗi hơn của như nhiều hơn.,10587000,Rejected,Corporate Card
EXP0001758,DEP018,2025-05-22,Salary,Phạm Tập Đoàn,Tự như trong số thế không chưa.,701498000,Approved,Corporate Card
EXP0001759,DEP013,2025-03-19,Marketing,Trần Công Ty Hợp Danh,Đó với các không với cũng khi đến thay.,23469000,Approved,Corporate Card
EXP0001760,DEP018,2024-04-03,Equipment,Đặng Công Ty Tnhh,Từ hơn sẽ vì không nào.,118775000,Approved,Bank Transfer
EXP0001761,DEP006,2025-03-16,Research,Đặng Và Nguyễn Tập Đoàn,Chỉ cách về thay.,491606000,Approved,Bank Transfer
EXP0001762,DEP013,2022-06-10,Utilities,Mai Doanh Nghiệp Tư Nhân,Trong khi một với làm.,25077000,Pending,Bank Transfer
EXP0001763,DEP012,2023-10-21,Research,Dương Phạm Công Ty Tnhh,Để nào giống thế bên số như.,44237000,Approved,Bank Transfer
EXP0001764,DEP015,2022-06-20,Office Supplies,Lê Vũ Tập Đoàn,Có cái chỉ theo điều vẫn không hoặc dưới.,12809000,Approved,Cash
EXP0001765,DEP007,2022-10-25,Scholarship,Đặng Và Nguyễn Công Ty Tnhh,Nào tại đi mỗi giống như vì.,36028000,Rejected,Cash
EXP0001766,DEP005,2025-08-31,Scholarship,Đặng Công Ty Trách Nhiệm Hữu Hạn,Vậy tại cái cũng vậy tôi vì như giữa.,239829000,Pending,Bank Transfer
EXP0001767,DEP012,2024-07-05,Marketing,Mai Và Hoàng Doanh Nghiệp Tư Nhân,Mà của dưới gần của như giống với.,105810000,Pending,Corporate Card
EXP0001768,DEP013,2023-01-20,Salary,Nguyễn Vũ Công Ty Hợp Danh,Theo sau này chỉ.,801179000,Pending,Bank Transfer
EXP0001769,DEP003,2024-04-02,Maintenance,Dương Và Đối Tác Công Ty Hợp Danh,Cũng vậy các trong.,146014000,Approved,Bank Transfer
EXP0001770,DEP009,2025-03-07,Maintenance,Lê Công Ty Tnhh,Vài như cái thế như bạn để.,31552000,Approved,Cash
EXP0001771,DEP020,2022-11-28,Utilities,Mai Công Ty Hợp Danh,Khi và một về điều khiến như.,7554000,Rejected,Corporate Card
EXP0001772,DEP008,2024-02-10,Marketing,Bùi Và Đối Tác Công Ty Cổ Phần,Khi thế của và từng trong.,22326000,Approved,Cash
EXP0001773,DEP006,2022-10-08,Maintenance,Vũ Và Mai Công Ty Cổ Phần,Trong một như giữa số.,122331000,Pending,Corporate Card
EXP0001774,DEP020,2025-06-12,Maintenance,Trần Nguyễn Công Ty Tnhh,Bên từng gần để để thì đã từng của.,147902000,Pending,Cash
EXP0001775,DEP004,2023-09-03,Research,Lê Hoàng Công Ty Tnhh Mtv,Tôi người như mỗi mỗi mà khiến đó.,414735000,Pending,Bank Transfer
EXP0001776,DEP020,2026-01-31,Equipment,Hoàng Tập Đoàn,Của của bạn sẽ thì bên vẫn nhiều cho.,57140000,Rejected,Cash
EXP0001777,DEP012,2025-01-12,Office Supplies,Dương Dương Doanh Nghiệp Tư Nhân,Bên như như khiến trong với.,7864000,Pending,Cash
EXP0001778,DEP014,2024-11-27,Research,Trần Và Đối Tác Công Ty Tnhh Mtv,Là một theo là theo từng các để nào.,92109000,Approved,Cash
EXP0001779,DEP007,2024-12-12,Research,Hoàng Và Đối Tác Công Ty Tnhh Mtv,Từng từ giữa với.,439361000,Rejected,Cash
EXP0001780,DEP013,2024-02-07,Office Supplies,Vũ Và Nguyễn Tập Đoàn,Số từ từ cái khiến.,11956000,Pending,Corporate Card
EXP0001781,DEP011,2024-04-16,Maintenance,Mai Công Ty Hợp Danh,Là từ đang bạn.,79529000,Rejected,Corporate Card
EXP0001782,DEP012,2022-11-21,Scholarship,Đặng Và Bùi Công Ty Hợp Danh,Đó mỗi như tại để rất như hoặc.,60992000,Rejected,Cash
EXP0001783,DEP015,2025-01-02,Salary,Phạm Và Đối Tác Công Ty Cổ Phần,Với từng hoặc chỉ nếu với để không nơi.,902585000,Rejected,Bank Transfer
EXP0001784,DEP020,2022-05-23,Salary,Dương Lê Công Ty Hợp Danh,Hơn thế lớn hơn về.,960103000,Pending,Corporate Card
EXP0001785,DEP009,2024-12-11,Equipment,Nguyễn Và Phạm Công Ty Hợp Danh,Là thì của giữa dưới.,196303000,Rejected,Corporate Card
EXP0001786,DEP018,2023-08-28,Research,Vũ Và Đối Tác Tập Đoàn,Cách để nào cũng rất tại.,144575000,Pending,Bank Transfer
EXP0001787,DEP005,2024-09-23,Salary,Mai Mai Công Ty Hợp Danh,Của trong người vẫn nếu.,963507000,Rejected,Cash
EXP0001788,DEP003,2022-02-23,Equipment,Phạm Phạm Công Ty Trách Nhiệm Hữu Hạn,Được vậy đến khiến đang.,337803000,Approved,Corporate Card
EXP0001789,DEP018,2026-04-22,Salary,Hoàng Công Ty Hợp Danh,Của từ của cũng theo để từng.,334752000,Rejected,Cash
EXP0001790,DEP020,2023-08-08,Equipment,Vũ Doanh Nghiệp Tư Nhân,Của bên từ tự.,322815000,Pending,Bank Transfer
EXP0001791,DEP005,2022-12-06,Office Supplies,Trần Công Ty Trách Nhiệm Hữu Hạn,Hoặc chỉ từ hơn cũng.,23332000,Approved,Corporate Card
EXP0001792,DEP010,2024-09-25,Scholarship,Dương Phạm Công Ty Hợp Danh,Số chưa của làm.,174874000,Approved,Corporate Card
EXP0001793,DEP016,2025-09-22,Maintenance,Nguyễn Và Phạm Công Ty Cổ Phần,Khi dưới với cho trong.,65235000,Pending,Cash
EXP0001794,DEP006,2022-01-11,Salary,Dương Và Đối Tác Tập Đoàn,Sẽ theo người khiến tôi của hoặc trong để.,354785000,Rejected,Cash
EXP0001795,DEP013,2025-11-07,Office Supplies,Hoàng Và Vũ Công Ty Trách Nhiệm Hữu Hạn,Sẽ như nhưng dưới có mà vì.,8716000,Approved,Bank Transfer
EXP0001796,DEP007,2026-06-13,Salary,Hoàng Và Nguyễn Công Ty Cổ Phần,Các nhiều với nào lớn chưa hoặc đúng để.,717680000,Rejected,Bank Transfer
EXP0001797,DEP006,2022-12-28,Marketing,Lê Và Đối Tác Công Ty Hợp Danh,Tự đang để khi làm với của.,7299000,Pending,Corporate Card
EXP0001798,DEP005,2025-02-04,Utilities,Đặng Tập Đoàn,Khiến nào từ của cái gần trong không.,11219000,Approved,Bank Transfer
EXP0001799,DEP005,2022-09-10,Maintenance,Vũ Và Lê Tập Đoàn,Tôi khi tôi bên.,104257000,Approved,Corporate Card
EXP0001800,DEP020,2025-07-09,Scholarship,Vũ Công Ty Trách Nhiệm Hữu Hạn,Để sau đi từ nơi như.,171724000,Approved,Cash
EXP0001801,DEP011,2022-11-01,Office Supplies,Dương Và Dương Doanh Nghiệp Tư Nhân,Để rất cho lớn với bạn như.,24752000,Pending,Corporate Card
EXP0001802,DEP004,2025-01-20,Research,Đặng Và Lê Công Ty Trách Nhiệm Hữu Hạn,Là về như nếu để theo về theo từ.,266361000,Pending,Cash
EXP0001803,DEP005,2026-04-30,Marketing,Trần Dương Công Ty Cổ Phần,Rất mà được tại và tại.,159196000,Pending,Corporate Card
EXP0001804,DEP014,2025-09-07,Research,Lê Và Vũ Công Ty Trách Nhiệm Hữu Hạn,Vậy hơn khiến rất như.,403827000,Pending,Bank Transfer
EXP0001805,DEP001,2025-12-14,Maintenance,Vũ Và Đối Tác Công Ty Hợp Danh,Cũng các cái sau bên.,28154000,Rejected,Bank Transfer
EXP0001806,DEP004,2026-06-06,Equipment,Phạm Công Ty Tnhh Mtv,Đi tại như tại bên.,51209000,Approved,Cash
EXP0001807,DEP014,2025-06-18,Maintenance,Mai Và Đối Tác Công Ty Trách Nhiệm Hữu Hạn,Giống dưới giống nào.,11188000,Pending,Corporate Card
EXP0001808,DEP011,2023-06-19,Scholarship,Mai Và Đối Tác Tập Đoàn,Để có người với vẫn của.,43134000,Rejected,Corporate Card
EXP0001809,DEP016,2022-09-13,Salary,Đặng Và Đối Tác Công Ty Cổ Phần,Để mà thì và.,912883000,Rejected,Cash
EXP0001810,DEP002,2023-07-30,Utilities,Hoàng Và Mai Công Ty Tnhh Mtv,Cũng như thì hơn thì.,30616000,Rejected,Bank Transfer
EXP0001811,DEP001,2026-03-06,Scholarship,Đặng Và Đối Tác Công Ty Trách Nhiệm Hữu Hạn,Đã lớn cũng và cách như về và.,261312000,Pending,Corporate Card
EXP0001812,DEP016,2025-01-22,Research,Bùi Và Vũ Công Ty Trách Nhiệm Hữu Hạn,Bên nào cái đến nhưng được giống.,66237000,Rejected,Cash
EXP0001813,DEP009,2026-01-13,Equipment,Dương Đặng Công Ty Trách Nhiệm Hữu Hạn,Từ từ giống tại mà.,259291000,Rejected,Cash
EXP0001814,DEP004,2025-11-20,Equipment,Bùi Và Nguyễn Công Ty Tnhh,Từ với nơi từ nào nhưng nơi theo đi.,30107000,Rejected,Cash
EXP0001815,DEP013,2022-05-06,Office Supplies,Phạm Và Đối Tác Doanh Nghiệp Tư Nhân,Cũng số đang cũng thì.,24947000,Pending,Corporate Card
EXP0001816,DEP012,2024-11-21,Office Supplies,Vũ Công Ty Tnhh Mtv,Cũng vậy mỗi đúng trong thay đến.,5721000,Pending,Corporate Card
EXP0001817,DEP020,2025-06-28,Marketing,Bùi Công Ty Trách Nhiệm Hữu Hạn,Thì các vài được đã là.,198549000,Approved,Bank Transfer
EXP0001818,DEP001,2023-03-01,Maintenance,Bùi Và Đối Tác Công Ty Cổ Phần,Có vài mà dưới theo cũng.,30441000,Rejected,Bank Transfer
EXP0001819,DEP016,2024-06-19,Equipment,Đặng Và Đối Tác Tập Đoàn,Vài như với hoặc tự bạn đã.,222132000,Approved,Bank Transfer
EXP0001820,DEP017,2024-12-01,Maintenance,Đặng Và Đối Tác Công Ty Cổ Phần,Của đúng này sau từ hơn hoặc bên một.,91020000,Rejected,Bank Transfer
EXP0001821,DEP006,2025-11-21,Research,Lê Hoàng Công Ty Hợp Danh,Lớn khi để giống thay như.,394758000,Approved,Corporate Card
EXP0001822,DEP011,2022-07-05,Equipment,Nguyễn Đặng Công Ty Hợp Danh,Chỉ người theo hơn là với.,375642000,Rejected,Cash
EXP0001823,DEP006,2025-09-14,Maintenance,Trần Và Nguyễn Tập Đoàn,Rất về giữa tự của lớn như.,17377000,Approved,Corporate Card
EXP0001824,DEP010,2022-06-24,Maintenance,Vũ Công Ty Cổ Phần,Từ nhưng giống khi với làm như hoặc có.,48594000,Approved,Corporate Card
EXP0001825,DEP017,2025-03-28,Scholarship,Dương Công Ty Trách Nhiệm Hữu Hạn,Về số sẽ có với để hoặc giữa một.,174316000,Approved,Bank Transfer
EXP0001826,DEP018,2023-10-13,Utilities,Dương Và Vũ Công Ty Hợp Danh,Cái của bạn vì từ để giống mỗi không.,10931000,Approved,Corporate Card
EXP0001827,DEP008,2022-06-16,Office Supplies,Lê Công Ty Hợp Danh,Như thay không đang nhưng cái mà.,9824000,Rejected,Bank Transfer
EXP0001828,DEP003,2022-08-03,Marketing,Đặng Lê Doanh Nghiệp Tư Nhân,Như các giữa trong giống bên nếu bên tại.,47589000,Approved,Corporate Card
EXP0001829,DEP019,2022-10-20,Marketing,Vũ Và Đối Tác Công Ty Cổ Phần,Bên bạn các với.,90057000,Approved,Bank Transfer
EXP0001830,DEP004,2026-02-19,Equipment,Dương Công Ty Trách Nhiệm Hữu Hạn,Vì như đó sẽ nhiều cũng.,104115000,Rejected,Bank Transfer
EXP0001831,DEP007,2025-12-28,Scholarship,Nguyễn Bùi Công Ty Tnhh Mtv,Và sẽ như vẫn cách.,102808000,Approved,Corporate Card
EXP0001832,DEP018,2024-11-02,Office Supplies,Mai Và Đối Tác Tập Đoàn,Hơn tại mà cũng.,2005000,Approved,Bank Transfer
EXP0001833,DEP003,2024-01-12,Marketing,Hoàng Công Ty Trách Nhiệm Hữu Hạn,Chỉ tôi đúng lớn đã.,48814000,Rejected,Cash
EXP0001834,DEP004,2026-02-19,Utilities,Dương Công Ty Hợp Danh,Cũng như sẽ mà cách để đi cũng hoặc.,89727000,Approved,Cash
EXP0001835,DEP002,2022-07-24,Maintenance,Phạm Và Đối Tác Công Ty Trách Nhiệm Hữu Hạn,Nhưng như của như vì.,136540000,Approved,Cash
EXP0001836,DEP004,2022-11-24,Office Supplies,Nguyễn Công Ty Hợp Danh,Từ hoặc mà vẫn đã.,14888000,Pending,Corporate Card
EXP0001837,DEP019,2022-08-18,Utilities,Vũ Và Vũ Công Ty Trách Nhiệm Hữu Hạn,Có vậy từng như.,7630000,Pending,Corporate Card
EXP0001838,DEP015,2022-08-31,Equipment,Trần Và Dương Công Ty Hợp Danh,Như người tại khi nhiều hoặc như cái.,94372000,Approved,Bank Transfer
EXP0001839,DEP005,2023-10-25,Marketing,Bùi Và Đối Tác Công Ty Tnhh,Mà thế số mà rất.,107746000,Rejected,Corporate Card
EXP0001840,DEP008,2023-08-02,Utilities,Mai Và Vũ Công Ty Cổ Phần,Tôi như thì nào của nếu.,99744000,Pending,Corporate Card
EXP0001841,DEP020,2025-07-09,Scholarship,Đặng Và Mai Công Ty Hợp Danh,Để gần người đang với gần.,194217000,Pending,Corporate Card
EXP0001842,DEP005,2025-05-22,Marketing,Phạm Bùi Doanh Nghiệp Tư Nhân,Vậy điều đang như một.,81958000,Pending,Corporate Card
EXP0001843,DEP013,2023-04-29,Utilities,Lê Bùi Công Ty Hợp Danh,Cách tự từ đi sau trong được hoặc.,40168000,Approved,Corporate Card
EXP0001844,DEP010,2023-01-03,Office Supplies,Bùi Và Hoàng Công Ty Trách Nhiệm Hữu Hạn,Để vài cái từ được cũng không với bạn.,7109000,Pending,Corporate Card
EXP0001845,DEP003,2022-05-08,Marketing,Hoàng Mai Công Ty Trách Nhiệm Hữu Hạn,Nếu chỉ như hơn thế nhưng đó.,140467000,Rejected,Cash
EXP0001846,DEP008,2026-05-09,Salary,Nguyễn Bùi Công Ty Tnhh,Vậy trong đi lớn nếu các mà và.,614043000,Approved,Cash
EXP0001847,DEP017,2022-12-23,Scholarship,Lê Vũ Công Ty Cổ Phần,Theo về về rất từ và đó.,210007000,Rejected,Cash
EXP0001848,DEP010,2023-04-04,Research,Dương Và Nguyễn Công Ty Tnhh,Như trong lớn nhưng khiến.,374773000,Rejected,Corporate Card
EXP0001849,DEP012,2026-05-01,Office Supplies,Dương Và Hoàng Doanh Nghiệp Tư Nhân,Thay nếu thay khiến từ.,20316000,Approved,Cash
EXP0001850,DEP012,2025-12-30,Utilities,Lê Vũ Công Ty Cổ Phần,Đến với bên của nếu.,19519000,Approved,Corporate Card
EXP0001851,DEP017,2026-01-24,Office Supplies,Dương Và Phạm Doanh Nghiệp Tư Nhân,Giống và cũng nhưng từ với cái gần của.,16878000,Approved,Cash
EXP0001852,DEP016,2024-12-09,Marketing,Phạm Và Đặng Công Ty Tnhh,Này của đúng dưới.,76022000,Rejected,Bank Transfer
EXP0001853,DEP011,2026-03-20,Utilities,Hoàng Và Đối Tác Công Ty Tnhh Mtv,Có nào cái người đến.,74092000,Rejected,Cash
EXP0001854,DEP006,2024-09-04,Scholarship,Trần Công Ty Hợp Danh,Chưa số thay giống vì và tôi.,213491000,Rejected,Corporate Card
EXP0001855,DEP004,2022-03-08,Maintenance,Phạm Và Đối Tác Tập Đoàn,Đã như vì tại cho làm một đã.,145072000,Rejected,Corporate Card
EXP0001856,DEP002,2025-11-02,Utilities,Trần Và Đối Tác Công Ty Cổ Phần,Khiến thay lớn thế.,44968000,Pending,Bank Transfer
EXP0001857,DEP001,2024-04-18,Maintenance,Mai Bùi Công Ty Tnhh,Của cho cho người điều cũng nơi lớn.,98514000,Rejected,Corporate Card
EXP0001858,DEP004,2023-10-21,Research,Vũ Công Ty Tnhh Mtv,Nhưng tại của mỗi cái người.,279443000,Approved,Cash
EXP0001859,DEP016,2022-08-24,Utilities,Mai Và Phạm Công Ty Trách Nhiệm Hữu Hạn,Chưa mỗi các nơi để như làm vì.,14294000,Approved,Bank Transfer
EXP0001860,DEP017,2022-04-22,Office Supplies,Dương Trần Công Ty Tnhh,Là vài chỉ bên khiến thì bạn nếu mỗi.,18519000,Pending,Bank Transfer
EXP0001861,DEP012,2024-05-09,Utilities,Phạm Và Đối Tác Tập Đoàn,Trong với từ cho.,82920000,Approved,Corporate Card
EXP0001862,DEP014,2024-07-02,Salary,Hoàng Nguyễn Công Ty Tnhh,Chỉ để để để để hơn để trong từ.,287846000,Pending,Corporate Card
EXP0001863,DEP002,2023-07-13,Maintenance,Bùi Và Vũ Công Ty Hợp Danh,Trong đó vẫn để như nếu trong đang.,12940000,Approved,Corporate Card
EXP0001864,DEP008,2026-03-31,Utilities,Đặng Và Đối Tác Công Ty Cổ Phần,Hơn đi sau mỗi sẽ nếu thì một hoặc.,24883000,Approved,Corporate Card
EXP0001865,DEP001,2026-01-05,Scholarship,Trần Phạm Công Ty Cổ Phần,Bên này từ đúng được tôi hơn khiến.,88691000,Approved,Corporate Card
EXP0001866,DEP014,2022-01-20,Scholarship,Hoàng Công Ty Tnhh Mtv,Đến cái của như như bên tôi đi.,8857000,Rejected,Cash
EXP0001867,DEP013,2023-05-10,Equipment,Đặng Bùi Công Ty Trách Nhiệm Hữu Hạn,Như được hoặc hoặc giống.,337717000,Pending,Bank Transfer
EXP0001868,DEP002,2023-07-31,Equipment,Trần Công Ty Tnhh Mtv,Chỉ các cách mà người.,191680000,Rejected,Bank Transfer
EXP0001869,DEP013,2023-06-05,Maintenance,Đặng Công Ty Tnhh,Người mà giống mỗi.,37456000,Pending,Cash
EXP0001870,DEP019,2022-10-23,Scholarship,Hoàng Đặng Công Ty Trách Nhiệm Hữu Hạn,Về và đi đã của đúng.,142014000,Rejected,Corporate Card
EXP0001871,DEP006,2024-06-22,Marketing,Mai Doanh Nghiệp Tư Nhân,Cũng tại chưa theo người.,78783000,Approved,Corporate Card
EXP0001872,DEP011,2025-10-10,Salary,Mai Và Đối Tác Công Ty Cổ Phần,Đang cách cách điều.,568848000,Approved,Corporate Card
EXP0001873,DEP004,2026-02-13,Research,Lê Trần Công Ty Tnhh,Cách thì số khiến của.,43147000,Rejected,Bank Transfer
EXP0001874,DEP020,2025-05-03,Equipment,Mai Và Hoàng Công Ty Tnhh,Vậy sau đúng nếu cũng mỗi là.,152499000,Approved,Corporate Card
EXP0001875,DEP014,2023-07-12,Research,Mai Tập Đoàn,Vài cũng như một một cho sẽ.,267009000,Rejected,Corporate Card
EXP0001876,DEP001,2023-01-22,Marketing,Vũ Tập Đoàn,Vì hơn tôi từ không của chỉ hơn thay.,198610000,Rejected,Bank Transfer
EXP0001877,DEP010,2024-08-14,Maintenance,Hoàng Công Ty Trách Nhiệm Hữu Hạn,Để như lớn như tại để để của.,82974000,Rejected,Corporate Card
EXP0001878,DEP003,2022-08-16,Research,Lê Và Đối Tác Công Ty Hợp Danh,Cho để từ để tại với.,282036000,Approved,Cash
EXP0001879,DEP017,2026-01-27,Salary,Nguyễn Và Đối Tác Doanh Nghiệp Tư Nhân,Với cho đã theo cũng tôi như từng.,227154000,Rejected,Bank Transfer
EXP0001880,DEP020,2022-03-27,Research,Mai Tập Đoàn,Nơi cái như tôi này nơi.,202086000,Pending,Cash
EXP0001881,DEP008,2024-04-29,Maintenance,Đặng Và Nguyễn Công Ty Tnhh,Nào để cái từ của và rất các.,118562000,Pending,Bank Transfer
EXP0001882,DEP018,2026-05-16,Research,Đặng Và Đối Tác Công Ty Tnhh,Thì hoặc khi thay chưa vì nếu.,65994000,Approved,Corporate Card
EXP0001883,DEP003,2023-08-24,Scholarship,Trần Và Đối Tác Công Ty Tnhh Mtv,Nhưng chưa bạn sau về.,290217000,Pending,Cash
EXP0001884,DEP020,2025-06-20,Scholarship,Lê Và Đối Tác Công Ty Hợp Danh,Từ có chưa các nhiều.,73259000,Rejected,Bank Transfer
EXP0001885,DEP013,2025-05-31,Salary,Lê Và Dương Doanh Nghiệp Tư Nhân,Để của như từ vẫn vẫn điều.,320309000,Rejected,Corporate Card
EXP0001886,DEP016,2022-06-07,Maintenance,Dương Và Đối Tác Công Ty Cổ Phần,Đó tại nhiều mỗi này với điều được.,87523000,Rejected,Corporate Card
EXP0001887,DEP011,2023-05-31,Salary,Đặng Hoàng Công Ty Trách Nhiệm Hữu Hạn,Các và đang tự chưa của cho giữa.,306663000,Rejected,Bank Transfer
EXP0001888,DEP008,2023-01-10,Research,Dương Vũ Công Ty Trách Nhiệm Hữu Hạn,Thì tôi như không các.,273911000,Pending,Cash
EXP0001889,DEP015,2022-07-02,Utilities,Mai Và Đối Tác Công Ty Tnhh,Một mỗi giữa vẫn với giữa này cũng.,54901000,Rejected,Bank Transfer
EXP0001890,DEP011,2022-01-18,Salary,Nguyễn Và Vũ Công Ty Tnhh,Điều tự có khiến đã vài như hoặc cách.,959173000,Pending,Corporate Card
EXP0001891,DEP008,2022-05-26,Maintenance,Mai Trần Công Ty Hợp Danh,Có tại nhiều dưới bạn cách cái thì.,106369000,Approved,Bank Transfer
EXP0001892,DEP015,2022-08-28,Research,Mai Công Ty Cổ Phần,Của mỗi về cái đi chưa sẽ dưới.,323077000,Approved,Corporate Card
EXP0001893,DEP010,2022-10-11,Scholarship,Dương Dương Công Ty Tnhh Mtv,Điều bạn đang trong.,147215000,Pending,Cash
EXP0001894,DEP008,2026-06-04,Scholarship,Vũ Phạm Công Ty Cổ Phần,Giống trong theo thì dưới như bên.,232533000,Approved,Bank Transfer
EXP0001895,DEP016,2024-02-01,Utilities,Phạm Và Đối Tác Công Ty Trách Nhiệm Hữu Hạn,Tôi nhiều với cũng hơn chỉ chỉ.,26840000,Rejected,Cash
EXP0001896,DEP001,2025-02-22,Utilities,Dương Và Lê Doanh Nghiệp Tư Nhân,Số khiến như để từ như của mà.,21309000,Approved,Corporate Card
EXP0001897,DEP001,2022-10-22,Salary,Đặng Dương Doanh Nghiệp Tư Nhân,Vẫn chỉ như sẽ nếu nhiều gần nhiều nếu.,784811000,Pending,Bank Transfer
EXP0001898,DEP020,2022-01-24,Salary,Mai Và Đối Tác Công Ty Tnhh Mtv,Chưa để cái bạn người để bạn làm người.,379599000,Rejected,Bank Transfer
EXP0001899,DEP020,2022-06-24,Research,Phạm Doanh Nghiệp Tư Nhân,Có có đúng của với thì.,70559000,Rejected,Corporate Card
EXP0001900,DEP011,2024-04-20,Salary,Đặng Và Phạm Công Ty Hợp Danh,Từ bạn tôi khiến sau của tại và không.,554308000,Approved,Cash
EXP0001901,DEP005,2026-05-08,Equipment,Dương Mai Công Ty Tnhh,Nhiều đã vì vẫn là vì từng.,333742000,Approved,Cash
EXP0001902,DEP018,2022-08-19,Utilities,Trần Công Ty Tnhh Mtv,Tại cách được đã.,22595000,Pending,Corporate Card
EXP0001903,DEP008,2022-07-21,Marketing,Đặng Và Đối Tác Công Ty Cổ Phần,Thế tại như không điều làm đúng.,88632000,Approved,Cash
EXP0001904,DEP006,2022-08-08,Equipment,Trần Tập Đoàn,Vì dưới tại vì để.,188172000,Rejected,Cash
EXP0001905,DEP005,2023-12-20,Maintenance,Bùi Hoàng Công Ty Tnhh Mtv,Cũng mỗi thay từ nếu của với đó có.,32153000,Pending,Cash
EXP0001906,DEP002,2023-09-17,Office Supplies,Dương Và Lê Công Ty Trách Nhiệm Hữu Hạn,Với tự có thay rất.,2679000,Approved,Bank Transfer
EXP0001907,DEP004,2022-11-10,Salary,Vũ Và Đối Tác Doanh Nghiệp Tư Nhân,Cái trong đúng thay vậy.,950898000,Pending,Bank Transfer
EXP0001908,DEP012,2026-06-13,Research,Trần Nguyễn Công Ty Hợp Danh,Để đi lớn như có sẽ.,206798000,Pending,Bank Transfer
EXP0001909,DEP014,2024-03-06,Equipment,Mai Và Đối Tác Công Ty Hợp Danh,Giống về để giống về nhiều người các.,212134000,Approved,Cash
EXP0001910,DEP008,2022-02-02,Maintenance,Mai Và Đối Tác Công Ty Cổ Phần,Nơi nhiều cho như gần không tại thế khi.,114363000,Rejected,Corporate Card
EXP0001911,DEP005,2022-09-17,Salary,Lê Doanh Nghiệp Tư Nhân,Với số nếu chưa theo.,976261000,Rejected,Cash
EXP0001912,DEP015,2025-03-22,Utilities,Mai Và Đối Tác Công Ty Hợp Danh,Cách gần bên vì nào bạn.,32030000,Rejected,Cash
EXP0001913,DEP003,2023-09-02,Maintenance,Mai Hoàng Công Ty Hợp Danh,Mỗi đúng cũng là đến không từng hơn giữa.,112753000,Approved,Corporate Card
EXP0001914,DEP001,2023-08-22,Maintenance,Đặng Và Đối Tác Doanh Nghiệp Tư Nhân,Sau tại với mà tại hơn nhiều đúng mỗi.,120556000,Approved,Corporate Card
EXP0001915,DEP004,2026-03-29,Office Supplies,Lê Và Đối Tác Doanh Nghiệp Tư Nhân,Đó đến có cái khiến cũng để đến đã.,24160000,Rejected,Bank Transfer
EXP0001916,DEP011,2022-04-03,Office Supplies,Dương Và Đối Tác Công Ty Hợp Danh,Chưa vậy chỉ vài nào để.,7245000,Approved,Corporate Card
EXP0001917,DEP003,2025-10-16,Marketing,Vũ Dương Doanh Nghiệp Tư Nhân,Lớn lớn giữa sẽ.,181432000,Rejected,Cash
EXP0001918,DEP001,2022-06-09,Utilities,Hoàng Và Đối Tác Công Ty Trách Nhiệm Hữu Hạn,Cũng điều nhiều của vài chỉ chỉ.,58052000,Approved,Bank Transfer
EXP0001919,DEP020,2024-11-10,Equipment,Hoàng Và Đối Tác Công Ty Trách Nhiệm Hữu Hạn,Đến vẫn lớn tôi như mỗi cũng.,167932000,Approved,Bank Transfer
EXP0001920,DEP003,2024-12-11,Research,Mai Dương Công Ty Tnhh,Dưới tại hơn với.,409595000,Approved,Corporate Card
EXP0001921,DEP003,2024-10-09,Scholarship,Bùi Và Đối Tác Công Ty Cổ Phần,Trong sẽ của đã đó làm cũng mà.,162868000,Pending,Corporate Card
EXP0001922,DEP019,2023-11-05,Equipment,Trần Và Nguyễn Công Ty Cổ Phần,Khiến nhưng nếu vẫn.,289271000,Approved,Bank Transfer
EXP0001923,DEP004,2023-07-18,Utilities,Nguyễn Trần Công Ty Tnhh Mtv,Không từ vậy bên đúng bên tại.,15908000,Pending,Bank Transfer
EXP0001924,DEP002,2024-10-03,Utilities,Bùi Và Đối Tác Tập Đoàn,Như thì như hơn.,84455000,Pending,Corporate Card
EXP0001925,DEP004,2022-07-12,Office Supplies,Nguyễn Hoàng Công Ty Hợp Danh,Cũng đã cũng bạn cũng điều cho cũng này.,14427000,Approved,Corporate Card
EXP0001926,DEP011,2025-11-09,Maintenance,Đặng Trần Công Ty Tnhh,Này các nhưng hơn từng cái khiến đi trong.,146871000,Pending,Cash
EXP0001927,DEP005,2024-09-16,Equipment,Đặng Tập Đoàn,Với không khiến nơi để.,230534000,Rejected,Bank Transfer
EXP0001928,DEP019,2023-09-30,Office Supplies,Vũ Và Đặng Công Ty Tnhh,Rất đang trong khiến đang để chỉ gần không.,16350000,Pending,Corporate Card
EXP0001929,DEP001,2022-02-04,Utilities,Phạm Công Ty Trách Nhiệm Hữu Hạn,Như nếu hoặc từ nếu cái của để được.,95671000,Pending,Bank Transfer
EXP0001930,DEP014,2022-06-12,Salary,Hoàng Công Ty Tnhh,Mỗi tự với từ.,206809000,Approved,Cash
EXP0001931,DEP009,2023-12-10,Research,Trần Công Ty Trách Nhiệm Hữu Hạn,Mỗi của tại điều từ.,29595000,Approved,Bank Transfer
EXP0001932,DEP009,2022-03-08,Utilities,Trần Và Đối Tác Công Ty Cổ Phần,Đi mỗi với hơn.,9581000,Rejected,Bank Transfer
EXP0001933,DEP002,2024-05-13,Utilities,Nguyễn Và Đối Tác Công Ty Tnhh,Như cách gần trong từng của cái có.,73439000,Rejected,Bank Transfer
EXP0001934,DEP019,2023-01-29,Utilities,Đặng Nguyễn Công Ty Tnhh Mtv,Của là chưa gần thì chưa chỉ tự.,77007000,Pending,Bank Transfer
EXP0001935,DEP010,2022-07-03,Marketing,Trần Và Đối Tác Công Ty Cổ Phần,Giống như trong từng nếu đang với số các.,195293000,Pending,Bank Transfer
EXP0001936,DEP001,2024-09-25,Equipment,Dương Và Đối Tác Doanh Nghiệp Tư Nhân,Để cũng nếu của thế của gần để nếu.,208112000,Pending,Cash
EXP0001937,DEP020,2023-10-04,Maintenance,Đặng Và Trần Doanh Nghiệp Tư Nhân,Nếu với được vài theo không.,21366000,Approved,Cash
EXP0001938,DEP006,2025-03-11,Office Supplies,Dương Công Ty Hợp Danh,Bạn từ các này.,10213000,Pending,Bank Transfer
EXP0001939,DEP017,2023-11-30,Maintenance,Đặng Và Đối Tác Doanh Nghiệp Tư Nhân,Cho người với được nơi bên.,85082000,Rejected,Cash
EXP0001940,DEP019,2025-10-28,Research,Dương Doanh Nghiệp Tư Nhân,Đang về nhưng khiến tự nơi.,143931000,Pending,Corporate Card
EXP0001941,DEP015,2023-11-21,Salary,Hoàng Và Nguyễn Công Ty Cổ Phần,Thế về mỗi rất là lớn.,226889000,Rejected,Cash
EXP0001942,DEP018,2022-09-16,Marketing,Vũ Và Đối Tác Tập Đoàn,Từ vẫn của lớn tại từ dưới.,177885000,Rejected,Cash
EXP0001943,DEP002,2025-05-02,Marketing,Dương Phạm Công Ty Trách Nhiệm Hữu Hạn,Điều các tôi cách từng.,36037000,Pending,Bank Transfer
EXP0001944,DEP005,2023-10-05,Scholarship,Bùi Và Đối Tác Công Ty Hợp Danh,Lớn được hơn như đang nào.,100455000,Pending,Bank Transfer
EXP0001945,DEP006,2025-01-30,Utilities,Vũ Đặng Công Ty Cổ Phần,Được số lớn cũng thế đến lớn khiến.,27439000,Approved,Corporate Card
EXP0001946,DEP015,2025-02-26,Office Supplies,Hoàng Và Đối Tác Công Ty Cổ Phần,Chưa nào làm tôi đến.,9696000,Pending,Corporate Card
EXP0001947,DEP006,2024-07-28,Utilities,Trần Và Đối Tác Doanh Nghiệp Tư Nhân,Một nào rất lớn vậy khiến vậy.,6763000,Pending,Corporate Card
EXP0001948,DEP018,2022-11-17,Marketing,Hoàng Và Phạm Công Ty Hợp Danh,Đang đến thì của cũng tôi.,115172000,Rejected,Cash
EXP0001949,DEP011,2025-08-26,Equipment,Nguyễn Doanh Nghiệp Tư Nhân,Từ bên cũng vài này là rất.,141277000,Pending,Corporate Card
EXP0001950,DEP015,2025-05-17,Maintenance,Lê Và Đối Tác Công Ty Cổ Phần,Của và hoặc cho vẫn từng.,60048000,Pending,Bank Transfer
EXP0001951,DEP007,2025-01-02,Office Supplies,Dương Và Đặng Doanh Nghiệp Tư Nhân,Với nhiều số một.,14765000,Approved,Cash
EXP0001952,DEP002,2025-01-02,Scholarship,Phạm Và Mai Công Ty Tnhh,Nếu từ bạn đến nào lớn đó và lớn.,142040000,Approved,Cash
EXP0001953,DEP019,2024-10-30,Utilities,Nguyễn Và Nguyễn Tập Đoàn,Hơn làm giống nhưng làm vẫn rất để.,27165000,Pending,Cash
EXP0001954,DEP009,2023-01-16,Scholarship,Mai Và Đối Tác Doanh Nghiệp Tư Nhân,Đúng vì về hơn làm.,283972000,Approved,Cash
EXP0001955,DEP005,2022-04-03,Salary,Mai Và Đối Tác Công Ty Trách Nhiệm Hữu Hạn,Là với như về.,389764000,Rejected,Corporate Card
EXP0001956,DEP012,2025-05-15,Salary,Bùi Nguyễn Tập Đoàn,Tại trong như người tại nếu đi nhưng.,652201000,Pending,Cash
EXP0001957,DEP018,2022-05-23,Office Supplies,Vũ Mai Doanh Nghiệp Tư Nhân,Là sau rất từ hoặc.,13410000,Approved,Corporate Card
EXP0001958,DEP005,2023-06-05,Utilities,Lê Mai Công Ty Trách Nhiệm Hữu Hạn,Có như theo nhưng nhiều của cho.,64111000,Pending,Bank Transfer
EXP0001959,DEP020,2022-03-01,Research,Hoàng Công Ty Tnhh,Khi như chỉ được vài được để.,451829000,Approved,Bank Transfer
EXP0001960,DEP008,2024-05-06,Research,Hoàng Và Đối Tác Công Ty Tnhh,Của tại khiến thay.,175399000,Pending,Corporate Card
EXP0001961,DEP005,2026-01-04,Utilities,Bùi Công Ty Tnhh Mtv,Của có điều người gần cách.,95149000,Pending,Corporate Card
EXP0001962,DEP012,2022-10-21,Research,Nguyễn Và Đối Tác Công Ty Tnhh Mtv,Sau từng theo làm theo từng tại.,451742000,Approved,Cash
EXP0001963,DEP019,2025-08-05,Office Supplies,Dương Đặng Công Ty Trách Nhiệm Hữu Hạn,Nhiều để nhưng nhiều.,14330000,Approved,Cash
EXP0001964,DEP005,2024-09-30,Scholarship,Lê Tập Đoàn,Với rất để lớn trong.,81241000,Rejected,Bank Transfer
EXP0001965,DEP001,2025-02-02,Office Supplies,Mai Và Trần Công Ty Cổ Phần,Lớn giống như người.,2685000,Rejected,Bank Transfer
EXP0001966,DEP014,2024-08-29,Scholarship,Đặng Lê Công Ty Tnhh Mtv,Để với tự một sau cũng.,13411000,Approved,Bank Transfer
EXP0001967,DEP008,2026-04-09,Salary,Vũ Và Đối Tác Công Ty Hợp Danh,Mỗi có làm như điều trong cho từ.,567294000,Approved,Bank Transfer
EXP0001968,DEP008,2026-05-18,Research,Trần Và Đối Tác Doanh Nghiệp Tư Nhân,Khiến hơn từ cũng số cái tại về.,381170000,Pending,Corporate Card
EXP0001969,DEP005,2022-04-22,Scholarship,Trần Và Đối Tác Công Ty Cổ Phần,Hơn tự thay với vài các.,217720000,Approved,Corporate Card
EXP0001970,DEP003,2023-03-11,Maintenance,Mai Công Ty Hợp Danh,Bên hơn tự để.,126339000,Rejected,Bank Transfer
EXP0001971,DEP015,2022-11-24,Maintenance,Phạm Và Đối Tác Công Ty Tnhh,Sau bên thì về hơn với theo chưa.,44206000,Pending,Corporate Card
EXP0001972,DEP001,2024-01-12,Utilities,Hoàng Và Đối Tác Công Ty Tnhh Mtv,Thế tự với vậy từng.,29719000,Approved,Corporate Card
EXP0001973,DEP011,2022-11-22,Scholarship,Đặng Lê Công Ty Cổ Phần,Như là trong người với thế.,252935000,Approved,Cash
EXP0001974,DEP015,2022-12-21,Utilities,Hoàng Và Đối Tác Doanh Nghiệp Tư Nhân,Đó mà chưa cách.,48917000,Approved,Bank Transfer
EXP0001975,DEP016,2023-11-15,Office Supplies,Đặng Bùi Công Ty Tnhh Mtv,Có cũng hơn cái làm để đi.,1338000,Pending,Bank Transfer
EXP0001976,DEP017,2022-05-24,Scholarship,Vũ Và Bùi Doanh Nghiệp Tư Nhân,Trong đi số vậy từ.,183008000,Rejected,Corporate Card
EXP0001977,DEP016,2025-09-10,Salary,Vũ Và Đối Tác Doanh Nghiệp Tư Nhân,Theo chỉ như như đúng chưa.,528201000,Rejected,Cash
EXP0001978,DEP004,2022-02-27,Scholarship,Vũ Và Mai Công Ty Tnhh Mtv,Theo tại thì của số tôi trong mỗi sau.,245219000,Pending,Cash
EXP0001979,DEP017,2025-06-24,Utilities,Bùi Và Bùi Công Ty Tnhh Mtv,Sau điều trong này và cái một.,85099000,Rejected,Cash
EXP0001980,DEP007,2026-04-23,Marketing,Mai Bùi Công Ty Tnhh,Để điều không dưới nhưng điều rất được như.,85387000,Approved,Bank Transfer
EXP0001981,DEP006,2025-05-20,Maintenance,Dương Và Đối Tác Doanh Nghiệp Tư Nhân,Cũng trong hoặc một với.,31380000,Pending,Cash
EXP0001982,DEP013,2024-05-05,Equipment,Mai Và Hoàng Tập Đoàn,Nhưng nhiều chỉ tại bên vì đúng.,233976000,Pending,Bank Transfer
EXP0001983,DEP001,2022-07-14,Research,Mai Và Đối Tác Tập Đoàn,Đi bạn khiến giống được sẽ nếu.,465332000,Pending,Cash
EXP0001984,DEP014,2024-09-27,Equipment,Phạm Vũ Tập Đoàn,Giữa của nhưng số.,25823000,Pending,Bank Transfer
EXP0001985,DEP017,2022-04-01,Research,Vũ Công Ty Cổ Phần,Với tôi giống để.,446632000,Approved,Corporate Card
