Student_ID,Full_Name,Date_Of_Birth,Gender,Email,Phone,Department_ID,Major,Enrollment_Date,Status,Dropout_Date
STU000001,Cô Bảo Dương,01/06/2004,Male,johntran@example.com,(02) 9986 4207,DEP001,Công nghệ thông tin,2020-07-29,Active,
STU000002,Lâm Thị Vũ,2005-07-15,Male,odang@example.org,+84-37-293271,DEP001,Công nghệ thông tin,2019-10-29,Active,
STU000003,Duyên Đặng,2007-05-26,Female,imai@example.net,05 9883 9134,DEP011,Truyền thông,2022-04-17,Suspended,
STU000004,Khoa Đặng,2006-08-06,Female,johnmai@example.net,08 9550880,DEP006,Ngoại ngữ,2023-03-15,Graduated,
STU000005,Duyên Đặng,1998-09-02,Other,tvu@example.net,(07) 7246 3451,DEP009,Công nghệ sinh học,2024-09-21,Active,
STU000006,Tú Phú Trần,2006-11-15,Male,jane26@example.com,+84-06-593 5807,DEP009,Công nghệ sinh học,2020-10-19,Active,
STU000007,Bà Chi Hoàng,2005-05-11,Male,jane58@example.org,+84-84-108114,DEP011,Truyền thông,2023-11-10,Active,
STU000008,Minh Đức Đặng,1998-08-19,Other,dvu@example.org,+84-26-099100,DEP003,Quản trị kinh doanh,2022-11-08,Suspended,
STU000009,Bảo Tấn Nguyễn,1999-06-19,Male,avu@example.com,(07)236-8829,DEP005,Luật,2019-12-07,Active,
STU000010,Chị Nhật Lê,2001-04-21,Male,rduong@example.org,04 5198 5872,DEP008,Kỹ thuật xây dựng,2025-06-15,Graduated,
STU000011,An Đức Trần,2003-02-21,Male,janele@example.net,(01)949-7011,DEP008,Kỹ thuật xây dựng,2021-05-23,Active,
STU000012,Lâm Hải Nguyễn,2007-02-20,Other,duongjohn@example.net,(01)316-0948,DEP003,Quản trị kinh doanh,2020-05-31,Active,
STU000013,Khoa Thị Trần,1999-09-28,Other,john72@example.net,+84 14 8802926,DEP003,Quản trị kinh doanh,2025-06-28,Active,
STU000014,Nhật Đức Dương,2004-06-10,Male,janenguyen@example.org,(00) 9837 9192,DEP001,Công nghệ thông tin,2024-11-20,Active,
STU000015,Phương Lê,2007-07-23,Male,janeduong@example.com,(09) 0329 5451,DEP005,Luật,2024-10-20,Dropped Out,2026-10-24
STU000016,Hồng Nguyễn,1999-05-29,Other,upham@example.com,+84-08-902993,DEP009,Công nghệ sinh học,2021-11-25,Suspended,
STU000017,Quý cô Bảo Dương,2003-03-13,Male,johnduong@example.com,+84 03 5790308,DEP010,,04/03/2022,Graduated,
STU000018,Thảo Lê,2006-07-24,Other,jane90@example.net,+84 51 8957717,DEP001,Công nghệ thông tin,2023-06-16,Active,
STU000019,Cô An Lê,2000-12-21,Female,john94@example.com,+84-50-639308,DEP011,Truyền thông,2025-05-24,Active,
STU000020,ANH TRỌNG NGUYỄN,2004-08-11,Male,dangjohn@example.net,(01)888-0193,DEP010,Du lịch - Khách sạn,2025-08-13,Active,
STU000021,Hưng Đức Vũ,2004-12-06,Female,johntran@example.net,+84-13-247305,DEP012,Khoa học dữ liệu,2022-04-16,Active,
STU000022,Trọng Đức Phạm,2006-04-22,Female,jane60@example.net,(06)908-8426,DEP004,Kinh tế,2025-05-28,Active,
STU000023,Bác Trung Đặng,2007-02-24,Male,gduong@example.net,(02) 6346 6006,DEP009,Công nghệ sinh học,2023-03-18,Active,
STU000024,Hoàng Thế Trần,2004-05-13,Female,johnbui@example.net,+84-97-312805,DEP009,Công nghệ sinh học,2025-05-05,Active,
STU000025,Cô Hải Hoàng,2001-05-30,Other,john47@example.net,06 7083 5926,DEP011,Truyền thông,2025-07-25,Suspended,
STU000026,Chị Chi Mai,2005-08-20,Other,tmai@example.net,+84-21-847 0921,DEP012,Khoa học dữ liệu,2021-03-12,Dropped Out,2022-09-16
STU000027,Dũng Mai,2002-08-13,Male,vhoang@example.net,03 9702694,DEP008,Kỹ thuật xây dựng,2021-04-15,Active,
STU000028,Hồng Nguyễn,1998-12-23,Female,janepham@example.org,01 4030964,DEP005,Luật,2023-10-04,Graduated,
STU000029,Anh Khoa Phạm,1999-02-25,Female,hoangjohn@example.org,02 4226 6650,DEP012,Khoa học dữ liệu,2020-10-15,Active,
STU000030,hương đặng,2002-05-02,Female,jane36@example.net,+84 40 7193852,DEP006,Ngoại ngữ,2021-03-23,Graduated,
STU000031,Lâm Hoàng,2001-07-19,Other,cdang@example.org,+84-26-231070,DEP011,Truyền thông,2019-10-22,Graduated,
STU000032,Kim Quang Vũ,2001-09-26,Other,adang@example.org,03 8633 7986,DEP012,Khoa học dữ liệu,2022-03-29,Graduated,
STU000033,Nhật Bùi,2001-10-30,Female,janevu@example.net,+84-28-750 1002,DEP001,Công nghệ thông tin,2024-09-26,Graduated,
STU000034,Linh Dương,2002-02-26,Other,janehoang@example.net,+84-06-507975,DEP010,Du lịch - Khách sạn,2023-02-13,Active,
STU000035,  Quý cô An Nguyễn   ,1998-04-30,Other,nguyenjohn@example.org,+84 05 8603064,DEP004,Kinh tế,25/03/2025,Active,
STU000036,Chị Duyên Trần,2001-10-14,Other,hoangjohn@example.net,(02) 4050 6127,DEP002,Tài chính - Kế toán,2020-10-09,Graduated,
STU000037,Anh Châu Nguyễn,2001-05-06,Female,duongjohn@example.org,+84-84-031941,DEP009,Công nghệ sinh học,2022-06-10,Dropped Out,16/01/2024
STU000038,Cô Vi Bùi,2006-05-05,Other,jane13@example.net,+84-95-533 4853,DEP004,Kinh tế,2021-07-17,Active,
STU000039,Trọng Thế Mai,2004-08-06,Female,duongjane@example.com,08 6832 1913,DEP010,Du lịch - Khách sạn,24/10/2020,Active,
STU000040,Quang Vũ,1998-02-18,Other,john44@example.com,02 4634 3458,DEP008,Kỹ thuật xây dựng,2023-05-04,Suspended,
STU000041,Hạnh Nguyễn,2006-09-21,Female,janeduong@example.net,(04)635-7394,DEP008,Kỹ thuật xây dựng,2022-06-11,Dropped Out,2023-05-29
STU000042,Bà Hồng Trần,2003-09-30,Male,buijane@example.com,(02) 7917 3073,DEP003,Quản trị kinh doanh,2021-12-19,Active,
STU000043,Bác Vũ Nguyễn,1999-08-20,Female,jane21@example.com,+84-70-987439,DEP010,Du lịch - Khách sạn,2021-02-25,Active,
STU000044,Nhiên Xuân Trần,2001-11-21,Male,duongjohn@example.com,(07) 5621 9736,DEP008,Kỹ thuật xây dựng,2021-01-03,Active,
STU000045,Huy Thế Dương,2003-02-09,Male,dangjohn@example.com,+84 72 7509375,DEP010,Du lịch - Khách sạn,2023-08-05,Suspended,
STU000046,Dũng Tấn Dương,1999-04-15,Male,cpham@example.com,+84 58 2260648,DEP007,Kỹ thuật điện,2019-12-10,Active,
STU000047,An Thế Hoàng,2007-04-05,Male,sbui@example.org,(02)866-3268,DEP006,Ngoại ngữ,2021-01-21,Active,
STU000048,Thành Bảo Đặng,2003-01-02,Male,ynguyen@example.net,03 4974 0865,DEP010,Du lịch - Khách sạn,2023-01-22,Active,
STU000049,Hà Hoàng,2007-01-06,Male,john56@example.com,+84-40-081 4586,DEP002,Tài chính - Kế toán,2020-10-22,Dropped Out,2021-08-06
STU000050,Anh Minh Nguyễn,2007-02-08,Other,janele@example.org,+84-69-183967,DEP001,Công nghệ thông tin,2020-01-16,Active,
STU000051,Yến Trần,1998-12-20,Female,jane06@example.com,+84-99-257744,DEP001,Công nghệ thông tin,2020-05-11,Active,
STU000052,CHÂU ĐỨC HOÀNG,2003-10-02,Female,nduong@example.org,(09) 9693 1235,DEP011,Truyền thông,2019-08-11,Active,
STU000053,Dũng Lê,1999-05-10,Female,pvu@example.net,(06)441-0908,DEP010,Du lịch - Khách sạn,2019-12-26,Dropped Out,2021-04-02
STU000054,Quý cô Lâm Trần,2003-09-29,Other,btran@example.com,(08)837-4470,DEP003,,2019-09-01,Active,
STU000055,Quý cô Bảo Bùi,2007-04-19,Female,tranjane@example.net,(02)745-6486,DEP001,Công nghệ thông tin,2021-04-28,Active,
STU000056,quý ông khoa vũ,2002-04-06,Female,jane76@example.com,(09)885-2826,DEP010,Du lịch - Khách sạn,2025-09-10,Active,
STU000057,Duyên Trần,2006-09-13,Other,johnmai@example.org,+84-79-714091,DEP012,Khoa học dữ liệu,2022-09-11,Active,
STU000058,Ngọc Hoàng,1999-10-24,Other,john61@example.net,+84-04-735 4918,DEP004,Kinh tế,2024-03-21,Dropped Out,2024-11-10
STU000059,Thành Mai Bảo Trần,2004-11-14,Male,jane91@example.org,+84-44-725 6094,DEP001,Công nghệ thông tin,2021-10-09,Active,
STU000060,Phúc Hoàng,2007-10-04,Other,john79@example.net,04 6289961,DEP010,Du lịch - Khách sạn,2021-02-06,Graduated,
STU000061,Quang Thị Hoàng,2003-02-16,Female,vujane@example.org,+84 00 3571399,DEP003,Quản trị kinh doanh,2021-08-09,Active,
STU000062,Cô Dương Nguyễn,24/09/2006,Male,wnguyen@example.net,+84 56 0436537,DEP003,Quản trị kinh doanh,2019-08-30,Active,
STU000063,Bà Lâm Mai,1998-11-02,Other,johnle@example.org,01 8603062,DEP010,Du lịch - Khách sạn,2023-04-10,Active,
STU000064,Hà Vũ,2000-04-29,Other,phamjane@example.com,00 0925205,DEP001,Công nghệ thông tin,2023-12-11,Active,
STU000065,Vân Mai,2004-03-19,Other,john57@example.net,+84-36-649735,DEP008,Kỹ thuật xây dựng,2025-09-04,Graduated,
STU000066,Mai Mai,2005-03-05,Other,jane10@example.org,+84-19-025653,DEP001,Công nghệ thông tin,2021-05-24,Active,
STU000067,Vi Phạm,1999-10-15,Other,dangjohn@example.org,05 6774508,DEP012,Khoa học dữ liệu,2021-12-18,Graduated,
STU000068,Anh Dương,2004-07-18,Male,buijohn@example.org,+84-12-501809,DEP007,Kỹ thuật điện,2021-06-16,Graduated,
STU000069,Hồng Nguyễn,2007-06-08,Female,johnnguyen@example.com,+84-10-818 0521,DEP012,Khoa học dữ liệu,2020-10-20,Graduated,
STU000070,Bảo Bảo Lê,2003-08-07,Other,janebui@example.net,02 3436 3687,DEP001,Công nghệ thông tin,2020-02-20,Active,
STU000071,Bác Hưng Trần,1998-03-20,Female,tranjohn@example.com,08 5451979,DEP001,,2021-11-12,Active,
STU000072,Khoa Bùi,2007-03-26,Other,vtran@example.org,00 9792 3971,DEP003,Quản trị kinh doanh,2022-08-17,Active,
STU000073,Quang Xuân Bùi,2007-07-15,Other,jane12@example.net,(01)647-9254,DEP001,Công nghệ thông tin,2019-11-20,Active,
STU000074,Quý ông Nhiên Mai,2004-05-26,Female,jane26@example.net,04 9383892,DEP002,Tài chính - Kế toán,2025-07-06,Graduated,
STU000075,Cô Nhật Nguyễn,1999-07-04,Other,snguyen@example.org,+84 17 8286181,DEP008,Kỹ thuật xây dựng,2025-02-18,Active,
STU000076,Hạnh Lê,2000-05-27,Other,tranjohn@example.org,+84-96-897233,DEP002,Tài chính - Kế toán,2020-04-10,Active,
STU000077,Anh Tú Hoàng,1998-05-10,Female,maijohn@example.net,+84 82 8147669,DEP005,Luật,2022-06-07,Active,
STU000078,Bảo Trần,2000-08-23,Other,hdang@example.com,06 7924 1401,DEP012,Khoa học dữ liệu,2021-09-21,Graduated,
STU000079,Nhiên Nguyễn,2005-08-09,Female,uvu@example.com,+84 34 8763391,DEP001,Công nghệ thông tin,2025-09-07,Graduated,
STU000080,Phương Mai Mai,2006-10-28,Other,jane69@example.com,+84-71-448 7440,DEP011,Truyền thông,2021-10-19,Active,
STU000081,Cô Thành Lê,2007-03-04,Male,jane96@example.com,+84-19-063 2289,DEP001,Công nghệ thông tin,2023-02-08,Active,
STU000082,Vân Vũ,1998-04-11,Male,janeduong@example.org,00 9146 7968,DEP011,Truyền thông,2025-04-30,Dropped Out,2027-02-09
STU000083,Quý cô Bảo Phạm,2005-01-14,Male,johnle@example.net,01 6145925,DEP010,Du lịch - Khách sạn,2022-03-18,Active,
STU000084,Cô Lan Mai,2007-05-16,Other,sduong@example.com,+84-31-158 6826,DEP005,Luật,2022-11-25,Active,
STU000085,Bác Quang Đặng,2005-05-19,Other,maijane@example.net,+84 27 7113748,DEP003,Quản trị kinh doanh,2020-05-02,Suspended,
STU000086,An Bùi,2000-06-20,Male,john42@example.org,(02)364-8399,DEP011,Truyền thông,2020-10-22,Graduated,
STU000087,Anh Nhiên Đặng,1998-02-28,Female,janetran@example.com,+84-22-244232,DEP005,Luật,2024-07-09,Active,
STU000088,Hải Thế Trần,2007-10-21,Other,ndang@example.com,(07) 7964 7815,DEP006,Ngoại ngữ,2025-03-24,Dropped Out,2026-01-20
STU000089,An Bùi,2002-08-14,Female,johntran@example.org,+84 44 9307842,DEP012,Khoa học dữ liệu,2025-03-12,Active,
STU000090,Trung Đức Bùi,2004-07-11,Male,jane25@example.net,02 0349613,DEP001,Công nghệ thông tin,2024-04-19,Graduated,
STU000091,Chị Thảo Bùi,1999-11-04,Female,john85@example.com,+84-85-914 6377,DEP011,Truyền thông,2025-04-08,Active,
STU000092,Phúc Tấn Lê,2001-09-08,Female,tle@example.org,+84 44 8721981,DEP008,Kỹ thuật xây dựng,2023-08-16,Active,
STU000093,Bà Bảo Vũ,2000-01-21,Female,bbui@example.com,+84-19-094 7036,DEP008,Kỹ thuật xây dựng,2025-04-22,Dropped Out,08/12/2025
STU000094,Bà Kim Mai,2002-04-24,Male,nguyenjane@example.org,+84 26 1926730,DEP004,Kinh tế,2022-10-21,Active,
STU000095,Phúc Tấn Bùi,1999-08-29,Female,duongjane@example.net,+84-38-093 9559,DEP001,Công nghệ thông tin,2024-02-21,Suspended,
STU000096,Chị Dương Hoàng,2005-08-29,Other,vujohn@example.net,04 2666 8472,DEP002,Tài chính - Kế toán,2021-07-22,Active,
STU000097,Bảo Hoàng,2000-01-02,Other,phamjane@example.net,01 5761097,DEP010,,2024-09-11,Active,
STU000098,Anh Mai,02/09/2004,Male,phamjohn@example.org,07 8904029,DEP011,Truyền thông,2020-03-21,Active,
STU000099,Quý cô Hồng Phạm,2001-01-23,Female,pbui@example.net,06 6280 8021,DEP001,Công nghệ thông tin,2023-01-27,Active,
STU000100,Yến Trần,1998-08-23,Other,dvu@example.net,+84-63-962335,DEP010,Du lịch - Khách sạn,2023-10-10,Active,
STU000101,Ông Quang Hoàng,1999-06-01,Female,tranjohn@example.net,+84-26-540 9638,DEP004,Kinh tế,2023-05-27,Active,
STU000102,Nam Hữu Lê,2002-11-03,Other,vujane@example.com,+84 46 8835855,DEP004,Kinh tế,2021-01-01,Active,
STU000103,bác nhiên trần,2001-01-22,Other,hoangjane@example.com,+84-70-301 5697,DEP012,Khoa học dữ liệu,2021-08-04,Active,
STU000104,Khoa Hoàng Trần,1998-11-11,Female,yduong@example.net,06 8512 2984,DEP008,Kỹ thuật xây dựng,2020-01-10,Dropped Out,10/10/2020
STU000105,Bác Huy Hoàng,2001-09-22,Other,jane37@example.net,(03)104-7730,DEP006,Ngoại ngữ,2025-02-14,Graduated,
STU000106,Anh Nhiên Đặng,2003-01-06,Male,fbui@example.net,+84-77-466 5273,DEP007,Kỹ thuật điện,2021-11-18,Active,
STU000107,Anh Hữu Mai,2000-11-08,Other,janedang@example.net,03 5715592,DEP003,Quản trị kinh doanh,2023-12-19,Suspended,
STU000108,Trung Vũ,1998-02-20,Male,lejane@example.com,(03) 2893 1373,DEP011,Truyền thông,2019-10-21,Active,
STU000109,Thành Đức Bùi,2002-07-08,Male,pdang@example.org,(08)277-0406,DEP005,Luật,2021-12-23,Active,
STU000110,Bảo Bảo Dương,25/02/2005,Other,jane49@example.org,+84 32 4123752,DEP005,Luật,2019-10-06,Active,
STU000111,Chị Yến Trần,2003-04-20,Male,john53@example.com,06 7645492,DEP001,Công nghệ thông tin,2024-05-31,Active,
STU000112,Lâm Phạm,2007-07-24,Other,johnhoang@example.net,+84-17-799 8484,DEP012,,2023-01-05,Active,
STU000113,Cô Lâm Đặng,1999-04-14,Female,john16@example.org,03 3226549,DEP010,Du lịch - Khách sạn,2020-04-22,Dropped Out,2020-12-12
STU000114,Nhiên Lê,2005-02-03,Female,nguyenjane@example.com,+84 80 6126982,DEP003,Quản trị kinh doanh,2022-11-02,Active,
STU000115,An Mai Bùi,2004-06-09,Other,janenguyen@example.net,04 6740341,DEP007,Kỹ thuật điện,2023-11-09,Active,
STU000116,Quang Phú Dương,2001-07-31,Female,mmai@example.org,+84-65-949 2294,DEP012,Khoa học dữ liệu,2019-10-14,Active,
STU000117,Quang Tấn Phạm,1999-02-09,Female,sle@example.com,(00)564-9671,DEP007,Kỹ thuật điện,2021-12-06,Active,
STU000118,Phương Mai Bùi,2007-03-31,Other,nguyenjohn@example.com,07 0380 9154,DEP001,Công nghệ thông tin,2024-11-14,Active,
STU000119,Anh Nam Hoàng,2000-01-07,Male,lejohn@example.org,+84-91-531294,DEP004,Kinh tế,2025-07-08,Dropped Out,2026-09-10
STU000120,Cô An Nguyễn,2002-12-01,Male,jane02@example.net,+84 00 9030858,DEP004,Kinh tế,2024-06-07,Graduated,
STU000121,Nhật Tấn Lê,2000-09-03,Other,xduong@example.com,(00) 3232 0584,DEP010,Du lịch - Khách sạn,2021-07-01,Dropped Out,2022-02-06
STU000122,Chị Hồng Hoàng,2006-05-10,Other,johnvu@example.com,(00) 5692 9450,DEP002,Tài chính - Kế toán,2020-03-25,Active,
STU000123,Lâm Phú Hoàng,2001-06-14,Female,maijane@example.com,+84-99-617124,DEP007,Kỹ thuật điện,2023-12-13,Graduated,
STU000124,Quang Hoàng Nguyễn,2000-07-20,Other,phamjane@example.org,(08) 3179 0161,DEP006,Ngoại ngữ,2019-09-26,Dropped Out,2020-12-31
STU000125,Minh Hoàng,2003-02-13,Other,aduong@example.net,+84-32-040 0953,DEP007,Kỹ thuật điện,2022-02-16,Active,
STU000126,Cô Hà Hoàng,2002-11-21,Other,phamjohn@example.com,(05) 3891 1274,DEP009,Công nghệ sinh học,2024-06-21,Active,
STU000127,Vân Đặng,2006-05-13,Male,janehoang@example.com,+84 76 5354540,DEP004,Kinh tế,2025-03-05,Dropped Out,2027-04-09
STU000128,Bà Hương Nguyễn,2007-03-07,Male,janehoang@example.org,09 9028 3492,DEP009,Công nghệ sinh học,2024-09-13,Active,
STU000129,Hải Xuân Bùi,2007-06-17,Male,xdang@example.org,00 8754919,DEP001,Công nghệ thông tin,2020-03-13,Dropped Out,28/10/2020
STU000130,Bác Quang Vũ,2003-06-28,Other,wtran@example.com,+84-02-114 2669,DEP006,Ngoại ngữ,19/08/2024,Graduated,
STU000131,Thành Văn Đặng,2001-07-27,Male,jane43@example.com,+84-91-124729,DEP010,Du lịch - Khách sạn,20/01/2020,Active,
STU000132,An Trần,1999-11-27,Female,lejane@example.org,06 8459793,DEP008,Kỹ thuật xây dựng,2024-09-09,Active,
STU000133,Chị Ngọc Vũ,2004-05-16,Male,janetran@example.net,(03) 6950 0368,DEP001,Công nghệ thông tin,2019-11-18,Graduated,
STU000134,Hà Nguyễn,1998-12-17,Male,johnpham@example.com,+84-48-337082,DEP001,Công nghệ thông tin,2022-01-27,Dropped Out,2022-05-17
STU000135,Tùng Thị Vũ,2000-05-30,Male,enguyen@example.org,(03)459-7830,DEP006,Ngoại ngữ,2024-03-19,Active,
STU000136,Vi Mai,2000-02-18,Other,jane85@example.net,+84-95-238048,DEP007,Kỹ thuật điện,2022-11-30,Active,
STU000137,Bà Hương Trần,2000-07-03,Other,john18@example.com,06 5128134,DEP004,Kinh tế,2020-09-27,Dropped Out,2022-09-02
STU000138,Kim Phú Phạm,2006-04-16,Male,jane51@example.org,+84 12 2290048,DEP004,Kinh tế,2021-03-30,Active,
STU000139,Quý cô Hạnh Dương,17/06/2005,Male,jane53@example.org,(03) 8159 8888,DEP006,Ngoại ngữ,2019-08-13,Active,
STU000140,Bà Yến Phạm,1999-07-26,Female,johnpham@example.org,04 3359974,DEP003,Quản trị kinh doanh,2024-08-13,Active,
STU000141,Hải Thế Đặng,1998-03-12,Male,jane70@example.com,06 4902 3742,DEP001,Công nghệ thông tin,2020-03-10,Graduated,
STU000142,Quang Hải Bùi,2005-01-26,Male,ohoang@example.org,+84 72 9741111,DEP010,Du lịch - Khách sạn,2022-07-12,Active,
STU000143,Mai Dương,2007-04-06,Other,jane16@example.org,+84 98 3277276,DEP010,Du lịch - Khách sạn,2022-12-22,Suspended,
STU000144,Vân Vũ,2004-09-12,Female,john31@example.com,08 5812759,DEP004,Kinh tế,2019-09-29,Graduated,
STU000145,Hưng Dương,2005-12-20,Other,jane94@example.com,02 1306 8784,DEP008,Kỹ thuật xây dựng,2020-11-10,Active,
STU000146,Yến Vũ,2006-06-04,Male,johnvu@example.net,+84-02-133 3892,DEP010,Du lịch - Khách sạn,2023-02-09,Active,
STU000147,Tùng Hoàng,2003-12-12,Other,unguyen@example.net,+84 35 2448409,DEP011,Truyền thông,2022-11-14,Graduated,
STU000148,Trọng Phú Bùi,2004-10-28,Female,fdang@example.com,+84 31 9367933,DEP006,Ngoại ngữ,2021-09-27,Graduated,
STU000149,Hạnh Nguyễn,2002-11-03,Female,john89@example.com,07 8889 4358,DEP009,Công nghệ sinh học,2020-06-04,Graduated,
STU000150,Quý cô Hạnh Phạm,2000-08-22,Other,john33@example.org,(00)719-3322,DEP005,Luật,2025-09-07,Dropped Out,2027-05-17
STU000151,Minh Phạm,1999-04-21,Male,johnnguyen@example.net,04 0696 5096,DEP011,Truyền thông,2021-05-09,Active,
STU000152,Anh Dũng Phạm,2000-12-01,Other,fvu@example.org,+84-37-479889,DEP005,,2022-03-13,Graduated,
STU000153,Nhật Lê,2001-04-23,Female,otran@example.net,08 4360000,DEP005,Luật,2019-09-26,Dropped Out,2021-12-08
STU000154,Bà Yến Đặng,2000-12-26,Female,john06@example.com,09 3764 8668,DEP005,Luật,2022-07-13,Graduated,
STU000155,Bảo Đức Dương,2000-10-26,Female,jane74@example.com,(05)880-3845,DEP004,Kinh tế,2022-12-19,Active,
STU000156,Nhật Hữu Trần,11/08/1998,Male,jane89@example.org,(05) 3721 9460,DEP009,Công nghệ sinh học,2020-12-02,Active,
STU000157,Quý ông Minh Vũ,2006-12-05,Female,cdang@example.com,+84-92-470466,DEP012,Khoa học dữ liệu,2024-04-24,Active,
STU000158,Khoa Bảo Dương,2000-08-06,Other,jane44@example.net,05 5784 2720,DEP007,Kỹ thuật điện,2022-01-31,Active,
STU000159,Nhiên Xuân Hoàng,2002-06-30,Male,jtran@example.org,+84-09-529820,DEP005,Luật,20/11/2021,Active,
STU000160,Kim Văn Phạm,2004-03-05,Other,john98@example.org,+84 44 1055432,DEP003,Quản trị kinh doanh,2020-02-13,Graduated,
STU000161,Bà Khoa Lê,1999-10-31,Male,jane27@example.net,+84-79-011871,DEP001,Công nghệ thông tin,2024-04-20,Active,
STU000162,Bác Minh Vũ,2006-03-10,Male,ovu@example.net,+84-20-679282,DEP008,Kỹ thuật xây dựng,2020-04-21,Graduated,
STU000163,Khoa Xuân Bùi,2006-04-13,Male,john36@example.net,+84 88 3384585,DEP011,Truyền thông,2019-11-11,Active,
STU000164,Khoa Quang Phạm,2006-08-19,Other,tnguyen@example.net,(08) 1560 4612,DEP008,Kỹ thuật xây dựng,2022-09-25,Active,
STU000165,chị lâm vũ,1998-12-26,Female,gmai@example.org,(01) 9097 6815,DEP001,Công nghệ thông tin,2023-04-27,Active,
STU000166,Ông Quang Nguyễn,2005-12-25,Other,omai@example.com,+84-95-864791,DEP010,Du lịch - Khách sạn,2024-08-04,Active,
STU000167,Khoa Nguyễn,2003-12-14,Female,johnhoang@example.com,00 8945 8736,DEP008,Kỹ thuật xây dựng,2023-01-01,Active,
STU000168,Khoa Lê,2000-01-04,Other,maijane@example.org,04 4129999,DEP012,Khoa học dữ liệu,2025-05-27,Active,
STU000169,Huy Văn Phạm,2004-04-10,Male,fmai@example.com,02 6961810,DEP002,Tài chính - Kế toán,2020-12-05,Active,
STU000170,Cô Duyên Hoàng,2002-10-24,Male,amai@example.com,+84-74-486 7676,DEP006,Ngoại ngữ,2021-05-13,Active,
STU000171,Kim Dương,2004-09-06,Female,phamjohn@example.net,(01) 8756 0005,DEP012,Khoa học dữ liệu,2020-10-31,Suspended,
STU000172,Hà Đức Đặng,2005-09-18,Female,dmai@example.net,+84-73-322 7364,DEP004,,2023-12-20,Graduated,
STU000173,Phúc Đức Mai,1998-02-19,Other,buijane@example.org,+84-80-475625,DEP007,Kỹ thuật điện,2022-10-16,Active,
STU000174,Chi Đặng,1998-12-06,Other,jane75@example.com,00 9493550,DEP006,Ngoại ngữ,2021-02-20,Suspended,
STU000175,Hạnh Vũ,2003-05-11,Female,qle@example.net,09 9914 7513,DEP011,Truyền thông,2024-08-03,Graduated,
STU000176,Bác Nhiên Mai,2003-03-02,Female,jane48@example.org,+84-61-393 0687,DEP012,Khoa học dữ liệu,2019-12-07,Active,
STU000177,Cô Kim Hoàng,2006-08-12,Female,lpham@example.com,04 4248 2129,DEP006,Ngoại ngữ,2023-02-02,Active,
STU000178,Châu Đức Hoàng,2007-06-11,Female,lejane@example.net,+84 79 5388508,DEP008,Kỹ thuật xây dựng,2022-01-30,Active,
STU000179,Anh Thế Bùi,2004-02-11,Male,john81@example.org,+84 63 2560753,DEP001,Công nghệ thông tin,2023-09-02,Graduated,
STU000180,Chị Phương Phạm,2000-10-30,Other,qmai@example.org,(08) 3775 6528,DEP003,Quản trị kinh doanh,2024-04-07,Active,
STU000181,Hoàng Xuân Dương,2004-04-26,Other,wle@example.net,(02)490-3803,DEP009,Công nghệ sinh học,2024-01-04,Active,
STU000182,Kim Mai Bảo Mai,2007-03-02,Male,mnguyen@example.com,+84-30-519 6484,DEP007,Kỹ thuật điện,2024-03-15,Active,
STU000183,Lan Vũ,2002-09-13,Male,jane13@example.com,(05)943-6165,DEP011,Truyền thông,2025-05-25,Dropped Out,2026-10-23
STU000184,Xuân Mai,2006-03-24,Female,jane95@example.com,+84-18-833947,DEP003,Quản trị kinh doanh,2024-05-02,Active,
STU000185,Vũ Bùi,2002-07-18,Male,nguyenjohn@example.net,04 0824 0738,DEP006,Ngoại ngữ,31/05/2024,Dropped Out,2025-08-03
STU000186,Phúc Lê,23/01/2007,Other,janepham@example.com,01 5311865,DEP007,Kỹ thuật điện,2023-02-18,Active,
STU000187,Thành Mai Trần,1998-04-19,Other,vujohn@example.org,+84 76 9978086,DEP010,Du lịch - Khách sạn,2025-01-13,Suspended,
STU000188,Xuân Vũ,2003-12-18,Male,john28@example.com,01 7797173,DEP007,Kỹ thuật điện,2023-09-10,Dropped Out,2025-09-26
STU000189,Trung Trần,2007-06-06,Female,john59@example.org,(06)604-0973,DEP002,Tài chính - Kế toán,2023-02-21,Dropped Out,2025-07-21
STU000190,Anh Bảo Lê,2007-06-21,Male,dangjane@example.com,(04) 9640 1829,DEP007,Kỹ thuật điện,2023-10-27,Graduated,
STU000191,Quý cô Thành Trần,2001-03-26,Female,johndang@example.org,+84 87 8485111,DEP011,Truyền thông,2019-10-18,Active,
STU000192,Bác Nhiên Lê,2007-03-10,Female,nhoang@example.org,+84 41 3182870,DEP012,Khoa học dữ liệu,2025-06-20,Graduated,
STU000193,Mai Mai,2004-02-12,Other,vujane@example.net,+84 91 7260071,DEP008,Kỹ thuật xây dựng,2022-03-04,Active,
STU000194,Hải Vũ,2007-02-25,Male,janemai@example.org,(03)430-6338,DEP003,Quản trị kinh doanh,18/09/2023,Graduated,
STU000195,Quý cô Yến Dương,2003-08-18,Male,emai@example.com,(04)539-7628,DEP009,Công nghệ sinh học,2024-05-23,Active,
STU000196,Quang Mai Bảo Hoàng,2005-12-26,Male,john49@example.org,(06) 5157 2678,DEP011,Truyền thông,2023-11-15,Active,
STU000197,Chị Yến Phạm,2002-09-27,Female,lejohn@example.com,+84-01-701952,DEP006,Ngoại ngữ,2023-10-31,Suspended,
STU000198,Vũ Tấn Hoàng,2007-08-29,Female,rmai@example.org,+84 07 6092065,DEP010,Du lịch - Khách sạn,2020-12-28,Active,
STU000199,Quý ông Trọng Nguyễn,2005-02-16,Female,yvu@example.com,06 9260 0919,DEP005,Luật,2022-07-03,Active,
STU000200,Khoa Dương,07/08/1999,Male,buijane@example.net,+84-68-635952,DEP002,Tài chính - Kế toán,2023-12-02,Active,
STU000201,Anh Dũng Mai,1999-05-23,Male,ihoang@example.net,+84 33 5174989,DEP010,Du lịch - Khách sạn,2024-06-26,Active,
STU000202,Bà Hương Đặng,2001-10-21,Other,johnnguyen@example.org,(06)692-8403,DEP004,Kinh tế,2023-08-18,Active,
STU000203,Bà Kim Hoàng,2004-01-12,Female,john76@example.net,02 9787160,DEP003,Quản trị kinh doanh,2023-11-19,Dropped Out,13/12/2025
STU000204,Thành Hoàng,2004-09-09,Male,wle@example.org,(04) 2650 7853,DEP005,Luật,2023-01-24,Active,
STU000205,Nam Trần,1999-11-12,Female,uvu@example.org,(07)007-2731,DEP011,Truyền thông,2025-04-26,Suspended,
STU000206,Bảo Lê,2002-05-25,Male,johndang@example.net,+84-98-691 4295,DEP004,Kinh tế,2020-11-28,Graduated,
STU000207,Bảo Phú Đặng,2006-01-23,Other,john06@example.org,+84-65-159 0001,DEP007,Kỹ thuật điện,2025-02-05,Suspended,
STU000208,Anh Nhiên Nguyễn,2001-06-30,Female,utran@example.com,+84 77 4447959,DEP012,Khoa học dữ liệu,2022-02-13,Active,
STU000209,Nhật Nguyễn,2006-08-10,Female,john98@example.net,(07)885-4364,DEP001,Công nghệ thông tin,2021-05-28,Active,
STU000210,Bác Nhiên Vũ,2006-10-29,Male,john75@example.net,(01)577-9808,DEP002,Tài chính - Kế toán,2020-05-09,Active,
STU000211,Trung Đức Lê,2001-03-16,Female,johnle@example.com,+84-04-935 9853,DEP011,Truyền thông,2025-02-06,Suspended,
STU000212,Quang Hoàng,2002-06-26,Female,rpham@example.net,(06) 8125 6254,DEP012,Khoa học dữ liệu,2023-12-17,Dropped Out,21/08/2025
STU000213,Trung Văn Bùi,2002-02-11,Other,jane14@example.org,+84-99-300220,DEP008,Kỹ thuật xây dựng,2022-11-14,Dropped Out,2024-01-27
STU000214,Quang Mai,2007-01-22,Other,jduong@example.net,(04)302-0955,DEP008,Kỹ thuật xây dựng,2023-10-20,Active,
STU000215,Cô Mai Lê,1999-09-16,Other,bdang@example.com,+84-90-991 2667,DEP009,Công nghệ sinh học,2025-05-18,Graduated,
STU000216,Vân Đặng,2004-05-06,Male,lvu@example.net,+84-50-992 4042,DEP009,Công nghệ sinh học,2020-12-28,Active,
STU000217,Quý ông Dũng Hoàng,2003-09-30,Female,john35@example.net,+84-25-499869,DEP004,Kinh tế,2022-01-10,Active,
STU000218,Yến Trần,2005-08-28,Male,john32@example.com,(04)103-4740,DEP010,Du lịch - Khách sạn,2025-03-01,Graduated,
STU000219,Thảo Vũ,1999-03-09,Other,wdang@example.net,07 5001 4812,DEP005,Luật,2020-02-18,Dropped Out,2022-03-24
STU000220,Quý cô Lâm Vũ,2001-10-04,Male,janenguyen@example.com,+84 26 8939280,DEP010,Du lịch - Khách sạn,2019-09-12,Active,
STU000221,Hồng Hoàng,1998-03-29,Other,johndang@example.com,04 5414226,DEP007,Kỹ thuật điện,2020-05-04,Active,
STU000222,Anh Phúc Hoàng,2000-07-03,Female,john39@example.org,02 8049473,DEP005,Luật,2024-10-01,Graduated,
STU000223,Cô Lâm Lê,16/10/2007,Female,pmai@example.net,+84 79 5066492,DEP005,Luật,2020-11-26,Dropped Out,2022-04-29
STU000224,Dũng Hoàng,2006-03-02,Female,gbui@example.net,04 6566849,DEP008,Kỹ thuật xây dựng,2020-08-17,Graduated,
STU000225,Khoa Hải Trần,1998-02-28,Other,john41@example.com,(06) 7040 0129,DEP007,Kỹ thuật điện,2020-10-08,Suspended,
STU000226,Bà Yến Đặng,2003-03-24,Male,jane90@example.org,+84-47-916594,DEP012,Khoa học dữ liệu,2022-12-02,Graduated,
STU000227,Cô Mai Phạm,2007-09-20,Male,janebui@example.org,01 4463056,DEP006,Ngoại ngữ,2024-02-17,Graduated,
STU000228,Thành Hoàng Hoàng,2007-10-06,Female,avu@example.net,+84-45-866003,DEP010,Du lịch - Khách sạn,2022-11-11,Suspended,
STU000229,Bác Nam Đặng,2004-12-26,Other,dbui@example.org,+84-94-792 4781,DEP003,Quản trị kinh doanh,2022-12-07,Active,
STU000230,Mai Mai,2003-10-28,Other,qduong@example.com,+84-76-728 4608,DEP007,Kỹ thuật điện,2022-11-18,Active,
STU000231,Quý ông Minh Hoàng,2002-02-01,Male,johnduong@example.net,(01) 0907 8202,DEP011,Truyền thông,2024-04-12,Active,
STU000232,Chị Thành Trần,1998-01-05,Male,jane73@example.com,04 0956562,DEP001,Công nghệ thông tin,2020-12-06,Active,
STU000233,Nhật Trần,2006-12-10,Female,johnpham@example.net,04 6237 3983,DEP001,Công nghệ thông tin,2019-08-03,Active,
STU000234,Chi Hoàng,2004-11-05,Other,maijohn@example.com,+84-41-329 2216,DEP002,Tài chính - Kế toán,2021-12-16,Active,
STU000235,Nhật Đức Mai,1998-05-13,Other,wnguyen@example.org,+84 25 4121925,DEP004,Kinh tế,2020-06-13,Graduated,
STU000236,Nhật Mai Bảo Nguyễn,2006-08-01,Other,bnguyen@example.net,+84-77-696 9822,DEP009,Công nghệ sinh học,2024-08-29,Graduated,
STU000237,Ông Phúc Bùi,2007-07-30,Other,pduong@example.org,(03)879-9808,DEP001,Công nghệ thông tin,2023-02-28,Dropped Out,2023-07-26
STU000238,Hải Trần,2002-02-19,Male,john48@example.com,08 6316821,DEP005,Luật,2021-12-18,Active,
STU000239,Tùng Dương,2004-02-15,Other,ldang@example.com,06 6400759,DEP008,Kỹ thuật xây dựng,2021-03-14,Active,
STU000240,Bà Thành Phạm,2002-04-09,Male,wpham@example.net,+84-54-754 3767,DEP001,Công nghệ thông tin,2022-11-26,Active,
STU000241,Chị Vi Trần,1998-07-09,Female,john35@example.com,(06)298-8082,DEP003,Quản trị kinh doanh,2021-02-24,Graduated,
STU000242,Bảo Hoàng Mai,1998-08-02,Male,wbui@example.com,08 4070265,DEP002,Tài chính - Kế toán,2025-04-14,Suspended,
STU000243,Chị Khoa Mai,2006-10-13,Male,spham@example.com,08 6417 2541,DEP001,Công nghệ thông tin,2023-12-09,Graduated,
STU000244,Linh Phạm,2000-02-22,Female,wvu@example.org,03 6888 0958,DEP002,Tài chính - Kế toán,2023-01-08,Graduated,
STU000245,Quang Vũ,1998-03-18,Male,jane41@example.org,+84 71 5838242,DEP005,Luật,2024-04-21,Graduated,
STU000246,Hải Văn Hoàng,1999-10-15,Male,jane15@example.org,+84 53 2580124,DEP010,Du lịch - Khách sạn,2021-08-20,Active,
STU000247,Anh Bảo Dương,2001-02-24,Male,tranjane@example.org,+84 81 3257386,DEP006,,2019-08-03,Active,
STU000248,Quý cô Khoa Bùi,2005-04-26,Other,jane16@example.com,(05)419-1443,DEP012,Khoa học dữ liệu,2023-04-05,Suspended,
STU000249,Ánh Nguyễn,2000-11-30,Other,mtran@example.net,01 8847 9748,DEP004,Kinh tế,2024-02-12,Active,
STU000250,Nhật Quang Phạm,2002-02-10,Male,ubui@example.net,+84 98 7492581,DEP008,Kỹ thuật xây dựng,2021-12-14,Graduated,
STU000251,Quý cô Hồng Vũ,1999-03-28,Male,jle@example.com,(09)487-6648,DEP004,Kinh tế,2025-06-18,Active,
STU000252,Quý cô Hồng Trần,2000-01-26,Female,john68@example.org,06 0561469,DEP004,Kinh tế,24/06/2020,Active,
STU000253,Trọng Mai,2006-11-30,Male,john28@example.org,(06)679-2914,DEP007,Kỹ thuật điện,2023-08-22,Active,
STU000254,Chị Duyên Vũ,2002-03-21,Female,kmai@example.org,(08) 6285 4359,DEP001,Công nghệ thông tin,2023-08-03,Active,
STU000255,Tùng Dương,2003-01-24,Female,john38@example.org,+84-30-301 9962,DEP012,Khoa học dữ liệu,2024-03-01,Dropped Out,2025-09-25
STU000256,Trọng Dương,2005-03-24,Other,jane78@example.com,03 9720 6039,DEP006,Ngoại ngữ,2020-01-12,Graduated,
STU000257,Cô Thành Lê,2000-05-21,Female,hoangjane@example.org,(08) 8464 0055,DEP005,Luật,2022-07-17,Active,
STU000258,Nhật Trí Phạm,2006-05-11,Male,ppham@example.org,+84-81-953090,DEP006,Ngoại ngữ,2021-05-26,Active,
STU000259,Bà Phương Vũ,2000-05-14,Other,jane59@example.net,+84 32 6099909,DEP007,Kỹ thuật điện,2025-08-04,Dropped Out,2026-02-17
STU000260,Cô Khoa Hoàng,1999-05-26,Other,lduong@example.net,(00)964-8034,DEP002,Tài chính - Kế toán,2021-06-13,Active,
STU000261,Hà Quang Đặng,2004-09-02,Other,john62@example.net,05 8707 2897,DEP012,Khoa học dữ liệu,2020-01-17,Dropped Out,2022-03-29
STU000262,Bà Mai Đặng,24/07/1999,Male,jane34@example.com,+84-99-279 6593,DEP001,Công nghệ thông tin,2023-11-25,Suspended,
STU000263,  Nhật Mai Phạm   ,1998-05-16,Female,ybui@example.org,(08)704-7553,DEP003,Quản trị kinh doanh,2020-12-22,Active,
STU000264,Châu Thế Đặng,1999-04-20,Other,jane38@example.net,07 0879 2689,DEP012,Khoa học dữ liệu,2020-12-02,Active,
STU000265,Quý cô Dương Bùi,1999-11-17,Male,jane46@example.net,(00) 3608 8979,DEP009,Công nghệ sinh học,2020-01-22,Active,
STU000266,Phúc Hải Vũ,2002-08-14,Male,abui@example.org,08 9210977,DEP006,Ngoại ngữ,2024-10-05,Graduated,
STU000267,Quang Lê,2004-03-06,Female,jane80@example.net,(06)231-1870,DEP012,Khoa học dữ liệu,2021-09-23,Dropped Out,2023-02-27
STU000268,Tùng Mai Nguyễn,2000-06-27,Female,vdang@example.com,04 1925 5180,DEP012,Khoa học dữ liệu,2021-02-16,Active,
STU000269,Bảo Trần,2002-12-01,Female,dduong@example.org,00 0459 6721,DEP004,Kinh tế,01/12/2023,Suspended,
STU000270,Linh Nguyễn,1998-09-16,Male,wtran@example.org,+84-72-940 2892,DEP005,Luật,2020-01-30,Active,
STU000271,Bác Tú Lê,2003-10-04,Female,zmai@example.com,+84-93-566 8470,DEP011,Truyền thông,2019-08-16,Active,
STU000272,Bác Vũ Lê,1999-04-07,Other,janedang@example.org,(00)101-4730,DEP012,Khoa học dữ liệu,2022-08-10,Active,
STU000273,Quý cô Khoa Phạm,2003-04-13,Male,john99@example.org,(04) 7714 6224,DEP008,Kỹ thuật xây dựng,2020-12-12,Active,
STU000274,Cô Vi Lê,1998-01-30,Other,hpham@example.com,+84-31-742 3472,DEP012,Khoa học dữ liệu,2020-06-22,Active,
STU000275,Bà Nhật Lê,2007-07-25,Female,janepham@example.net,07 8850 9889,DEP008,Kỹ thuật xây dựng,2021-08-22,Active,
STU000276,Vân Vũ,2004-12-29,Male,lejohn@example.net,+84-87-573 0580,DEP002,Tài chính - Kế toán,2023-10-05,Suspended,
STU000277,Lâm Bùi,2007-09-13,Male,eduong@example.net,+84-51-661989,DEP007,Kỹ thuật điện,2025-08-01,Active,
STU000278,Mai Bùi,2003-07-24,Other,mdang@example.org,02 4349 8263,DEP003,,2020-07-26,Dropped Out,2021-09-03
STU000279,Quang Xuân Lê,2003-06-01,Female,johnduong@example.org,+84-20-783133,DEP003,Quản trị kinh doanh,2023-03-09,Graduated,
STU000280,Bà Nhật Mai,2007-08-17,Male,jane19@example.org,(07) 8304 5672,DEP011,Truyền thông,2025-03-11,Dropped Out,2026-04-06
STU000281,Hưng Trần,20/01/2001,Other,ebui@example.net,+84-58-270 2267,DEP007,Kỹ thuật điện,2025-09-06,Active,
STU000282,  Quý cô Dương Nguyễn   ,2000-04-20,Other,tranjane@example.com,+84-28-796 5997,DEP010,Du lịch - Khách sạn,2022-04-23,Suspended,
STU000283,Cô Xuân Nguyễn,1999-07-29,Male,john30@example.com,+84-43-160627,DEP012,Khoa học dữ liệu,2025-06-13,Suspended,
STU000284,Anh Vũ Trần,2003-03-14,Male,janemai@example.com,(04)061-5837,DEP010,Du lịch - Khách sạn,2020-07-13,Graduated,
STU000285,Thành Phạm,2003-03-03,Other,janele@example.com,+84 26 2979185,DEP012,Khoa học dữ liệu,2022-01-08,Active,
STU000286,Khoa Xuân Nguyễn,2002-03-26,Male,john45@example.net,+84-98-560 2840,DEP011,Truyền thông,2021-03-08,Graduated,
STU000287,Nhiên Mai,1999-12-26,Other,rvu@example.com,02 4540 6379,DEP009,Công nghệ sinh học,2020-10-04,Active,
STU000288,Kim Đặng,2004-07-27,Other,vduong@example.org,+84-86-169 8517,DEP001,Công nghệ thông tin,2020-11-17,Dropped Out,11/03/2021
STU000289,Phương Mai,2003-01-09,Other,utran@example.org,+84 91 6657935,DEP007,Kỹ thuật điện,2025-08-11,Dropped Out,2027-10-30
STU000290,Bảo Trí Nguyễn,2004-06-06,Male,john57@example.org,05 1726 4826,DEP003,Quản trị kinh doanh,2021-11-09,Active,
STU000291,Bà Lâm Nguyễn,2005-08-11,Male,john04@example.com,(09)479-5466,DEP002,,2020-02-21,Active,
STU000292,Anh Thành Phạm,2003-11-28,Male,dangjane@example.org,09 4257511,DEP012,Khoa học dữ liệu,2025-07-21,Suspended,
STU000293,Thành Nguyễn,27/12/2004,Male,john90@example.org,+84-39-017746,DEP005,Luật,2024-08-02,Active,
STU000294,Quang Đức Phạm,2007-09-16,Male,kvu@example.net,(09) 9532 9034,DEP003,Quản trị kinh doanh,2020-04-16,Active,
STU000295,CHỊ KHOA MAI,2002-11-28,Other,ivu@example.org,03 4614 3909,DEP005,Luật,2023-04-30,Graduated,
STU000296,Linh Dương,1999-02-25,Female,jane21@example.org,04 4292 8692,DEP003,Quản trị kinh doanh,2023-01-28,Suspended,
STU000297,Bảo Nguyễn,2007-12-13,Female,vtran@example.com,+84-34-904803,DEP001,Công nghệ thông tin,2020-10-14,Graduated,
STU000298,Hải Văn Mai,2005-03-29,Female,john69@example.net,(09) 9675 5334,DEP010,Du lịch - Khách sạn,2020-02-22,Suspended,
STU000299,HÀ LÊ,2000-12-16,Other,shoang@example.com,+84-85-136704,DEP012,Khoa học dữ liệu,2023-09-17,Active,
STU000300,Bà Thảo Mai,2006-11-22,Male,john58@example.net,+84-23-653895,DEP008,Kỹ thuật xây dựng,2023-12-23,Active,
STU000301,Chị Ngọc Phạm,2003-09-03,Other,john55@example.org,00 1128401,DEP010,Du lịch - Khách sạn,2020-07-17,Active,
STU000302,Chị Lan Bùi,1999-06-24,Other,maijohn@example.org,+84-13-499 2267,DEP008,Kỹ thuật xây dựng,2025-07-05,Active,
STU000303,Linh Lê,2004-06-28,Female,john05@example.com,(05) 9243 8168,DEP002,Tài chính - Kế toán,2023-02-13,Active,
STU000304,Duyên Nguyễn,2001-02-06,Other,lvu@example.com,00 0517779,DEP012,Khoa học dữ liệu,31/01/2025,Active,
STU000305,Dương Nguyễn,1998-02-18,Male,vujohn@example.com,09 3993175,DEP008,Kỹ thuật xây dựng,2022-11-08,Suspended,
STU000306,Mai Trần,2005-01-24,Female,john23@example.net,+84 15 6793216,DEP012,,2020-02-09,Active,
STU000307,Phương Thị Vũ,1998-11-16,Other,johnhoang@example.org,+84-38-908 5852,DEP006,Ngoại ngữ,2024-06-06,Active,
STU000308,An Đặng,2000-07-24,Male,cbui@example.com,(09) 9638 0454,DEP012,Khoa học dữ liệu,2020-04-03,Dropped Out,14/08/2021
STU000309,Nhật Phạm,2003-10-13,Female,jane50@example.net,(00) 6138 5207,DEP003,Quản trị kinh doanh,2025-06-21,Active,
STU000310,Bà Vi Vũ,2001-11-02,Male,jtran@example.net,+84 54 0475822,DEP003,Quản trị kinh doanh,2023-03-28,Active,
STU000311,Khoa Mai Bảo Lê,2002-07-17,Female,jane99@example.com,+84-58-163 3069,DEP011,Truyền thông,2020-08-11,Active,
STU000312,Vũ Hoàng,2006-10-11,Other,jane45@example.org,(00) 9630 3214,DEP012,Khoa học dữ liệu,2023-10-26,Active,
STU000313,Anh Mai,1998-11-14,Other,tbui@example.net,+84-90-813456,DEP007,Kỹ thuật điện,2020-12-30,Active,
STU000314,Kim Phạm,1998-04-17,Other,rdang@example.org,+84 32 9256112,DEP011,Truyền thông,2024-05-08,Dropped Out,2024-10-19
STU000315,Tú Phạm,2003-04-16,Other,lmai@example.net,03 1312817,DEP003,Quản trị kinh doanh,2020-10-28,Active,
STU000316,Cô Bảo Mai,2006-12-19,Female,apham@example.com,(08) 5874 7675,DEP002,Tài chính - Kế toán,25/03/2024,Graduated,
STU000317,Thành Mai,2005-10-13,Male,john17@example.org,+84-96-903 7516,DEP006,Ngoại ngữ,2021-03-04,Graduated,
STU000318,Yến Hoàng,2006-02-14,Other,john88@example.com,(02) 7114 4746,DEP001,Công nghệ thông tin,2021-02-15,Dropped Out,2023-03-22
STU000319,Quang Xuân Nguyễn,2005-11-04,Female,fpham@example.org,02 3873651,DEP011,Truyền thông,2024-12-05,Active,
STU000320,Bác Hoàng Lê,26/05/1999,Female,johnmai@example.com,(08) 1520 6197,DEP011,Truyền thông,2022-05-19,Active,
STU000321,Dương Bùi,2002-10-31,Female,dle@example.net,(09)986-1974,DEP009,Công nghệ sinh học,2023-11-11,Active,
STU000322,Quý cô Nhật Trần,1998-09-03,Other,janevu@example.org,02 4548544,DEP006,Ngoại ngữ,2023-07-06,Dropped Out,2025-11-06
STU000323,Quý ông Châu Hoàng,2003-03-01,Female,lmai@example.com,(06)639-8636,DEP006,Ngoại ngữ,2025-03-27,Dropped Out,2025-11-17
STU000324,Quý cô Vân Trần,2000-11-09,Other,jane17@example.org,+84 30 3985880,DEP002,Tài chính - Kế toán,2020-06-10,Active,
STU000325,Linh Mai,2006-06-25,Other,jane27@example.org,00 8964722,DEP002,Tài chính - Kế toán,2019-12-02,Active,
STU000326,Kim Nguyễn,2006-10-08,Male,zpham@example.net,04 0021526,DEP001,Công nghệ thông tin,2022-09-15,Active,
STU000327,Thành Thế Nguyễn,2003-08-16,Other,john81@example.net,05 5283265,DEP004,Kinh tế,2024-04-26,Active,
STU000328,Bà Bảo Lê,2001-09-26,Other,qhoang@example.com,+84-03-799403,DEP004,Kinh tế,2024-07-09,Active,
STU000329,Bác Anh Lê,2004-07-09,Other,wpham@example.org,06 4035 3576,DEP004,Kinh tế,2025-03-03,Active,
STU000330,Thành Thế Phạm,2001-04-27,Male,jane51@example.com,(03)172-3589,DEP003,Quản trị kinh doanh,2021-06-06,Dropped Out,2022-05-18
STU000331,Cô Lâm Đặng,2002-05-06,Other,fmai@example.net,+84 32 8425025,DEP004,Kinh tế,2021-07-07,Suspended,
STU000332,Hà Hoàng Dương,2000-05-04,Female,kbui@example.org,(07)094-2868,DEP005,Luật,2020-10-12,Active,
STU000333,Tú Hữu Đặng,2003-04-26,Other,qle@example.com,+84-92-066826,DEP004,Kinh tế,2025-01-24,Graduated,
STU000334,Bà Xuân Hoàng,2006-11-05,Male,john41@example.org,04 4830597,DEP007,Kỹ thuật điện,2022-10-19,Active,
STU000335,Nhật Hữu Đặng,2002-09-28,Male,buijohn@example.com,+84 97 2969809,DEP006,Ngoại ngữ,21/06/2020,Active,
STU000336,Ông Huy Mai,1999-02-11,Other,janetran@example.org,+84-44-785398,DEP004,Kinh tế,2020-08-07,Active,
STU000337,Vi Phạm,2007-05-18,Male,jane22@example.com,(04) 9827 7140,DEP011,Truyền thông,2022-12-14,Active,
STU000338,Phúc Hoàng Đặng,11/07/1999,Other,jane54@example.org,(06) 7086 2164,DEP001,Công nghệ thông tin,2024-11-08,Active,
STU000339,Nhật Văn Đặng,2001-10-28,Female,ale@example.net,+84-71-187 8216,DEP006,Ngoại ngữ,2021-10-07,Active,
STU000340,Bà Nhật Phạm,2003-05-20,Male,atran@example.org,(06) 3975 6433,DEP003,Quản trị kinh doanh,2023-08-04,Dropped Out,2025-09-14
STU000341,Bà Mai Mai,2006-01-01,Female,atran@example.com,+84-96-612 6150,DEP001,Công nghệ thông tin,2021-11-17,Active,
STU000342,Bảo Hoàng Nguyễn,2000-12-05,Female,etran@example.com,+84 62 6943376,DEP002,Tài chính - Kế toán,2021-10-13,Active,
STU000343,Minh Xuân Vũ,2006-11-25,Female,dnguyen@example.org,(05) 2990 5030,DEP006,Ngoại ngữ,2020-04-14,Active,
STU000344,Trung Lê,2001-10-03,Other,john54@example.com,+84-09-661 0487,DEP012,Khoa học dữ liệu,2025-05-27,Graduated,
STU000345,Nhiên Trí Đặng,2003-02-14,Female,jane18@example.com,(04)718-9694,DEP002,Tài chính - Kế toán,2022-10-15,Active,
STU000346,Quý ông Dũng Phạm,2001-09-14,Other,john24@example.org,(09) 1611 7943,DEP006,Ngoại ngữ,2021-08-11,Active,
STU000347,Mai Mai,2000-08-09,Male,janebui@example.com,+84-34-509 0266,DEP003,Quản trị kinh doanh,2025-01-22,Active,
STU000348,Tùng Trí Đặng,2007-10-27,Female,john78@example.net,(00)425-2981,DEP011,Truyền thông,2022-07-14,Suspended,
STU000349,Quý cô Chi Lê,2005-07-04,Other,fvu@example.com,+84 73 4782948,DEP012,Khoa học dữ liệu,2024-12-16,Active,
STU000350,  Bảo Hữu Lê   ,1998-11-09,Other,john26@example.net,+84 27 9749934,DEP012,Khoa học dữ liệu,2025-04-05,Graduated,
STU000351,Thành Mai,2001-06-01,Female,jane58@example.net,04 1536730,DEP003,Quản trị kinh doanh,2022-12-18,Active,
STU000352,Hưng Quang Bùi,2005-12-26,Male,john88@example.org,+84-82-307061,DEP007,Kỹ thuật điện,2024-06-04,Dropped Out,2026-08-04
STU000353,Hưng Trí Nguyễn,2007-08-15,Other,john90@example.net,+84-01-046 6873,DEP010,Du lịch - Khách sạn,2019-08-11,Active,
STU000354,Huy Thị Hoàng,2000-02-17,Female,jane75@example.org,02 4815 3657,DEP008,Kỹ thuật xây dựng,2019-09-22,Graduated,
STU000355,Bà Vi Vũ,2003-11-03,Male,jane24@example.net,07 8006 8513,DEP003,Quản trị kinh doanh,2022-06-15,Dropped Out,19/08/2024
STU000356,Dũng Lê,2004-10-03,Female,jane33@example.com,+84-83-159055,DEP008,Kỹ thuật xây dựng,2024-07-02,Active,
STU000357,Quý cô Lâm Mai,1998-01-02,Female,oduong@example.org,(07)787-8275,DEP003,Quản trị kinh doanh,2020-08-06,Graduated,
STU000358,An Hoàng,1999-02-26,Other,mtran@example.com,+84-98-255 6803,DEP004,Kinh tế,2019-11-16,Dropped Out,19/03/2021
STU000359,Ông Vũ Dương,2005-12-15,Male,snguyen@example.net,+84 83 4185139,DEP003,Quản trị kinh doanh,2024-04-02,Active,
STU000360,Nhật Thị Trần,1998-07-08,Female,jane52@example.com,+84-80-271 4686,DEP006,Ngoại ngữ,2021-06-04,Active,
STU000361,Nhiên Phạm,2004-10-01,Male,jane88@example.org,08 7226 2900,DEP007,Kỹ thuật điện,2021-12-06,Active,
STU000362,Quý ông Trọng Nguyễn,2002-03-12,Other,zvu@example.com,+84 44 3589280,DEP011,Truyền thông,2023-09-09,Graduated,
STU000363,Cô Nhật Trần,2004-10-07,Other,spham@example.org,+84 49 3134330,DEP009,Công nghệ sinh học,2021-09-09,Active,
STU000364,Kim Hữu Hoàng,2004-06-16,Female,wtran@example.net,+84-16-342941,DEP010,Du lịch - Khách sạn,2020-10-25,Active,
STU000365,Ông Quang Mai,2007-05-20,Female,john68@example.net,+84 85 6022622,DEP005,Luật,2021-07-29,Active,
STU000366,Nhật Vũ,2000-12-09,Female,jane36@example.org,+84-15-639 2060,DEP007,Kỹ thuật điện,2025-03-11,Graduated,
STU000367,Bác Nam Dương,1998-09-27,Male,kle@example.org,(06)883-3670,DEP003,Quản trị kinh doanh,2020-05-11,Dropped Out,2022-05-05
STU000368,Hạnh Phạm,2003-07-25,Male,dangjane@example.net,03 4765 0303,DEP009,Công nghệ sinh học,2022-06-28,Dropped Out,2024-06-02
STU000369,Cô Chi Hoàng,1998-08-19,Other,xmai@example.org,+84-02-763023,DEP006,Ngoại ngữ,2025-03-05,Active,
STU000370,Ông Khoa Lê,2004-04-01,Other,john09@example.org,(02) 5813 6583,DEP008,Kỹ thuật xây dựng,2022-05-30,Active,
STU000371,Quý ông Dũng Nguyễn,2000-05-02,Female,john77@example.org,(02) 2135 8287,DEP002,Tài chính - Kế toán,2022-01-05,Graduated,
STU000372,Trọng Mai,2005-09-12,Female,hmai@example.org,03 2084 3777,DEP008,Kỹ thuật xây dựng,2025-04-20,Graduated,
STU000373,Thành Thị Nguyễn,2000-07-18,Female,hvu@example.org,+84-58-293 9864,DEP001,Công nghệ thông tin,2021-08-19,Graduated,
STU000374,Bà Ánh Trần,2002-04-11,Other,dtran@example.org,(00)761-0163,DEP007,Kỹ thuật điện,2021-12-14,Graduated,
STU000375,Thành Vũ,1999-12-28,Other,zhoang@example.net,+84-10-888209,DEP011,Truyền thông,2023-01-20,Active,
STU000376,Khoa Dương,2003-12-28,Male,whoang@example.org,+84 18 9656033,DEP012,Khoa học dữ liệu,03/03/2020,Graduated,
STU000377,Nhật Vũ,1998-12-18,Female,zmai@example.org,01 6771288,DEP003,Quản trị kinh doanh,2020-05-20,Active,
STU000378,Thành Đặng,2003-09-10,Other,janemai@example.net,00 0806 4400,DEP012,Khoa học dữ liệu,2022-10-22,Active,
STU000379,Hà Đặng,2002-11-18,Other,jane85@example.com,+84 01 9584704,DEP007,Kỹ thuật điện,2022-05-04,Active,
STU000380,Hà Đức Trần,2004-01-14,Other,bvu@example.org,(06)496-8392,DEP003,Quản trị kinh doanh,2021-10-22,Active,
STU000381,Bảo Hữu Nguyễn,2007-09-05,Other,john23@example.com,04 3107821,DEP008,Kỹ thuật xây dựng,2020-06-20,Active,
STU000382,Bà Hương Mai,2005-12-16,Other,jane46@example.com,+84 84 8314282,DEP001,Công nghệ thông tin,2020-08-31,Active,
STU000383,Cô Yến Mai,2001-06-16,Other,john32@example.org,(02)540-2155,DEP003,,2024-05-07,Dropped Out,25/06/2025
STU000384,Bà Ánh Bùi,2002-01-14,Male,janevu@example.com,(06)598-8766,DEP001,Công nghệ thông tin,2023-12-31,Active,
STU000385,Bà Yến Nguyễn,2007-08-06,Female,john08@example.net,+84-36-662846,DEP007,Kỹ thuật điện,2021-02-09,Active,
STU000386,Thành Thế Nguyễn,2004-03-03,Other,cle@example.org,+84-03-400897,DEP008,Kỹ thuật xây dựng,2020-06-12,Active,
STU000387,Hạnh Trần,2001-08-26,Female,john94@example.net,+84-30-479236,DEP004,Kinh tế,2023-04-05,Active,
STU000388,Khoa Lê,1998-06-29,Other,qnguyen@example.org,02 1218 9938,DEP011,Truyền thông,2022-11-01,Active,
STU000389,Trung Thế Mai,2003-05-18,Other,jane69@example.net,(06)271-4328,DEP011,Truyền thông,2024-07-19,Active,
STU000390,Linh Đặng,2001-08-14,Female,john46@example.net,+84-37-494839,DEP001,Công nghệ thông tin,2021-12-17,Dropped Out,2022-06-13
STU000391,Bà Ánh Vũ,2000-05-20,Other,hhoang@example.org,(00) 9965 2986,DEP012,Khoa học dữ liệu,2025-02-15,Active,
STU000392,Lan Đặng,2004-02-03,Female,phoang@example.net,+84 21 6949322,DEP002,Tài chính - Kế toán,2023-12-23,Active,
STU000393,Linh Trần,2000-01-24,Male,john92@example.net,(08)669-4249,DEP007,Kỹ thuật điện,2025-06-03,Active,
STU000394,Quý cô Xuân Bùi,2001-07-10,Female,gtran@example.net,(09)993-5899,DEP010,Du lịch - Khách sạn,2022-08-03,Active,
STU000395,Bà Thành Hoàng,2000-10-19,Female,john82@example.com,08 2721611,DEP012,,2022-12-18,Active,
STU000396,Quý ông Khoa Trần,1999-01-27,Male,buijohn@example.net,+84 91 9783513,DEP009,Công nghệ sinh học,2022-04-25,Dropped Out,2024-09-30
STU000397,Anh Mai Bảo Nguyễn,2006-05-09,Male,xbui@example.net,+84-36-290637,DEP005,Luật,2025-02-08,Active,
STU000398,Phương Xuân Vũ,2007-06-08,Female,fpham@example.com,+84 08 6931630,DEP011,,2025-02-10,Active,
STU000399,Hải Phú Trần,2003-12-27,Other,jane05@example.net,+84-31-686604,DEP011,Truyền thông,2024-11-05,Active,
STU000400,Quý cô Nhật Mai,2007-11-01,Female,imai@example.org,+84-91-938 6672,DEP008,Kỹ thuật xây dựng,2025-02-14,Active,
STU000401,Bà Hải Bùi,2003-01-06,Male,john40@example.net,(04) 1852 5464,DEP006,,2021-08-06,Graduated,
STU000402,Phương Hải Phạm,1999-12-26,Other,qhoang@example.org,08 7041 4447,DEP006,Ngoại ngữ,2022-09-18,Dropped Out,2024-06-14
STU000403,Mai Hoàng,2007-06-08,Male,tduong@example.org,+84-40-065 5417,DEP008,Kỹ thuật xây dựng,2023-04-02,Graduated,
STU000404,Hạnh Nguyễn,2005-08-28,Female,rmai@example.net,06 7293 7949,DEP006,Ngoại ngữ,2024-11-15,Active,
STU000405,Trung Mai,2000-02-18,Female,jvu@example.net,+84 20 7791174,DEP006,Ngoại ngữ,2021-08-24,Active,
STU000406,Dũng Hải Đặng,2000-05-31,Male,duongjane@example.org,+84 01 4550405,DEP002,Tài chính - Kế toán,2021-03-16,Active,
STU000407,Linh Lê,2000-09-01,Female,hbui@example.net,06 3400 4435,DEP003,Quản trị kinh doanh,2022-01-22,Graduated,
STU000408,BÁC NAM LÊ,2000-12-24,Female,dle@example.com,(05) 9704 7242,DEP004,Kinh tế,2025-07-03,Active,
STU000409,Chị Vi Nguyễn,1999-11-22,Other,kbui@example.com,(06) 2352 0525,DEP008,Kỹ thuật xây dựng,2023-03-23,Suspended,
STU000410,Lan Hoàng,1998-03-25,Female,lle@example.org,(02) 9859 1957,DEP003,Quản trị kinh doanh,2024-10-18,Suspended,
STU000411,Chị Hương Phạm,1999-12-21,Other,wdang@example.org,(04)576-2616,DEP001,Công nghệ thông tin,2023-12-14,Active,
STU000412,Hà Trí Bùi,2005-01-04,Male,john18@example.net,(00)646-9954,DEP007,Kỹ thuật điện,2025-02-25,Graduated,
STU000413,Bảo Trí Hoàng,2001-12-09,Female,jbui@example.com,+84 32 8247979,DEP007,Kỹ thuật điện,2022-12-22,Active,
STU000414,Quý cô Yến Đặng,1998-02-16,Male,zbui@example.com,(09)700-7333,DEP012,Khoa học dữ liệu,2022-12-12,Active,
STU000415,Thành Bảo Lê,12/12/1998,Male,john07@example.com,(05) 5236 2173,DEP004,Kinh tế,2021-07-19,Active,
STU000416,Ông Quang Hoàng,2000-04-11,Male,xhoang@example.com,06 9910 4099,DEP004,Kinh tế,2024-09-26,Active,
STU000417,Bà Lâm Nguyễn,09/07/1999,Other,jane30@example.com,+84-58-601 4632,DEP012,Khoa học dữ liệu,2020-08-31,Active,
STU000418,Phương Lê,2000-05-28,Female,jane88@example.com,03 4735 9967,DEP006,Ngoại ngữ,2020-09-24,Graduated,
STU000419,Quý ông Nam Đặng,2006-06-30,Female,jane01@example.net,02 5663 1831,DEP008,Kỹ thuật xây dựng,2024-02-18,Active,
STU000420,Hải Đức Đặng,1998-11-29,Male,johnvu@example.org,+84 02 6256199,DEP006,Ngoại ngữ,2023-01-06,Active,
STU000421,Khoa Đặng,2007-07-06,Female,rle@example.org,(06)175-1278,DEP004,Kinh tế,2020-12-15,Dropped Out,11/05/2021
STU000422,Thành Trí Mai,2005-12-07,Male,john56@example.org,09 1488463,DEP004,Kinh tế,2020-07-21,Active,
STU000423,Bảo Vũ,2006-09-17,Other,jane56@example.com,(01) 0785 1509,DEP011,Truyền thông,2024-08-24,Dropped Out,2026-09-06
STU000424,An Phạm,2004-01-17,Female,jane24@example.org,00 9432 2690,DEP010,Du lịch - Khách sạn,2025-04-23,Active,
STU000425,Chị Phương Mai,2002-01-11,Other,johnbui@example.com,+84-18-565 1512,DEP003,Quản trị kinh doanh,2020-05-04,Dropped Out,2022-05-25
STU000426,Bà Thành Mai,2007-04-21,Male,john47@example.org,(07) 6089 9399,DEP005,Luật,2022-03-02,Active,
STU000427,Quý ông Hoàng Vũ,1999-09-20,Male,pnguyen@example.net,+84 69 9166211,DEP008,Kỹ thuật xây dựng,2021-12-30,Active,
STU000428,Khoa Trí Đặng,2001-04-23,Other,ltran@example.org,+84-33-242644,DEP007,Kỹ thuật điện,2023-10-07,Active,
STU000429,An Mai,2002-09-10,Female,kpham@example.net,+84-73-079 9535,DEP010,Du lịch - Khách sạn,2021-06-07,Active,
STU000430,Duyên Trần,2006-07-03,Other,john29@example.net,+84 23 0940966,DEP002,Tài chính - Kế toán,2025-08-20,Graduated,
STU000431,Hương Hoàng,1999-09-08,Female,tduong@example.net,+84 03 8741343,DEP001,Công nghệ thông tin,2023-12-16,Suspended,
STU000432,Thành Trần,2002-07-27,Male,john30@example.org,(03) 2910 4861,DEP010,Du lịch - Khách sạn,2025-09-04,Active,
STU000433,An Hoàng,1999-04-16,Male,john14@example.com,05 0958504,DEP008,Kỹ thuật xây dựng,2024-04-15,Active,
STU000434,Khoa Mai Bảo Dương,2006-02-01,Female,fbui@example.org,+84-40-543280,DEP006,Ngoại ngữ,2021-07-20,Active,
STU000435,Hương Nguyễn,2001-05-26,Male,john78@example.org,05 6647 6614,DEP005,Luật,2024-04-10,Suspended,
STU000436,Châu Đặng,2007-04-25,Male,jane29@example.net,+84-92-384 8401,DEP004,Kinh tế,2022-09-08,Active,
STU000437,Nhật Tấn Hoàng,2003-09-29,Other,jane12@example.org,01 2840510,DEP006,Ngoại ngữ,26/07/2024,Active,
STU000438,An Hoàng Trần,2001-06-03,Other,dhoang@example.net,+84-46-687971,DEP001,Công nghệ thông tin,2024-05-04,Active,
STU000439,Bà Lan Lê,2001-06-16,Female,john24@example.com,03 7862777,DEP012,Khoa học dữ liệu,2021-07-09,Active,
STU000440,Quý cô Mai Nguyễn,1999-08-31,Female,jane92@example.net,+84-27-590 6164,DEP006,Ngoại ngữ,2023-04-17,Dropped Out,29/09/2024
STU000441,Chị Hạnh Trần,2006-12-18,Female,whoang@example.net,+84-91-020919,DEP005,Luật,2020-03-26,Active,
STU000442,Bác Quang Nguyễn,11/11/1998,Female,jpham@example.com,09 6508 3717,DEP012,Khoa học dữ liệu,2023-11-05,Dropped Out,2025-06-18
STU000443,Anh Trọng Hoàng,2007-06-28,Male,jane03@example.org,+84 55 7425902,DEP009,Công nghệ sinh học,2024-07-13,Active,
STU000444,Khoa Bùi,1998-03-30,Other,jane41@example.com,+84-65-388149,DEP006,Ngoại ngữ,2024-05-28,Active,
STU000445,Minh Hoàng,2003-07-14,Male,uhoang@example.net,+84-97-605028,DEP001,Công nghệ thông tin,2021-12-07,Active,
STU000446,Anh Đặng,1999-01-24,Other,kduong@example.com,05 9186 2442,DEP004,Kinh tế,2020-03-18,Dropped Out,2022-05-15
STU000447,Quang Lê,1999-10-13,Male,john13@example.net,(00) 3694 4841,DEP006,Ngoại ngữ,2022-06-21,Dropped Out,2023-12-22
STU000448,Trọng Đức Nguyễn,1999-06-07,Male,enguyen@example.net,+84-83-647 9226,DEP011,Truyền thông,2020-09-20,Dropped Out,2022-10-17
STU000449,Thảo Trần,2006-10-12,Female,hoangjane@example.net,01 2999 9354,DEP009,Công nghệ sinh học,2020-06-20,Graduated,
STU000450,Trọng Nguyễn,2005-02-25,Other,stran@example.org,+84-45-528145,DEP004,Kinh tế,2020-07-08,Active,
STU000451,Cô Nhật Dương,1998-04-21,Other,vhoang@example.com,+84-06-846 7724,DEP005,Luật,2021-04-30,Active,
STU000452,Quý cô Ánh Mai,1998-05-03,Male,jane41@example.net,+84-08-414 6258,DEP009,Công nghệ sinh học,2022-11-11,Graduated,
STU000453,Quý ông Huy Hoàng,1998-04-13,Other,jane28@example.org,(04)837-8315,DEP009,Công nghệ sinh học,2020-12-23,Active,
STU000454,Minh Vũ,1998-04-26,Other,jane15@example.com,(04)853-6462,DEP001,Công nghệ thông tin,2022-01-13,Dropped Out,2024-06-01
STU000455,Hà Hoàng,2003-02-21,Female,kvu@example.org,+84 63 6603898,DEP006,Ngoại ngữ,2025-09-07,Graduated,
STU000456,Dũng Phú Hoàng,2002-04-21,Male,johnbui@example.org,+84-14-317003,DEP003,,2024-04-07,Active,
STU000457,Thành Dương,2007-02-21,Other,john54@example.org,06 2598790,DEP001,Công nghệ thông tin,2022-02-11,Active,
STU000458,Châu Tấn Dương,2004-02-16,Female,sle@example.net,(01)834-9578,DEP004,Kinh tế,2021-06-09,Active,
STU000459,Cô Vân Nguyễn,15/10/2002,Other,mle@example.com,07 3281411,DEP004,Kinh tế,2025-08-03,Suspended,
STU000460,Hải Dương,2000-06-14,Male,jane31@example.org,+84 35 4253799,DEP004,Kinh tế,2019-11-27,Active,
STU000461,  Thành Hải Hoàng   ,2000-01-07,Other,ihoang@example.org,(04)445-7180,DEP006,Ngoại ngữ,2023-11-08,Graduated,
STU000462,Dũng Trí Bùi,2004-11-22,Female,otran@example.org,03 6106645,DEP005,Luật,2023-07-03,Dropped Out,2023-11-15
STU000463,Ánh Dương,2006-11-18,Other,jane87@example.net,+84-99-219149,DEP004,Kinh tế,2023-06-27,Active,
STU000464,Cô Thành Hoàng,2005-09-06,Other,ivu@example.com,(01)403-1476,DEP009,Công nghệ sinh học,2024-10-28,Active,
STU000465,Nhật Dương,2003-01-06,Male,lmai@example.org,07 7499190,DEP010,Du lịch - Khách sạn,31/12/2023,Dropped Out,2026-01-25
STU000466,Yến Mai,2000-03-22,Male,john36@example.com,(02) 8883 0859,DEP003,Quản trị kinh doanh,2022-09-24,Active,
STU000467,Thành Quang Hoàng,2002-11-18,Male,aduong@example.com,+84 08 6670459,DEP001,Công nghệ thông tin,2022-05-08,Active,
STU000468,Bà Nhật Hoàng,2005-06-03,Male,ble@example.com,07 1576510,DEP004,,2025-03-28,Active,
STU000469,Hải Phú Trần,2002-08-10,Male,jane31@example.com,02 8249290,DEP008,Kỹ thuật xây dựng,2020-03-02,Graduated,
STU000470,Cô Hồng Trần,2003-02-24,Female,john79@example.com,(03) 9077 1548,DEP005,Luật,2025-04-19,Graduated,
STU000471,Phương Nguyễn,2006-11-16,Male,ddang@example.org,+84-46-202 6415,DEP001,Công nghệ thông tin,2021-12-14,Active,
STU000472,Phương Dương,2004-04-29,Female,jane53@example.net,(00)115-9637,DEP005,Luật,2019-08-13,Active,
STU000473,Kim Bùi,08/05/2005,Other,john40@example.org,+84 85 8183633,DEP004,Kinh tế,2025-07-29,Active,
STU000474,Phương Đức Vũ,2004-09-03,Male,john97@example.org,(08)558-8699,DEP001,Công nghệ thông tin,2020-06-29,Graduated,
STU000475,Kim Nguyễn,2001-09-26,Male,ddang@example.com,01 0004 2884,DEP004,Kinh tế,2020-01-09,Active,
STU000476,Quý cô Nhật Phạm,2003-04-13,Female,ohoang@example.net,(09)498-4433,DEP009,Công nghệ sinh học,2020-07-21,Active,
STU000477,Hải Trần,1999-10-14,Female,john44@example.org,+84 34 9271148,DEP001,Công nghệ thông tin,2025-07-18,Active,
STU000478,Chị Duyên Hoàng,2002-09-11,Female,rtran@example.com,+84-35-111 7103,DEP012,Khoa học dữ liệu,2023-09-27,Active,
STU000479,Phúc Hoàng,2007-01-13,Female,nnguyen@example.net,+84 70 9453668,DEP011,Truyền thông,2022-04-17,Active,
STU000480,  Hưng Mai Phạm   ,1998-05-24,Male,vhoang@example.org,(05)306-1614,DEP006,Ngoại ngữ,2023-01-02,Suspended,
STU000481,Chị Vân Lê,2007-10-22,Other,jane71@example.net,+84-27-484780,DEP006,Ngoại ngữ,2020-07-13,Active,
STU000482,  Hải Dương   ,2005-05-25,Other,wbui@example.net,+84-99-531 1673,DEP006,Ngoại ngữ,2020-08-14,Active,
STU000483,Bảo Đức Vũ,2000-10-20,Female,zduong@example.com,05 8511 4148,DEP001,Công nghệ thông tin,2021-01-09,Dropped Out,23/01/2023
STU000484,Anh Thành Lê,2007-01-31,Other,jane72@example.net,(05)599-2857,DEP010,Du lịch - Khách sạn,2021-06-11,Active,
STU000485,Ngọc Bùi,2002-05-26,Female,jane71@example.org,(04)590-7404,DEP010,Du lịch - Khách sạn,05/09/2021,Active,
STU000486,Huy Mai,2003-09-09,Other,ntran@example.org,+84-95-236575,DEP001,Công nghệ thông tin,2024-05-11,Active,
STU000487,Quý cô Linh Nguyễn,2004-09-04,Male,ynguyen@example.com,+84-38-941 0904,DEP008,Kỹ thuật xây dựng,19/02/2023,Active,
STU000488,Quý ông Quang Hoàng,2005-04-07,Female,cduong@example.com,(01)668-4812,DEP010,Du lịch - Khách sạn,2024-08-29,Graduated,
STU000489,Linh Nguyễn,2002-01-15,Male,john71@example.net,+84-29-055 0069,DEP004,Kinh tế,2022-10-27,Active,
STU000490,Quý cô Hồng Hoàng,2007-09-12,Male,rduong@example.net,09 9279010,DEP003,Quản trị kinh doanh,2021-10-22,Suspended,
STU000491,Bà Nhật Phạm,1999-02-03,Female,zduong@example.org,05 6781697,DEP005,Luật,2023-03-31,Graduated,
STU000492,Chị Thảo Đặng,1999-11-11,Male,john86@example.org,+84 81 8750782,DEP011,Truyền thông,27/02/2020,Graduated,
STU000493,Hương Vũ,18/04/2002,Other,jane82@example.org,00 4719 4909,DEP002,Tài chính - Kế toán,2022-07-07,Active,
STU000494,Quý cô Lan Mai,1998-04-10,Female,john73@example.org,07 8297916,DEP006,Ngoại ngữ,2024-01-04,Graduated,
STU000495,Trọng Mai,2005-02-17,Male,fle@example.net,+84-34-546 1885,DEP006,Ngoại ngữ,2023-03-24,Graduated,
STU000496,Bà Hải Bùi,1999-04-25,Male,svu@example.org,+84-36-750 9410,DEP008,Kỹ thuật xây dựng,2025-07-09,Active,
STU000497,Hương Dương,2004-07-20,Male,kle@example.com,(08)847-9532,DEP003,Quản trị kinh doanh,2022-12-18,Active,
STU000498,Trung Trần,2005-06-17,Other,xmai@example.com,(04)961-8256,DEP001,Công nghệ thông tin,2020-10-27,Active,
STU000499,Kim Phạm,2003-10-21,Other,gpham@example.com,04 3998419,DEP005,Luật,2021-04-21,Dropped Out,2022-09-19
STU000500,bà hồng dương,2004-12-15,Male,nvu@example.org,(05)791-3560,DEP005,Luật,2023-06-17,Active,
STU000501,Anh Khoa Vũ,2000-08-02,Female,rnguyen@example.net,07 1468376,DEP004,Kinh tế,2021-04-26,Active,
STU000502,Anh Thành Bùi,2000-08-28,Female,john44@example.net,(02)475-0809,DEP012,,2020-04-30,Dropped Out,12/01/2021
STU000503,Cô Hà Dương,1998-08-07,Male,mhoang@example.org,+84-70-003 3539,DEP011,,2023-03-14,Graduated,
STU000504,Bảo Lê,1998-02-13,Other,jane00@example.net,(02)979-1979,DEP007,Kỹ thuật điện,2025-08-29,Active,
STU000505,An Thị Bùi,2007-02-18,Female,lpham@example.net,+84-86-200853,DEP010,Du lịch - Khách sạn,2021-02-22,Active,
STU000506,Trọng Thế Vũ,2007-08-24,Male,john95@example.org,+84 15 0140348,DEP009,Công nghệ sinh học,2022-06-23,Active,
STU000507,Phương Nguyễn,2000-01-23,Female,jane62@example.org,(02) 9347 4640,DEP008,Kỹ thuật xây dựng,2020-01-02,Active,
STU000508,Chị Kim Hoàng,2003-07-10,Male,nnguyen@example.com,09 3120238,DEP009,Công nghệ sinh học,16/03/2025,Active,
STU000509,Vân Đặng,2006-04-01,Female,john69@example.com,00 3863 1504,DEP002,Tài chính - Kế toán,2021-08-11,Suspended,
STU000510,Hải Bùi,2000-04-21,Male,john66@example.org,00 3255687,DEP006,Ngoại ngữ,2024-07-12,Active,
STU000511,quang hoàng,2007-10-08,Other,nnguyen@example.org,+84-44-834724,DEP011,,2020-03-26,Graduated,
STU000512,Quý cô An Bùi,2005-02-06,Female,dle@example.org,+84 28 6260326,DEP010,Du lịch - Khách sạn,2023-10-04,Active,
STU000513,Nhật Bùi,28/08/2003,Male,john43@example.org,(01) 7479 2070,DEP009,Công nghệ sinh học,2023-04-25,Active,
STU000514,Quý cô Hồng Dương,2000-06-06,Female,john18@example.org,+84 77 7262520,DEP005,Luật,2025-05-19,Graduated,
STU000515,Châu Hoàng Dương,2000-02-08,Male,jane17@example.com,(02) 7703 2742,DEP002,,23/11/2020,Active,
STU000516,Thành Hoàng,2002-01-30,Female,john10@example.org,(08)652-4130,DEP005,Luật,2020-02-12,Active,
STU000517,Cô Duyên Mai,2006-11-29,Male,knguyen@example.net,(06)273-9609,DEP007,Kỹ thuật điện,2023-05-23,Active,
STU000518,Anh Trần,2005-05-18,Other,jane20@example.net,(09)836-3709,DEP009,Công nghệ sinh học,2020-10-10,Graduated,
STU000519,Lâm Dương,2002-05-11,Other,fdang@example.net,+84-70-927 5413,DEP004,Kinh tế,2022-11-12,Active,
STU000520,Trung Vũ,2005-11-25,Male,john16@example.com,+84-73-883 9293,DEP011,Truyền thông,2025-04-21,Active,
STU000521,Bà Vi Phạm,2003-12-22,Male,nguyenjane@example.net,+84-10-588827,DEP011,Truyền thông,2020-12-12,Dropped Out,2022-01-17
STU000522,Bác Huy Dương,2007-03-08,Female,uhoang@example.org,+84-03-483 3250,DEP010,Du lịch - Khách sạn,2023-10-02,Active,
STU000523,Quý cô Thảo Mai,2005-11-03,Male,janedang@example.com,00 5098149,DEP002,,2020-07-05,Active,
STU000524,Anh Hưng Đặng,2006-08-26,Male,ole@example.net,09 2189 9369,DEP003,Quản trị kinh doanh,2021-04-22,Graduated,
STU000525,Thành Đức Đặng,2004-01-06,Male,vnguyen@example.com,+84-05-328456,DEP010,Du lịch - Khách sạn,2020-04-08,Dropped Out,2021-05-06
STU000526,Chị Hồng Phạm,2003-01-25,Female,qtran@example.org,+84-73-235 6624,DEP007,Kỹ thuật điện,2022-11-21,Dropped Out,2023-11-29
STU000527,An Trần,2000-09-28,Other,jane06@example.org,04 0342 2622,DEP011,Truyền thông,2021-11-05,Active,
STU000528,Ông Thành Vũ,2006-05-15,Other,jane60@example.org,+84-53-838 8148,DEP002,Tài chính - Kế toán,2023-08-20,Active,
STU000529,Bà Thảo Trần,2000-08-29,Other,jane56@example.org,09 2651421,DEP009,Công nghệ sinh học,2025-05-21,Graduated,
STU000530,Cô Dương Bùi,2004-04-16,Female,choang@example.net,00 4864 7933,DEP005,Luật,2022-02-23,Active,
STU000531,Cô An Trần,2007-04-04,Male,john05@example.org,+84-06-040 3936,DEP011,Truyền thông,2021-10-18,Active,
STU000532,Ngọc Đặng,2000-06-28,Male,jle@example.net,02 5495 4072,DEP001,Công nghệ thông tin,2024-01-09,Graduated,
STU000533,Hải Hữu Vũ,2005-01-10,Female,etran@example.net,01 7107516,DEP006,Ngoại ngữ,2025-02-12,Graduated,
STU000534,Hải Đức Dương,2002-01-18,Female,jane42@example.org,+84 31 6763411,DEP007,Kỹ thuật điện,2022-10-20,Graduated,
STU000535,Hải Bùi,2002-07-24,Female,jmai@example.net,(03)905-9744,DEP006,Ngoại ngữ,2024-12-24,Dropped Out,2025-04-23
STU000536,Hương Dương,2005-01-07,Other,hduong@example.com,(00) 6636 5370,DEP007,Kỹ thuật điện,2022-05-27,Graduated,
STU000537,Hưng Hoàng,2006-02-05,Female,thoang@example.net,(04)610-5358,DEP001,,2021-03-27,Active,
STU000538,Cô Thảo Vũ,2005-07-21,Male,emai@example.org,04 5391 8608,DEP012,Khoa học dữ liệu,11/06/2021,Active,
STU000539,Bảo Dương,2007-12-18,Male,jane05@example.org,01 0957 9446,DEP007,Kỹ thuật điện,2024-10-19,Active,
STU000540,Lâm Trần,2004-08-15,Female,hoangjohn@example.com,(00)308-2456,DEP002,Tài chính - Kế toán,2024-09-24,Dropped Out,15/06/2025
STU000541,Kim Tấn Nguyễn,1999-02-13,Male,aduong@example.org,(08) 6424 5909,DEP005,Luật,2020-08-29,Graduated,
STU000542,Huy Phạm,2006-07-19,Female,jane65@example.org,(05) 4763 9548,DEP002,Tài chính - Kế toán,2020-03-23,Active,
STU000543,Bà Thành Phạm,1999-10-05,Male,john96@example.net,(04)751-5259,DEP007,Kỹ thuật điện,2020-06-24,Active,
STU000544,Hải Thị Mai,2003-03-15,Other,john53@example.org,00 5105 3698,DEP010,Du lịch - Khách sạn,2025-07-20,Active,
STU000545,Quang Hữu Lê,2006-12-15,Female,xduong@example.net,08 9803 9843,DEP011,Truyền thông,2024-10-25,Dropped Out,2026-05-18
STU000546,Hải Lê,2000-04-20,Male,khoang@example.org,(04) 1754 4648,DEP001,Công nghệ thông tin,2022-07-01,Active,
STU000547,Quý ông Huy Dương,2006-10-25,Female,sbui@example.net,+84-51-848 3476,DEP007,Kỹ thuật điện,2025-01-13,Active,
STU000548,Ánh Lê,1999-11-07,Female,john69@example.org,05 9793524,DEP011,Truyền thông,2025-04-30,Active,
STU000549,Cô Khoa Lê,1998-05-24,Other,john58@example.com,+84-78-094625,DEP006,Ngoại ngữ,2023-01-31,Active,
STU000550,Khoa Mai,2001-03-24,Female,mvu@example.com,+84 87 4281818,DEP004,Kinh tế,2019-11-21,Active,
STU000551,An Thị Nguyễn,2006-09-12,Male,jane23@example.com,03 8185109,DEP010,Du lịch - Khách sạn,2022-06-19,Active,
STU000552,Kim Trần,2002-11-10,Other,odang@example.com,(01) 2042 7533,DEP012,Khoa học dữ liệu,2020-09-08,Active,
STU000553,Trọng Lê,2007-07-26,Other,ple@example.org,+84-13-674464,DEP011,Truyền thông,2024-09-22,Active,
STU000554,Bà An Trần,2007-04-21,Other,dvu@example.com,(04)262-7016,DEP005,Luật,08/04/2020,Graduated,
STU000555,Anh Dương,2006-10-18,Other,ibui@example.com,00 8190 3510,DEP009,Công nghệ sinh học,2021-11-11,Active,
STU000556,Vũ Xuân Nguyễn,1999-07-04,Male,dmai@example.org,+84 56 1329568,DEP012,Khoa học dữ liệu,2019-08-28,Graduated,
STU000557,Ông Tùng Mai,2004-06-13,Other,ybui@example.com,(09) 5000 0293,DEP004,Kinh tế,2022-01-01,Active,
STU000558,Khoa Trần,2004-08-22,Female,vdang@example.org,08 1723 2436,DEP003,Quản trị kinh doanh,2023-01-27,Suspended,
STU000559,Phúc Bùi,1999-08-08,Female,jane99@example.net,+84-18-677612,DEP001,Công nghệ thông tin,2020-05-21,Active,
STU000560,Chị Mai Dương,2007-02-13,Other,iduong@example.net,(04) 6295 5875,DEP005,Luật,2025-07-08,Active,
STU000561,Bà Vân Vũ,2002-08-08,Other,jane27@example.com,+84 60 9600051,DEP006,Ngoại ngữ,2023-07-08,Graduated,
STU000562,Nhật Trí Phạm,1999-01-16,Male,lnguyen@example.org,+84-31-758582,DEP006,Ngoại ngữ,2025-02-10,Suspended,
STU000563,Khoa Mai,2006-07-12,Female,avu@example.org,+84-14-384123,DEP002,Tài chính - Kế toán,2021-11-09,Graduated,
STU000564,Cô Kim Nguyễn,2000-07-11,Other,john13@example.org,(04) 0537 8089,DEP012,Khoa học dữ liệu,11/12/2024,Active,
STU000565,CÔ NGỌC HOÀNG,1998-09-13,Female,john66@example.net,+84-38-368 1704,DEP009,Công nghệ sinh học,2020-11-08,Active,
STU000566,Hạnh Vũ,2004-08-24,Female,ahoang@example.net,07 1968291,DEP012,Khoa học dữ liệu,2025-06-19,Active,
STU000567,Quý ông Quang Mai,2003-11-27,Other,yduong@example.com,+84-83-916 7526,DEP006,Ngoại ngữ,2024-12-06,Active,
STU000568,Chị Ánh Trần,2001-07-26,Other,jane34@example.org,+84-25-215 4289,DEP010,Du lịch - Khách sạn,2022-06-04,Graduated,
STU000569,Châu Hữu Phạm,2004-01-17,Female,nduong@example.net,(04)876-9890,DEP003,Quản trị kinh doanh,2024-10-09,Dropped Out,2025-08-27
STU000570,Hải Trí Nguyễn,2005-05-17,Male,john60@example.org,(02) 7350 6839,DEP010,Du lịch - Khách sạn,2025-09-04,Active,
STU000571,Cô Lan Mai,2005-12-11,Other,rduong@example.com,+84 16 1572211,DEP004,Kinh tế,2019-09-19,Active,
STU000572,Quý cô Xuân Bùi,2001-06-26,Other,jane40@example.com,+84 64 3167262,DEP004,Kinh tế,2021-10-22,Dropped Out,28/06/2022
STU000573,Kim Văn Vũ,1998-10-10,Other,cnguyen@example.org,00 9222109,DEP004,,2022-02-14,Active,
STU000574,Khoa Thế Hoàng,2007-02-24,Male,john11@example.com,04 3959 0841,DEP001,Công nghệ thông tin,2022-02-05,Dropped Out,21/10/2022
STU000575,Cô Nhật Vũ,1999-12-12,Male,jane46@example.org,+84-98-332 2245,DEP004,Kinh tế,2021-02-10,Dropped Out,2023-05-10
STU000576,Quý ông Trọng Nguyễn,2000-02-16,Male,ldang@example.org,+84-48-300 2470,DEP002,Tài chính - Kế toán,2021-03-20,Graduated,
STU000577,Bảo Hoàng Hoàng,2002-04-19,Other,jane44@example.com,+84-57-047 6008,DEP009,Công nghệ sinh học,2022-12-27,Active,
STU000578,Khoa Mai Dương,2004-08-07,Female,jane79@example.net,+84 68 5041941,DEP011,Truyền thông,2024-03-19,Active,
STU000579,Xuân Bùi,03/12/2005,Female,jane14@example.com,02 9933 7600,DEP008,Kỹ thuật xây dựng,2022-01-06,Graduated,
STU000580,Bà Hồng Trần,2005-12-10,Female,ctran@example.net,09 5587782,DEP004,Kinh tế,2021-06-04,Active,
STU000581,Thảo Vũ,2003-06-23,Male,john95@example.com,+84-65-612803,DEP012,Khoa học dữ liệu,2025-06-13,Active,
STU000582,Chị Bảo Đặng,2007-12-09,Female,jane39@example.net,01 6826978,DEP009,Công nghệ sinh học,2021-09-07,Active,
STU000583,Cô Khoa Đặng,1999-02-09,Other,vbui@example.org,08 3970 2779,DEP010,Du lịch - Khách sạn,2025-08-06,Dropped Out,2027-07-26
STU000584,Hạnh Mai,2004-06-26,Female,john19@example.com,(05) 7493 0839,DEP003,Quản trị kinh doanh,2024-02-02,Active,
STU000585,Khoa Văn Nguyễn,2002-11-01,Male,qvu@example.com,(06) 0326 6503,DEP009,Công nghệ sinh học,2022-06-23,Suspended,
STU000586,Quý ông Quang Đặng,2004-07-06,Other,john42@example.net,02 0923039,DEP001,Công nghệ thông tin,2020-02-07,Active,
STU000587,Phương Bảo Bùi,2001-05-20,Other,rhoang@example.com,+84-71-261417,DEP010,Du lịch - Khách sạn,2023-07-15,Graduated,
STU000588,Nhật Nguyễn,2001-09-07,Other,bdang@example.org,04 5467199,DEP003,Quản trị kinh doanh,2019-10-25,Active,
STU000589,Quý cô Thành Bùi,2004-02-02,Female,pduong@example.com,+84-35-379 9061,DEP004,Kinh tế,2024-08-20,Active,
STU000590,Quý cô Nhật Đặng,2007-05-27,Other,john51@example.org,+84-04-512 6033,DEP007,Kỹ thuật điện,2025-09-01,Active,
STU000591,Quý cô Kim Phạm,2003-08-20,Female,john76@example.com,+84 72 5761993,DEP005,Luật,2024-09-09,Active,
STU000592,Châu Mai Mai,2003-07-02,Female,john71@example.org,05 7164 3529,DEP008,Kỹ thuật xây dựng,2023-01-06,Suspended,
STU000593,Cô Ngọc Nguyễn,2007-12-03,Female,john02@example.org,(04)913-0591,DEP009,Công nghệ sinh học,2020-01-04,Active,
STU000594,Thành Dương,2003-01-15,Female,bpham@example.net,00 1372 1786,DEP011,Truyền thông,2023-10-11,Active,
STU000595,An Trí Đặng,2003-02-11,Other,jane29@example.com,+84-65-534 0203,DEP002,Tài chính - Kế toán,2023-03-11,Active,
STU000596,Hà Thị Phạm,2000-08-25,Female,cvu@example.com,09 2316 7640,DEP010,Du lịch - Khách sạn,2020-11-05,Active,
STU000597,Cô Xuân Bùi,2002-04-26,Male,rbui@example.org,+84-90-150 9928,DEP003,Quản trị kinh doanh,2020-04-17,Dropped Out,2021-05-06
STU000598,Hải Vũ,2007-07-19,Female,jane32@example.net,06 1981924,DEP012,Khoa học dữ liệu,2024-09-25,Dropped Out,18/06/2026
STU000599,Mai Phạm,2004-03-29,Other,zbui@example.net,(01)867-0408,DEP008,Kỹ thuật xây dựng,2023-09-09,Dropped Out,2024-09-13
STU000600,Hương Dương,2003-01-14,Male,hle@example.net,00 9341 0090,DEP012,Khoa học dữ liệu,2021-06-05,Active,
STU000601,ÔNG MINH MAI,2002-10-25,Other,mnguyen@example.net,(03) 2638 6620,DEP005,Luật,2024-04-26,Active,
STU000602,CÔ LÂM NGUYỄN,2002-01-26,Female,qpham@example.com,(07) 4705 6824,DEP010,Du lịch - Khách sạn,2024-05-18,Active,
STU000603,Quang Quang Dương,2005-02-09,Female,jane74@example.org,+84-43-946402,DEP011,Truyền thông,2022-10-08,Active,
STU000604,Bà Hương Trần,2005-10-22,Other,ibui@example.net,+84 85 8770732,DEP006,Ngoại ngữ,2023-09-01,Graduated,
STU000605,Hồng Vũ,1998-05-02,Female,jane98@example.net,(08)385-7039,DEP005,Luật,2021-07-30,Active,
STU000606,Dũng Lê,2003-03-26,Male,otran@example.com,01 5969225,DEP012,Khoa học dữ liệu,2021-05-26,Active,
STU000607,Khoa Hoàng Hoàng,2004-11-28,Other,odang@example.net,(06)993-1786,DEP003,Quản trị kinh doanh,2020-09-30,Active,
STU000608,Quý cô Dương Trần,1999-05-29,Male,qpham@example.net,04 3696 3352,DEP006,Ngoại ngữ,2021-07-25,Active,
STU000609,Phúc Trí Dương,2007-07-22,Male,jane51@example.net,02 4988397,DEP007,Kỹ thuật điện,2024-04-16,Active,
STU000610,Quý cô Thành Trần,2004-10-05,Other,mduong@example.net,+84 73 1079275,DEP011,Truyền thông,2023-04-14,Suspended,
STU000611,Minh Lê,2001-03-24,Male,ole@example.org,(08) 7456 0140,DEP003,Quản trị kinh doanh,2020-06-24,Active,
STU000612,Bác Hoàng Bùi,2006-10-21,Female,john61@example.org,+84-38-057 2731,DEP001,Công nghệ thông tin,2023-04-19,Dropped Out,2024-07-31
STU000613,An Đức Đặng,19/11/2000,Other,ubui@example.org,(08)031-1634,DEP004,,2021-01-07,Active,
STU000614,Thảo Hoàng,2000-12-10,Male,john83@example.org,(09)074-7099,DEP011,Truyền thông,2021-01-10,Dropped Out,30/03/2022
STU000615,Khoa Mai Đặng,2007-11-18,Male,john14@example.net,01 3106 6499,DEP008,Kỹ thuật xây dựng,2025-01-19,Active,
STU000616,Hải Trí Đặng,2006-03-22,Other,idang@example.org,02 4676601,DEP002,Tài chính - Kế toán,2025-07-19,Dropped Out,2026-01-22
STU000617,Cô Lâm Vũ,2003-10-02,Other,hnguyen@example.net,(08)898-6567,DEP011,Truyền thông,2024-09-02,Graduated,
STU000618,Trọng Mai,2003-12-05,Female,qvu@example.net,+84 29 8558877,DEP011,Truyền thông,2023-01-18,Suspended,
STU000619,Anh Quang Nguyễn,2005-10-29,Other,rbui@example.net,+84-26-787673,DEP011,Truyền thông,2024-03-12,Active,
STU000620,Thành Trí Dương,1998-02-23,Female,jane18@example.net,(02) 0555 5021,DEP011,Truyền thông,2021-02-16,Suspended,
STU000621,Quý ông Phúc Nguyễn,2007-08-15,Other,onguyen@example.org,+84-77-432 1956,DEP008,Kỹ thuật xây dựng,2021-06-20,Active,
STU000622,Cô Linh Mai,2000-12-14,Male,hnguyen@example.org,+84 22 4941210,DEP006,Ngoại ngữ,2023-01-16,Dropped Out,2024-05-17
STU000623,Quang Thị Bùi,2003-12-20,Other,john63@example.net,05 7249591,DEP004,Kinh tế,2024-01-11,Active,
STU000624,Bà Ngọc Phạm,2001-01-13,Female,john92@example.com,+84 22 3922343,DEP004,Kinh tế,2022-03-05,Dropped Out,2024-05-12
STU000625,Quý cô Chi Dương,2001-06-30,Male,rpham@example.org,06 7927592,DEP009,Công nghệ sinh học,2023-04-01,Active,
STU000626,Bà Nhật Đặng,1998-06-10,Other,jane79@example.com,+84-19-891 6257,DEP012,Khoa học dữ liệu,2021-10-20,Active,
STU000627,Dương Nguyễn,2005-09-14,Other,xvu@example.com,05 9023808,DEP009,Công nghệ sinh học,2021-05-23,Active,
STU000628,Ngọc Lê,2001-02-08,Female,jane20@example.com,+84 62 5773276,DEP006,Ngoại ngữ,2024-04-18,Dropped Out,2026-09-04
STU000629,Anh Bùi,2000-04-24,Female,john17@example.net,+84-50-581659,DEP002,Tài chính - Kế toán,2021-04-22,Active,
STU000630,Hạnh Đức Đặng,2000-03-12,Male,tle@example.net,08 2291 2475,DEP007,Kỹ thuật điện,2025-05-04,Active,
STU000631,Quý ông Châu Hoàng,2002-10-24,Other,john96@example.org,(03)628-6791,DEP010,Du lịch - Khách sạn,2019-11-12,Active,
STU000632,Nhật Vũ,2004-07-29,Female,xduong@example.org,+84-30-070259,DEP002,Tài chính - Kế toán,2023-09-24,Graduated,
STU000633,Anh Châu Vũ,2004-07-17,Other,jane48@example.net,09 4387 7162,DEP002,Tài chính - Kế toán,2023-10-04,Dropped Out,26/02/2024
STU000634,Quý ông Minh Dương,2004-12-23,Female,cvu@example.org,07 3081 9402,DEP008,Kỹ thuật xây dựng,2022-02-13,Dropped Out,2023-11-07
STU000635,Lâm Mai Bảo Vũ,2004-09-07,Male,jane42@example.com,+84 85 8541122,DEP011,Truyền thông,2024-05-26,Active,
STU000636,Hoàng Tấn Bùi,1998-05-14,Male,jane31@example.net,(05)682-6839,DEP009,Công nghệ sinh học,2020-08-09,Active,
STU000637,Phương Bảo Phạm,2005-04-18,Other,rnguyen@example.org,08 3233986,DEP001,Công nghệ thông tin,2024-10-12,Active,
STU000638,Ngọc Dương,2007-10-28,Female,qduong@example.org,+84-86-605 8602,DEP011,Truyền thông,2023-01-19,Active,
STU000639,Thành Đặng,1999-08-04,Other,mtran@example.org,04 8097 6291,DEP004,Kinh tế,2023-12-08,Active,
STU000640,Quý cô Linh Dương,2003-03-18,Other,john63@example.org,+84-42-541036,DEP002,Tài chính - Kế toán,2025-06-08,Active,
STU000641,Chị Lan Hoàng,2000-01-18,Other,john50@example.net,+84-77-105437,DEP005,Luật,2022-08-01,Active,
STU000642,Nhật Thế Mai,17/11/2005,Male,umai@example.net,+84 34 9286373,DEP010,Du lịch - Khách sạn,2023-06-06,Active,
STU000643,Linh Mai,2001-11-13,Female,jane85@example.org,04 0024 8308,DEP008,Kỹ thuật xây dựng,25/03/2025,Active,
STU000644,Thành Đức Trần,2006-07-28,Other,jane21@example.net,(06)292-0295,DEP003,Quản trị kinh doanh,2024-05-21,Graduated,
STU000645,Bà Khoa Trần,1998-04-23,Other,jane62@example.com,+84-37-932 8754,DEP007,Kỹ thuật điện,2020-04-28,Active,
STU000646,Anh Châu Mai,1998-07-22,Other,jane28@example.net,04 0967223,DEP009,Công nghệ sinh học,2021-12-11,Active,
STU000647,Châu Mai,2006-12-12,Female,sdang@example.org,+84 35 0517984,DEP010,Du lịch - Khách sạn,2024-10-12,Active,
STU000648,Bảo Bùi,2007-01-13,Other,john41@example.net,(06)812-9345,DEP011,Truyền thông,2024-07-12,Active,
STU000649,Bà Mai Nguyễn,2003-07-02,Female,xbui@example.com,+84-71-144722,DEP012,Khoa học dữ liệu,2023-10-21,Active,
STU000650,Tú Dương,1998-08-27,Male,uduong@example.org,+84-77-962 5551,DEP012,Khoa học dữ liệu,2020-11-19,Dropped Out,2022-05-27
STU000651,An Trí Đặng,2003-11-22,Female,qbui@example.net,(07) 6792 6208,DEP004,Kinh tế,2021-11-01,Dropped Out,2022-04-13
STU000652,Cô An Bùi,1998-08-09,Other,john03@example.net,+84-59-141424,DEP006,Ngoại ngữ,2024-06-08,Dropped Out,2024-09-27
STU000653,Hà Đặng,2000-12-12,Other,jane86@example.com,+84 85 7467401,DEP012,Khoa học dữ liệu,2023-04-14,Active,
STU000654,Cô Lan Phạm,2004-11-28,Other,cduong@example.net,(00) 5191 7496,DEP006,Ngoại ngữ,2023-12-13,Active,
STU000655,Bác Trung Dương,1999-07-24,Other,qnguyen@example.net,03 5848386,DEP008,Kỹ thuật xây dựng,2022-01-08,Active,
STU000656,Châu Hải Lê,2001-12-15,Male,jane49@example.net,(02)701-6908,DEP008,Kỹ thuật xây dựng,2022-03-04,Dropped Out,07/03/2023
STU000657,Ngọc Hoàng,2002-06-08,Male,jane22@example.org,01 2976206,DEP005,Luật,2025-03-28,Active,
STU000658,Hồng Phạm,2005-06-13,Female,john70@example.org,04 3353632,DEP009,Công nghệ sinh học,2025-04-21,Active,
STU000659,Xuân Phạm,2005-08-10,Male,jane98@example.com,+84 06 5847960,DEP008,Kỹ thuật xây dựng,2023-03-23,Graduated,
STU000660,Huy Trí Lê,2001-08-07,Other,yduong@example.org,+84-42-407053,DEP006,Ngoại ngữ,2020-01-24,Dropped Out,2021-03-12
STU000661,Ông Minh Trần,2002-03-27,Male,sdang@example.com,09 1424851,DEP005,Luật,2024-07-27,Active,
STU000662,Hải Hoàng,2001-10-16,Female,vle@example.net,02 9844 8576,DEP010,Du lịch - Khách sạn,2022-11-19,Active,
STU000663,Lâm Hoàng,2002-10-19,Male,john51@example.com,(01)641-7827,DEP001,Công nghệ thông tin,2020-08-23,Active,
STU000664,Phương Trần,2007-02-17,Other,ztran@example.org,09 6489647,DEP007,Kỹ thuật điện,2024-02-23,Active,
STU000665,Xuân Hoàng,2000-09-07,Female,cle@example.net,(05)978-5501,DEP006,Ngoại ngữ,2021-07-18,Graduated,
STU000666,Trung Bùi,2005-06-26,Other,thoang@example.org,00 0247811,DEP008,Kỹ thuật xây dựng,2023-01-07,Active,
STU000667,Chi Lê,2006-04-01,Female,john94@example.org,03 4533750,DEP005,Luật,2020-05-10,Dropped Out,29/12/2021
STU000668,Kim Thế Nguyễn,2001-04-01,Other,jane08@example.com,+84-96-041737,DEP002,Tài chính - Kế toán,2022-01-06,Active,
STU000669,Quang Phạm,2001-10-06,Male,hpham@example.net,(05)371-9224,DEP011,Truyền thông,2025-04-10,Active,
STU000670,Hương Hoàng,2003-11-06,Male,ftran@example.net,+84-20-241 9918,DEP011,Truyền thông,2022-12-13,Active,
STU000671,Cô Hồng Đặng,2004-12-01,Male,jane32@example.com,(06)221-2713,DEP012,Khoa học dữ liệu,2024-02-20,Dropped Out,13/01/2025
STU000672,Chị Bảo Nguyễn,2003-05-05,Other,vle@example.org,(04) 1971 2017,DEP001,Công nghệ thông tin,2024-03-05,Graduated,
STU000673,Minh Nguyễn,1998-01-24,Female,gmai@example.com,(01)582-1748,DEP011,Truyền thông,2021-05-11,Graduated,
STU000674,Thành Nguyễn,2004-08-17,Female,jane07@example.com,+84-09-424946,DEP010,Du lịch - Khách sạn,2025-04-08,Active,
STU000675,Quý ông Phúc Bùi,2001-02-22,Other,edang@example.net,04 4657 4135,DEP005,Luật,2022-07-31,Active,
STU000676,  Lâm Bảo Bùi   ,2004-12-29,Female,gvu@example.net,+84 45 7875399,DEP003,Quản trị kinh doanh,2020-06-21,Graduated,
STU000677,Quang Tấn Nguyễn,2005-09-02,Other,choang@example.com,(03) 8694 6227,DEP008,,2020-12-04,Suspended,
STU000678,Bà Nhật Đặng,2006-08-16,Other,ple@example.net,01 3787060,DEP012,Khoa học dữ liệu,2020-03-18,Graduated,
STU000679,Hạnh Hoàng Mai,2003-06-22,Other,john64@example.com,01 2947 5468,DEP011,Truyền thông,2023-12-03,Active,
STU000680,Lan Mai,2004-01-15,Female,john02@example.com,+84-76-550 7750,DEP012,Khoa học dữ liệu,2023-09-13,Active,
STU000681,Hạnh Hải Bùi,2001-05-28,Female,vvu@example.org,(09)340-4960,DEP001,Công nghệ thông tin,2025-05-21,Active,
STU000682,Chị Hồng Đặng,2007-06-24,Other,mmai@example.net,+84-66-656363,DEP003,Quản trị kinh doanh,2021-04-04,Active,
STU000683,Bà Hồng Hoàng,2006-09-10,Other,jmai@example.org,02 2345416,DEP001,Công nghệ thông tin,2024-12-27,Graduated,
STU000684,Kim Hoàng,2000-01-15,Male,john05@example.net,(02) 3192 6725,DEP005,Luật,2020-06-22,Active,
STU000685,Hoàng Thị Hoàng,2001-09-15,Female,john48@example.net,(09) 1478 3706,DEP007,Kỹ thuật điện,2021-12-02,Dropped Out,2022-09-02
STU000686,Cô Duyên Dương,2001-11-03,Other,ehoang@example.org,+84-97-485 5176,DEP001,Công nghệ thông tin,2024-07-21,Graduated,
STU000687,Hạnh Đặng,2000-05-29,Other,dhoang@example.org,(05) 5294 8529,DEP004,Kinh tế,2021-08-06,Graduated,
STU000688,duyên phạm,2003-09-12,Other,john50@example.com,+84 76 3265888,DEP004,Kinh tế,2021-08-27,Active,
STU000689,Quý ông Tùng Đặng,1999-04-11,Male,amai@example.org,05 4202 3761,DEP007,Kỹ thuật điện,2025-06-20,Suspended,
STU000690,Anh Trọng Mai,2006-05-24,Female,john10@example.net,(03) 2096 2010,DEP009,Công nghệ sinh học,2022-02-21,Suspended,
STU000691,Phương Lê,2004-04-05,Other,john67@example.com,+84-78-509808,DEP006,Ngoại ngữ,2024-03-22,Active,
STU000692,Bà Bảo Phạm,2003-01-12,Female,upham@example.org,(09) 2843 8246,DEP010,Du lịch - Khách sạn,2023-05-30,Active,
STU000693,Quý ông Hưng Lê,1999-10-08,Female,jbui@example.org,+84-19-036 6721,DEP003,Quản trị kinh doanh,2023-08-01,Graduated,
STU000694,Nhật Phạm,2006-12-05,Other,cpham@example.org,+84-29-431 7069,DEP010,Du lịch - Khách sạn,2019-12-15,Graduated,
STU000695,Kim Hải Dương,14/12/2005,Female,john87@example.com,(05) 1497 1549,DEP001,Công nghệ thông tin,2022-02-24,Active,
STU000696,Bà Bảo Lê,2007-09-29,Other,john15@example.net,(01) 7426 2683,DEP009,Công nghệ sinh học,2021-06-21,Graduated,
STU000697,Lâm Đặng,2003-02-22,Male,pbui@example.com,+84 21 7394526,DEP005,Luật,2023-03-30,Graduated,
STU000698,Phương Lê,2000-09-03,Male,jane11@example.net,+84-87-790 5594,DEP010,Du lịch - Khách sạn,2023-09-03,Graduated,
STU000699,Hải Bùi,2002-03-26,Other,john33@example.com,(00)736-4104,DEP006,Ngoại ngữ,2020-10-10,Graduated,
STU000700,Bảo Văn Dương,2000-01-10,Female,ale@example.org,+84 06 3222393,DEP005,Luật,2025-06-21,Active,
STU000701,Bà Ngọc Vũ,2002-03-05,Female,jane69@example.org,09 7951493,DEP004,Kinh tế,2019-11-21,Dropped Out,2020-10-27
STU000702,Hà Mai Trần,2001-09-19,Other,jane28@example.com,(04)249-7221,DEP002,Tài chính - Kế toán,2021-11-22,Active,
STU000703,Mai Mai,2002-11-03,Female,qmai@example.com,+84-08-849 1481,DEP005,Luật,2022-03-06,Active,
STU000704,An Mai Bảo Phạm,2001-07-03,Female,jane89@example.com,(00) 4202 5206,DEP011,Truyền thông,2019-10-27,Dropped Out,2021-07-23
STU000705,Ông Minh Đặng,1999-05-12,Other,htran@example.net,+84-68-671937,DEP010,Du lịch - Khách sạn,2023-07-11,Active,
STU000706,Quang Hoàng Vũ,2001-06-11,Female,rbui@example.com,+84-69-459 1613,DEP009,Công nghệ sinh học,2022-03-29,Active,
STU000707,Bà Kim Lê,2007-08-03,Male,tbui@example.org,(05) 1726 4617,DEP011,Truyền thông,2022-06-07,Active,
STU000708,hoàng dương,2001-06-19,Female,jane40@example.org,+84 50 1536186,DEP001,Công nghệ thông tin,2020-05-08,Suspended,
STU000709,Bà Khoa Nguyễn,2000-11-18,Male,jane05@example.com,+84 94 5210407,DEP001,Công nghệ thông tin,2025-04-14,Active,
STU000710,Khoa Mai Bảo Bùi,1999-11-24,Male,jane63@example.org,(04) 1204 1466,DEP008,Kỹ thuật xây dựng,2022-03-19,Active,
STU000711,An Mai Trần,2002-12-31,Other,jane83@example.net,(07)269-1672,DEP003,Quản trị kinh doanh,2023-01-25,Active,
STU000712,Bà Khoa Phạm,1999-04-12,Other,tnguyen@example.com,06 0361 5459,DEP002,Tài chính - Kế toán,2023-08-20,Active,
STU000713,Dương Phạm,2007-09-07,Female,xpham@example.org,(03) 3431 7494,DEP011,Truyền thông,2024-04-30,Dropped Out,2025-07-03
STU000714,Bà Vân Dương,1998-12-25,Male,mbui@example.net,00 0032 4061,DEP011,Truyền thông,2023-11-29,Active,
STU000715,Linh Mai,2006-05-15,Male,xnguyen@example.net,02 5769 6253,DEP011,Truyền thông,2022-07-25,Graduated,
STU000716,Nhật Đức Hoàng,2002-08-19,Other,jane66@example.org,(05)173-5024,DEP002,Tài chính - Kế toán,2020-08-18,Active,
STU000717,Huy Trần,2007-08-30,Other,john60@example.net,(02)386-6503,DEP010,Du lịch - Khách sạn,2024-10-19,Suspended,
STU000718,Cô Duyên Mai,1998-09-10,Female,jane81@example.org,+84 83 0505857,DEP001,Công nghệ thông tin,2025-06-17,Suspended,
STU000719,Bà Khoa Đặng,1999-05-21,Other,svu@example.net,+84 86 4522234,DEP012,Khoa học dữ liệu,2019-08-07,Active,
STU000720,Thảo Mai,1999-05-28,Other,smai@example.org,(00)337-9780,DEP010,Du lịch - Khách sạn,2023-05-03,Active,
STU000721,Nam Trần,2003-06-05,Other,jane02@example.org,+84-19-289 6055,DEP007,Kỹ thuật điện,2024-06-03,Active,
STU000722,Yến Hoàng,2000-10-13,Other,enguyen@example.com,(04) 5436 7421,DEP010,Du lịch - Khách sạn,2024-11-28,Active,
STU000723,Mai Mai,1998-05-29,Female,gdang@example.net,(01)548-6785,DEP009,Công nghệ sinh học,2022-08-15,Active,
STU000724,Phương Bảo Bùi,2007-02-12,Other,sle@example.org,(09) 0228 8807,DEP002,Tài chính - Kế toán,2022-09-27,Active,
STU000725,Khoa Bùi,2007-06-29,Female,john76@example.org,09 2721 2418,DEP004,Kinh tế,2023-06-29,Active,
STU000726,Ngọc Dương,1998-06-17,Other,evu@example.net,07 0167 4126,DEP007,Kỹ thuật điện,2019-12-10,Suspended,
STU000727,  Bảo Trần   ,2000-04-16,Female,john64@example.net,(01) 7208 2551,DEP011,Truyền thông,2024-07-01,Active,
STU000728,Xuân Dương,2003-06-19,Female,ghoang@example.com,+84-39-482 0206,DEP003,,2020-04-10,Suspended,
STU000729,An Hoàng Nguyễn,2005-07-12,Female,ipham@example.org,+84 60 3088601,DEP003,Quản trị kinh doanh,2022-06-18,Dropped Out,2024-06-02
STU000730,Hạnh Dương,2007-02-27,Male,john20@example.org,(02)078-6155,DEP005,Luật,2019-10-27,Active,
STU000731,Yến Mai,2001-08-20,Male,vnguyen@example.net,07 5866418,DEP010,Du lịch - Khách sạn,2021-02-11,Dropped Out,2022-07-30
STU000732,Nhiên Hoàng,1998-11-26,Other,bduong@example.net,06 5149937,DEP003,Quản trị kinh doanh,22/11/2020,Active,
STU000733,Tú Bảo Phạm,10/08/2006,Other,mpham@example.net,+84 88 7968797,DEP008,Kỹ thuật xây dựng,2023-01-23,Suspended,
STU000734,  Chị Lan Nguyễn   ,1998-11-11,Male,lbui@example.com,(05)281-8211,DEP006,Ngoại ngữ,2020-10-19,Graduated,
STU000735,Dương Hoàng,1999-06-14,Female,john86@example.com,+84-10-442 5882,DEP008,Kỹ thuật xây dựng,2023-10-09,Graduated,
STU000736,Nam Đức Hoàng,2007-07-11,Male,john22@example.net,(09)131-4963,DEP010,Du lịch - Khách sạn,2021-07-28,Active,
STU000737,Yến Dương,2007-08-31,Male,hduong@example.org,(09)613-0147,DEP004,Kinh tế,2020-04-13,Active,
STU000738,Anh Nhiên Lê,1998-04-05,Male,john92@example.org,03 8376203,DEP012,Khoa học dữ liệu,2025-04-18,Graduated,
STU000739,An Thế Phạm,2001-01-09,Female,vmai@example.net,(04)661-9166,DEP004,Kinh tế,2025-06-13,Active,
STU000740,Anh Quang Hoàng,1999-01-27,Female,ctran@example.org,08 6031 9923,DEP011,Truyền thông,2020-08-17,Active,
STU000741,Huy Bảo Mai,1998-08-26,Female,kle@example.net,02 3661 2172,DEP003,Quản trị kinh doanh,2023-10-15,Active,
STU000742,Quý cô Xuân Vũ,2002-07-18,Other,jane67@example.net,09 9030780,DEP002,Tài chính - Kế toán,2020-04-20,Graduated,
STU000743,Bà Hải Lê,1999-06-23,Other,jane96@example.net,+84 47 9474597,DEP006,Ngoại ngữ,2020-02-06,Active,
STU000744,Ngọc Bùi,1998-12-31,Male,john66@example.com,04 2809870,DEP002,Tài chính - Kế toán,2021-10-27,Active,
STU000745,Kim Trí Phạm,2002-04-12,Male,jane49@example.com,(04)561-7463,DEP005,Luật,2022-03-10,Active,
STU000746,Khoa Lê,2003-05-01,Other,jane13@example.org,+84-01-984 4749,DEP004,Kinh tế,2025-06-20,Suspended,
STU000747,Chị Khoa Trần,2003-04-19,Female,atran@example.net,+84-02-180 2401,DEP008,Kỹ thuật xây dựng,2024-03-02,Active,
STU000748,Hoàng Hải Bùi,2003-07-31,Female,john52@example.net,00 8481 9582,DEP006,Ngoại ngữ,2022-01-27,Active,
STU000749,Ông Trọng Trần,2006-05-11,Female,pbui@example.org,(04)128-2489,DEP011,Truyền thông,2021-05-02,Dropped Out,2023-02-08
STU000750,Huy Phạm,2004-04-29,Other,john14@example.org,+84-45-490713,DEP004,Kinh tế,2025-03-06,Graduated,
STU000751,Nhật Mai Vũ,1998-08-25,Male,john84@example.net,01 4103 7748,DEP005,Luật,2022-03-16,Active,
STU000752,Bảo Phạm,2001-10-26,Other,jdang@example.org,03 9300 8544,DEP007,Kỹ thuật điện,2023-07-01,Active,
STU000753,Hạnh Vũ,2003-05-06,Other,jane80@example.org,09 0830892,DEP011,Truyền thông,2024-10-12,Active,
STU000754,Phương Xuân Vũ,2000-10-07,Male,fhoang@example.org,+84-89-050309,DEP004,Kinh tế,27/11/2021,Graduated,
STU000755,Bảo Thị Lê,2003-06-11,Other,john12@example.org,00 8337 2962,DEP012,Khoa học dữ liệu,2021-09-03,Active,
STU000756,Yến Dương,1998-01-23,Male,jane87@example.org,+84 51 3398831,DEP001,Công nghệ thông tin,2020-07-09,Active,
STU000757,Bảo Dương,2001-11-26,Male,nbui@example.org,+84-98-331 4242,DEP010,Du lịch - Khách sạn,2023-04-10,Active,
STU000758,Huy Văn Lê,1998-02-14,Male,mbui@example.com,+84-85-410482,DEP006,Ngoại ngữ,2024-04-26,Active,
STU000759,Nhiên Lê,2004-12-24,Male,ale@example.com,02 7844485,DEP001,Công nghệ thông tin,2024-07-29,Active,
STU000760,Ông Hoàng Mai,2002-03-10,Female,gpham@example.net,(09) 1361 4196,DEP012,,2019-10-31,Active,
STU000761,Hưng Nguyễn,2007-11-13,Male,gtran@example.org,(09) 0656 2167,DEP008,Kỹ thuật xây dựng,2020-03-16,Dropped Out,2020-09-02
STU000762,Bảo Thế Vũ,2001-01-08,Female,john82@example.net,+84-56-454606,DEP001,Công nghệ thông tin,2024-07-23,Dropped Out,2027-01-05
STU000763,Bà Lâm Lê,1998-07-07,Other,edang@example.org,05 9596 0057,DEP007,Kỹ thuật điện,2021-05-15,Dropped Out,2021-08-27
STU000764,Hương Nguyễn,2001-06-23,Male,obui@example.org,(00)634-6851,DEP002,Tài chính - Kế toán,2022-12-20,Active,
STU000765,Quý cô Bảo Hoàng,2001-09-29,Other,qpham@example.org,+84-17-187 4068,DEP011,Truyền thông,2023-10-11,Active,
STU000766,Quý ông Hoàng Nguyễn,2004-07-11,Female,john59@example.net,03 7473334,DEP002,Tài chính - Kế toán,2024-05-04,Active,
STU000767,Bà Lâm Dương,2002-02-12,Other,jane73@example.net,01 9618287,DEP012,Khoa học dữ liệu,2025-08-23,Dropped Out,2026-06-11
STU000768,  Quý cô Nhật Trần   ,2006-01-12,Other,john21@example.com,06 2586177,DEP010,Du lịch - Khách sạn,2023-09-18,Suspended,
STU000769,Kim Hải Đặng,2004-03-26,Other,john70@example.net,05 6289813,DEP003,Quản trị kinh doanh,2024-07-10,Active,
STU000770,Quý ông Tú Lê,2006-09-25,Other,vvu@example.net,02 5481545,DEP004,Kinh tế,2024-04-13,Graduated,
STU000771,Minh Thị Lê,2000-09-12,Female,dmai@example.com,(09)312-0216,DEP009,Công nghệ sinh học,2022-12-21,Active,
STU000772,Lâm Phạm,1999-04-06,Male,knguyen@example.com,+84-04-055100,DEP007,Kỹ thuật điện,2025-09-02,Dropped Out,31/10/2027
STU000773,Hà Hải Dương,2000-12-22,Other,qduong@example.net,+84 80 7450082,DEP004,Kinh tế,2023-09-24,Active,
STU000774,Nhật Lê,2004-12-23,Male,bbui@example.org,(04) 9855 2441,DEP010,Du lịch - Khách sạn,2025-03-21,Suspended,
STU000775,Hà Đặng,2007-09-16,Male,ctran@example.com,(08) 0333 3058,DEP006,Ngoại ngữ,2020-08-19,Active,
STU000776,Bà Lan Lê,2002-09-14,Female,jane52@example.org,(04) 6494 3871,DEP001,Công nghệ thông tin,2021-03-03,Suspended,
STU000777,Hạnh Phạm,06/04/1998,Male,john74@example.org,+84 13 5718414,DEP012,Khoa học dữ liệu,2021-06-06,Active,
STU000778,Khoa Bùi,2002-10-12,Other,evu@example.com,02 0194541,DEP003,Quản trị kinh doanh,2025-05-28,Active,
STU000779,Chị Nhật Bùi,2006-02-09,Female,tnguyen@example.org,06 9428 7979,DEP006,Ngoại ngữ,2021-08-31,Active,
STU000780,Quý ông Tú Lê,2003-05-21,Male,hduong@example.net,(09) 5752 1535,DEP003,Quản trị kinh doanh,2025-02-09,Graduated,
STU000781,Hà Hoàng,2007-12-04,Other,john00@example.com,02 5543 1800,DEP007,Kỹ thuật điện,2020-03-05,Active,
STU000782,Quý ông Quang Bùi,2000-05-01,Female,nmai@example.com,06 4934487,DEP008,Kỹ thuật xây dựng,2021-02-15,Active,
STU000783,Quang Phú Nguyễn,1998-06-21,Female,jane25@example.com,07 2674 3458,DEP003,Quản trị kinh doanh,2024-01-22,Suspended,
STU000784,Lâm Đức Mai,2000-06-22,Female,wduong@example.com,+84-52-509 0428,DEP009,Công nghệ sinh học,2023-06-19,Dropped Out,26/08/2025
STU000785,Khoa Lê,2006-02-15,Male,xpham@example.net,+84-44-903906,DEP001,Công nghệ thông tin,2020-08-02,Active,
STU000786,Chị Vân Vũ,2003-03-14,Male,hvu@example.net,+84 49 8125683,DEP008,Kỹ thuật xây dựng,2020-01-27,Dropped Out,2020-05-08
STU000787,Quý cô Nhật Hoàng,1999-02-21,Female,zvu@example.net,+84 10 0646633,DEP008,Kỹ thuật xây dựng,2021-11-07,Graduated,
STU000788,Hương Trần,2006-10-12,Male,jane78@example.net,+84-97-582652,DEP011,Truyền thông,2024-07-23,Dropped Out,2024-12-02
STU000789,Chị Phương Hoàng,2006-12-22,Other,jane06@example.net,+84-85-471587,DEP003,Quản trị kinh doanh,2021-05-17,Active,
STU000790,Khoa Đặng,2006-04-23,Other,rdang@example.net,(01)220-5626,DEP001,Công nghệ thông tin,2023-07-10,Graduated,
STU000791,Anh Hữu Trần,2000-12-06,Male,jane45@example.net,03 5514405,DEP009,Công nghệ sinh học,2024-05-15,Active,
STU000792,Anh Châu Nguyễn,1999-08-27,Other,lbui@example.net,+84-42-845097,DEP010,Du lịch - Khách sạn,2023-03-03,Graduated,
STU000793,Quý cô Hà Nguyễn,1998-10-10,Male,umai@example.org,+84-49-420334,DEP012,Khoa học dữ liệu,2023-10-03,Active,
STU000794,Phương Phú Lê,02/06/2005,Male,jdang@example.net,+84-23-669 9093,DEP011,Truyền thông,2024-06-01,Suspended,
STU000795,Anh Hưng Bùi,2001-04-24,Other,john96@example.com,(06) 2117 3036,DEP011,Truyền thông,2024-03-31,Active,
STU000796,Lâm Hải Đặng,2005-08-07,Female,hvu@example.com,(04)336-3375,DEP001,Công nghệ thông tin,2020-02-14,Active,
STU000797,Hương Trần,2005-06-12,Other,zle@example.net,+84-52-907667,DEP006,Ngoại ngữ,2020-07-30,Active,
STU000798,Chị Ánh Vũ,2003-06-28,Male,inguyen@example.net,(04) 5962 7875,DEP001,Công nghệ thông tin,07/09/2019,Dropped Out,2020-03-19
STU000799,Lâm Trần,2004-11-08,Female,ltran@example.net,01 3157 3573,DEP010,Du lịch - Khách sạn,2019-12-13,Active,
STU000800,Hải Trần,2005-09-02,Other,john62@example.com,+84 99 4844688,DEP004,Kinh tế,2023-09-12,Active,
STU000801,Hạnh Hoàng,1999-08-29,Male,jhoang@example.com,+84-73-714209,DEP009,Công nghệ sinh học,2021-05-03,Dropped Out,2022-06-11
STU000802,Cô Lan Hoàng,1999-03-13,Female,kvu@example.com,00 8576356,DEP009,Công nghệ sinh học,2024-08-21,Graduated,
STU000803,Chị Linh Đặng,2003-08-03,Other,john99@example.com,(09) 0867 3997,DEP005,Luật,2019-08-29,Suspended,
STU000804,Hải Đức Hoàng,2001-02-24,Other,ule@example.net,03 3426 8421,DEP005,Luật,2022-06-10,Dropped Out,01/11/2024
STU000805,Ánh Nguyễn,1999-05-26,Other,jane83@example.com,+84-44-856340,DEP008,Kỹ thuật xây dựng,2023-02-24,Active,
STU000806,Anh Quang Đặng,2004-07-25,Other,opham@example.net,09 1611 1668,DEP001,Công nghệ thông tin,05/06/2023,Active,
STU000807,Cô Ánh Nguyễn,2003-08-15,Female,fduong@example.org,+84-26-357341,DEP012,Khoa học dữ liệu,2024-07-05,Suspended,
STU000808,Khoa Trần,2005-02-19,Female,bpham@example.org,+84 72 0593747,DEP012,Khoa học dữ liệu,2022-12-19,Active,
STU000809,Cô Hải Bùi,2005-03-15,Female,john37@example.org,05 9221 5510,DEP005,Luật,2024-11-16,Active,
STU000810,Dương Nguyễn,2004-09-02,Male,stran@example.com,07 1450 7944,DEP005,Luật,2020-03-24,Active,
STU000811,Vũ Văn Dương,2004-05-16,Other,jane53@example.com,+84 28 5836495,DEP006,Ngoại ngữ,2024-10-01,Active,
STU000812,Vi Đặng,2006-04-08,Male,john62@example.org,+84 09 6900449,DEP001,Công nghệ thông tin,2025-07-16,Graduated,
STU000813,Tùng Bùi,1999-10-23,Other,ule@example.org,(00) 2251 2814,DEP005,Luật,2021-03-16,Graduated,
STU000814,Châu Thế Đặng,2007-11-21,Male,jane57@example.com,03 3907 1288,DEP004,Kinh tế,2021-01-09,Active,
STU000815,Bác Bảo Mai,2004-01-03,Female,jane33@example.org,+84 42 2492424,DEP005,Luật,2021-09-15,Dropped Out,2023-07-21
STU000816,An Đặng,2006-06-15,Male,obui@example.net,(08) 6715 3078,DEP011,Truyền thông,2021-10-07,Active,
STU000817,Hà Hải Trần,2005-07-30,Male,xle@example.com,00 1908 6285,DEP010,Du lịch - Khách sạn,2024-12-12,Active,
STU000818,Bảo Nguyễn,1999-08-07,Female,jane54@example.net,00 5223185,DEP007,Kỹ thuật điện,2025-07-29,Active,
STU000819,Hải Hải Phạm,2006-05-08,Female,mpham@example.com,01 4943 9253,DEP007,Kỹ thuật điện,2021-06-09,Active,
STU000820,Yến Dương,1999-05-03,Female,jane12@example.com,+84-70-767 0922,DEP004,Kinh tế,2019-09-24,Active,
STU000821,Nhật Mai Bảo Phạm,2005-02-09,Other,john75@example.com,+84 47 7228568,DEP004,Kinh tế,2021-01-05,Active,
STU000822,Quang Nguyễn,1999-01-29,Other,jane97@example.org,(06) 2842 9503,DEP006,Ngoại ngữ,2023-09-17,Dropped Out,2024-09-17
STU000823,Châu Thế Lê,1998-04-28,Male,jane18@example.org,04 2114059,DEP010,Du lịch - Khách sạn,2021-10-01,Graduated,
STU000824,Dũng Hữu Dương,2005-08-03,Female,john64@example.org,+84 47 7698885,DEP003,Quản trị kinh doanh,2021-02-19,Suspended,
STU000825,Anh Bùi,2002-10-29,Female,jane45@example.com,+84-80-921 2296,DEP011,Truyền thông,2022-03-05,Dropped Out,20/02/2024
STU000826,Nhật Trần,2006-06-29,Other,qtran@example.net,00 6483872,DEP003,Quản trị kinh doanh,2022-11-30,Graduated,
STU000827,Cô Hạnh Hoàng,1999-11-22,Male,tdang@example.com,+84-62-382416,DEP011,Truyền thông,2019-12-14,Graduated,
STU000828,Bác Anh Phạm,2005-01-29,Male,nhoang@example.com,+84 91 9070868,DEP010,Du lịch - Khách sạn,2023-07-13,Active,
STU000829,Anh Nhiên Mai,1998-07-04,Other,john88@example.net,08 8839 4242,DEP004,Kinh tế,2021-09-06,Graduated,
STU000830,Quý cô Bảo Hoàng,2002-03-24,Other,jane10@example.com,+84-35-988 7851,DEP008,Kỹ thuật xây dựng,2024-12-21,Active,
STU000831,Nhật Trí Đặng,1998-10-12,Male,sbui@example.com,+84 28 9561321,DEP010,Du lịch - Khách sạn,2020-02-24,Active,
STU000832,Linh Lê,2006-05-03,Female,ymai@example.com,+84-68-769 0612,DEP007,Kỹ thuật điện,2024-03-21,Suspended,
STU000833,Bác Phúc Trần,2006-09-19,Female,jane11@example.org,05 3712661,DEP012,Khoa học dữ liệu,2020-01-26,Active,
STU000834,Hải Mai Bảo Hoàng,01/12/2005,Female,jane77@example.com,(04) 1548 4315,DEP007,Kỹ thuật điện,2022-12-20,Dropped Out,2025-01-26
STU000835,Chị Hải Nguyễn,05/04/2001,Male,john39@example.com,(03)974-1280,DEP001,Công nghệ thông tin,02/05/2021,Active,
STU000836,An Dương,2005-10-28,Other,john74@example.com,+84-14-215924,DEP011,Truyền thông,2024-10-29,Active,
STU000837,Hồng Dương,2004-08-03,Female,hbui@example.org,(04) 1373 5730,DEP011,Truyền thông,2022-10-01,Graduated,
STU000838,Hải Xuân Bùi,2006-11-09,Female,john09@example.com,(06)835-0297,DEP005,Luật,2020-01-14,Dropped Out,2022-05-29
STU000839,Quý ông Quang Hoàng,2001-11-26,Other,gduong@example.org,08 8715 8013,DEP004,Kinh tế,2022-07-08,Active,
STU000840,Mai Trần,2004-05-31,Other,john84@example.com,+84-49-981785,DEP009,Công nghệ sinh học,2021-07-15,Active,
STU000841,Quý cô An Mai,2004-06-09,Male,jane67@example.com,+84-34-384 1518,DEP009,Công nghệ sinh học,2023-11-12,Graduated,
STU000842,Anh Dũng Vũ,1999-06-19,Male,ltran@example.com,+84 60 6453164,DEP012,Khoa học dữ liệu,2020-08-05,Active,
STU000843,Tú Lê,2001-06-24,Male,snguyen@example.com,(00)582-3126,DEP003,Quản trị kinh doanh,2022-11-20,Suspended,
STU000844,TÙNG BÙI,14/01/2003,Female,obui@example.com,(06)731-6028,DEP001,Công nghệ thông tin,2021-09-18,Graduated,
STU000845,Quý cô Hương Lê,1999-05-03,Male,jane16@example.net,08 1587 0485,DEP001,Công nghệ thông tin,2020-02-17,Active,
STU000846,Nhật Hoàng Bùi,2007-05-04,Male,qbui@example.org,06 8766 9176,DEP002,Tài chính - Kế toán,2023-09-05,Active,
STU000847,Thành Hữu Lê,2007-09-09,Other,unguyen@example.org,02 5014 2306,DEP011,Truyền thông,2019-10-16,Graduated,
STU000848,Kim Thế Dương,2006-06-03,Other,wvu@example.net,02 5095266,DEP009,Công nghệ sinh học,2023-10-15,Suspended,
STU000849,Quý cô Hải Trần,2007-03-19,Female,cdang@example.net,04 4873079,DEP006,Ngoại ngữ,2024-12-12,Graduated,
STU000850,Chị Hương Đặng,2000-11-10,Other,cvu@example.net,+84 60 5004200,DEP012,Khoa học dữ liệu,2019-08-29,Active,
STU000851,Bà Hạnh Trần,2000-08-05,Other,cnguyen@example.net,03 0230 1203,DEP002,Tài chính - Kế toán,2021-06-05,Active,
STU000852,Chị Dương Phạm,2003-03-14,Male,jle@example.org,(07)018-5126,DEP005,Luật,2021-12-09,Active,
STU000853,Tùng Hữu Nguyễn,2006-07-27,Other,thoang@example.com,+84-41-833326,DEP011,Truyền thông,2021-01-31,Active,
STU000854,Ánh Đặng,2006-02-06,Other,choang@example.org,+84-01-429788,DEP010,Du lịch - Khách sạn,2022-04-26,Dropped Out,2022-12-04
STU000855,Quang Thị Dương,2004-05-06,Other,xvu@example.net,+84 16 0955040,DEP001,Công nghệ thông tin,2019-10-23,Active,
STU000856,Khoa Dương,2004-10-10,Other,jane65@example.com,06 4784049,DEP010,Du lịch - Khách sạn,2021-02-11,Suspended,
STU000857,Lâm Nguyễn,2005-09-20,Male,pdang@example.com,+84-49-614 6533,DEP007,Kỹ thuật điện,2020-11-14,Active,
STU000858,Dương Đặng,2002-07-26,Female,jane61@example.net,(03) 1664 8952,DEP010,Du lịch - Khách sạn,2023-06-06,Active,
STU000859,Khoa Xuân Đặng,2004-09-04,Male,jane43@example.org,(02) 6781 3301,DEP003,Quản trị kinh doanh,2021-05-19,Active,
STU000860,Ngọc Mai,2002-01-22,Female,john15@example.com,+84-74-639800,DEP006,Ngoại ngữ,2022-09-15,Active,
STU000861,Huy Hoàng,2005-08-24,Male,jane30@example.net,(00) 2129 6518,DEP002,Tài chính - Kế toán,2022-09-26,Suspended,
STU000862,Hương Phạm,1999-10-06,Other,gnguyen@example.org,(00)197-4772,DEP007,Kỹ thuật điện,2024-08-26,Active,
STU000863,Thành Hữu Vũ,2005-10-30,Other,fhoang@example.net,(02)533-3736,DEP004,Kinh tế,2022-07-15,Active,
STU000864,Nhiên Hoàng,2004-05-09,Male,ghoang@example.net,(09) 4673 2053,DEP006,Ngoại ngữ,2019-08-26,Active,
STU000865,Yến Mai,2006-05-02,Male,john72@example.org,(01)758-4234,DEP007,Kỹ thuật điện,2021-03-20,Active,
STU000866,Lan Đặng,2003-06-24,Other,jtran@example.com,02 7594 1470,DEP012,Khoa học dữ liệu,2022-07-10,Active,
STU000867,Bà Hạnh Hoàng,1998-03-29,Male,john83@example.com,+84-08-977761,DEP011,Truyền thông,2021-12-18,Active,
STU000868,Mai Phạm,2007-01-20,Other,sduong@example.net,+84-46-890 5759,DEP003,Quản trị kinh doanh,2025-02-07,Active,
STU000869,Hưng Hoàng,1998-07-05,Female,jane37@example.com,01 1205 0595,DEP002,Tài chính - Kế toán,2024-09-06,Dropped Out,21/11/2025
STU000870,Chị Khoa Vũ,1999-09-23,Female,nduong@example.com,+84-70-561968,DEP007,Kỹ thuật điện,2022-06-23,Active,
STU000871,Lan Phạm,1999-12-14,Male,john91@example.org,+84 10 5788036,DEP006,Ngoại ngữ,2025-09-07,Active,
STU000872,Quý cô Ánh Vũ,2006-03-14,Other,jane26@example.org,+84 45 5532162,DEP006,Ngoại ngữ,2020-07-08,Suspended,
STU000873,Khoa Vũ,2005-06-23,Other,john20@example.com,05 5546 3253,DEP001,Công nghệ thông tin,2021-01-08,Graduated,
STU000874,Quý cô Khoa Lê,2001-02-11,Female,john03@example.com,(09) 4769 0956,DEP007,Kỹ thuật điện,2020-09-22,Graduated,
STU000875,Huy Hải Lê,2001-02-21,Other,jane47@example.net,+84-39-968 2960,DEP006,Ngoại ngữ,2024-04-24,Active,
STU000876,Quang Phạm,2006-06-15,Male,nle@example.com,+84 39 4994039,DEP010,Du lịch - Khách sạn,2024-02-21,Active,
STU000877,Cô Ngọc Phạm,1999-05-26,Female,ble@example.net,+84-27-564 7541,DEP001,Công nghệ thông tin,2021-08-08,Dropped Out,2021-12-22
STU000878,Hoàng Hữu Đặng,2006-09-06,Female,tvu@example.org,+84 95 3453203,DEP012,Khoa học dữ liệu,2024-08-01,Suspended,
STU000879,An Vũ,2002-09-11,Male,xvu@example.org,03 7722 0901,DEP003,Quản trị kinh doanh,2022-10-25,Active,
STU000880,Nhiên Đức Dương,1998-08-31,Other,xtran@example.org,(08) 5680 5590,DEP007,Kỹ thuật điện,2024-07-20,Active,
STU000881,  Quý cô Hà Dương   ,2006-06-02,Male,john00@example.net,03 0140591,DEP001,Công nghệ thông tin,2020-08-14,Dropped Out,2022-07-16
STU000882,Khoa Bùi,2001-12-09,Female,vpham@example.org,(09)429-6863,DEP011,Truyền thông,2025-05-20,Active,
STU000883,Bảo Hoàng Vũ,1998-05-17,Male,john08@example.org,(03) 2232 9323,DEP010,Du lịch - Khách sạn,2023-11-22,Graduated,
STU000884,Bảo Đặng,2004-09-13,Male,john97@example.com,04 7031 4734,DEP010,Du lịch - Khách sạn,2022-08-09,Graduated,
STU000885,Vũ Phú Nguyễn,2000-12-17,Other,tdang@example.net,+84-83-254 5895,DEP007,Kỹ thuật điện,2023-08-21,Active,
STU000886,Bảo Thị Dương,2000-05-13,Other,cmai@example.com,+84 39 5195708,DEP004,Kinh tế,2020-05-21,Active,
STU000887,Hạnh Trần,2006-08-01,Female,lvu@example.org,(03) 9893 8297,DEP001,Công nghệ thông tin,2023-06-14,Graduated,
STU000888,Trọng Hữu Hoàng,2005-10-20,Other,john34@example.net,04 6520 3794,DEP004,Kinh tế,2023-07-02,Dropped Out,2023-10-09
STU000889,Yến Phạm,2005-07-14,Female,jdang@example.com,+84 24 0284666,DEP011,Truyền thông,2025-06-10,Suspended,
STU000890,Duyên Đặng,1998-08-24,Female,pmai@example.org,(02)155-2505,DEP008,Kỹ thuật xây dựng,2022-03-23,Active,
STU000891,Hải Hoàng,2002-06-11,Other,ele@example.org,+84 68 5883412,DEP002,Tài chính - Kế toán,2022-06-20,Active,
STU000892,Tùng Xuân Nguyễn,2005-06-28,Female,jane93@example.com,04 9592993,DEP004,Kinh tế,2019-12-01,Suspended,
STU000893,Huy Lê,2004-09-10,Other,jane59@example.org,09 2733542,DEP007,Kỹ thuật điện,2024-02-24,Active,
STU000894,Phương Mai,2000-11-07,Male,jane60@example.com,+84-80-839 6099,DEP011,Truyền thông,2021-10-13,Dropped Out,2023-05-15
STU000895,Quý ông Trung Nguyễn,30/08/2006,Other,john00@example.org,(09)151-6028,DEP012,Khoa học dữ liệu,2022-07-14,Active,
STU000896,Vũ Hải Vũ,2000-03-19,Other,john26@example.com,+84 03 2425370,DEP007,Kỹ thuật điện,2024-03-18,Active,
STU000897,Quang Đặng,2003-02-24,Female,onguyen@example.net,07 0281 1386,DEP008,Kỹ thuật xây dựng,2023-04-04,Active,
STU000898,Huy Đặng,2004-08-05,Female,vtran@example.net,+84 66 5720998,DEP008,Kỹ thuật xây dựng,2020-01-14,Graduated,
STU000899,Cô Lâm Phạm,2005-03-24,Other,john79@example.org,+84-21-331973,DEP008,Kỹ thuật xây dựng,2021-07-31,Active,
STU000900,Chi Dương,2004-03-05,Male,john59@example.com,+84 18 3981086,DEP002,Tài chính - Kế toán,2019-11-17,Active,
STU000901,Nhật Trần,2003-02-22,Other,ddang@example.net,+84 00 7990956,DEP006,Ngoại ngữ,2019-08-23,Active,
STU000902,Yến Lê,25/01/2003,Male,john42@example.com,+84-39-273 4827,DEP007,Kỹ thuật điện,2025-02-06,Active,
STU000903,Vân Lê,2004-02-23,Other,fhoang@example.com,(05) 4840 9509,DEP009,Công nghệ sinh học,2023-01-10,Active,
STU000904,Nhật Quang Đặng,1998-02-09,Other,ipham@example.com,06 9761305,DEP008,Kỹ thuật xây dựng,2024-10-06,Dropped Out,2026-09-18
STU000905,Quang Hữu Lê,2003-02-27,Other,john65@example.net,+84 70 6005897,DEP001,Công nghệ thông tin,2021-10-11,Dropped Out,2022-03-07
STU000906,Chị Vân Đặng,1998-01-31,Other,qnguyen@example.com,02 0981 5686,DEP003,Quản trị kinh doanh,2020-05-31,Active,
STU000907,Bà Thảo Lê,1999-08-29,Other,zmai@example.net,+84 94 7763584,DEP008,Kỹ thuật xây dựng,2025-05-13,Active,
STU000908,Cô Hà Hoàng,1999-04-29,Female,fle@example.com,(00) 0391 7784,DEP003,Quản trị kinh doanh,2022-01-09,Active,
STU000909,Hải Mai Nguyễn,2003-03-17,Female,vmai@example.com,02 2133977,DEP008,Kỹ thuật xây dựng,2025-02-20,Active,
STU000910,Bà Lâm Trần,2001-12-25,Female,jane90@example.com,06 3881 2920,DEP001,,2023-04-26,Graduated,
STU000911,Duyên Nguyễn,2003-07-29,Male,john11@example.org,(09) 8943 3080,DEP003,Quản trị kinh doanh,2025-09-01,Suspended,
STU000912,Xuân Nguyễn,2005-06-13,Male,john29@example.com,(03) 9192 9185,DEP001,Công nghệ thông tin,2025-07-21,Active,
STU000913,KHOA HOÀNG HOÀNG,2000-09-03,Male,jane55@example.org,+84-27-261123,DEP012,Khoa học dữ liệu,2021-06-19,Active,
STU000914,Hưng Vũ,1999-09-16,Male,mvu@example.org,(07) 6948 8618,DEP004,Kinh tế,2023-08-23,Active,
STU000915,Bác Bảo Hoàng,2006-05-22,Other,udang@example.com,(09) 4790 2021,DEP008,Kỹ thuật xây dựng,2021-12-27,Active,
STU000916,Dũng Đức Nguyễn,1999-07-02,Female,tmai@example.org,(07)871-8995,DEP004,Kinh tế,2019-11-08,Active,
STU000917,Tú Mai Hoàng,2000-03-01,Female,jane42@example.net,+84-13-031632,DEP006,Ngoại ngữ,2019-10-09,Active,
STU000918,Tú Mai,2006-02-01,Other,ttran@example.com,01 1452 5762,DEP011,Truyền thông,2022-10-12,Dropped Out,2023-04-01
STU000919,Quý cô An Phạm,1999-08-20,Male,lnguyen@example.net,(07) 3528 8110,DEP004,Kinh tế,2021-02-09,Dropped Out,18/12/2022
STU000920,Thành Vũ,2004-04-16,Other,john22@example.org,+84 22 6482406,DEP011,Truyền thông,2020-06-08,Graduated,
STU000921,Hà Dương,1999-05-15,Other,ndang@example.net,(03) 3840 5897,DEP010,Du lịch - Khách sạn,2024-06-02,Graduated,
STU000922,Hải Bùi,2001-08-09,Female,jane91@example.com,05 7736867,DEP010,Du lịch - Khách sạn,2024-07-08,Graduated,
STU000923,Thành Lê,1999-08-26,Male,john87@example.net,+84-27-584 0727,DEP012,Khoa học dữ liệu,2020-03-18,Dropped Out,2022-08-31
STU000924,Thảo Vũ,2006-09-22,Male,ivu@example.net,(09)320-1291,DEP012,Khoa học dữ liệu,2024-03-31,Graduated,
STU000925,Nhật Đặng,2001-11-01,Female,jane84@example.org,+84 33 2459654,DEP006,Ngoại ngữ,2021-04-21,Dropped Out,02/12/2021
STU000926,Trọng Trí Đặng,2004-11-26,Male,wmai@example.com,09 3049370,DEP012,Khoa học dữ liệu,2020-12-15,Dropped Out,2021-06-20
STU000927,Quý cô Ánh Trần,2003-04-20,Male,jane95@example.org,05 0100 9210,DEP006,Ngoại ngữ,2023-10-30,Suspended,
STU000928,Vi Mai,2006-01-10,Female,john84@example.org,+84-35-970315,DEP007,,2020-02-07,Dropped Out,2022-05-31
STU000929,Phương Nguyễn,2005-04-29,Other,ntran@example.net,+84 76 5715689,DEP008,Kỹ thuật xây dựng,2024-02-17,Active,
STU000930,Khoa Đặng,1998-01-07,Male,gvu@example.org,01 6372 6710,DEP009,Công nghệ sinh học,2021-03-29,Active,
STU000931,Thành Mai Bùi,2000-10-04,Male,jane52@example.net,+84 48 9730330,DEP007,Kỹ thuật điện,2024-01-17,Graduated,
STU000932,Bà Nhật Mai,2003-12-31,Male,jane47@example.com,+84-78-928 3981,DEP004,Kinh tế,2025-02-06,Active,
STU000933,Mai Dương,1999-03-04,Female,jnguyen@example.org,+84-93-986 8909,DEP009,Công nghệ sinh học,2020-09-28,Dropped Out,2022-12-18
STU000934,Quang Lê,2006-03-29,Other,nle@example.org,(04) 3337 5396,DEP002,Tài chính - Kế toán,2022-07-15,Suspended,
STU000935,Hồng Bùi,2002-05-26,Male,ahoang@example.com,00 2976136,DEP007,Kỹ thuật điện,2024-08-31,Active,
STU000936,Chị Nhật Trần,1999-05-28,Male,fpham@example.net,+84-16-041 9502,DEP002,Tài chính - Kế toán,2024-06-06,Suspended,
STU000937,Quý cô Duyên Bùi,2002-07-07,Female,kduong@example.org,+84-46-074352,DEP012,Khoa học dữ liệu,2022-05-23,Active,
STU000938,Duyên Dương,2002-08-28,Other,john30@example.net,+84-21-975018,DEP010,Du lịch - Khách sạn,2022-08-18,Active,
STU000939,Yến Vũ,2002-02-05,Other,jane86@example.net,(07) 0936 2790,DEP005,Luật,2019-11-30,Active,
STU000940,Cô Nhật Mai,2001-08-07,Male,jane50@example.com,+84-12-359 1758,DEP012,Khoa học dữ liệu,2021-03-18,Active,
STU000941,Nhật Phạm,2003-02-15,Other,jane84@example.com,+84 70 6793071,DEP004,Kinh tế,2021-01-19,Graduated,
STU000942,Hải Lê,2000-11-10,Female,fmai@example.org,+84 37 4621462,DEP012,Khoa học dữ liệu,2020-03-21,Graduated,
STU000943,Nhật Dương,2006-06-02,Other,john07@example.org,(03)761-0320,DEP012,,2024-05-03,Active,
STU000944,Dũng Trần,2006-06-07,Female,john27@example.net,+84-37-223 4905,DEP011,Truyền thông,2023-10-09,Active,
STU000945,Bà Hà Dương,2002-07-15,Female,wnguyen@example.com,08 0695101,DEP005,Luật,2021-11-17,Active,
STU000946,Yến Dương,1998-10-17,Other,vle@example.com,+84 75 0618572,DEP004,Kinh tế,2025-03-22,Active,
STU000947,Nhiên Mai,2005-01-16,Female,jane34@example.net,(03) 8599 4510,DEP006,Ngoại ngữ,2020-09-08,Dropped Out,2021-07-21
STU000948,Quý cô Thành Dương,2004-09-06,Other,xnguyen@example.org,+84-00-783474,DEP005,Luật,2023-12-07,Suspended,
STU000949,Nam Phạm,2006-12-30,Male,jane33@example.net,(01)366-1474,DEP009,Công nghệ sinh học,2020-03-24,Active,
STU000950,Lan Phạm,2002-05-05,Female,jane37@example.org,(08) 6723 8052,DEP007,Kỹ thuật điện,2021-02-23,Dropped Out,2022-10-23
STU000951,Hạnh Hoàng,2001-01-09,Male,wduong@example.net,(02) 0368 8231,DEP006,Ngoại ngữ,2025-02-15,Active,
STU000952,Hưng Bùi,2005-05-13,Other,jane63@example.com,04 4653 1865,DEP008,Kỹ thuật xây dựng,2019-11-01,Active,
STU000953,Tùng Đức Lê,1999-10-21,Male,john34@example.com,+84-50-332 9897,DEP007,Kỹ thuật điện,2023-03-18,Active,
STU000954,Cô Bảo Vũ,2000-10-18,Other,ndang@example.org,(06) 8059 3769,DEP010,Du lịch - Khách sạn,2025-08-06,Suspended,
STU000955,Bác Huy Phạm,2002-07-02,Other,apham@example.org,+84-95-695620,DEP008,Kỹ thuật xây dựng,2023-08-05,Dropped Out,2025-09-24
STU000956,Minh Lê,25/01/2002,Female,hpham@example.org,+84-58-996445,DEP005,Luật,2020-04-20,Active,
STU000957,Hà Nguyễn,2007-12-25,Other,john67@example.net,+84 29 8715296,DEP002,Tài chính - Kế toán,2020-01-10,Active,
STU000958,Hoàng Vũ,2000-04-25,Female,john06@example.net,04 7528 7054,DEP012,Khoa học dữ liệu,2024-06-07,Active,
STU000959,Quý cô Lan Vũ,12/04/2004,Other,jane55@example.net,+84-05-542 8356,DEP004,Kinh tế,2024-02-03,Active,
STU000960,Duyên Đặng,2004-02-20,Female,john85@example.org,+84-93-728088,DEP012,Khoa học dữ liệu,2019-10-03,Graduated,
STU000961,Lâm Bùi,2006-05-16,Female,jane04@example.org,+84 46 8630659,DEP006,Ngoại ngữ,2023-01-19,Active,
STU000962,Anh Quang Nguyễn,1998-12-08,Female,yle@example.org,+84-68-832 8597,DEP005,Luật,2020-10-25,Active,
STU000963,Nhiên Nguyễn,2006-09-22,Male,kdang@example.com,04 0737 2324,DEP002,Tài chính - Kế toán,2023-10-11,Active,
STU000964,Quý cô Hạnh Phạm,2002-03-27,Other,ele@example.net,+84 19 8097636,DEP009,Công nghệ sinh học,2021-06-06,Active,
STU000965,Anh Thị Lê,1999-06-11,Male,john65@example.com,04 0438 1091,DEP001,Công nghệ thông tin,2019-09-14,Active,
STU000966,Quang Lê,2007-05-26,Male,john33@example.net,02 1817586,DEP001,Công nghệ thông tin,2022-12-10,Active,
STU000967,BẢO MAI BẢO LÊ,2001-06-25,Female,zhoang@example.org,(04)469-3336,DEP012,Khoa học dữ liệu,2019-08-14,Graduated,
STU000968,Bà Hạnh Hoàng,1998-11-21,Male,john67@example.org,00 7193859,DEP002,Tài chính - Kế toán,2023-02-26,Graduated,
STU000969,Dương Phạm,2006-12-06,Female,john89@example.net,09 4460 1402,DEP006,Ngoại ngữ,2022-04-15,Active,
STU000970,Kim Vũ,1999-12-17,Female,opham@example.com,(09) 9954 7819,DEP009,Công nghệ sinh học,2020-01-06,Graduated,
STU000971,Kim Đặng,2003-05-24,Male,jpham@example.net,03 0189319,DEP006,Ngoại ngữ,2022-05-31,Graduated,
STU000972,Quý ông Tú Dương,1998-03-27,Other,ytran@example.com,+84-56-504 0835,DEP002,Tài chính - Kế toán,2025-03-25,Active,
STU000973,Quang Nguyễn,2007-10-03,Female,john49@example.com,+84-84-562162,DEP002,Tài chính - Kế toán,2022-01-20,Active,
STU000974,Cô Hải Nguyễn,1999-12-23,Female,john03@example.org,+84-49-576 9333,DEP004,Kinh tế,2025-06-16,Active,
STU000975,Quý cô Vi Nguyễn,2000-11-02,Male,john24@example.net,01 8686 2097,DEP010,Du lịch - Khách sạn,2024-01-11,Dropped Out,2024-06-27
STU000976,Ngọc Lê,2002-10-15,Female,rmai@example.com,(03)059-0220,DEP005,Luật,2024-11-28,Graduated,
STU000977,Trọng Hữu Bùi,2004-12-19,Other,john55@example.net,+84-28-764343,DEP006,Ngoại ngữ,2022-09-29,Dropped Out,15/04/2023
STU000978,Cô Lâm Bùi,2005-09-30,Female,jane02@example.com,+84-71-160 0818,DEP002,Tài chính - Kế toán,2022-07-04,Suspended,
STU000979,Chị Dương Phạm,1998-03-08,Male,jane93@example.org,(02)386-4527,DEP004,Kinh tế,2019-11-08,Suspended,
STU000980,Chị Thảo Vũ,2003-09-11,Male,john29@example.org,(05)153-7521,DEP012,Khoa học dữ liệu,2021-06-29,Graduated,
STU000981,An Dương,2000-01-17,Other,john97@example.net,+84-59-079171,DEP012,Khoa học dữ liệu,2021-12-12,Graduated,
STU000982,Hoàng Đặng,2001-06-02,Female,fbui@example.com,(08)059-6836,DEP006,Ngoại ngữ,20/07/2023,Active,
STU000983,Nam Phạm,1999-03-06,Other,npham@example.com,(04)010-4196,DEP002,Tài chính - Kế toán,2021-10-27,Graduated,
STU000984,Kim Lê,2006-08-03,Female,udang@example.net,+84-83-514720,DEP009,Công nghệ sinh học,2022-08-01,Active,
STU000985,QUÝ CÔ VÂN BÙI,2007-08-27,Other,john80@example.org,00 4145 4130,DEP005,Luật,2025-03-11,Active,
STU000986,Huy Thị Dương,2000-02-08,Male,znguyen@example.com,+84-47-363 0160,DEP010,Du lịch - Khách sạn,2020-06-18,Active,
STU000987,Vân Dương,2005-10-27,Other,john56@example.net,+84 52 4556352,DEP008,Kỹ thuật xây dựng,2021-01-07,Active,
STU000988,Quý cô Hải Dương,1999-07-03,Female,jane59@example.com,+84-22-517 0043,DEP012,Khoa học dữ liệu,2021-06-28,Active,
STU000989,QUÝ ÔNG HƯNG NGUYỄN,2004-06-23,Male,jane19@example.net,06 9790 3794,DEP010,Du lịch - Khách sạn,2024-05-03,Active,
STU000990,Quý cô Dương Trần,2001-03-13,Other,znguyen@example.net,+84-05-858 6340,DEP010,,2025-07-04,Active,
STU000991,Bác Thành Nguyễn,1999-02-12,Other,jane68@example.org,04 4880618,DEP012,Khoa học dữ liệu,2021-06-16,Active,
STU000992,Quang Văn Phạm,2007-04-01,Female,john82@example.org,06 7527 2699,DEP004,Kinh tế,2024-12-10,Active,
STU000993,Hà Mai Bảo Mai,2006-06-15,Other,vbui@example.net,+84-72-927153,DEP008,Kỹ thuật xây dựng,2021-08-02,Dropped Out,2022-10-15
STU000994,Cô Vân Mai,2002-06-13,Female,john36@example.org,+84-44-918 7217,DEP005,Luật,2024-12-16,Suspended,
STU000995,Bảo Vũ,2002-04-30,Female,whoang@example.com,09 6581 2222,DEP005,Luật,2025-07-18,Active,
STU000996,Vi Trần,2002-11-07,Other,rtran@example.net,+84 79 2691326,DEP002,Tài chính - Kế toán,2025-07-21,Active,
STU000997,Quý cô Nhật Lê,1998-02-22,Other,yhoang@example.org,+84-14-997360,DEP002,Tài chính - Kế toán,2024-02-19,Active,
STU000998,Trung Vũ,1998-11-25,Other,jane76@example.net,(01) 5488 2127,DEP012,Khoa học dữ liệu,2023-07-27,Active,
STU000999,Bà Nhật Vũ,2004-11-20,Other,jane79@example.org,+84-96-682614,DEP005,Luật,2023-10-29,Active,
STU001000,Vi Bùi,1999-12-01,Other,omai@example.org,+84-57-297 8708,DEP009,Công nghệ sinh học,2022-06-22,Active,
STU001001,Minh Quang Vũ,2002-04-20,Female,jane99@example.org,+84-43-812336,DEP009,Công nghệ sinh học,2020-10-18,Graduated,
STU001002,Vân Trần,2007-12-30,Male,pdang@example.net,(06) 8069 8361,DEP010,Du lịch - Khách sạn,2021-08-29,Active,
STU001003,Quý ông Huy Mai,2004-07-27,Female,cbui@example.org,(09)985-0473,DEP005,Luật,2025-03-24,Active,
STU001004,Cô Hải Dương,2006-11-27,Male,ipham@example.net,+84 67 9142820,DEP008,Kỹ thuật xây dựng,2023-09-28,Dropped Out,2025-10-10
STU001005,Lâm Hoàng,2004-06-02,Male,john99@example.net,+84 41 2501272,DEP011,,2025-02-02,Suspended,
STU001006,Ngọc Vũ,1999-11-22,Other,john27@example.org,+84 49 6247093,DEP004,Kinh tế,2025-05-17,Graduated,
STU001007,Huy Văn Phạm,16/05/2000,Other,btran@example.org,+84-69-956 0142,DEP006,Ngoại ngữ,2022-05-21,Suspended,
STU001008,BÀ AN VŨ,2000-12-13,Other,yvu@example.net,+84-30-227 8956,DEP012,Khoa học dữ liệu,2023-09-15,Active,
STU001009,Hạnh Hoàng,2004-02-24,Male,john47@example.com,(05) 8595 3875,DEP012,Khoa học dữ liệu,2025-01-15,Active,
STU001010,Nhật Xuân Đặng,2001-01-10,Male,john78@example.com,+84-92-871 2838,DEP006,Ngoại ngữ,2025-04-22,Suspended,
STU001011,Anh Quang Lê,2006-05-18,Male,phoang@example.com,+84-34-360225,DEP004,Kinh tế,2025-07-24,Suspended,
STU001012,Khoa Đặng,2005-01-25,Male,evu@example.org,02 7091362,DEP001,Công nghệ thông tin,2022-04-02,Dropped Out,12/07/2022
STU001013,Quý ông Trọng Trần,1999-07-03,Female,cpham@example.net,+84-09-400 7349,DEP010,Du lịch - Khách sạn,2023-11-11,Graduated,
STU001014,Hà Dương,2006-09-05,Male,john45@example.com,(09)920-5647,DEP010,Du lịch - Khách sạn,2024-11-10,Active,
STU001015,Chi Lê,2002-05-07,Female,rhoang@example.org,(00)091-4013,DEP002,Tài chính - Kế toán,2025-04-30,Graduated,
STU001016,HÀ NGUYỄN,2007-07-22,Other,jduong@example.org,09 2267 7920,DEP009,Công nghệ sinh học,2023-12-26,Active,
STU001017,Hạnh Bùi,2006-04-29,Other,bhoang@example.net,+84 23 6811575,DEP008,Kỹ thuật xây dựng,2021-07-05,Suspended,
STU001018,Hà Mai,2004-12-07,Male,emai@example.net,03 0947495,DEP001,Công nghệ thông tin,2024-02-17,Active,
STU001019,Yến Phạm,2004-11-23,Female,jane35@example.net,+84 39 9643435,DEP001,Công nghệ thông tin,2023-03-06,Dropped Out,07/07/2023
STU001020,kim hoàng,2006-05-22,Female,jane48@example.com,(03) 6492 8108,DEP004,Kinh tế,2021-01-07,Active,
STU001021,Phương Đức Nguyễn,17/08/1998,Female,john22@example.com,(03)641-0908,DEP007,Kỹ thuật điện,2022-08-10,Graduated,
STU001022,Chị Hải Mai,2007-02-12,Male,john50@example.org,+84 74 5366188,DEP006,Ngoại ngữ,2024-04-07,Graduated,
STU001023,Vũ Hoàng,1998-10-29,Other,qbui@example.com,+84 39 3763711,DEP008,Kỹ thuật xây dựng,2022-01-28,Dropped Out,2024-07-16
STU001024,Nam Vũ,2002-02-17,Male,jane81@example.net,+84 24 2283703,DEP009,Công nghệ sinh học,2020-04-20,Active,
STU001025,Vân Nguyễn,2003-09-14,Female,ttran@example.org,05 1356 1875,DEP001,Công nghệ thông tin,2019-08-22,Active,
STU001026,Ngọc Hoàng,2003-09-22,Male,john15@example.org,(05)570-0253,DEP006,Ngoại ngữ,2023-09-19,Active,
STU001027,Quý cô Bảo Phạm,1998-08-14,Other,vduong@example.net,+84-95-075820,DEP011,Truyền thông,2022-05-12,Active,
STU001028,Thành Phú Phạm,2006-01-05,Other,john71@example.com,+84-62-842 8335,DEP011,Truyền thông,2019-09-03,Dropped Out,2020-05-12
STU001029,Lâm Hoàng Vũ,2004-08-14,Male,jane54@example.com,00 0875110,DEP001,Công nghệ thông tin,2024-05-24,Active,
STU001030,Quý ông Nam Bùi,2004-02-24,Other,john12@example.net,+84 38 9824661,DEP010,Du lịch - Khách sạn,26/02/2024,Graduated,
STU001031,Quý ông Khoa Phạm,2002-04-29,Male,john95@example.net,(01)977-3839,DEP001,Công nghệ thông tin,2022-01-28,Suspended,
STU001032,Chị Hồng Mai,2000-11-03,Male,jane84@example.net,(03) 9331 2308,DEP002,,2023-04-11,Suspended,
STU001033,Bảo Xuân Lê,2001-09-22,Female,jane77@example.org,(05) 7137 8704,DEP007,Kỹ thuật điện,2021-04-19,Active,
STU001034,Linh Dương,2005-04-27,Female,jane98@example.org,00 5755938,DEP009,Công nghệ sinh học,2024-11-19,Active,
STU001035,Bác Quang Đặng,2003-12-23,Male,zle@example.org,+84-25-977589,DEP003,Quản trị kinh doanh,2025-03-12,Graduated,
STU001036,Tú Đặng,2002-02-03,Male,john86@example.net,04 2763878,DEP006,Ngoại ngữ,2022-01-23,Active,
STU001037,Bà Bảo Dương,2004-06-20,Other,jane57@example.org,09 9434 1672,DEP005,Luật,2022-08-25,Dropped Out,2024-09-13
STU001038,Thảo Đặng,2003-01-23,Other,john45@example.org,00 8240414,DEP012,Khoa học dữ liệu,2021-03-02,Suspended,
STU001039,Bảo Phạm,2004-12-12,Male,gle@example.com,+84-55-946673,DEP010,Du lịch - Khách sạn,2024-06-15,Active,
STU001040,Chị Hương Nguyễn,2004-10-13,Male,john93@example.net,08 7802292,DEP007,Kỹ thuật điện,2024-08-21,Active,
STU001041,Bà Ngọc Đặng,2001-11-26,Other,wmai@example.org,(09) 6180 4801,DEP005,Luật,2024-07-12,Dropped Out,19/01/2025
STU001042,An Mai Bảo Phạm,2002-09-02,Male,mdang@example.net,07 2584 5605,DEP004,Kinh tế,2019-10-22,Active,
STU001043,Quang Bảo Bùi,2001-04-20,Female,jane56@example.net,(05) 4627 4218,DEP009,Công nghệ sinh học,2024-10-19,Graduated,
STU001044,Quý cô Khoa Đặng,2001-12-03,Female,john98@example.com,05 5292 1585,DEP006,Ngoại ngữ,2023-07-02,Active,
STU001045,Bà Hải Lê,2000-04-23,Other,jane36@example.com,(08) 3713 8325,DEP005,Luật,07/02/2023,Active,
STU001046,Hạnh Quang Mai,2003-10-18,Female,shoang@example.org,+84 72 4805236,DEP009,Công nghệ sinh học,2023-06-12,Active,
STU001047,Chị Xuân Dương,2005-12-21,Other,opham@example.org,(05) 8250 0246,DEP010,Du lịch - Khách sạn,2021-03-03,Active,
STU001048,Bảo Đức Nguyễn,27/11/2002,Other,rvu@example.org,(00) 2328 4603,DEP010,Du lịch - Khách sạn,2021-10-25,Active,
STU001049,Lan Trần,2004-11-29,Male,ntran@example.com,(07)558-4391,DEP004,Kinh tế,2020-06-07,Graduated,
STU001050,Hải Thị Đặng,2001-01-28,Female,jane03@example.com,(01) 4186 0984,DEP004,Kinh tế,2022-03-17,Suspended,
STU001051,Quang Thị Hoàng,1999-07-28,Male,jane40@example.net,+84 40 2556682,DEP011,Truyền thông,2023-01-19,Active,
STU001052,Hạnh Thị Dương,1998-04-28,Other,yhoang@example.com,05 9866814,DEP004,Kinh tế,2023-12-10,Graduated,
STU001053,Hưng Bùi,2003-08-09,Other,zhoang@example.com,+84 86 5211543,DEP009,Công nghệ sinh học,2025-05-17,Active,
STU001054,Thành Hoàng Đặng,2007-09-13,Female,rhoang@example.net,+84-05-213 2521,DEP010,,2023-08-06,Active,
STU001055,Cô Lan Hoàng,1999-09-05,Female,jane88@example.net,+84 41 8742389,DEP012,Khoa học dữ liệu,2024-06-16,Active,
STU001056,Quý cô Khoa Nguyễn,2006-04-23,Other,john40@example.com,06 3241438,DEP009,Công nghệ sinh học,2021-01-26,Active,
STU001057,Phương Văn Vũ,2001-03-16,Female,jane22@example.net,+84-88-841 5312,DEP012,Khoa học dữ liệu,2024-11-26,Active,
STU001058,Quý cô Xuân Phạm,2002-10-12,Female,qtran@example.com,(00) 6980 9392,DEP003,Quản trị kinh doanh,2020-06-07,Active,
STU001059,Cô Vân Dương,2006-02-15,Female,john35@example.org,+84-29-511 9831,DEP009,Công nghệ sinh học,2024-02-10,Active,
STU001060,Ông Thành Phạm,1999-01-19,Other,jane92@example.com,00 0812529,DEP003,Quản trị kinh doanh,2021-10-11,Graduated,
STU001061,Quý cô Khoa Lê,2005-09-13,Female,jane71@example.com,+84-90-809 0338,DEP011,Truyền thông,2024-07-22,Active,
STU001062,Quang Hải Lê,2005-09-19,Female,gdang@example.com,06 9567 1578,DEP009,Công nghệ sinh học,2024-06-27,Active,
STU001063,Quý cô Thành Hoàng,1998-10-25,Other,bduong@example.org,(06) 4060 5738,DEP006,Ngoại ngữ,2023-02-21,Active,
STU001064,Hưng Mai,2007-11-30,Male,ttran@example.net,01 8981 6408,DEP003,Quản trị kinh doanh,2023-07-16,Dropped Out,18/10/2024
STU001065,Phương Hoàng,2007-07-15,Male,qmai@example.net,+84-11-159529,DEP009,Công nghệ sinh học,2019-09-30,Active,
STU001066,Kim Trần,2001-07-19,Male,wduong@example.org,+84-13-193 1498,DEP007,Kỹ thuật điện,2025-02-01,Active,
STU001067,Phúc Đặng,2004-08-22,Female,gle@example.org,+84-46-006668,DEP001,Công nghệ thông tin,2022-12-31,Active,
STU001068,Hà Bảo Đặng,2001-08-27,Other,itran@example.net,(00) 2848 6988,DEP008,Kỹ thuật xây dựng,2021-03-17,Dropped Out,2021-08-05
STU001069,Hoàng Mai,1999-06-17,Other,bbui@example.net,+84 53 3577808,DEP001,Công nghệ thông tin,2024-05-04,Dropped Out,2025-08-01
STU001070,Chị Dương Mai,2001-02-01,Male,jane15@example.net,+84-71-101639,DEP008,Kỹ thuật xây dựng,2021-03-18,Active,
STU001071,Thành Bảo Lê,2000-01-05,Female,dduong@example.net,+84-17-780 0370,DEP011,Truyền thông,2021-03-24,Active,
STU001072,Mai Mai,2004-11-06,Female,yle@example.net,(04)407-1738,DEP005,Luật,2020-12-11,Graduated,
STU001073,Bà Bảo Hoàng,30/01/2003,Other,john39@example.net,(04)634-5037,DEP007,Kỹ thuật điện,2023-11-06,Active,
STU001074,Châu Thị Phạm,2000-07-11,Female,nhoang@example.net,+84-06-487 6369,DEP009,Công nghệ sinh học,2024-03-01,Graduated,
STU001075,Bảo Tấn Dương,2003-09-27,Female,tpham@example.net,+84-94-470 3942,DEP007,Kỹ thuật điện,2024-06-25,Graduated,
STU001076,Lâm Hoàng,2001-02-15,Male,bduong@example.com,+84-75-321134,DEP008,Kỹ thuật xây dựng,15/12/2019,Active,
STU001077,Ông Trung Mai,2002-03-28,Female,john08@example.com,+84 79 1258301,DEP011,Truyền thông,2021-08-29,Active,
STU001078,Quý cô Nhật Phạm,11/12/2006,Male,jane91@example.net,06 5179183,DEP004,Kinh tế,2020-01-29,Active,
STU001079,Cô Kim Đặng,2000-07-22,Male,lle@example.com,+84 98 8692886,DEP002,Tài chính - Kế toán,2023-01-24,Graduated,
STU001080,Ngọc Đặng,2004-08-30,Male,john01@example.org,00 0411 4410,DEP011,Truyền thông,2021-01-19,Active,
STU001081,Hà Đức Bùi,2007-11-03,Male,jduong@example.com,00 9252138,DEP012,Khoa học dữ liệu,2023-10-09,Active,
STU001082,Bà Thảo Trần,2007-12-31,Female,john27@example.com,03 5672038,DEP012,Khoa học dữ liệu,2022-02-15,Active,
STU001083,Hà Đặng,2006-12-29,Male,wvu@example.com,(05) 6468 1105,DEP008,Kỹ thuật xây dựng,2025-02-27,Suspended,
STU001084,Minh Nguyễn,2006-11-11,Male,mvu@example.net,+84-34-488 1239,DEP005,Luật,2023-12-27,Active,
STU001085,Nhật Bảo Trần,1999-05-30,Female,john37@example.com,+84-50-009 5754,DEP005,Luật,2022-02-20,Active,
STU001086,An Mai Vũ,2007-12-16,Other,jane64@example.org,06 6707307,DEP004,Kinh tế,2020-10-29,Active,
STU001087,Chi Lê,2006-05-21,Other,zdang@example.net,+84-63-883920,DEP004,Kinh tế,2020-09-19,Active,
STU001088,Khoa Hải Vũ,2006-03-22,Female,cnguyen@example.com,(03) 4950 2792,DEP012,,2021-06-28,Active,
STU001089,Minh Hải Đặng,2001-08-05,Other,mhoang@example.net,+84-25-854 9713,DEP008,Kỹ thuật xây dựng,2021-01-17,Active,
STU001090,Bà Nhật Vũ,1999-01-17,Female,jane83@example.org,(08)509-2732,DEP011,Truyền thông,2021-04-05,Graduated,
STU001091,Thảo Mai,2005-08-05,Female,yvu@example.org,(01)966-8825,DEP010,Du lịch - Khách sạn,17/11/2021,Dropped Out,2022-09-08
STU001092,Quý cô Nhật Mai,1998-02-16,Other,ghoang@example.org,+84 36 9278014,DEP008,Kỹ thuật xây dựng,2025-06-12,Active,
STU001093,Quý ông Minh Mai,2003-10-11,Female,mbui@example.org,+84-48-689 1376,DEP009,Công nghệ sinh học,2025-07-15,Active,
STU001094,Thành Dương,2003-03-23,Female,john51@example.net,+84-55-457579,DEP010,Du lịch - Khách sạn,2023-07-18,Suspended,
STU001095,Chị Thảo Bùi,2006-06-10,Male,jane39@example.com,+84-76-323 9170,DEP005,Luật,2020-07-30,Graduated,
STU001096,Hưng Thế Đặng,2003-03-25,Other,ovu@example.org,(03)171-2738,DEP009,Công nghệ sinh học,2025-07-25,Active,
STU001097,Chị Nhật Trần,2001-08-27,Other,fduong@example.com,+84-46-041359,DEP011,Truyền thông,2021-11-28,Suspended,
STU001098,Kim Vũ,2007-04-11,Male,mdang@example.com,06 4485 2692,DEP011,Truyền thông,2020-03-13,Active,
STU001099,Hà Đặng,2005-05-22,Other,fdang@example.org,+84-44-652 0581,DEP007,Kỹ thuật điện,2025-01-29,Active,
STU001100,Vi Bùi,2002-06-25,Female,jane50@example.org,03 5364 6593,DEP006,Ngoại ngữ,2020-06-03,Dropped Out,2022-09-22
STU001101,Bà Khoa Dương,2000-07-02,Female,sduong@example.org,06 3850710,DEP002,Tài chính - Kế toán,2025-03-29,Active,
STU001102,Nhiên Lê,2005-01-19,Other,ftran@example.org,08 4063 7189,DEP001,Công nghệ thông tin,2021-03-09,Active,
STU001103,Cô Vi Mai,2005-11-20,Male,john61@example.com,04 7760019,DEP006,Ngoại ngữ,2021-10-24,Active,
STU001104,Cô Vi Phạm,2005-05-16,Other,bnguyen@example.org,05 6393346,DEP005,Luật,2021-12-02,Active,
STU001105,Anh Hoàng Phạm,2000-04-07,Female,john52@example.com,(03)674-5958,DEP009,Công nghệ sinh học,2021-05-22,Active,
STU001106,Quý cô Lan Hoàng,2000-01-01,Male,jane57@example.net,(09) 3415 7843,DEP012,Khoa học dữ liệu,2023-10-04,Active,
STU001107,Chị Hải Lê,2002-02-16,Female,john37@example.net,+84-89-239 3972,DEP007,Kỹ thuật điện,2024-05-29,Active,
STU001108,Bác Quang Vũ,2003-01-26,Male,wpham@example.com,(07) 7015 7781,DEP005,Luật,2022-03-01,Active,
STU001109,Quý ông Hưng Vũ,2007-04-10,Other,jane77@example.net,+84-13-115 8536,DEP009,Công nghệ sinh học,2021-05-13,Active,
STU001110,Hải Mai Bảo Nguyễn,2000-06-10,Other,pnguyen@example.org,+84-58-271582,DEP004,Kinh tế,2020-08-01,Suspended,
STU001111,Hạnh Đặng,2004-03-27,Female,jane38@example.org,+84-33-599736,DEP004,Kinh tế,2021-03-16,Dropped Out,2023-05-23
STU001112,Duyên Dương,1999-07-27,Male,john55@example.com,(09) 3684 6230,DEP012,Khoa học dữ liệu,2025-01-28,Active,
STU001113,Lâm Phạm,2002-02-19,Female,jane94@example.net,(02)796-8149,DEP008,Kỹ thuật xây dựng,2022-02-07,Dropped Out,2023-01-25
STU001114,Minh Bảo Vũ,2004-10-29,Other,gtran@example.com,03 2627914,DEP008,Kỹ thuật xây dựng,2021-05-07,Active,
STU001115,An Nguyễn,2003-08-15,Other,jane30@example.org,(02) 4823 8967,DEP009,Công nghệ sinh học,2022-08-29,Active,
STU001116,Khoa Thị Dương,2004-11-22,Male,john85@example.net,+84-15-501 0371,DEP003,Quản trị kinh doanh,2024-03-19,Suspended,
STU001117,Vân Mai,2006-10-14,Female,mduong@example.org,(09)216-4491,DEP004,Kinh tế,2021-04-17,Active,
STU001118,Quý ông Quang Đặng,08/07/2001,Other,john72@example.com,+84 82 7571015,DEP007,Kỹ thuật điện,2024-12-03,Active,
STU001119,Chị Hạnh Hoàng,1999-11-19,Female,john07@example.net,+84-15-537248,DEP003,Quản trị kinh doanh,2024-10-19,Active,
STU001120,An Hữu Đặng,2002-04-18,Other,john13@example.com,(09) 3083 5857,DEP008,Kỹ thuật xây dựng,2022-05-15,Active,
STU001121,Cô Duyên Trần,2001-11-04,Other,jane64@example.net,(05)892-0622,DEP001,Công nghệ thông tin,2019-12-19,Active,
STU001122,Nhật Đức Dương,2004-05-07,Female,jnguyen@example.net,+84-08-038 5510,DEP003,Quản trị kinh doanh,18/05/2025,Graduated,
STU001123,Bác Hưng Nguyễn,1998-04-11,Other,kdang@example.net,09 5935538,DEP006,Ngoại ngữ,2024-10-03,Active,
STU001124,Bảo Thị Dương,2006-05-25,Male,john09@example.net,03 3411 9092,DEP001,Công nghệ thông tin,2023-06-28,Active,
STU001125,Bác Vũ Đặng,2000-10-11,Male,abui@example.com,+84 69 2981928,DEP008,Kỹ thuật xây dựng,2023-01-16,Suspended,
STU001126,Quang Nguyễn,11/06/2003,Female,jane35@example.com,(03)006-2341,DEP007,Kỹ thuật điện,2019-12-07,Active,
STU001127,Bà Hồng Nguyễn,2002-08-22,Other,iduong@example.com,(06) 8896 8363,DEP003,Quản trị kinh doanh,2020-07-20,Active,
STU001128,Nhật Đức Phạm,1999-03-10,Other,zdang@example.com,+84 14 4688310,DEP005,Luật,2022-11-06,Active,
STU001129,Minh Hoàng Trần,2004-07-20,Other,tpham@example.org,(07) 4208 3633,DEP006,Ngoại ngữ,2025-06-01,Active,
STU001130,ÔNG CHÂU NGUYỄN,2001-05-24,Male,hmai@example.net,+84-33-472118,DEP005,Luật,2024-01-20,Active,
STU001131,  Nam Lê   ,2002-11-04,Male,rnguyen@example.com,(09) 6957 3000,DEP007,Kỹ thuật điện,2019-10-11,Dropped Out,2021-12-12
STU001132,An Mai,2003-12-13,Female,jane66@example.com,(06)339-4216,DEP010,Du lịch - Khách sạn,2024-12-24,Active,
STU001133,Vũ Mai Bảo Lê,2000-01-20,Male,jane94@example.org,04 0895686,DEP012,Khoa học dữ liệu,2023-12-08,Active,
STU001134,Cô Hương Đặng,2001-12-15,Female,khoang@example.com,02 8510 5440,DEP009,Công nghệ sinh học,2022-04-02,Active,
STU001135,Quý ông Trung Trần,21/11/2005,Other,john46@example.com,(08) 2541 4217,DEP002,Tài chính - Kế toán,2022-12-31,Graduated,
STU001136,Kim Bùi,1999-09-27,Other,bmai@example.org,06 3034 3560,DEP010,Du lịch - Khách sạn,2023-06-17,Active,
STU001137,Ánh Nguyễn,2005-11-23,Other,jane92@example.org,03 7409 4944,DEP005,Luật,2020-01-08,Active,
STU001138,Ông Thành Đặng,2000-12-08,Female,ile@example.net,(02) 9767 6110,DEP008,Kỹ thuật xây dựng,2022-12-18,Suspended,
STU001139,Lâm Bảo Nguyễn,2001-11-09,Female,yhoang@example.net,+84-01-031 4010,DEP003,Quản trị kinh doanh,2022-07-24,Graduated,
STU001140,THÀNH PHẠM,11/08/2007,Other,nbui@example.net,00 9087 1552,DEP001,Công nghệ thông tin,2023-12-02,Active,
STU001141,Bảo Lê,2002-01-11,Male,wle@example.com,04 1016920,DEP002,Tài chính - Kế toán,03/12/2023,Suspended,
STU001142,Bác Tú Trần,2006-07-15,Female,john01@example.com,00 5641997,DEP011,Truyền thông,2021-08-19,Active,
STU001143,Vi Mai,2003-11-06,Other,zbui@example.org,(06)859-1498,DEP008,Kỹ thuật xây dựng,2023-05-05,Active,
STU001144,Phương Phạm,2005-06-29,Other,john11@example.net,08 5983 5815,DEP007,Kỹ thuật điện,2020-09-12,Dropped Out,22/02/2022
STU001145,Bác Quang Mai,2003-03-24,Male,gdang@example.org,(05) 4779 0978,DEP009,Công nghệ sinh học,2023-05-14,Active,
STU001146,Thảo Đặng,1998-10-12,Other,lhoang@example.com,+84-70-404251,DEP009,Công nghệ sinh học,15/05/2025,Dropped Out,2026-09-15
STU001147,Thành Tấn Trần,1999-01-15,Female,wbui@example.org,+84-38-332 8191,DEP003,Quản trị kinh doanh,2020-11-06,Active,
STU001148,Ông Quang Phạm,2007-05-26,Male,jane61@example.com,+84 76 4703534,DEP007,Kỹ thuật điện,2023-02-12,Dropped Out,12/12/2024
STU001149,Bà Hải Nguyễn,2007-05-25,Male,dpham@example.net,04 0379850,DEP006,Ngoại ngữ,2024-06-21,Active,
STU001150,Nam Thế Trần,2001-03-04,Male,bmai@example.com,(03)779-2499,DEP004,Kinh tế,2024-01-23,Dropped Out,2025-06-29
STU001151,Nhật Lê,2001-10-05,Male,jane72@example.org,+84-81-030893,DEP006,Ngoại ngữ,2025-02-15,Active,
STU001152,An Tấn Bùi,2005-08-03,Other,jane65@example.net,+84-30-214687,DEP008,Kỹ thuật xây dựng,2021-07-04,Active,
STU001153,Thành Đức Trần,2004-11-08,Male,rpham@example.com,+84 12 8206523,DEP009,Công nghệ sinh học,2021-06-07,Graduated,
STU001154,Cô Hồng Nguyễn,2004-11-17,Female,znguyen@example.org,+84 14 3759657,DEP011,Truyền thông,2022-12-29,Active,
STU001155,An Mai Vũ,2006-02-15,Male,john91@example.com,(09)142-2130,DEP011,Truyền thông,2021-01-05,Graduated,
STU001156,Cô Hải Hoàng,2004-12-11,Female,john89@example.org,03 1080 9489,DEP005,Luật,2024-08-21,Suspended,
STU001157,Bà Mai Hoàng,2002-07-16,Female,hnguyen@example.com,+84-15-095003,DEP008,Kỹ thuật xây dựng,2023-05-30,Active,
STU001158,Bác Trung Mai,1999-04-12,Other,hhoang@example.com,09 0990494,DEP004,Kinh tế,2023-12-02,Graduated,
STU001159,Dũng Trí Nguyễn,1998-06-26,Other,inguyen@example.com,+84-98-413937,DEP002,Tài chính - Kế toán,2025-05-10,Active,
STU001160,Bà Nhật Bùi,2004-06-10,Female,anguyen@example.org,(03) 7093 9184,DEP006,Ngoại ngữ,2023-03-10,Active,
STU001161,Ánh Mai,2001-08-20,Male,jane87@example.com,(05) 2102 5321,DEP003,Quản trị kinh doanh,2023-09-17,Graduated,
STU001162,Khoa Phạm,2005-02-02,Other,zle@example.com,+84-69-237908,DEP002,Tài chính - Kế toán,2020-11-15,Active,
STU001163,Thành Văn Trần,2007-02-23,Female,jane80@example.com,00 9187704,DEP002,Tài chính - Kế toán,2025-09-13,Graduated,
STU001164,Bà Hà Lê,1998-07-17,Other,umai@example.com,+84 86 8567551,DEP003,Quản trị kinh doanh,2022-08-25,Graduated,
STU001165,  Yến Hoàng   ,2004-04-23,Other,jane20@example.org,08 9089 7373,DEP012,Khoa học dữ liệu,2019-09-28,Suspended,
STU001166,Hà Vũ,2003-06-08,Female,ypham@example.net,+84-96-224 6895,DEP004,Kinh tế,2019-12-13,Active,
STU001167,Chi Nguyễn,2000-08-30,Other,jane38@example.com,(04) 8474 7156,DEP005,Luật,2024-04-04,Active,
STU001168,Hạnh Đặng,2004-04-29,Other,john12@example.com,04 3807761,DEP005,Luật,2022-01-02,Active,
STU001169,Trung Mai Bảo Lê,1999-12-23,Other,mpham@example.org,+84 50 7548860,DEP003,Quản trị kinh doanh,2023-09-13,Active,
STU001170,Phúc Văn Vũ,1999-07-02,Male,jane35@example.org,06 2206086,DEP010,Du lịch - Khách sạn,2020-03-23,Active,
STU001171,Trung Hoàng Vũ,1999-07-27,Male,ile@example.org,+84-00-013522,DEP010,Du lịch - Khách sạn,25/06/2025,Dropped Out,2026-07-26
STU001172,An Lê,2006-06-30,Male,rvu@example.net,+84-53-256950,DEP006,Ngoại ngữ,2021-09-20,Active,
STU001173,Phương Lê,1998-01-27,Other,jane08@example.org,07 8160157,DEP005,Luật,2022-04-08,Active,
STU001174,Ông Trọng Mai,2006-08-30,Female,ytran@example.org,(05)408-2714,DEP001,Công nghệ thông tin,2023-02-21,Suspended,
STU001175,Dũng Bùi,2001-09-12,Other,jane70@example.net,04 9935556,DEP008,Kỹ thuật xây dựng,2021-04-19,Active,
STU001176,Thành Bùi,2004-06-06,Other,vbui@example.com,01 4409 4315,DEP005,Luật,2023-01-06,Active,
STU001177,Cô Chi Bùi,2000-01-30,Female,john68@example.com,+84-87-759129,DEP003,Quản trị kinh doanh,2025-04-01,Dropped Out,30/01/2027
STU001178,Bà Phương Nguyễn,1999-03-08,Female,cle@example.com,+84-59-168508,DEP008,Kỹ thuật xây dựng,2020-03-22,Dropped Out,2021-09-23
STU001179,Linh Lê,1998-02-06,Female,jane07@example.org,(08)891-3699,DEP006,Ngoại ngữ,2022-01-21,Dropped Out,2024-01-11
STU001180,Hạnh Đức Lê,2002-10-11,Other,john87@example.org,01 9430 5569,DEP009,Công nghệ sinh học,2019-10-30,Graduated,
STU001181,Châu Bùi,2001-04-27,Other,lhoang@example.net,09 3732784,DEP009,Công nghệ sinh học,2019-10-17,Active,
STU001182,Bảo Phạm,2007-11-27,Male,john60@example.com,(05)712-4670,DEP004,,2024-03-16,Active,
STU001183,Khoa Phạm,2001-08-03,Male,nmai@example.org,01 1562457,DEP010,Du lịch - Khách sạn,2024-06-18,Dropped Out,2025-08-03
STU001184,Anh Châu Lê,1999-05-28,Other,xpham@example.com,+84-32-300986,DEP004,Kinh tế,2022-09-17,Active,
STU001185,Ông Khoa Nguyễn,2004-02-10,Female,jane67@example.org,+84-50-161 4898,DEP001,Công nghệ thông tin,2025-01-31,Active,
STU001186,Bà Khoa Phạm,2003-10-01,Female,jane62@example.net,02 9963993,DEP010,Du lịch - Khách sạn,2022-10-31,Active,
STU001187,Cô Duyên Lê,2003-04-01,Male,dbui@example.com,08 8729 4754,DEP002,Tài chính - Kế toán,2021-11-21,Graduated,
STU001188,Quý ông Hưng Vũ,2005-11-20,Other,dduong@example.com,+84-01-281072,DEP005,Luật,2021-10-13,Active,
STU001189,Hưng Nguyễn,2005-11-14,Other,jane07@example.net,+84-66-366005,DEP006,Ngoại ngữ,2020-12-14,Active,
STU001190,Chị Lâm Trần,2000-06-11,Other,gbui@example.com,+84-14-243958,DEP003,Quản trị kinh doanh,2022-01-29,Active,
STU001191,An Trí Hoàng,2000-07-05,Other,imai@example.com,+84-84-333815,DEP010,Du lịch - Khách sạn,2023-03-24,Graduated,
STU001192,Cô Nhật Vũ,2002-02-05,Other,john49@example.net,+84-95-883699,DEP004,Kinh tế,2020-01-14,Active,
STU001193,Quý cô Hải Nguyễn,1999-12-18,Female,john04@example.net,+84-77-550344,DEP009,Công nghệ sinh học,2021-08-10,Active,
STU001194,Bà Mai Vũ,2007-09-16,Male,anguyen@example.net,00 8443360,DEP011,Truyền thông,2019-08-14,Active,
STU001195,Bà Vi Bùi,2007-07-28,Male,bnguyen@example.com,+84-88-197037,DEP009,Công nghệ sinh học,2022-09-24,Dropped Out,22/12/2024
STU001196,Lâm Văn Vũ,2000-10-07,Other,xnguyen@example.com,(00) 6903 0580,DEP004,Kinh tế,2021-07-17,Active,
STU001197,Quý cô Duyên Phạm,2003-01-23,Other,john26@example.org,+84-94-136 2239,DEP005,Luật,2021-12-08,Active,
STU001198,Cô Hạnh Nguyễn,2003-09-11,Other,lle@example.net,+84 61 3919206,DEP005,Luật,2022-02-20,Graduated,
STU001199,Nhiên Trần,1998-10-18,Other,ole@example.com,+84 28 5597984,DEP001,Công nghệ thông tin,2020-06-06,Dropped Out,2022-06-24
STU001200,Khoa Văn Mai,2004-10-14,Male,john17@example.com,+84 06 6325212,DEP004,Kinh tế,2022-07-03,Active,
STU001201,Bà Thành Lê,2003-01-01,Male,qle@example.org,05 1075319,DEP012,Khoa học dữ liệu,2021-08-05,Dropped Out,03/12/2022
STU001202,Cô Chi Dương,1999-07-26,Male,john19@example.net,(02) 8196 6394,DEP006,Ngoại ngữ,2021-01-02,Active,
STU001203,Bác Quang Dương,2006-07-01,Other,mduong@example.com,03 4815 6783,DEP012,Khoa học dữ liệu,2023-06-29,Active,
STU001204,Chị Ngọc Hoàng,2003-09-09,Male,john21@example.org,09 0895 1916,DEP006,Ngoại ngữ,2021-06-29,Active,
STU001205,Hồng Hoàng,1998-04-11,Other,john63@example.com,+84 05 8514445,DEP007,Kỹ thuật điện,2025-05-13,Active,
STU001206,Linh Hoàng,1999-12-15,Female,rdang@example.com,+84-81-195 8991,DEP001,Công nghệ thông tin,2024-04-09,Graduated,
STU001207,Chị Thảo Trần,1998-11-22,Female,john46@example.org,(02) 8562 1619,DEP008,Kỹ thuật xây dựng,2020-01-21,Active,
STU001208,Hạnh Trần,2005-04-01,Male,apham@example.net,+84-01-360 8612,DEP008,Kỹ thuật xây dựng,2024-10-06,Active,
STU001209,Phương Thị Bùi,1999-02-07,Male,ynguyen@example.org,(01) 9688 2742,DEP005,Luật,2025-02-25,Dropped Out,11/04/2027
STU001210,  Nhật Bùi   ,2001-06-05,Male,jane82@example.net,+84-39-661220,DEP004,Kinh tế,2022-03-27,Suspended,
STU001211,Thành Quang Trần,2003-02-25,Other,hhoang@example.net,(01) 6495 1212,DEP011,Truyền thông,2022-06-16,Active,
STU001212,Chị Vi Nguyễn,2003-02-04,Female,john34@example.org,02 6552778,DEP004,Kinh tế,2021-09-07,Active,
STU001213,Cô Yến Vũ,2004-01-26,Male,jane09@example.net,(05) 2235 1148,DEP001,Công nghệ thông tin,2021-11-19,Suspended,
STU001214,Châu Bùi,2005-02-25,Male,zdang@example.org,+84-85-756089,DEP005,Luật,2020-07-17,Active,
STU001215,Thành Thế Đặng,1999-03-20,Male,wdang@example.com,05 4892837,DEP001,Công nghệ thông tin,2019-10-02,Active,
STU001216,Châu Mai Bảo Trần,1999-01-19,Other,john75@example.org,+84-52-017 3800,DEP011,Truyền thông,2021-12-29,Active,
STU001217,Ngọc Bùi,2000-07-05,Other,jane75@example.net,+84-14-219925,DEP006,Ngoại ngữ,2023-12-10,Dropped Out,2025-11-20
STU001218,hưng nguyễn,2002-07-25,Other,qdang@example.org,(01)555-7153,DEP003,Quản trị kinh doanh,2020-04-25,Active,
STU001219,Hà Hải Dương,1998-04-04,Male,jane68@example.com,+84-02-382 0141,DEP001,Công nghệ thông tin,2022-09-09,Active,
STU001220,Nhật Hải Bùi,1999-12-11,Other,bvu@example.com,+84-40-738435,DEP012,Khoa học dữ liệu,2021-01-05,Active,
STU001221,Tùng Thị Bùi,2003-09-02,Other,ppham@example.net,09 0290 4446,DEP011,Truyền thông,2022-02-13,Graduated,
STU001222,Cô Lâm Đặng,2001-12-31,Other,oduong@example.net,+84-94-602 6452,DEP012,Khoa học dữ liệu,2019-09-29,Active,
STU001223,  Quý ông Hưng Trần   ,1998-02-06,Female,qvu@example.org,+84-93-254924,DEP009,Công nghệ sinh học,2023-04-10,Active,
STU001224,Bà Hương Mai,1999-02-07,Male,jane11@example.com,03 8368900,DEP009,Công nghệ sinh học,2020-01-15,Graduated,
STU001225,Phương Đức Vũ,1999-08-06,Other,john54@example.net,+84-05-447281,DEP007,Kỹ thuật điện,2023-11-13,Dropped Out,2024-10-24
STU001226,Dũng Dương,2006-11-18,Male,bhoang@example.org,01 5109 2037,DEP012,Khoa học dữ liệu,2024-01-08,Active,
STU001227,Quang Tấn Nguyễn,2004-03-16,Other,ydang@example.net,+84-45-677874,DEP005,Luật,2023-08-31,Graduated,
STU001228,Quang Trần,2001-12-17,Female,ahoang@example.org,08 0839975,DEP002,Tài chính - Kế toán,2022-02-23,Active,
STU001229,Quang Trần,1998-07-05,Other,john43@example.com,(03)702-9288,DEP006,Ngoại ngữ,2020-03-21,Dropped Out,2020-12-08
STU001230,Bảo Mai Dương,2005-07-02,Female,xdang@example.net,06 4144193,DEP007,Kỹ thuật điện,2020-09-04,Active,
STU001231,Hạnh Hoàng,2000-07-05,Female,oduong@example.com,+84-34-935235,DEP011,Truyền thông,2021-08-07,Dropped Out,2023-02-12
STU001232,Hoàng Thị Trần,1999-10-23,Other,tvu@example.com,+84-30-183 0644,DEP012,Khoa học dữ liệu,2022-11-29,Graduated,
STU001233,BẢO HOÀNG,2004-07-05,Female,gpham@example.org,(02) 0790 0434,DEP012,Khoa học dữ liệu,2025-03-15,Active,
STU001234,Cô Chi Bùi,2005-06-03,Male,john80@example.net,03 5264 8900,DEP007,Kỹ thuật điện,2024-06-20,Active,
STU001235,Nhật Nguyễn,1998-05-20,Female,jane00@example.org,(09)170-0788,DEP012,Khoa học dữ liệu,2023-06-16,Graduated,
STU001236,Quý cô Nhật Dương,1999-11-07,Male,mhoang@example.com,+84 53 3472970,DEP008,Kỹ thuật xây dựng,2023-07-27,Graduated,
STU001237,Chị Hồng Lê,2003-03-14,Other,rle@example.net,+84-62-196 0843,DEP007,Kỹ thuật điện,2024-11-08,Dropped Out,2026-02-12
STU001238,Anh Anh Đặng,2007-11-17,Other,dnguyen@example.com,(05)216-5328,DEP010,Du lịch - Khách sạn,2022-08-14,Graduated,
STU001239,An Hữu Hoàng,2000-07-10,Male,fvu@example.net,+84 38 8722692,DEP002,Tài chính - Kế toán,2024-02-14,Suspended,
STU001240,Cô Vân Nguyễn,2005-01-16,Female,etran@example.org,02 7350 5593,DEP001,Công nghệ thông tin,2023-12-03,Active,
STU001241,Dương Trần,2007-03-16,Other,jane08@example.net,01 9158 1968,DEP002,Tài chính - Kế toán,2022-11-18,Active,
STU001242,Cô Vân Hoàng,2000-04-12,Other,ule@example.com,00 7217 8624,DEP008,Kỹ thuật xây dựng,2022-09-17,Dropped Out,23/01/2023
STU001243,Vũ Đức Trần,2005-05-31,Male,jane24@example.com,06 6494597,DEP001,Công nghệ thông tin,2024-04-09,Active,
STU001244,Quý cô Duyên Trần,2001-06-06,Female,ybui@example.net,05 5258 5509,DEP003,Quản trị kinh doanh,2020-09-17,Active,
STU001245,Chị Lan Vũ,2001-11-12,Male,tle@example.com,+84-82-669035,DEP009,Công nghệ sinh học,2025-09-15,Graduated,
STU001246,Bảo Hữu Nguyễn,2004-11-16,Female,john43@example.net,(07)258-8979,DEP010,Du lịch - Khách sạn,2025-08-17,Active,
STU001247,Kim Hữu Hoàng,2004-11-24,Other,john19@example.org,06 6282 5604,DEP012,Khoa học dữ liệu,2023-12-16,Graduated,
STU001248,Hà Nguyễn,2007-12-24,Female,ypham@example.com,03 0204 3510,DEP001,Công nghệ thông tin,2025-08-13,Dropped Out,16/07/2026
STU001249,Nam Phú Bùi,2005-08-04,Male,ydang@example.com,+84 15 0649738,DEP006,Ngoại ngữ,2024-04-22,Active,
STU001250,Hạnh Hoàng Vũ,2006-04-21,Other,john04@example.org,+84 98 7386995,DEP002,Tài chính - Kế toán,2025-05-14,Active,
STU001251,nhật bùi,2006-02-04,Other,bmai@example.net,(08)239-2269,DEP007,Kỹ thuật điện,2021-03-08,Graduated,
STU001252,Quý cô Phương Dương,2004-01-19,Male,ztran@example.com,(02)433-7124,DEP004,Kinh tế,2023-02-05,Active,
STU001253,Chị Hà Dương,2001-12-17,Female,vnguyen@example.org,+84-13-757948,DEP002,Tài chính - Kế toán,2020-09-30,Dropped Out,2022-03-28
STU001254,Quý ông Anh Mai,2007-03-01,Male,edang@example.com,+84 76 7282162,DEP004,Kinh tế,2020-09-30,Active,
STU001255,Hạnh Tấn Phạm,2002-04-17,Male,john74@example.net,(09) 7402 2169,DEP010,Du lịch - Khách sạn,2021-07-29,Active,
STU001256,Bác Minh Vũ,2007-09-03,Male,ele@example.com,(03) 0148 0485,DEP002,Tài chính - Kế toán,2021-02-17,Active,
STU001257,An Dương,1998-09-25,Female,vvu@example.com,+84 29 3961127,DEP001,Công nghệ thông tin,2022-09-09,Active,
STU001258,minh hải trần,2000-05-25,Male,cbui@example.net,(02) 5140 7770,DEP009,Công nghệ sinh học,2024-06-23,Active,
STU001259,Anh Trung Mai,2003-01-05,Male,dpham@example.org,+84-00-271842,DEP003,Quản trị kinh doanh,2025-08-27,Active,
STU001260,Hải Văn Hoàng,2005-09-24,Other,ftran@example.com,(06)800-6811,DEP009,,10/02/2020,Dropped Out,2022-07-02
STU001261,Anh Hoàng Trần,2001-01-18,Female,john25@example.com,06 3406343,DEP004,Kinh tế,2021-09-03,Suspended,
STU001262,Anh Trọng Mai,2002-07-14,Male,john90@example.com,05 7029 7564,DEP008,Kỹ thuật xây dựng,2021-09-11,Dropped Out,08/02/2023
STU001263,Hải Hữu Phạm,2003-10-01,Other,rle@example.com,+84 81 3854577,DEP011,Truyền thông,2025-07-27,Active,
STU001264,Hương Hoàng,2003-02-11,Female,john80@example.com,+84-55-431 3950,DEP008,Kỹ thuật xây dựng,2022-07-29,Active,
STU001265,Bà Hải Mai,2004-02-05,Other,john70@example.com,03 9975001,DEP005,Luật,2024-01-26,Graduated,
STU001266,Nhật Hoàng Nguyễn,2002-12-28,Male,jane09@example.com,04 7916779,DEP006,Ngoại ngữ,2022-03-05,Graduated,
STU001267,Hoàng Vũ,2000-09-13,Female,john77@example.com,(04)354-3684,DEP011,Truyền thông,2024-02-28,Active,
STU001268,Minh Nguyễn,2002-08-24,Male,john38@example.net,+84-95-861035,DEP006,Ngoại ngữ,2020-10-05,Suspended,
STU001269,Vân Hoàng,2003-11-26,Male,jane09@example.org,+84 57 1515103,DEP012,Khoa học dữ liệu,2022-02-04,Graduated,
STU001270,Anh Khoa Bùi,2007-10-10,Other,john21@example.net,(00) 1097 1145,DEP002,Tài chính - Kế toán,2025-07-17,Active,
STU001271,Kim Hoàng,2007-12-14,Other,gnguyen@example.com,(04)810-2381,DEP006,Ngoại ngữ,2019-11-14,Graduated,
STU001272,Anh Hoàng Phạm,2003-01-26,Male,kbui@example.net,(09)452-2135,DEP008,Kỹ thuật xây dựng,23/01/2022,Graduated,
STU001273,Chị Ánh Lê,2000-11-17,Female,ktran@example.com,+84-78-548495,DEP012,Khoa học dữ liệu,2020-04-17,Graduated,
STU001274,Phương Nguyễn,2000-02-01,Male,ohoang@example.com,+84-24-273068,DEP005,Luật,2024-06-26,Active,
STU001275,Ông Bảo Dương,2004-09-24,Female,tdang@example.org,00 7147 1696,DEP001,Công nghệ thông tin,2020-11-18,Dropped Out,03/03/2021
STU001276,Bà Nhật Mai,2003-06-07,Male,jbui@example.net,(01)808-2042,DEP004,Kinh tế,2020-06-26,Dropped Out,29/03/2021
STU001277,Hạnh Hoàng,2006-03-15,Male,ehoang@example.net,05 5105562,DEP004,Kinh tế,2025-06-15,Graduated,
STU001278,Hưng Lê,2007-11-04,Other,jane61@example.org,02 4263 3024,DEP007,Kỹ thuật điện,2023-10-05,Active,
STU001279,Xuân Hoàng,2005-04-30,Male,gbui@example.org,(03) 0762 0491,DEP008,Kỹ thuật xây dựng,2022-07-26,Active,
STU001280,Hưng Đặng,1999-03-26,Other,ktran@example.net,+84-80-732 3997,DEP001,Công nghệ thông tin,2024-10-13,Graduated,
STU001281,Bác Khoa Trần,2006-04-19,Female,jane00@example.com,07 6939273,DEP005,Luật,2022-03-20,Active,
STU001282,Hồng Dương,2006-05-26,Other,jane72@example.com,+84-20-995865,DEP003,Quản trị kinh doanh,2019-12-31,Active,
STU001283,thảo trần,2006-05-16,Female,john38@example.com,+84 34 7148433,DEP010,Du lịch - Khách sạn,2024-08-29,Active,
STU001284,Huy Đặng,2006-03-29,Other,onguyen@example.com,(07)531-9857,DEP010,Du lịch - Khách sạn,2024-03-22,Active,
STU001285,Châu Hoàng,2004-11-15,Female,epham@example.org,+84 70 3322456,DEP010,Du lịch - Khách sạn,02/05/2025,Active,
STU001286,Bà Yến Nguyễn,1999-01-13,Other,sdang@example.net,+84-21-931 8629,DEP005,Luật,2021-06-16,Active,
STU001287,Lâm Bùi,1999-11-15,Female,john73@example.net,+84 69 5587705,DEP011,Truyền thông,2021-11-24,Active,
STU001288,Huy Phú Bùi,2001-06-14,Other,gnguyen@example.net,02 8657 6162,DEP003,Quản trị kinh doanh,2022-05-24,Active,
STU001289,Bà Dương Mai,2003-07-14,Female,john31@example.org,+84-04-515903,DEP006,Ngoại ngữ,2022-06-07,Active,
STU001290,Cô Hồng Dương,1998-09-26,Male,john81@example.com,+84-03-669 1231,DEP008,,2020-10-31,Graduated,
STU001291,Nhật Vũ,1999-12-29,Other,ovu@example.com,+84-91-670 3271,DEP009,Công nghệ sinh học,2020-01-17,Active,
STU001292,Cô Ngọc Dương,2005-05-19,Male,jane39@example.org,+84-12-171097,DEP006,Ngoại ngữ,03/11/2024,Active,
STU001293,Cô Hương Trần,2005-11-16,Female,jane23@example.net,+84 41 4229459,DEP006,Ngoại ngữ,2019-09-20,Suspended,
STU001294,Kim Hữu Dương,2006-09-04,Female,lhoang@example.org,07 2067153,DEP011,Truyền thông,2025-05-15,Active,
STU001295,Chị Hồng Lê,2000-09-02,Other,john58@example.org,+84-78-819565,DEP007,Kỹ thuật điện,2024-04-13,Graduated,
STU001296,Hạnh Lê,2002-10-26,Male,john02@example.net,09 6766 1237,DEP009,Công nghệ sinh học,2023-12-24,Graduated,
STU001297,Bác Huy Mai,2003-10-27,Other,jane81@example.com,08 8100 1399,DEP008,Kỹ thuật xây dựng,2020-10-12,Active,
STU001298,Chị Hạnh Vũ,2005-10-08,Female,jane89@example.net,(05) 9368 4348,DEP005,Luật,2020-08-29,Graduated,
STU001299,Quang Mai Đặng,2000-10-02,Other,hdang@example.org,+84-20-323 0691,DEP003,Quản trị kinh doanh,2020-10-04,Dropped Out,2021-03-05
STU001300,Tùng Hoàng Bùi,2004-02-27,Male,pmai@example.com,+84 28 4835769,DEP009,Công nghệ sinh học,2023-08-31,Dropped Out,2025-05-06
STU001301,Phúc Trí Đặng,2006-11-11,Other,kpham@example.org,02 0268 9319,DEP001,Công nghệ thông tin,2023-06-04,Suspended,
STU001302,Bác Bảo Đặng,2000-05-09,Female,hmai@example.com,08 3385669,DEP006,Ngoại ngữ,2023-10-02,Active,
STU001303,Tùng Thế Lê,2003-08-01,Male,jane55@example.com,+84 96 1880273,DEP001,Công nghệ thông tin,2023-12-21,Active,
STU001304,Mai Bùi,2005-05-21,Other,hbui@example.com,(00)712-1570,DEP003,Quản trị kinh doanh,2025-07-08,Graduated,
STU001305,Chị Khoa Phạm,2004-05-25,Other,spham@example.net,02 4713 4097,DEP002,Tài chính - Kế toán,2024-04-14,Active,
STU001306,Lâm Tấn Phạm,2005-08-14,Other,john91@example.net,+84-23-557 9522,DEP006,Ngoại ngữ,2023-01-18,Active,
STU001307,Ánh Lê,2005-12-12,Female,john01@example.net,(00)686-5988,DEP011,Truyền thông,2024-05-25,Active,
STU001308,Cô An Mai,2005-06-30,Male,xhoang@example.net,+84-04-461 4175,DEP012,Khoa học dữ liệu,2022-12-23,Active,
STU001309,Phương Trần,2002-10-01,Female,vdang@example.net,+84-22-824 4678,DEP002,Tài chính - Kế toán,2023-02-11,Suspended,
STU001310,Trung Lê,2006-09-10,Female,mnguyen@example.org,(07)807-4669,DEP006,Ngoại ngữ,2022-10-24,Graduated,
STU001311,Hà Đức Vũ,1998-10-25,Other,uhoang@example.com,04 0267 6013,DEP010,Du lịch - Khách sạn,2020-09-04,Dropped Out,2022-05-06
STU001312,Trung Mai Bảo Đặng,2006-04-27,Other,john25@example.org,03 2816 1158,DEP008,Kỹ thuật xây dựng,2023-07-11,Active,
STU001313,Bà Linh Bùi,2002-02-13,Male,john83@example.net,+84 06 3520107,DEP004,Kinh tế,2021-06-06,Active,
STU001314,Phương Trí Lê,2006-08-02,Female,jhoang@example.org,06 7010242,DEP005,Luật,2021-03-08,Active,
STU001315,Cô Duyên Vũ,2000-10-20,Female,cmai@example.org,+84 01 7897893,DEP010,Du lịch - Khách sạn,2024-08-10,Active,
STU001316,Hải Tấn Nguyễn,2006-01-23,Male,dhoang@example.com,05 9041387,DEP010,Du lịch - Khách sạn,2022-08-14,Suspended,
STU001317,Ông Nam Mai,2000-05-01,Other,bvu@example.net,+84-14-774 6628,DEP008,Kỹ thuật xây dựng,2023-08-22,Active,
STU001318,Vân Dương,2000-11-04,Other,knguyen@example.org,+84-28-564 1684,DEP011,Truyền thông,2023-01-01,Active,
STU001319,Vũ Đức Mai,2007-03-25,Male,jane23@example.org,03 2595 4856,DEP011,Truyền thông,2024-11-29,Dropped Out,2026-02-23
STU001320,Cô Hồng Trần,2000-10-11,Female,jane32@example.org,+84-72-706289,DEP005,Luật,2023-12-15,Active,
STU001321,Quang Vũ,2005-08-12,Female,jane03@example.net,+84-83-469815,DEP004,Kinh tế,2023-10-14,Graduated,
STU001322,Ngọc Lê,2001-05-29,Other,itran@example.com,02 1429 1111,DEP006,Ngoại ngữ,2023-10-28,Graduated,
STU001323,Vi Trần,1999-02-23,Female,ptran@example.com,+84-12-993609,DEP004,Kinh tế,2023-03-26,Active,
STU001324,Chị Hồng Nguyễn,1999-08-04,Male,zduong@example.net,+84-46-175 3930,DEP011,Truyền thông,2022-04-22,Active,
STU001325,Quý cô Khoa Bùi,1998-08-05,Male,smai@example.net,(00) 1438 1181,DEP006,Ngoại ngữ,2025-08-24,Active,
STU001326,Bác Tùng Nguyễn,2001-01-20,Female,jane43@example.net,05 3930 3858,DEP006,Ngoại ngữ,2020-12-04,Dropped Out,2022-05-19
STU001327,Anh Châu Nguyễn,1998-06-13,Male,npham@example.org,+84-34-185927,DEP009,Công nghệ sinh học,2020-07-13,Suspended,
STU001328,Trọng Đặng,2001-04-12,Male,nle@example.net,06 4514 5956,DEP012,Khoa học dữ liệu,2021-02-03,Active,
STU001329,Chị Dương Phạm,2002-08-14,Male,anguyen@example.com,04 1809653,DEP006,Ngoại ngữ,2020-02-24,Active,
STU001330,Phương Tấn Nguyễn,2004-04-30,Male,nmai@example.net,+84 80 7292378,DEP004,Kinh tế,2024-12-07,Active,
STU001331,Anh Huy Nguyễn,1999-10-06,Other,itran@example.org,(01) 1819 1316,DEP008,Kỹ thuật xây dựng,2020-02-09,Dropped Out,2021-03-13
STU001332,Hưng Lê,2007-09-03,Female,john53@example.net,(08)873-9192,DEP012,Khoa học dữ liệu,2023-10-27,Graduated,
STU001333,Vân Hoàng,2002-07-09,Male,jane70@example.org,+84-61-536 4410,DEP002,Tài chính - Kế toán,2024-02-03,Active,
STU001334,  Anh Anh Trần   ,1999-09-26,Male,jane86@example.org,+84-39-730566,DEP011,Truyền thông,2024-06-12,Active,
STU001335,Kim Đặng,2002-04-27,Male,shoang@example.net,(04)688-2513,DEP007,Kỹ thuật điện,2023-10-17,Active,
STU001336,Anh Nhiên Dương,2000-07-05,Other,jane17@example.net,00 7635 2863,DEP006,Ngoại ngữ,2019-12-21,Graduated,
STU001337,Vũ Trần,1999-12-24,Female,uduong@example.com,(04) 4981 2698,DEP009,Công nghệ sinh học,2019-08-23,Active,
STU001338,Dương Bùi,2007-12-10,Female,jvu@example.com,01 6297589,DEP003,Quản trị kinh doanh,2021-06-08,Graduated,
STU001339,Cô Khoa Đặng,04/09/2002,Female,idang@example.net,(08) 2202 5568,DEP003,Quản trị kinh doanh,2022-09-21,Active,
STU001340,Nhật Lê,1998-02-24,Female,omai@example.net,07 1684623,DEP005,Luật,2025-05-18,Active,
STU001341,Nhật Phạm,2002-06-29,Female,jane68@example.net,(09) 3391 5716,DEP010,Du lịch - Khách sạn,2024-07-17,Active,
STU001342,Cô Hương Đặng,1998-07-23,Other,fnguyen@example.org,(00) 3314 7761,DEP004,Kinh tế,2024-06-07,Active,
STU001343,Quý cô Thành Dương,2007-04-10,Male,bhoang@example.com,(06)823-0489,DEP012,,2023-11-24,Dropped Out,2025-12-02
STU001344,Bà Nhật Lê,1999-12-11,Other,hle@example.com,(08)139-6891,DEP006,Ngoại ngữ,2020-07-26,Active,
STU001345,Anh Trọng Lê,2003-10-25,Other,jane82@example.com,+84-24-656 2543,DEP010,Du lịch - Khách sạn,2023-12-04,Suspended,
STU001346,Trọng Hoàng Lê,2002-12-12,Male,hle@example.org,(07) 7981 9782,DEP011,Truyền thông,2020-04-06,Active,
STU001347,An Đặng,1998-09-21,Male,pvu@example.org,+84-99-582527,DEP007,Kỹ thuật điện,2025-04-13,Active,
STU001348,Hà Đặng,1998-12-03,Female,jane66@example.net,08 0134197,DEP009,Công nghệ sinh học,2021-10-21,Active,
STU001349,Nam Nguyễn,1998-08-20,Other,nvu@example.com,(09)029-6225,DEP009,Công nghệ sinh học,2021-06-27,Active,
STU001350,Cô Bảo Vũ,2004-04-03,Female,jane96@example.org,(05) 4343 8195,DEP005,Luật,2022-11-23,Graduated,
STU001351,Quang Trần,2000-04-08,Male,upham@example.net,03 6100374,DEP004,Kinh tế,2019-11-12,Suspended,
STU001352,Lâm Phú Vũ,2002-01-06,Female,john93@example.org,01 8694676,DEP006,Ngoại ngữ,2019-11-14,Dropped Out,2021-01-11
STU001353,Nhiên Dương,2001-06-03,Other,adang@example.com,04 9405 7708,DEP009,,2022-10-11,Suspended,
STU001354,Tùng Bảo Vũ,1999-10-10,Female,npham@example.net,01 6731917,DEP007,Kỹ thuật điện,2021-06-13,Graduated,
STU001355,Hà Hải Phạm,2005-05-04,Other,jane47@example.org,+84-24-105587,DEP004,Kinh tế,2022-10-03,Graduated,
STU001356,Trung Dương,2003-01-27,Male,xhoang@example.org,+84-46-156394,DEP009,Công nghệ sinh học,2021-01-23,Active,
STU001357,Hải Bảo Trần,1999-11-27,Male,kmai@example.net,09 8662767,DEP011,Truyền thông,2023-01-02,Active,
STU001358,Chị Khoa Đặng,2001-01-08,Male,ibui@example.org,+84-41-835 9236,DEP006,Ngoại ngữ,2023-04-20,Active,
STU001359,Duyên Hoàng,2003-09-12,Female,lduong@example.com,06 6345968,DEP003,Quản trị kinh doanh,2023-11-07,Active,
STU001360,Cô Hạnh Nguyễn,2005-06-23,Other,jhoang@example.net,+84 74 6394460,DEP003,,2020-06-16,Active,
STU001361,Quý cô Chi Dương,2005-09-07,Female,nbui@example.com,+84-02-050209,DEP005,Luật,2023-12-27,Graduated,
STU001362,Chị Kim Nguyễn,2006-06-26,Other,ubui@example.com,+84 02 6129572,DEP002,Tài chính - Kế toán,2022-01-09,Active,
STU001363,Hoàng Lê,2002-09-08,Other,abui@example.net,04 9334138,DEP011,Truyền thông,2025-01-12,Active,
STU001364,Khoa Bảo Phạm,1999-02-02,Other,jane76@example.org,+84 05 9343114,DEP011,Truyền thông,2025-01-19,Dropped Out,06/07/2025
STU001365,Nhật Nguyễn,2002-10-20,Male,ble@example.org,07 2264326,DEP008,Kỹ thuật xây dựng,2021-08-01,Suspended,
STU001366,Thảo Dương,2003-05-14,Female,btran@example.net,+84-85-297225,DEP006,Ngoại ngữ,2024-08-14,Active,
STU001367,Khoa Trí Trần,2007-06-03,Female,jane97@example.com,(00) 9258 1495,DEP002,Tài chính - Kế toán,2019-08-20,Active,
STU001368,Phương Trần,11/01/2005,Female,john20@example.net,05 3027381,DEP002,Tài chính - Kế toán,2024-04-04,Active,
STU001369,Quang Phạm,2007-09-24,Female,jane58@example.com,(08) 8480 4177,DEP004,Kinh tế,2024-11-09,Dropped Out,2025-12-24
STU001370,Nhật Lê,2004-05-10,Other,ktran@example.org,(08)252-4314,DEP005,Luật,2021-11-16,Dropped Out,22/09/2022
STU001371,Nhật Đặng,2002-12-01,Male,ldang@example.net,(01)343-4267,DEP006,Ngoại ngữ,2021-09-27,Active,
STU001372,Quang Quang Dương,2004-06-06,Female,john25@example.net,+84 29 6988194,DEP001,Công nghệ thông tin,2023-10-14,Graduated,
STU001373,Quang Thế Lê,2007-07-11,Other,jane04@example.net,+84 74 4383272,DEP007,Kỹ thuật điện,15/08/2020,Active,
STU001374,Cô Hương Hoàng,2007-08-02,Female,dnguyen@example.net,+84-47-338609,DEP002,Tài chính - Kế toán,2023-08-04,Graduated,
STU001375,Chị Hồng Lê,2003-02-08,Male,jane74@example.net,(04) 0600 4090,DEP003,Quản trị kinh doanh,2025-08-30,Active,
STU001376,Vân Mai,2007-10-14,Female,eduong@example.com,(00) 3061 9239,DEP002,Tài chính - Kế toán,2024-11-24,Active,
STU001377,Linh Bùi,2000-03-15,Other,dbui@example.net,+84 45 5648092,DEP003,Quản trị kinh doanh,2024-04-15,Dropped Out,26/04/2025
STU001378,Quý cô Ánh Đặng,2001-11-08,Other,fnguyen@example.com,(09)830-8537,DEP004,Kinh tế,2024-07-02,Active,
STU001379,Dương Nguyễn,2000-09-13,Other,qdang@example.com,+84-79-940396,DEP003,Quản trị kinh doanh,2022-11-17,Graduated,
STU001380,Huy Xuân Nguyễn,2000-11-10,Other,jane19@example.com,(03)275-0951,DEP006,Ngoại ngữ,2019-08-25,Active,
STU001381,Nhật Vũ,2003-07-26,Male,ihoang@example.com,05 2449 8514,DEP005,Luật,2022-10-29,Active,
STU001382,Nhật Văn Bùi,2000-09-24,Male,hdang@example.net,(05)115-1969,DEP011,Truyền thông,2024-01-04,Active,
STU001383,  Bác Minh Vũ   ,2004-07-26,Other,jane25@example.org,(04)094-6244,DEP011,Truyền thông,2023-07-08,Dropped Out,15/09/2025
STU001384,Khoa Bùi,2000-10-20,Male,pnguyen@example.com,00 0843982,DEP012,Khoa học dữ liệu,2020-01-27,Active,
STU001385,An Đặng,21/04/2000,Male,kduong@example.net,+84-51-065 6346,DEP011,Truyền thông,2025-07-02,Active,
STU001386,Trọng Hữu Mai,2001-05-08,Other,ymai@example.org,(03)247-7354,DEP004,Kinh tế,2020-12-27,Active,
STU001387,Nam Vũ,05/06/2005,Male,fle@example.org,+84-96-158 9160,DEP004,Kinh tế,2023-08-05,Active,
STU001388,Bà Bảo Phạm,21/01/1998,Female,ile@example.com,01 9023 8968,DEP012,Khoa học dữ liệu,2023-12-21,Dropped Out,2024-06-23
STU001389,Bà Ngọc Vũ,2004-07-09,Male,zpham@example.com,07 1491 0363,DEP011,Truyền thông,2025-01-30,Graduated,
STU001390,Nhiên Quang Nguyễn,2003-11-23,Female,smai@example.com,(05) 1183 1218,DEP006,Ngoại ngữ,2022-06-18,Active,
STU001391,  Phương Tấn Vũ   ,2004-07-09,Female,jane93@example.net,(00) 7383 2329,DEP005,Luật,2024-09-09,Active,
STU001392,Lâm Quang Vũ,2007-04-30,Female,fnguyen@example.net,(06) 4350 6528,DEP010,Du lịch - Khách sạn,2022-09-26,Dropped Out,2024-10-20
STU001393,Kim Thế Phạm,2006-08-08,Other,htran@example.org,(00)668-4938,DEP007,Kỹ thuật điện,2023-03-11,Active,
STU001394,chị hồng mai,2005-04-25,Male,jane29@example.org,08 0728 5667,DEP009,Công nghệ sinh học,2020-12-23,Active,
STU001395,Hương Nguyễn,12/10/2004,Male,jvu@example.org,+84-61-912958,DEP004,Kinh tế,2023-01-20,Active,
STU001396,Quang Phạm,2004-07-20,Male,john77@example.net,+84-25-091 0618,DEP003,Quản trị kinh doanh,2022-10-17,Active,
STU001397,Hà Lê,2006-11-30,Other,john32@example.net,08 5956 8682,DEP007,Kỹ thuật điện,2020-05-19,Active,
STU001398,Bà Ngọc Phạm,2005-10-19,Male,epham@example.com,+84-27-855605,DEP005,Luật,22/12/2021,Active,
STU001399,Bác Châu Phạm,1998-10-21,Male,xmai@example.net,(09)191-3448,DEP004,Kinh tế,2025-07-17,Active,
STU001400,Anh Thế Vũ,2006-10-30,Male,vpham@example.net,00 9362 0767,DEP005,Luật,2025-03-10,Active,
STU001401,Nhật Tấn Đặng,2005-02-27,Female,jane01@example.org,(02) 6549 4491,DEP002,Tài chính - Kế toán,2022-04-21,Graduated,
STU001402,Chị Hà Hoàng,2007-04-08,Male,khoang@example.net,+84-56-265812,DEP008,Kỹ thuật xây dựng,2022-03-05,Active,
STU001403,Quý ông Phúc Dương,2002-06-27,Female,john65@example.org,(02)271-2654,DEP012,Khoa học dữ liệu,2020-02-22,Graduated,
STU001404,Anh Quang Đặng,2007-01-16,Male,xtran@example.net,06 8554126,DEP006,Ngoại ngữ,2025-07-24,Graduated,
STU001405,Quang Hoàng,2003-10-25,Other,lbui@example.org,01 7426 6454,DEP006,Ngoại ngữ,18/12/2022,Active,
STU001406,Bà Hải Dương,2007-03-06,Male,inguyen@example.org,+84 37 0203823,DEP001,Công nghệ thông tin,2022-11-23,Active,
STU001407,Chị Hải Dương,2000-07-26,Female,kpham@example.com,(02)395-3891,DEP010,Du lịch - Khách sạn,2025-03-21,Active,
STU001408,Châu Nguyễn,2004-01-24,Female,yle@example.com,+84-40-851 2444,DEP008,Kỹ thuật xây dựng,2021-02-05,Active,
STU001409,Bảo Dương,1998-06-07,Female,stran@example.net,04 5169 0932,DEP006,Ngoại ngữ,2021-04-20,Active,
STU001410,Bảo Quang Hoàng,1999-05-01,Female,jane10@example.net,(00) 9804 4015,DEP005,Luật,2020-07-21,Active,
STU001411,Bà Duyên Dương,2003-11-28,Male,ptran@example.net,+84-76-978695,DEP004,Kinh tế,2022-12-31,Active,
STU001412,Trọng Xuân Trần,2005-05-14,Female,john10@example.com,(00) 3482 6910,DEP010,Du lịch - Khách sạn,10/08/2022,Active,
STU001413,Kim Hoàng Dương,2001-04-11,Male,xbui@example.org,(00)556-7446,DEP012,Khoa học dữ liệu,2025-05-16,Active,
STU001414,Bà Ánh Mai,2000-01-20,Female,jane95@example.net,(00)119-6815,DEP003,Quản trị kinh doanh,2023-10-25,Graduated,
STU001415,Nhật Đức Hoàng,2007-03-11,Other,cmai@example.net,+84-85-687 0343,DEP012,Khoa học dữ liệu,2024-11-29,Active,
STU001416,An Hoàng,2004-01-31,Female,john31@example.net,+84-52-142879,DEP004,Kinh tế,2022-12-02,Active,
STU001417,Nhật Mai Phạm,2006-06-26,Other,svu@example.com,+84-52-412721,DEP008,Kỹ thuật xây dựng,2023-02-04,Active,
STU001418,Hồng Mai,2005-08-04,Female,ebui@example.com,02 5426860,DEP007,Kỹ thuật điện,2022-08-11,Active,
STU001419,Khoa Lê,2000-04-09,Male,xle@example.net,(09)606-0003,DEP004,Kinh tế,2024-04-10,Suspended,
STU001420,Chị Bảo Phạm,2004-03-16,Other,lduong@example.org,04 0391 4841,DEP012,Khoa học dữ liệu,2023-09-05,Active,
STU001421,Cô Yến Hoàng,1999-07-26,Other,xdang@example.com,+84-40-088 9313,DEP002,Tài chính - Kế toán,2024-06-01,Active,
STU001422,Bà Hải Hoàng,2004-03-26,Male,xle@example.org,+84-87-528 8786,DEP009,Công nghệ sinh học,2021-11-13,Active,
STU001423,An Tấn Mai,1998-09-11,Female,john23@example.org,(09) 3165 1981,DEP011,Truyền thông,2022-01-03,Active,
STU001424,Hoàng Bảo Đặng,1998-05-04,Female,gvu@example.com,+84 13 2408073,DEP002,,2023-03-11,Active,
STU001425,Ông Anh Mai,1998-05-19,Other,iduong@example.org,+84-22-660019,DEP012,,2020-02-10,Suspended,
STU001426,Hạnh Lê,1998-07-17,Female,john57@example.com,(05) 5252 7317,DEP012,Khoa học dữ liệu,2019-09-04,Active,
STU001427,Bà Hương Lê,2006-11-06,Female,jnguyen@example.com,(08) 9025 6289,DEP007,Kỹ thuật điện,2024-03-22,Dropped Out,2025-12-23
STU001428,Hoàng Bảo Vũ,02/04/2005,Other,pduong@example.net,+84 10 6030674,DEP004,Kinh tế,2023-04-17,Active,
STU001429,Lâm Thế Nguyễn,2000-11-30,Other,vmai@example.org,+84-26-207276,DEP002,Tài chính - Kế toán,2022-10-14,Active,
STU001430,Vũ Mai,2001-12-25,Other,jane04@example.com,+84-51-278 6411,DEP010,Du lịch - Khách sạn,2023-09-15,Active,
STU001431,Cô Vân Phạm,2000-08-02,Female,john52@example.org,07 4301 3844,DEP006,Ngoại ngữ,2024-11-29,Active,
STU001432,Chị Linh Vũ,2005-05-06,Male,john73@example.com,+84-35-716 2897,DEP003,Quản trị kinh doanh,2022-08-10,Active,
STU001433,Minh Thị Bùi,2003-04-14,Male,lpham@example.org,+84-63-190 0546,DEP006,Ngoại ngữ,2021-09-20,Active,
STU001434,Cô Hương Mai,2004-06-04,Male,jane78@example.org,+84-86-037792,DEP005,Luật,2022-06-06,Active,
STU001435,Bảo Trí Phạm,2000-01-20,Female,mle@example.org,+84-97-371664,DEP010,Du lịch - Khách sạn,2023-08-22,Active,
STU001436,Nhật Hoàng,2003-12-30,Other,mmai@example.com,+84 87 8968568,DEP012,Khoa học dữ liệu,2022-09-03,Active,
STU001437,Chị Hà Phạm,2007-03-17,Female,jane14@example.net,(00) 1016 9167,DEP001,Công nghệ thông tin,2019-10-31,Active,
STU001438,Phúc Hoàng,2001-09-18,Male,idang@example.com,(03) 6174 4572,DEP002,Tài chính - Kế toán,2022-03-15,Active,
STU001439,Bà Thành Đặng,2001-01-11,Female,john93@example.com,+84-65-176 2351,DEP002,Tài chính - Kế toán,2022-02-03,Graduated,
STU001440,Bác Nam Nguyễn,2001-12-04,Other,jane44@example.org,01 5177 0124,DEP005,Luật,2021-11-29,Graduated,
STU001441,An Phú Dương,2001-10-15,Other,ebui@example.org,+84-21-959172,DEP009,Công nghệ sinh học,2021-09-23,Active,
STU001442,Ông Thành Lê,1999-08-17,Female,jmai@example.com,+84-37-629201,DEP001,Công nghệ thông tin,2023-06-12,Active,
STU001443,Cô Hải Bùi,2004-11-01,Male,udang@example.org,06 4080574,DEP004,Kinh tế,2025-09-02,Dropped Out,2027-08-18
STU001444,An Trí Bùi,2005-09-19,Other,kmai@example.com,08 5636623,DEP009,Công nghệ sinh học,2020-06-26,Graduated,
STU001445,An Phú Phạm,2000-07-09,Male,amai@example.net,+84 02 4946579,DEP001,Công nghệ thông tin,10/09/2022,Active,
STU001446,Quý ông Thành Đặng,2002-02-24,Male,gle@example.net,(04)181-2941,DEP009,Công nghệ sinh học,2020-08-04,Graduated,
STU001447,Bảo Hoàng,2003-04-07,Female,mle@example.net,07 0990659,DEP003,Quản trị kinh doanh,2022-01-10,Active,
STU001448,Lan Lê,2007-04-23,Female,gduong@example.com,(09)028-9204,DEP004,Kinh tế,2020-03-12,Suspended,
STU001449,Ông Nhiên Lê,2003-12-25,Other,jane64@example.com,(03) 6065 5011,DEP008,Kỹ thuật xây dựng,2025-09-13,Active,
STU001450,Trọng Thị Mai,2006-04-11,Other,epham@example.net,(04)317-0772,DEP003,Quản trị kinh doanh,13/02/2025,Active,
STU001451,Quý ông Anh Vũ,2000-03-10,Other,tbui@example.com,+84-59-657 9501,DEP002,Tài chính - Kế toán,2019-09-06,Dropped Out,18/01/2022
STU001452,Hồng Lê,2003-04-08,Male,tpham@example.com,04 6837 9143,DEP007,Kỹ thuật điện,2021-06-16,Active,
STU001453,Bà Mai Vũ,2007-12-09,Other,vduong@example.com,04 5798 9098,DEP010,Du lịch - Khách sạn,2023-03-09,Graduated,
STU001454,Tùng Bảo Phạm,2004-03-25,Other,tmai@example.com,+84-06-245008,DEP003,Quản trị kinh doanh,14/05/2023,Active,
STU001455,Bác Quang Dương,2006-03-25,Female,zpham@example.org,00 2975679,DEP001,Công nghệ thông tin,2021-11-16,Graduated,
STU001456,Quý cô Hồng Trần,2003-04-19,Female,ehoang@example.com,09 0830053,DEP010,Du lịch - Khách sạn,2020-04-15,Active,
STU001457,Nhiên Thị Mai,2003-10-18,Male,ppham@example.com,(00) 9158 6908,DEP001,Công nghệ thông tin,2022-11-08,Graduated,
STU001458,Xuân Dương,2001-11-10,Male,ymai@example.net,04 2932 2951,DEP005,Luật,2020-06-28,Graduated,
STU001459,Bảo Mai,2004-04-17,Female,pvu@example.com,(06) 0054 3147,DEP012,Khoa học dữ liệu,2022-04-24,Graduated,
STU001460,Chị Hương Nguyễn,1999-01-21,Other,cduong@example.org,05 1920 2406,DEP008,Kỹ thuật xây dựng,2020-02-29,Active,
STU001461,Duyên Đặng,2001-11-02,Male,unguyen@example.com,(02) 1462 6505,DEP004,Kinh tế,2024-10-26,Active,
STU001462,Bảo Thế Hoàng,2005-08-28,Male,ypham@example.org,+84-24-930 4993,DEP008,Kỹ thuật xây dựng,2025-09-11,Suspended,
STU001463,Cô Khoa Hoàng,2007-09-09,Female,dpham@example.com,01 6026 4781,DEP008,Kỹ thuật xây dựng,2020-11-14,Graduated,
STU001464,Tú Đức Phạm,2001-06-30,Other,jpham@example.org,(06) 4531 6524,DEP007,Kỹ thuật điện,2025-08-13,Active,
STU001465,Bảo Trần,1999-01-16,Other,lnguyen@example.com,+84 83 3896178,DEP012,Khoa học dữ liệu,20/11/2021,Active,
STU001466,Tùng Quang Hoàng,2007-07-20,Other,john16@example.net,+84-06-436223,DEP002,Tài chính - Kế toán,2023-01-28,Graduated,
STU001467,Cô Hồng Dương,2003-04-03,Male,eduong@example.org,05 6389 4049,DEP009,Công nghệ sinh học,2021-07-27,Active,
STU001468,Quý cô Yến Lê,2004-08-01,Male,phoang@example.org,(07)728-5889,DEP003,Quản trị kinh doanh,2024-03-16,Suspended,
STU001469,An Vũ,2004-12-28,Male,jane63@example.net,+84-47-211 9700,DEP001,Công nghệ thông tin,2024-11-23,Active,
STU001470,Quý cô Thảo Lê,2001-05-08,Female,utran@example.net,+84 27 8148661,DEP012,Khoa học dữ liệu,2024-06-25,Suspended,
STU001471,Quý cô Bảo Lê,2006-12-29,Other,ztran@example.net,09 1418448,DEP002,Tài chính - Kế toán,2022-07-18,Active,
STU001472,Phúc Mai,2007-12-22,Other,wmai@example.net,07 5315 9782,DEP004,,2023-03-29,Active,
STU001473,Quý ông Minh Dương,2005-04-23,Male,jane01@example.com,(00)196-5103,DEP003,Quản trị kinh doanh,2025-06-30,Graduated,
STU001474,kim thế đặng,2002-07-14,Male,bpham@example.com,(00)382-4122,DEP001,Công nghệ thông tin,2020-04-21,Dropped Out,2021-03-20
STU001475,Lâm Hoàng,2004-08-28,Male,ytran@example.net,+84-35-819715,DEP007,Kỹ thuật điện,2021-10-07,Active,
STU001476,Vũ Nguyễn,2003-07-11,Male,jane97@example.net,05 9273827,DEP005,Luật,2024-06-14,Active,
STU001477,Bà Phương Vũ,1998-01-03,Other,bdang@example.net,+84-57-314 0596,DEP007,Kỹ thuật điện,2025-08-27,Active,
STU001478,Chị An Hoàng,2007-01-19,Other,dtran@example.net,01 0324 6496,DEP009,Công nghệ sinh học,2023-01-22,Graduated,
STU001479,Nhật Bùi,2001-03-17,Other,adang@example.net,04 9698 7043,DEP004,Kinh tế,2022-11-20,Active,
STU001480,Chị Hồng Hoàng,2000-06-08,Other,zvu@example.org,(09) 6659 4051,DEP010,Du lịch - Khách sạn,2022-01-13,Graduated,
STU001481,Hồng Phạm,2002-07-31,Female,htran@example.com,04 7883 6779,DEP005,Luật,2022-04-06,Active,
STU001482,An Thế Bùi,2006-12-19,Other,gmai@example.net,+84 10 9841844,DEP007,Kỹ thuật điện,2021-10-14,Dropped Out,2022-02-27
STU001483,Anh Vũ Dương,2006-10-03,Female,fduong@example.net,+84-84-343153,DEP005,Luật,2022-03-03,Graduated,
STU001484,Bà Hương Hoàng,2007-09-28,Other,jane73@example.org,(06) 9613 3448,DEP003,Quản trị kinh doanh,23/06/2024,Dropped Out,2025-09-08
STU001485,Phúc Mai Bảo Nguyễn,2007-05-01,Male,tduong@example.com,(09) 6132 0487,DEP009,Công nghệ sinh học,2020-06-04,Dropped Out,2022-08-02
STU001486,Quý ông Anh Mai,1999-05-20,Female,ydang@example.org,+84-45-048 3355,DEP005,Luật,2021-06-27,Graduated,
STU001487,Nhật Hoàng Vũ,2000-08-31,Female,dtran@example.com,+84 33 7787451,DEP002,Tài chính - Kế toán,2022-01-26,Active,
STU001488,Bảo Phạm,2004-03-08,Female,qhoang@example.net,+84 95 6806122,DEP009,Công nghệ sinh học,2019-09-19,Suspended,
STU001489,Lâm Đặng,1999-11-20,Male,qdang@example.net,+84-76-187 9187,DEP007,Kỹ thuật điện,2020-01-26,Suspended,
STU001490,Nhật Lê,10/03/2003,Other,rtran@example.org,+84-36-708 1248,DEP007,Kỹ thuật điện,2021-05-13,Active,
STU001301,Phúc Trí Đặng,2006-11-11,Other,kpham@example.org,02 0268 9319,DEP001,Công nghệ thông tin,2023-06-04,Suspended,
STU001131,  Nam Lê   ,2002-11-04,Male,rnguyen@example.com,(09) 6957 3000,DEP007,Kỹ thuật điện,2019-10-11,Dropped Out,2021-12-12
STU001000,Vi Bùi,1999-12-01,Other,omai@example.org,+84-57-297 8708,DEP009,Công nghệ sinh học,2022-06-22,Active,
STU000990,Quý cô Dương Trần,2001-03-13,Other,znguyen@example.net,+84-05-858 6340,DEP010,,2025-07-04,Active,
STU000009,Bảo Tấn Nguyễn,1999-06-19,Male,avu@example.com,(07)236-8829,DEP005,Luật,2019-12-07,Active,
STU001088,Khoa Hải Vũ,2006-03-22,Female,cnguyen@example.com,(03) 4950 2792,DEP012,,2021-06-28,Active,
STU000409,Chị Vi Nguyễn,1999-11-22,Other,kbui@example.com,(06) 2352 0525,DEP008,Kỹ thuật xây dựng,2023-03-23,Suspended,
STU000139,Quý cô Hạnh Dương,17/06/2005,Male,jane53@example.org,(03) 8159 8888,DEP006,Ngoại ngữ,2019-08-13,Active,
STU001098,Kim Vũ,2007-04-11,Male,mdang@example.com,06 4485 2692,DEP011,Truyền thông,2020-03-13,Active,
STU000436,Châu Đặng,2007-04-25,Male,jane29@example.net,+84-92-384 8401,DEP004,Kinh tế,2022-09-08,Active,
