Payment_ID,Invoice_ID,Student_ID,Payment_Date,Payment_Method,Amount_Paid,Transaction_Reference,Payment_Status
PAY0000001,INV0001368,STU000388,2026-08-31,Cash,4030000,TXN-09060298WN,Successful
PAY0000002,INV0000775,STU001421,2028-10-12,Bank Transfer,14437000,TXN-45454055YA,Pending
PAY0000003,INV0001329,STU000340,2026-05-03,Bank Transfer,20183000,TXN-81300955RP,Successful
PAY0000004,INV0001793,STU001462,2026-09-30,Cash,11202000,TXN-10371832II,Successful
PAY0000005,INV0002280,STU000226,2023-04-04,Card,6885000,TXN-52597108FC,Successful
PAY0000006,INV0001938,STU000263,2021-06-27,Card,14752000,TXN-54984114BW,Successful
PAY0000007,INV0002761,STU001082,2026-09-01,Card,4144000,TXN-59086690WM,Successful
PAY0000008,INV0000264,STU001046,30/09/2023,Cash,26390000,TXN-03971124CG,Successful
PAY0000009,INV0000803,STU001257,2023-04-16,Card,19602000,TXN-04595972UI,Successful
PAY0000010,INV0002242,STU000544,20/04/2027,Cash,2964000,TXN-21921778EL,Successful
PAY0000011,INV0000691,STU001015,2029-10-17,Bank Transfer,6695000,TXN-58382097CC,Successful
PAY0000012,INV0000475,STU000742,2022-07-02,E-Wallet,5747000,TXN-66104786HJ,Successful
PAY0000013,INV0002730,STU000454,2023-07-01,Bank Transfer,11092000,TXN-05482251OK,Successful
PAY0000014,INV0002487,STU000967,2020-07-13,Bank Transfer,4741000,TXN-00928587UC,Successful
PAY0000015,INV0000273,STU001474,2022-07-10,Bank Transfer,26213000,TXN-77858401TY,Successful
PAY0000016,INV0002944,STU000246,2024-12-14,Bank Transfer,11763000,TXN-54043943MW,Successful
PAY0000017,INV0000261,STU000620,27/05/2024,E-Wallet,13788000,TXN-02795105MH,Successful
PAY0000018,INV0002067,STU000220,2023-01-28,Cash,17818000,TXN-97256181EW,Pending
PAY0000019,INV0002937,STU000320,2025-06-25,Bank Transfer,5150000,TXN-19073858KN,Successful
PAY0000020,INV0001714,STU000069,2025-04-27,Bank Transfer,5658000,TXN-75552649YO,Successful
PAY0000021,INV0002488,STU000444,2029-04-04,Card,4266000,TXN-70802976WZ,Successful
PAY0000022,INV0002387,STU000404,2027-12-11,E-Wallet,4780000,TXN-58026028GG,Successful
PAY0000023,INV0000660,STU001177,,Bank Transfer,17418000,TXN-56381858FG,Successful
PAY0000024,INV0000763,STU000325,2024-04-08,Card,24135000,TXN-85872478NB,Successful
PAY0000025,INV0002446,STU000156,2024-10-01,Card,21968000,TXN-87799883HS,Successful
PAY0000026,INV0001639,STU000495,2027-07-20,Bank Transfer,9721000,TXN-95825586TK,Successful
PAY0000027,INV0002051,STU000695,2027-02-04,Bank Transfer,25840000,TXN-89469705VN,Successful
PAY0000028,INV0001275,STU000712,2024-12-18,Bank Transfer,8161000,TXN-88658082ET,Successful
PAY0000029,INV0002426,STU000279,2028-03-11,E-Wallet,8153000,TXN-57898937PA,Failed
PAY0000030,INV0001689,STU001007,2023-09-27,Card,8244000,TXN-01470189BZ,Successful
PAY0000031,INV0002245,STU000267,2023-12-16,Cash,26211000,TXN-07849701QI,Successful
PAY0000032,INV0000716,STU000278,2021-10-05,E-Wallet,18319000,TXN-85606223DM,Successful
PAY0000033,INV0001921,STU000908,2026-10-16,Cash,15338000,TXN-60170894TD,Successful
PAY0000034,INV0000643,STU000680,2027-10-09,Card,9719000,TXN-53745426HU,Successful
PAY0000035,INV0000375,STU000945,2026-01-23,E-Wallet,20667000,TXN-11809352XR,Successful
PAY0000036,INV0002849,STU001323,2023-08-27,E-Wallet,20562000,TXN-50971397TE,Failed
PAY0000037,INV0000243,STU000150,2029-11-07,Cash,22192000,TXN-41559198NK,Successful
PAY0000038,INV0000433,STU000551,2026-07-12,Cash,12080000,TXN-24287401WA,Successful
PAY0000039,INV0000571,STU000992,,E-Wallet,5371000,TXN-02646769JH,Successful
PAY0000040,INV0001110,STU000280,2029-01-20,Cash,4076000,TXN-91494914VS,Successful
PAY0000041,INV0000734,STU000065,2030-04-02,Bank Transfer,26333000,TXN-80215794JN,Successful
PAY0000042,INV0000734,STU000065,2030-05-10,Cash,26308000,TXN-85657466WG,Successful
PAY0000043,INV0002190,STU000105,2028-11-03,E-Wallet,15711000,TXN-08314703PZ,Successful
PAY0000044,INV0002100,STU000278,2022-10-30,Bank Transfer,12812000,TXN-94130599NW,Successful
PAY0000045,INV0000257,STU000557,2022-07-10,Cash,5763000,TXN-54324640ZV,Successful
PAY0000046,INV0001684,STU000719,2023-02-28,Card,9197000,TXN-43491017SA,Successful
PAY0000047,INV0000817,STU000440,2024-07-31,Bank Transfer,14023000,TXN-31448377VV,Successful
PAY0000048,INV0001945,STU000868,2025-10-14,Cash,7544000,TXN-38929729PX,Successful
PAY0000049,INV0002963,STU001372,2025-08-19,Cash,7006000,TXN-44871919ST,Successful
PAY0000050,INV0002128,STU001105,2023-02-02,Cash,10907000,TXN-87548703AG,Successful
PAY0000051,INV0002697,STU001041,2025-10-01,E-Wallet,14779000,TXN-44207358CW,Successful
PAY0000052,INV0001439,STU001293,,Cash,12157000,TXN-83619371ZP,Successful
PAY0000053,INV0002304,STU000651,2022-09-13,E-Wallet,7178000,TXN-81722773NF,Successful
PAY0000054,INV0000273,STU001474,2021-09-09,Card,18880000,TXN-93761245LM,Successful
PAY0000055,INV0001872,STU000113,2021-07-26,E-Wallet,24035000,TXN-74854213QB,Successful
PAY0000056,INV0000453,STU001086,2025-03-03,Card,4712000,TXN-14761726SN,Successful
PAY0000057,INV0001333,STU000644,2025-05-04,Bank Transfer,30915000,TXN-76956506FP,Successful
PAY0000058,INV0002277,STU000463,2027-10-07,E-Wallet,9543000,TXN-77406372HO,Successful
PAY0000059,INV0001570,STU000036,2021-08-23,Card,14890000,TXN-46464068BT,Successful
PAY0000060,INV0001427,STU000707,2025-10-25,Cash,5942000,TXN-31506072UZ,Successful
PAY0000061,INV0000657,STU000495,2027-07-14,Cash,12192000,TXN-99147287ND,Successful
PAY0000062,INV0001220,STU000906,2023-01-15,Cash,14173000,TXN-60074749RX,Successful
PAY0000063,INV0000377,STU000918,12/11/2027,Cash,7193000,TXN-43229003EH,Failed
PAY0000064,INV0002731,STU000134,2024-05-21,E-Wallet,9318000,TXN-69144092YN,Successful
PAY0000065,INV0000053,STU000851,2023-10-26,E-Wallet,12445000,TXN-90119812OX,Successful
PAY0000066,INV0002705,STU000734,2025-10-13,Card,3604000,TXN-57892961SY,Successful
PAY0000067,INV0001314,STU001235,2023-11-21,Bank Transfer,15454000,TXN-30536588XG,Successful
PAY0000068,INV0001861,STU000771,2024-08-08,Card,20749000,TXN-98521034HM,Successful
PAY0000069,INV0002367,STU000142,2026-03-03,Cash,13620000,TXN-49206705NL,Successful
PAY0000070,INV0002900,STU000605,2024-07-22,Bank Transfer,15001000,TXN-95254580VA,Successful
PAY0000071,INV0002792,STU001197,2026-10-06,Bank Transfer,5930000,TXN-69090890HE,Successful
PAY0000072,INV0001752,STU000414,2025-09-05,Bank Transfer,21985000,TXN-46915986NQ,Failed
PAY0000073,INV0002965,STU001447,2022-07-18,E-Wallet,18307000,TXN-28272513YS,Successful
PAY0000074,INV0001402,STU000035,2026-03-09,Card,13188000,TXN-46452116JW,Successful
PAY0000075,INV0000386,STU000229,2025-09-03,Card,9230000,TXN-68921557AA,Successful
PAY0000076,INV0000080,STU001404,2028-01-13,Bank Transfer,25911000,TXN-60671722RB,Successful
PAY0000077,INV0002892,STU001213,2025-10-15,Cash,17975000,TXN-62848170CI,Successful
PAY0000078,INV0002483,STU000238,2022-06-18,Card,27853000,TXN-33364774SU,Successful
PAY0000079,INV0000956,STU000355,2026-11-03,E-Wallet,4548000,TXN-54743504JC,Failed
PAY0000080,INV0000601,STU000608,2024-12-10,E-Wallet,18240000,TXN-57645453VL,Successful
PAY0000081,INV0001271,STU001297,2024-08-24,Bank Transfer,8029000,TXN-50286644MK,Successful
PAY0000082,INV0001364,STU000194,2026-06-26,Cash,9838000,TXN-85998466HC,Successful
PAY0000083,INV0000115,STU000400,2025-11-24,Cash,19294000,TXN-47736202AR,Successful
PAY0000084,INV0000943,STU000372,2028-11-05,Cash,7572000,TXN-55964363VN,Successful
PAY0000085,INV0002881,STU000232,2025-07-11,E-Wallet,32560000,TXN-20938045OY,Successful
PAY0000086,INV0000855,STU000206,2022-12-05,Cash,6223000,TXN-03283334UK,Successful
PAY0000087,INV0001789,STU000883,2026-05-10,E-Wallet,18725000,TXN-24594446KA,Successful
PAY0000088,INV0001853,STU001134,2025-12-01,E-Wallet,4586000,TXN-63797460NO,Failed
PAY0000089,INV0001230,STU000788,2026-05-18,Cash,22626000,TXN-22115066IC,Successful
PAY0000090,INV0000380,STU000077,2026-06-16,Card,4907000,TXN-63800784YV,Successful
PAY0000091,INV0000442,STU000139,2024-01-13,Bank Transfer,18405000,TXN-24331371SX,Successful
PAY0000092,INV0001619,STU000152,2024-06-16,Cash,11765000,TXN-81981455AM,Pending
PAY0000093,INV0000549,STU000047,2022-08-01,Cash,19510000,TXN-45021948LE,Successful
PAY0000094,INV0002783,STU001011,2025-12-12,Bank Transfer,15781000,TXN-60633420SV,Successful
PAY0000095,INV0001746,STU000514,2028-02-12,Bank Transfer,14373000,TXN-36350005UH,Successful
PAY0000096,INV0000330,STU000903,2027-02-16,E-Wallet,5606000,TXN-75757908MB,Successful
PAY0000097,INV0000430,STU001375,2027-06-22,Card,7481000,TXN-30159079VI,Successful
PAY0000098,INV0000380,STU000077,2026-07-06,Card,8016000,TXN-18281640SW,Pending
PAY0000099,INV0001372,STU000687,2024-01-01,Card,3112000,TXN-66052074FY,Successful
PAY0000100,INV0001428,STU000969,2025-09-09,Bank Transfer,4645000,TXN-66592713YV,Failed
PAY0000101,INV0001798,STU000499,2022-11-26,Card,30853000,TXN-25336901SD,Successful
PAY0000102,INV0000095,STU000060,2023-07-01,Bank Transfer,8001000,TXN-63875075QY,Successful
PAY0000103,INV0001918,STU000036,2022-12-14,Bank Transfer,6314000,TXN-88937023OW,Pending
PAY0000104,INV0001001,STU000498,2021-01-24,Card,12132000,TXN-11082579OX,Successful
PAY0000105,INV0002044,STU001204,2023-03-03,Bank Transfer,7312000,TXN-55261223EY,Successful
PAY0000106,INV0000379,STU001022,2029-02-24,Bank Transfer,25131000,TXN-78292934YC,Successful
PAY0000107,INV0000995,STU001425,2023-07-06,E-Wallet,6457000,TXN-05393045UQ,Failed
PAY0000108,INV0001957,STU001211,2025-02-05,Cash,7442000,TXN-87867592AQ,Successful
PAY0000109,INV0002460,STU001162,2021-01-11,Cash,5645000,TXN-38952868OY,Successful
PAY0000110,INV0002018,STU000143,2027-12-11,Card,8738000,TXN-93336516SB,Successful
PAY0000111,INV0002930,STU000437,2024-11-02,Bank Transfer,14665000,TXN-41177616RT,Successful
PAY0000112,INV0001664,STU000761,2022-01-27,Bank Transfer,23089000,TXN-54260477YN,Successful
PAY0000113,INV0001201,STU000548,10/10/2027,Card,8018000,TXN-40107122SK,Successful
PAY0000114,INV0001557,STU001050,2022-08-10,E-Wallet,7063000,TXN-01044574GO,Failed
PAY0000115,INV0002694,STU001350,2026-10-06,Bank Transfer,4399000,TXN-02174333OM,Successful
PAY0000116,INV0001194,STU001170,2022-08-03,E-Wallet,6216000,TXN-99728527DL,Successful
PAY0000117,INV0001329,STU000340,2025-12-02,Bank Transfer,11472000,TXN-09612540SW,Successful
PAY0000118,INV0002389,STU000340,2026-04-05,Card,8756000,TXN-68915118WW,Successful
PAY0000119,INV0002416,STU001029,2025-12-24,E-Wallet,28333000,TXN-33303763WD,Successful
PAY0000120,INV0000603,STU000056,2026-04-22,E-Wallet,6810000,TXN-16092853WF,Pending
PAY0000121,INV0000460,STU000747,2027-08-18,Bank Transfer,26458000,TXN-70305989LZ,Successful
PAY0000122,INV0001576,STU001117,2024-08-05,E-Wallet,13176000,TXN-01512755FD,Successful
PAY0000123,INV0002273,STU000855,2020-08-03,Card,3690000,TXN-35059576IY,Successful
PAY0000124,INV0001712,STU000095,2025-06-12,E-Wallet,8929000,TXN-61361060BE,Successful
PAY0000125,INV0001563,STU001206,2025-09-21,Card,23097000,TXN-99610252KA,Successful
PAY0000126,INV0001267,STU000387,2024-05-24,Bank Transfer,75029000,TXN-60164929EV,Successful
PAY0000127,INV0001313,STU000053,2024-06-24,Card,7351000,TXN-07215658JP,Successful
PAY0000128,INV0002735,STU000304,2027-01-16,Bank Transfer,19218000,TXN-85517138DJ,Successful
PAY0000129,INV0000194,STU000527,2022-05-25,Bank Transfer,18398000,TXN-54731930TU,Successful
PAY0000130,INV0001189,STU000766,2024-12-26,Card,28832000,TXN-14388998NT,Successful
PAY0000131,INV0001650,STU000045,2027-11-16,Bank Transfer,10084000,TXN-51328678YN,Successful
PAY0000132,INV0002493,STU000491,2024-03-18,Bank Transfer,13095000,TXN-86885243VF,Successful
PAY0000133,INV0000582,STU000742,2022-08-06,E-Wallet,19551000,TXN-61807817XU,Successful
PAY0000134,INV0000303,STU000618,2026-04-23,Cash,16770000,TXN-59376748PA,Successful
PAY0000135,INV0001217,STU000094,26/06/2025,E-Wallet,22727000,TXN-48452688FE,Failed
PAY0000136,INV0002040,STU000386,2021-09-23,E-Wallet,12259000,TXN-35048735LB,Successful
PAY0000137,INV0002247,STU001035,2026-10-20,E-Wallet,13662000,TXN-94020338NY,Failed
PAY0000138,INV0002598,STU000631,2021-05-30,Card,7430000,TXN-00424429RE,Successful
PAY0000139,INV0002554,STU000676,2022-06-26,Cash,4879000,TXN-64486685UQ,Successful
PAY0000140,INV0000087,STU000791,2027-03-16,Cash,4541000,TXN-48123817MB,Successful
PAY0000141,INV0001861,STU000771,2024-06-02,Card,16639000,TXN-47667433AT,Successful
PAY0000142,INV0000981,STU000602,2028-07-06,Cash,7630000,TXN-16365903HX,Successful
PAY0000143,INV0000396,STU001365,2026-04-04,Cash,57028000,TXN-76952366PN,Successful
PAY0000144,INV0002203,STU000448,2022-05-01,E-Wallet,17253000,TXN-51470201BU,Successful
PAY0000145,INV0000848,STU000249,2028-04-17,Bank Transfer,3509000,TXN-53416084UD,Successful
PAY0000146,INV0002838,STU000929,2024-04-30,Cash,9923000,TXN-16024236IU,Successful
PAY0000147,INV0000012,STU000976,2029-12-18,Cash,19042000,TXN-31476640EB,Successful
PAY0000148,INV0001654,STU000269,2026-06-19,Cash,5898000,TXN-37779425WD,Successful
PAY0000149,INV0001540,STU000704,07/08/2021,E-Wallet,4131000,TXN-99949956YO,Pending
PAY0000150,INV0001295,STU000697,2024-07-14,Bank Transfer,6486000,TXN-01508580AR,Successful
PAY0000151,INV0001772,STU000986,2022-09-10,Cash,7953000,TXN-57718203CL,Successful
PAY0000152,INV0000722,STU000735,2028-02-19,E-Wallet,15108000,TXN-17841788DD,Reversed
PAY0000153,INV0002290,STU000514,2026-06-25,Cash,19838000,TXN-97080046NH,Successful
PAY0000154,INV0000367,STU000433,2025-05-02,Cash,15801000,TXN-05670172YX,Failed
PAY0000155,INV0002256,STU000329,2029-05-27,E-Wallet,8364000,TXN-80573418BX,Successful
PAY0000156,INV0002832,STU000146,2025-01-10,Bank Transfer,7809000,TXN-76837059OB,Successful
PAY0000157,INV0001621,STU000652,2026-06-16,Bank Transfer,10412000,TXN-50953008CJ,Successful
PAY0000158,INV0001240,STU001143,2027-03-05,E-Wallet,5531000,TXN-98882809QS,Successful
PAY0000159,INV0002106,STU000512,2027-07-16,Cash,7544000,TXN-17823689FR,Successful
PAY0000160,INV0000374,STU000452,2023-04-18,E-Wallet,9309000,TXN-92816043XW,Pending
PAY0000161,INV0001130,STU000680,2024-01-06,Cash,16726000,TXN-61556455QM,Successful
PAY0000162,INV0000272,STU000043,2021-06-28,Bank Transfer,4516000,TXN-73366679FJ,Successful
PAY0000163,INV0002386,STU000962,2023-02-27,Bank Transfer,10867000,TXN-97584486WM,Successful
PAY0000164,INV0000057,STU000393,2027-03-15,Cash,8842000,TXN-95203957KR,Successful
PAY0000165,INV0002083,STU001016,2025-06-05,Bank Transfer,3415000,TXN-12258646AV,Successful
PAY0000166,INV0000076,STU000950,2023-06-18,Card,20833000,TXN-21430722KT,Failed
PAY0000167,INV0001314,STU001235,2023-10-02,Card,7364000,TXN-25957162AX,Successful
PAY0000168,INV0000167,STU000143,2025-11-20,Cash,2297000,TXN-81110165PS,Successful
PAY0000169,INV0000291,STU000440,2025-06-21,Bank Transfer,14597000,TXN-65797206HV,Failed
PAY0000170,INV0002202,STU001410,2023-04-14,Cash,25956000,TXN-12422637TO,Successful
PAY0000171,INV0000782,STU000990,2030-02-25,Cash,28896000,TXN-09834788VH,Successful
PAY0000172,INV0001266,STU000311,2024-03-19,E-Wallet,6140000,TXN-78545990BV,Pending
PAY0000173,INV0001453,STU001085,2026-07-31,E-Wallet,10838000,TXN-12992604HJ,Successful
PAY0000174,INV0002186,STU001168,2025-04-05,Card,9230000,TXN-26458861NU,Successful
PAY0000175,INV0002568,STU000110,2020-09-04,E-Wallet,24385000,TXN-53543337QA,Successful
PAY0000176,INV0002362,STU001377,27/01/2026,Bank Transfer,17857000,TXN-30478367XL,Successful
PAY0000177,INV0001366,STU001360,2023-08-07,Bank Transfer,5265000,TXN-66758197HT,Successful
PAY0000178,INV0001602,STU000053,2021-08-14,Cash,3556000,TXN-15088294WP,Successful
PAY0000179,INV0000026,STU000942,2021-01-01,Card,13176000,TXN-44053722EI,Successful
PAY0000180,INV0001260,STU000574,2023-08-07,Bank Transfer,5406000,TXN-64971846CJ,Successful
PAY0000181,INV0002492,STU001044,2025-10-23,Card,24461000,TXN-22308692GU,Successful
PAY0000182,INV0000757,STU000871,23/11/2028,Card,9742000,TXN-92838987LD,Successful
PAY0000183,INV0000271,STU000803,2023-12-12,Card,11600000,TXN-11713999JS,Successful
PAY0000184,INV0001962,STU001349,2024-03-20,E-Wallet,16926000,TXN-83454312OG,Successful
PAY0000185,INV0002831,STU000810,2022-09-09,Cash,11848000,TXN-12422453RL,Successful
PAY0000186,INV0002033,STU000451,2022-11-01,Cash,26086000,TXN-41668356IZ,Successful
PAY0000187,INV0001493,STU000878,2028-02-28,Card,2966000,TXN-30106014DS,Successful
PAY0000188,INV0002676,STU000754,28/03/2026,Bank Transfer,13853000,TXN-06471540RV,Failed
PAY0000189,INV0001271,STU001297,,E-Wallet,6474000,TXN-44513218LT,Pending
PAY0000190,INV0001677,STU000514,2030-01-18,Card,15046000,TXN-28748093RX,Failed
PAY0000191,INV0000819,STU000210,2020-07-03,Bank Transfer,5933000,TXN-46320298BA,Successful
PAY0000192,INV0000086,STU001063,2026-06-11,Cash,14237000,TXN-17065579DA,Successful
PAY0000193,INV0000015,STU000425,2021-04-12,E-Wallet,5805000,TXN-36809736HO,Successful
PAY0000194,INV0000769,STU001275,2023-07-31,Cash,16129000,TXN-63041133CS,Successful
PAY0000195,INV0000576,STU000028,2028-01-09,Card,20083000,TXN-50168593CX,Failed
PAY0000196,INV0000149,STU001182,22/04/2028,E-Wallet,12657000,TXN-26281748WJ,Successful
PAY0000197,INV0002056,STU000362,2028-02-21,E-Wallet,8780000,TXN-99119087KL,Successful
PAY0000198,INV0000785,STU000502,2025-05-19,E-Wallet,24560000,TXN-60745460VT,Successful
PAY0000199,INV0001651,STU001184,2026-06-04,Card,8735000,TXN-70179557JJ,Successful
PAY0000200,INV0000318,STU000343,2022-02-20,Card,27103000,TXN-84270488ID,Successful
PAY0000201,INV0001789,STU000883,2026-05-07,E-Wallet,23984000,TXN-40052423DL,Successful
PAY0000202,INV0001351,STU000908,2024-01-08,Card,15351000,TXN-42173521TJ,Successful
PAY0000203,INV0002033,STU000451,2022-10-29,E-Wallet,16539000,TXN-30397968FC,Successful
PAY0000204,INV0001488,STU001218,2024-12-22,E-Wallet,11033000,TXN-45192760TI,Successful
PAY0000205,INV0002135,STU000186,2027-12-13,Cash,16177000,TXN-39382238KU,Successful
PAY0000206,INV0000253,STU000330,2022-09-25,Bank Transfer,6835000,TXN-48208783BP,Successful
PAY0000207,INV0002182,STU000313,2021-04-06,Card,4303000,TXN-64474121IN,Successful
PAY0000208,INV0000617,STU000064,2025-12-28,Card,14938000,TXN-32943395RF,Successful
PAY0000209,INV0002013,STU000317,2021-06-23,Card,12131000,TXN-29994449HF,Successful
PAY0000210,INV0000641,STU001388,2026-07-03,E-Wallet,22424000,TXN-57592458RL,Successful
PAY0000211,INV0001653,STU000911,2029-09-14,Cash,7618000,TXN-69969401LC,Successful
PAY0000212,INV0002233,STU001351,2023-11-26,E-Wallet,21470000,TXN-42646986HY,Failed
PAY0000213,INV0001960,STU000702,2023-05-17,Cash,13734000,TXN-38281345OP,Reversed
PAY0000214,INV0002754,STU001099,2027-05-23,Bank Transfer,9710000,TXN-47669066PX,Successful
PAY0000215,INV0002073,STU000513,2024-08-08,Bank Transfer,12512000,TXN-64068589AN,Successful
PAY0000216,INV0002478,STU000914,2026-05-16,Bank Transfer,20350000,TXN-28976814VG,Successful
PAY0000217,INV0001786,STU000019,2027-09-04,Card,26643000,TXN-11526950IB,Successful
PAY0000218,INV0002902,STU000842,2022-03-14,Card,7859000,TXN-20945784EC,Successful
PAY0000219,INV0002511,STU000613,,Card,10946000,TXN-93509369OD,Successful
PAY0000220,INV0000770,STU000953,2026-06-09,Bank Transfer,8704000,TXN-21805382VD,Successful
PAY0000221,INV0001859,STU000126,2024-11-26,Bank Transfer,5735000,TXN-29048361DC,Pending
PAY0000222,INV0000010,STU000117,2025-07-06,E-Wallet,26598000,TXN-13540036HO,Successful
PAY0000223,INV0001690,STU001280,2025-12-15,Card,3348000,TXN-61538155UH,Successful
PAY0000224,INV0002009,STU000579,2022-05-04,Card,2756000,TXN-71228507ZB,Successful
PAY0000225,INV0002865,STU001410,2024-09-01,Cash,8816000,TXN-74049316HM,Successful
PAY0000226,INV0001387,STU000112,2024-07-11,Bank Transfer,4145000,TXN-54906609XA,Successful
PAY0000227,INV0000476,STU001054,2026-12-08,Cash,14624000,TXN-25998464XV,Pending
PAY0000228,INV0001507,STU000964,2026-01-21,Bank Transfer,13309000,TXN-00603630QS,Successful
PAY0000229,INV0001900,STU000542,2024-07-15,Card,20371000,TXN-94145470GF,Successful
PAY0000230,INV0001058,STU000904,2027-03-30,Card,4654000,TXN-78370358ZG,Successful
PAY0000231,INV0001401,STU000016,2022-06-14,Cash,19449000,TXN-61346739DU,Successful
PAY0000232,INV0001753,STU000618,2023-09-21,Card,5417000,TXN-64169987XT,Successful
PAY0000233,INV0001973,STU000977,2023-05-18,Bank Transfer,13205000,TXN-84909606FW,Successful
PAY0000234,INV0001728,STU001251,2022-03-31,Card,4214000,TXN-24809369HF,Successful
PAY0000235,INV0002682,STU000198,2023-03-19,Bank Transfer,9068000,TXN-53289133UU,Successful
PAY0000236,INV0000064,STU000260,2024-01-19,Cash,10190000,TXN-22218934DD,Successful
PAY0000237,INV0000510,STU000105,2027-10-15,E-Wallet,21340000,TXN-94883364VE,Successful
PAY0000238,INV0002615,STU000816,2022-02-20,Card,6311000,TXN-95982487VO,Successful
PAY0000239,INV0001013,STU001331,2022-12-01,Card,6305000,TXN-30028989KK,Successful
PAY0000240,INV0000376,STU000009,2024-03-08,E-Wallet,13830000,TXN-46247030GG,Successful
PAY0000241,INV0000154,STU001194,2023-03-24,Bank Transfer,5071000,TXN-34244997OT,Successful
PAY0000242,INV0002644,STU000945,2026-03-26,E-Wallet,22378000,TXN-67276947YI,Successful
PAY0000243,INV0000916,STU000579,2025-03-23,E-Wallet,10420000,TXN-31387907RO,Successful
PAY0000244,INV0001143,STU000514,2026-02-07,Bank Transfer,11503000,TXN-15132397WF,Successful
PAY0000245,INV0001819,STU000235,2024-08-10,Card,9830000,TXN-47155621ID,Successful
PAY0000246,INV0002921,STU000076,2022-06-15,Card,7330000,TXN-20547864YT,Pending
PAY0000247,INV0002292,STU000729,2023-05-12,Cash,5482000,TXN-58265024VC,Successful
PAY0000248,INV0002079,STU000835,2022-07-25,Card,24830000,TXN-83709982CS,Successful
PAY0000249,INV0000737,STU001095,2024-10-22,Bank Transfer,12440000,TXN-43638663ZB,Successful
PAY0000250,INV0000392,STU000516,2023-03-29,Bank Transfer,9542000,TXN-92083806BZ,Successful
PAY0000251,INV0000537,STU000306,2023-10-28,Card,15144000,TXN-00035306ED,Successful
PAY0000252,INV0002618,STU000885,2026-05-09,Cash,7950000,TXN-05975392TM,Successful
PAY0000253,INV0000667,STU000127,2025-10-19,Cash,12002000,TXN-18424507VK,Successful
PAY0000254,INV0002453,STU000162,2022-08-23,Bank Transfer,17182000,TXN-28612305VG,Successful
PAY0000255,INV0002744,STU000558,2027-02-11,Bank Transfer,30341000,TXN-80900207MZ,Successful
PAY0000256,INV0001173,STU001456,2024-12-17,Card,22447000,TXN-36213453JL,Reversed
PAY0000257,INV0000266,STU000428,2028-07-14,E-Wallet,9333000,TXN-31608700VL,Successful
PAY0000258,INV0001549,STU001111,2021-12-11,Cash,11087000,TXN-39646618UM,Successful
PAY0000259,INV0000334,STU000838,2021-10-16,E-Wallet,9931000,TXN-05161735FU,Successful
PAY0000260,INV0002887,STU000331,2023-05-30,Cash,33632000,TXN-15174285YS,Successful
PAY0000261,INV0000230,STU001012,2026-04-30,Card,24756000,TXN-18975861SK,Successful
PAY0000262,INV0002789,STU000885,2025-09-14,Card,5258000,TXN-34710486AI,Successful
PAY0000263,INV0002381,STU001142,2022-12-20,Card,7275000,TXN-23171160HC,Successful
PAY0000264,INV0001096,STU000805,2024-12-07,Bank Transfer,25677000,TXN-23069089XT,Successful
PAY0000265,INV0001006,STU000501,2025-10-01,Bank Transfer,25488000,TXN-43209737EF,Successful
PAY0000266,INV0001131,STU001244,2022-07-22,E-Wallet,7463000,TXN-66748608VA,Successful
PAY0000267,INV0001126,STU001082,2025-08-16,E-Wallet,7068000,TXN-63461464UG,Successful
PAY0000268,INV0000486,STU001420,2028-02-02,Card,11552000,TXN-07098855YX,Successful
PAY0000269,INV0002440,STU000211,2029-09-30,Cash,21494000,TXN-01355801WA,Successful
PAY0000270,INV0002808,STU000536,2023-01-17,Cash,6544000,TXN-88668635SP,Successful
PAY0000271,INV0002882,STU000393,2027-03-14,Card,6141000,TXN-25262923EM,Reversed
PAY0000272,INV0000781,STU000988,2022-05-18,Bank Transfer,8608000,TXN-42989350CK,Successful
PAY0000273,INV0000677,STU001076,28/07/2023,Cash,16623000,TXN-54890788SM,Successful
PAY0000274,INV0002705,STU000734,2025-07-22,Cash,8548000,TXN-38575005HY,Successful
PAY0000275,INV0000146,STU000840,2024-03-24,Card,7662000,TXN-35626431IM,Successful
PAY0000276,INV0000730,STU000931,2025-10-20,Card,14438000,TXN-53653145WP,Successful
PAY0000277,INV0001758,STU001263,2027-05-09,Card,12415000,TXN-09241517VC,Successful
PAY0000278,INV0001834,STU001377,2027-05-22,E-Wallet,13146000,TXN-65701536LP,Successful
PAY0000279,INV0001668,STU001463,2022-09-30,E-Wallet,8356000,TXN-42369549DX,Successful
PAY0000280,INV0000108,STU000632,2025-08-03,Card,16499000,TXN-01640191RF,Successful
PAY0000281,INV0002233,STU001351,2023-11-19,Cash,17390000,TXN-66704255RC,Pending
PAY0000282,INV0002437,STU000528,2023-12-31,Cash,19540000,TXN-17492078TX,Successful
PAY0000283,INV0001749,STU000068,2021-11-12,Cash,5526000,TXN-99882661RK,Successful
PAY0000284,INV0002106,STU000512,2027-06-22,Bank Transfer,7994000,TXN-03616759XA,Successful
PAY0000285,INV0001846,STU001438,2024-02-28,Cash,12846000,TXN-73925583XJ,Successful
PAY0000286,INV0002269,STU000574,2026-11-14,Cash,12532000,TXN-52297359TY,Successful
PAY0000287,INV0000283,STU001275,2022-10-06,Cash,14475000,TXN-25563290WT,Successful
PAY0000288,INV0002230,STU000549,2025-06-18,Card,12001000,TXN-79032383GG,Successful
PAY0000289,INV0002725,STU000041,2026-09-20,Bank Transfer,34147000,TXN-86289561VK,Successful
PAY0000290,INV0002515,STU000960,2022-11-05,Cash,13299000,TXN-24581668JI,Successful
PAY0000291,INV0001822,STU000298,2024-06-02,Bank Transfer,10016000,TXN-35065834RH,Successful
PAY0000292,INV0002064,STU001054,2027-05-07,Card,16815000,TXN-23258702PY,Successful
PAY0000293,INV0002458,STU000293,2027-05-31,Bank Transfer,3729000,TXN-08085848QG,Successful
PAY0000294,INV0002088,STU000129,2024-10-01,Card,9513000,TXN-16680819OX,Successful
PAY0000295,INV0000964,STU000220,2023-06-19,E-Wallet,12114000,TXN-39513390JS,Successful
PAY0000296,INV0000376,STU000009,2024-02-12,Bank Transfer,13550000,TXN-58251108CA,Successful
PAY0000297,INV0000636,STU000121,2025-01-28,Cash,9238000,TXN-30133016TG,Successful
PAY0000298,INV0000014,STU000081,2026-03-24,E-Wallet,20238000,TXN-97311665JH,Failed
PAY0000299,INV0001841,STU001059,2025-03-17,E-Wallet,7360000,TXN-06205722IE,Successful
PAY0000300,INV0002856,STU000734,2024-12-25,Bank Transfer,30618000,TXN-26852472UY,Successful
PAY0000301,INV0000017,STU000663,2025-03-25,E-Wallet,2753000,TXN-63715778NI,Successful
PAY0000302,INV0001619,STU000152,2024-07-22,E-Wallet,3828000,TXN-13332297AQ,Successful
PAY0000303,INV0001822,STU000298,,Bank Transfer,5619000,TXN-15058220DT,Failed
PAY0000304,INV0000707,STU001474,2020-08-18,Bank Transfer,11803000,TXN-44401195LI,Successful
PAY0000305,INV0001308,STU001288,2025-03-27,Card,22735000,TXN-53696796VO,Successful
PAY0000306,INV0000746,STU001141,2028-02-13,Bank Transfer,5035000,TXN-10847545IH,Successful
PAY0000307,INV0002524,STU001286,2022-03-15,Bank Transfer,11760000,TXN-84238750VL,Successful
PAY0000308,INV0002670,STU000199,2024-05-18,Card,11096000,TXN-96403754EZ,Successful
PAY0000309,INV0001089,STU000608,2025-12-30,Card,7842000,TXN-18177199XH,Failed
PAY0000310,INV0001871,STU000747,2026-10-17,Cash,3790000,TXN-70290576BF,Successful
PAY0000311,INV0001684,STU000719,2022-11-25,E-Wallet,9332000,TXN-46653166ED,Successful
PAY0000312,INV0002148,STU001183,2026-08-08,Cash,8413000,TXN-37420502EQ,Pending
PAY0000313,INV0001590,STU001004,2027-11-14,Bank Transfer,14739000,TXN-56151339QO,Successful
PAY0000314,INV0000405,STU000227,08/09/2026,Card,7633000,TXN-03484163CK,Successful
PAY0000315,INV0002126,STU000578,2027-02-14,Cash,11685000,TXN-09225905YR,Successful
PAY0000316,INV0000868,STU001134,2022-11-20,Cash,18689000,TXN-50085254FR,Successful
PAY0000317,INV0001807,STU000517,2023-07-08,E-Wallet,37975000,TXN-42778987UT,Successful
PAY0000318,INV0001344,STU000397,2027-06-13,Card,3499000,TXN-21866591IX,Successful
PAY0000319,INV0000307,STU000843,2026-11-09,Card,11804000,TXN-23478279FH,Failed
PAY0000320,INV0001667,STU001232,2024-01-04,E-Wallet,10987000,TXN-09631159VS,Successful
PAY0000321,INV0000026,STU000942,17/11/2020,Cash,14645000,TXN-29960662PR,Successful
PAY0000322,INV0001724,STU001013,2027-10-07,E-Wallet,4961000,TXN-63230259ZE,Successful
PAY0000323,INV0000113,STU000684,2020-10-25,Cash,10467000,TXN-01906330UZ,Successful
PAY0000324,INV0002776,STU000607,2021-04-11,Bank Transfer,8240000,TXN-80555842SP,Successful
PAY0000325,INV0000740,STU000700,26/02/2029,E-Wallet,2418000,TXN-32009467CB,Successful
PAY0000326,INV0001198,STU001282,2020-08-08,E-Wallet,8076000,TXN-83330357EE,Successful
PAY0000327,INV0002564,STU000689,2027-07-27,Cash,6333000,TXN-23724811FP,Successful
PAY0000328,INV0002274,STU001375,2027-10-21,Card,19923000,TXN-69501441HQ,Successful
PAY0000329,INV0002263,STU001190,2024-06-25,E-Wallet,9902000,TXN-19692043LQ,Successful
PAY0000330,INV0001480,STU001017,2025-11-05,Card,10215000,TXN-75525076XL,Successful
PAY0000331,INV0002754,STU001099,2027-04-04,E-Wallet,8706000,TXN-84515496CY,Successful
PAY0000332,INV0000534,STU001247,2028-07-14,E-Wallet,19191000,TXN-54231934AU,Successful
PAY0000333,INV0000474,STU000647,04/04/2025,Card,13590000,TXN-13529334WG,Successful
PAY0000334,INV0002654,STU000991,2026-05-10,Cash,2986000,TXN-03571801MG,Pending
PAY0000335,INV0002249,STU001208,2026-07-16,E-Wallet,14685000,TXN-51426248CS,Pending
PAY0000336,INV0002809,STU001479,2025-02-16,Card,14746000,TXN-69500213PZ,Successful
PAY0000337,INV0001426,STU000874,2022-09-19,Bank Transfer,7632000,TXN-44938001EO,Pending
PAY0000338,INV0000148,STU000858,2023-09-17,Bank Transfer,11461000,TXN-00322317DU,Successful
PAY0000339,INV0002552,STU000932,2027-06-08,Card,21226000,TXN-39916493NB,Successful
PAY0000340,INV0001679,STU000591,2029-01-02,Card,7058000,TXN-55035525YX,Failed
PAY0000341,INV0002653,STU000483,2023-04-08,E-Wallet,8904000,TXN-32086609XM,Successful
PAY0000342,INV0002041,STU000111,2026-09-27,Cash,15067000,TXN-38300934SD,Successful
PAY0000343,INV0000855,STU000206,2022-10-25,Card,12975000,TXN-49709902XH,Successful
PAY0000344,INV0000928,STU000179,2026-08-20,Bank Transfer,7946000,TXN-27702443PA,Successful
PAY0000345,INV0002274,STU001375,2027-10-02,Card,10292000,TXN-51267518VQ,Successful
PAY0000346,INV0002218,STU001188,2025-01-13,Bank Transfer,8152000,TXN-01327033RJ,Successful
PAY0000347,INV0001007,STU001406,2026-05-05,Bank Transfer,5131000,TXN-93714488VV,Reversed
PAY0000348,INV0000455,STU000767,2029-07-30,Card,4206000,TXN-78870318EE,Pending
PAY0000349,INV0000500,STU000603,2027-01-23,Cash,3214000,TXN-29998237LD,Pending
PAY0000350,INV0002045,STU000064,2025-09-17,Bank Transfer,5037000,TXN-25894312YJ,Successful
PAY0000351,INV0001988,STU000390,2023-06-09,E-Wallet,6408000,TXN-62935123RL,Successful
PAY0000352,INV0002549,STU000117,2026-08-23,E-Wallet,11170000,TXN-10021575MN,Successful
PAY0000353,INV0000157,STU000955,2027-11-29,E-Wallet,26772000,TXN-97347327RA,Reversed
PAY0000354,INV0002375,STU000934,2025-08-11,E-Wallet,8332000,TXN-63714244XD,Successful
PAY0000355,INV0002604,STU001023,14/07/2025,E-Wallet,16695000,TXN-26263630II,Successful
PAY0000356,INV0002635,STU000668,2022-11-23,Bank Transfer,15085000,TXN-86164907QV,Successful
PAY0000357,INV0001801,STU000230,2026-12-31,E-Wallet,22392000,TXN-51521749RV,Reversed
PAY0000358,INV0001425,STU000299,,Card,13447000,TXN-92419924UA,Successful
PAY0000359,INV0002369,STU000281,2027-10-28,Bank Transfer,6879000,TXN-70600811GB,Successful
PAY0000360,INV0001957,STU001211,2025-02-04,Cash,19562000,TXN-10898415XV,Failed
PAY0000361,INV0002124,STU000792,18/08/2026,Cash,13369000,TXN-16241959BA,Successful
PAY0000362,INV0001813,STU001454,2024-03-14,E-Wallet,3968000,TXN-02099218LI,Successful
PAY0000363,INV0001858,STU001119,2027-12-10,Card,3260000,TXN-80489157IB,Successful
PAY0000364,INV0001298,STU001400,2027-08-07,E-Wallet,20074000,TXN-66349491CJ,Successful
PAY0000365,INV0001340,STU001138,2023-04-02,Card,14152000,TXN-70883726EC,Failed
PAY0000366,INV0002593,STU000801,2022-08-15,E-Wallet,19161000,TXN-81656735EA,Successful
PAY0000367,INV0002179,STU000258,2022-07-19,Cash,12516000,TXN-23099142PG,Successful
PAY0000368,INV0000474,STU000647,2025-04-22,Cash,6724000,TXN-67023266FP,Successful
PAY0000369,INV0000792,STU000825,2025-04-27,Bank Transfer,7651000,TXN-43206964DO,Successful
PAY0000370,INV0000342,STU000507,2023-05-08,Cash,10707000,TXN-36740673UF,Successful
PAY0000371,INV0001348,STU000892,2022-11-17,E-Wallet,24513000,TXN-11431311GR,Successful
PAY0000372,INV0002704,STU001461,2028-01-18,Cash,5368000,TXN-17655112RS,Successful
PAY0000373,INV0002359,STU000476,2023-12-18,Bank Transfer,9806000,TXN-52347758MT,Successful
PAY0000374,INV0001571,STU000808,2023-08-23,E-Wallet,11927000,TXN-15360870YX,Successful
PAY0000375,INV0002130,STU001213,2022-02-09,E-Wallet,11934000,TXN-93020977QI,Successful
PAY0000376,INV0002596,STU000350,2029-12-25,Card,19199000,TXN-11333852OT,Failed
PAY0000377,INV0002727,STU001353,2026-08-01,Bank Transfer,17554000,TXN-88770706KG,Reversed
PAY0000378,INV0000776,STU001456,2020-10-24,E-Wallet,13012000,TXN-36161744DV,Successful
PAY0000379,INV0002692,STU001063,2026-11-06,Bank Transfer,26122000,TXN-63302747HP,Successful
PAY0000380,INV0002424,STU000903,2026-10-09,Cash,14839000,TXN-69461243WH,Successful
PAY0000381,INV0000322,STU000792,2025-11-04,Cash,10141000,TXN-64509024TW,Successful
PAY0000382,INV0002186,STU001168,2025-05-07,Card,17388000,TXN-25854381GZ,Successful
PAY0000383,INV0001596,STU000676,2025-05-12,E-Wallet,3903000,TXN-44802203EB,Successful
PAY0000384,INV0000809,STU001037,2024-10-23,Card,8916000,TXN-64701598RE,Successful
PAY0000385,INV0000402,STU000713,2026-10-13,E-Wallet,18570000,TXN-85484924IY,Successful
PAY0000386,INV0001022,STU000656,2023-04-03,Bank Transfer,59012000,TXN-45441089NF,Successful
PAY0000387,INV0000860,STU001408,2021-09-23,Bank Transfer,5772000,TXN-55711763II,Successful
PAY0000388,INV0001182,STU001140,2027-08-30,E-Wallet,5263000,TXN-09230714UI,Successful
PAY0000389,INV0002136,STU000026,2023-09-03,Cash,13044000,TXN-53922921OG,Pending
PAY0000390,INV0001021,STU000015,2027-09-26,Card,10109000,TXN-83887030MP,Successful
PAY0000391,INV0002593,STU000801,2023-07-16,E-Wallet,15013000,TXN-24926502JQ,Successful
PAY0000392,INV0002525,STU001161,2025-07-30,Bank Transfer,8212000,TXN-41725776PH,Successful
PAY0000393,INV0002268,STU001011,2030-09-17,E-Wallet,32002000,TXN-13421307WU,Successful
PAY0000394,INV0001363,STU001086,2021-02-07,E-Wallet,10697000,TXN-39356202BC,Successful
PAY0000395,INV0001394,STU000155,2023-11-02,Card,17329000,TXN-24469843KV,Successful
PAY0000396,INV0000827,STU001216,2026-05-02,Cash,17918000,TXN-79913704UD,Successful
PAY0000397,INV0002313,STU001049,2024-06-10,E-Wallet,9785000,TXN-18486637PP,Successful
PAY0000398,INV0000628,STU000923,2022-06-22,Cash,66193000,TXN-49289025GS,Successful
PAY0000399,INV0002593,STU000801,2023-07-20,Bank Transfer,14203000,TXN-87343557RP,Successful
PAY0000400,INV0002793,STU000808,2026-11-27,Card,10840000,TXN-41162027XN,Successful
PAY0000401,INV0002737,STU000604,2026-09-26,Card,21278000,TXN-56442058HN,Successful
PAY0000402,INV0000890,STU001146,2027-10-06,Cash,6745000,TXN-85747277NK,Successful
PAY0000403,INV0001773,STU001020,2021-03-13,Card,14105000,TXN-43245498OC,Successful
PAY0000404,INV0000279,STU000418,2024-06-02,Bank Transfer,10571000,TXN-60080437TP,Successful
PAY0000405,INV0001652,STU001277,2029-03-31,Cash,8524000,TXN-08058359XB,Reversed
PAY0000406,INV0001959,STU000183,2027-11-29,Card,35719000,TXN-00763654VD,Successful
PAY0000407,INV0001526,STU000945,2025-12-14,Card,10703000,TXN-61543300PV,Pending
PAY0000408,INV0000307,STU000843,2026-09-29,Cash,11116000,TXN-74985104FG,Successful
PAY0000409,INV0000503,STU000415,2022-10-12,Cash,14944000,TXN-34243648FC,Successful
PAY0000410,INV0002745,STU000300,2027-09-19,E-Wallet,4286000,TXN-46886557SK,Successful
PAY0000411,INV0000075,STU000742,2022-08-26,Card,11048000,TXN-59032448ZC,Successful
PAY0000412,INV0001334,STU000864,2020-09-06,Cash,17063000,TXN-45686758RX,Failed
PAY0000413,INV0001537,STU000087,2029-07-19,Cash,7636000,TXN-83429221CS,Successful
PAY0000414,INV0002463,STU001300,2026-04-06,Bank Transfer,5901000,TXN-99859924FI,Failed
PAY0000415,INV0001799,STU000730,2020-07-30,Bank Transfer,7848000,TXN-74248440NI,Successful
PAY0000416,INV0002577,STU001040,2026-08-25,Cash,8542000,TXN-23644586NV,Failed
PAY0000417,INV0001296,STU000988,2025-05-23,Cash,6271000,TXN-38689959EV,Failed
PAY0000418,INV0000414,STU001326,2021-05-21,Card,11274000,TXN-82082730TY,Successful
PAY0000419,INV0002880,STU000891,2023-06-25,E-Wallet,12345000,TXN-71568071RM,Successful
PAY0000420,INV0000057,STU000393,2027-02-06,Bank Transfer,25319000,TXN-60241088TA,Successful
PAY0000421,INV0000753,STU001185,2027-08-16,Bank Transfer,7801000,TXN-21823483OX,Successful
PAY0000422,INV0002538,STU000417,24/03/2023,Bank Transfer,12663000,TXN-61800367CM,Successful
PAY0000423,INV0000657,STU000495,2027-08-17,Bank Transfer,11489000,TXN-04389692RX,Successful
PAY0000424,INV0000136,STU000708,2023-05-24,Card,6745000,TXN-18335469CC,Successful
PAY0000425,INV0000297,STU000173,2024-05-18,E-Wallet,23424000,TXN-49914907XW,Successful
PAY0000426,INV0001503,STU001266,2023-08-24,E-Wallet,16512000,TXN-24353235VR,Failed
PAY0000427,INV0000930,STU001386,2025-05-11,Cash,11414000,TXN-26680263LB,Successful
PAY0000428,INV0001413,STU000109,2026-09-16,Bank Transfer,7796000,TXN-89610972YV,Successful
PAY0000429,INV0000308,STU001161,2025-10-18,E-Wallet,17389000,TXN-29402432SL,Successful
PAY0000430,INV0001881,STU000247,2022-02-01,Cash,13473000,TXN-38617280WU,Successful
PAY0000431,INV0000116,STU001337,2022-03-25,Card,13643000,TXN-75038389HA,Successful
PAY0000432,INV0000720,STU000990,2028-10-29,Card,11185000,TXN-98874428ZQ,Successful
PAY0000433,INV0002226,STU000055,,Bank Transfer,7618000,TXN-96675034QJ,Successful
PAY0000434,INV0001231,STU000578,2027-08-31,Card,6723000,TXN-39159269CY,Successful
PAY0000435,INV0002481,STU001112,2029-07-29,Card,12737000,TXN-14512193KT,Pending
PAY0000436,INV0000279,STU000418,2024-03-21,Card,23268000,TXN-62564005YA,Successful
PAY0000437,INV0002933,STU001419,2028-01-25,Bank Transfer,3533000,TXN-53824005NH,Pending
PAY0000438,INV0000426,STU000116,2022-03-04,Card,21872000,TXN-55886077EP,Pending
PAY0000439,INV0001214,STU001174,2025-04-21,Card,6377000,TXN-77069500XJ,Successful
PAY0000440,INV0001643,STU000169,2023-01-10,E-Wallet,15638000,TXN-45309538JC,Successful
PAY0000441,INV0001344,STU000397,2027-08-09,Cash,7896000,TXN-82257520LT,Successful
PAY0000442,INV0002630,STU001388,2026-01-20,Cash,3166000,TXN-24783697RV,Successful
PAY0000443,INV0002802,STU000552,2023-08-21,Cash,12224000,TXN-43237996RG,Successful
PAY0000444,INV0001961,STU000669,2025-12-10,Cash,21286000,TXN-67196646GY,Successful
PAY0000445,INV0001279,STU000575,2022-04-18,Card,22939000,TXN-73257166BG,Successful
PAY0000446,INV0000794,STU000366,2028-09-26,Card,6921000,TXN-06873180TX,Successful
PAY0000447,INV0002265,STU000997,2025-11-02,Cash,2266000,TXN-64947421HZ,Successful
PAY0000448,INV0002740,STU001126,2020-11-01,Cash,4942000,TXN-50667806RM,Successful
PAY0000449,INV0001650,STU000045,2028-02-04,Cash,17581000,TXN-91468872GM,Successful
PAY0000450,INV0000782,STU000990,2030-01-25,Card,12132000,TXN-57445661QQ,Successful
PAY0000451,INV0002537,STU000264,2021-02-18,E-Wallet,25066000,TXN-45732437VE,Successful
PAY0000452,INV0002537,STU000264,25/04/2021,Cash,9967000,TXN-90181643PA,Successful
PAY0000453,INV0001133,STU001091,2022-01-12,Bank Transfer,8310000,TXN-41494221DY,Successful
PAY0000454,INV0001336,STU000909,22/11/2028,Bank Transfer,15873000,TXN-90751975SP,Successful
PAY0000455,INV0002306,STU000867,2026-06-10,Bank Transfer,7231000,TXN-53052801EG,Successful
PAY0000456,INV0001223,STU000610,2025-09-11,Cash,11610000,TXN-91713460RB,Successful
PAY0000457,INV0000722,STU000735,2027-11-15,Bank Transfer,14622000,TXN-06799252EJ,Successful
PAY0000458,INV0000163,STU000584,2024-07-28,Card,4358000,TXN-84256354TP,Successful
PAY0000459,INV0000968,STU000272,2022-10-15,E-Wallet,3115000,TXN-49442827TD,Successful
PAY0000460,INV0002483,STU000238,,Bank Transfer,6955000,TXN-11903906PA,Successful
PAY0000461,INV0002095,STU001397,2022-01-28,Card,4752000,TXN-11803333XL,Successful
PAY0000462,INV0000767,STU001376,2025-10-18,Bank Transfer,4736000,TXN-41480089SB,Successful
PAY0000463,INV0000147,STU000237,2025-05-08,Bank Transfer,1463000,TXN-44429484RA,Successful
PAY0000464,INV0001650,STU000045,2028-01-05,E-Wallet,18564000,TXN-83067116FF,Successful
PAY0000465,INV0001659,STU000287,2022-12-19,Bank Transfer,25083000,TXN-21108224UL,Reversed
PAY0000466,INV0002162,STU000496,2029-06-19,Card,3237000,TXN-11171881UJ,Successful
PAY0000467,INV0001677,STU000514,2030-03-07,Bank Transfer,7107000,TXN-88950445RN,Successful
PAY0000468,INV0001934,STU000608,2025-05-26,Cash,2717000,TXN-84377198DE,Successful
PAY0000469,INV0002037,STU001367,2023-09-05,Cash,13880000,TXN-79770256CW,Successful
PAY0000470,INV0000766,STU000681,2028-09-02,E-Wallet,19825000,TXN-25150021IE,Pending
PAY0000471,INV0002555,STU000238,2025-10-01,Card,5940000,TXN-51389048QC,Pending
PAY0000472,INV0000936,STU000791,2025-07-02,E-Wallet,5198000,TXN-47032442LY,Successful
PAY0000473,INV0000545,STU000348,2023-01-28,Cash,6183000,TXN-50074989LR,Successful
PAY0000474,INV0001677,STU000514,2029-12-10,E-Wallet,22770000,TXN-10728911PS,Successful
PAY0000475,INV0001706,STU000520,2026-07-10,Cash,16364000,TXN-52160002LD,Failed
PAY0000476,INV0001118,STU000988,2024-07-07,Cash,19530000,TXN-84698847BZ,Successful
PAY0000477,INV0000266,STU000428,2028-06-22,Card,16120000,TXN-01448739QV,Successful
PAY0000478,INV0002650,STU000196,25/01/2024,Cash,8270000,TXN-56021636DQ,Pending
PAY0000479,INV0001087,STU000548,2028-08-13,E-Wallet,7496000,TXN-47390246GD,Successful
PAY0000480,INV0000219,STU000150,2029-07-01,Bank Transfer,14794000,TXN-97493889TC,Successful
PAY0000481,INV0002724,STU001247,21/09/2026,Cash,12094000,TXN-65450800ZI,Successful
PAY0000482,INV0002958,STU000345,2027-01-18,Bank Transfer,9142000,TXN-24488122WW,Failed
PAY0000483,INV0002923,STU000268,2022-02-25,Bank Transfer,3982000,TXN-52796675JM,Successful
PAY0000484,INV0001685,STU001357,2027-06-21,Card,10339000,TXN-53265713XP,Successful
PAY0000485,INV0002355,STU000906,2023-06-16,Cash,23161000,TXN-61546188IA,Successful
PAY0000486,INV0000900,STU001152,2022-07-21,E-Wallet,8042000,TXN-94448611XP,Successful
PAY0000487,INV0000200,STU001227,2028-04-20,Card,16633000,TXN-32736045QL,Successful
PAY0000488,INV0000967,STU001460,2021-05-20,Cash,5229000,TXN-11808793LY,Reversed
PAY0000489,INV0000096,STU000564,2025-05-22,Bank Transfer,9281000,TXN-20621920VZ,Successful
PAY0000490,INV0001520,STU001250,2030-01-10,Card,2596000,TXN-06297300RX,Successful
PAY0000491,INV0000178,STU000090,2029-02-05,Bank Transfer,12634000,TXN-22931891FQ,Successful
PAY0000492,INV0000580,STU001333,2027-08-03,Card,26630000,TXN-37980040DW,Successful
PAY0000493,INV0000225,STU000796,2022-06-24,Cash,3305000,TXN-11900598RA,Successful
PAY0000494,INV0000790,STU000021,2025-09-11,E-Wallet,14214000,TXN-63542719IH,Successful
PAY0000495,INV0000703,STU000455,2026-08-08,Cash,22047000,TXN-56902082PM,Successful
PAY0000496,INV0000605,STU000663,2024-04-16,Card,6030000,TXN-14366014WJ,Successful
PAY0000497,INV0000553,STU000283,2029-06-28,Cash,3645000,TXN-09935742UH,Successful
PAY0000498,INV0000685,STU001489,2022-12-15,Card,18141000,TXN-52861097VR,Successful
PAY0000499,INV0000898,STU000554,2020-07-27,Bank Transfer,7472000,TXN-91687203US,Successful
PAY0000500,INV0000502,STU000462,2028-01-30,Cash,8716000,TXN-02514705QS,Successful
PAY0000501,INV0000674,STU001083,2029-02-27,E-Wallet,13904000,TXN-92528498II,Successful
PAY0000502,INV0001582,STU000858,2024-09-04,Bank Transfer,5248000,TXN-56280599LE,Successful
PAY0000503,INV0001932,STU000692,2027-10-20,Bank Transfer,14026000,TXN-85496257IC,Successful
PAY0000504,INV0002683,STU001031,2023-02-13,Bank Transfer,10142000,TXN-09037234ZU,Successful
PAY0000505,INV0000975,STU001100,2024-05-12,Cash,12234000,TXN-74517932VO,Successful
PAY0000506,INV0000691,STU001015,2029-10-06,Cash,11110000,TXN-07992487QK,Successful
PAY0000507,INV0000089,STU001218,2020-08-20,E-Wallet,15349000,TXN-58083814CO,Successful
PAY0000508,INV0002053,STU001441,2023-01-30,Bank Transfer,7399000,TXN-21864229AR,Successful
PAY0000509,INV0000161,STU001033,2021-12-30,Card,9737000,TXN-15540502TF,Successful
PAY0000510,INV0002395,STU000779,2021-11-29,E-Wallet,27697000,TXN-35595648AW,Successful
PAY0000511,INV0001505,STU000365,2026-03-11,Bank Transfer,4319000,TXN-78341383ZQ,Successful
PAY0000512,INV0001537,STU000087,2029-06-19,Card,7128000,TXN-10200291GX,Successful
PAY0000513,INV0000654,STU000306,2021-10-09,Card,27199000,TXN-98598737IN,Reversed
PAY0000514,INV0000139,STU000810,2024-04-08,Cash,11253000,TXN-64390825CO,Successful
PAY0000515,INV0000217,STU001352,2022-11-28,Card,10416000,TXN-39355498LD,Successful
PAY0000516,INV0002291,STU000714,2024-02-09,E-Wallet,7676000,TXN-56599854LY,Successful
PAY0000517,INV0001486,STU001395,05/11/2023,E-Wallet,4862000,TXN-22025043CN,Pending
PAY0000518,INV0002346,STU000032,2023-03-28,Cash,9905000,TXN-24869580HX,Successful
PAY0000519,INV0001202,STU000193,2022-09-04,E-Wallet,5580000,TXN-19536374WY,Successful
PAY0000520,INV0000389,STU000152,2026-07-16,E-Wallet,17917000,TXN-54546470VD,Successful
PAY0000521,INV0001050,STU000530,2025-01-09,Card,11266000,TXN-75170322AL,Successful
PAY0000522,INV0002426,STU000279,2028-02-11,Bank Transfer,4203000,TXN-74923160JX,Successful
PAY0000523,INV0000605,STU000663,2024-05-10,E-Wallet,8552000,TXN-60050396UW,Successful
PAY0000524,INV0002172,STU001299,2024-07-17,E-Wallet,8431000,TXN-77269548AS,Successful
PAY0000525,INV0001764,STU001482,2025-02-06,E-Wallet,13728000,TXN-62905738IB,Successful
PAY0000526,INV0002746,STU000388,2027-12-15,Cash,10790000,TXN-64032893IV,Successful
PAY0000527,INV0001373,STU000935,2025-02-15,Card,12956000,TXN-22308716XC,Successful
PAY0000528,INV0000125,STU001329,2024-03-25,Cash,12715000,TXN-85074261GC,Successful
PAY0000529,INV0000843,STU000441,2023-07-06,Card,10239000,TXN-91521890VP,Successful
PAY0000530,INV0002098,STU001253,11/04/2025,Card,19176000,TXN-13895056TQ,Successful
PAY0000531,INV0000257,STU000557,02/07/2022,Bank Transfer,7387000,TXN-59523367UP,Successful
PAY0000532,INV0002331,STU000587,2028-02-14,Cash,7770000,TXN-02752923MZ,Successful
PAY0000533,INV0000253,STU000330,2022-10-28,Card,11041000,TXN-37292703QD,Successful
PAY0000534,INV0002378,STU000129,2023-03-17,Bank Transfer,4359000,TXN-24517359YL,Failed
PAY0000535,INV0002905,STU001369,2026-01-17,Card,9244000,TXN-77993162TD,Successful
PAY0000536,INV0000453,STU001086,2025-04-03,Card,4977000,TXN-71891793ZF,Failed
PAY0000537,INV0002968,STU001249,2026-04-09,E-Wallet,12025000,TXN-80863626DX,Successful
PAY0000538,INV0002224,STU001146,2026-07-03,Bank Transfer,24547000,TXN-78204611XB,Successful
PAY0000539,INV0000508,STU000513,2025-08-20,Card,5441000,TXN-50696211CA,Successful
PAY0000540,INV0001388,STU000922,12/01/2026,Cash,3272000,TXN-33252324AP,Successful
PAY0000541,INV0001539,STU000170,2023-04-20,Bank Transfer,7327000,TXN-01727428KK,Successful
PAY0000542,INV0002428,STU001106,2025-02-06,Card,9372000,TXN-00620067HV,Successful
PAY0000543,INV0000261,STU000620,26/05/2024,Bank Transfer,21191000,TXN-05171978TJ,Successful
PAY0000544,INV0001890,STU001375,2027-02-09,Cash,5462000,TXN-31798879QK,Successful
PAY0000545,INV0000385,STU001353,2024-10-01,Card,22053000,TXN-56655439WG,Successful
PAY0000546,INV0002712,STU001474,2022-03-30,E-Wallet,24287000,TXN-62137118SE,Failed
PAY0000547,INV0001557,STU001050,2022-04-15,Card,16569000,TXN-82121237KY,Successful
PAY0000548,INV0001411,STU000493,2025-11-09,Bank Transfer,15895000,TXN-21284747EF,Successful
PAY0000549,INV0001988,STU000390,2023-06-30,E-Wallet,2471000,TXN-36066969LA,Successful
PAY0000550,INV0000229,STU000976,2027-04-13,Bank Transfer,8636000,TXN-32534242WW,Successful
PAY0000551,INV0000865,STU000254,2026-07-05,Card,11398000,TXN-61431812EC,Successful
PAY0000552,INV0000629,STU000895,2024-02-17,Card,8121000,TXN-92505316RH,Successful
PAY0000553,INV0001481,STU001273,2021-05-07,Cash,24861000,TXN-24607659TJ,Successful
PAY0000554,INV0002871,STU000084,2025-11-14,Card,3994000,TXN-71062518WT,Successful
PAY0000555,INV0000124,STU000561,2024-11-18,Cash,24704000,TXN-87678639ST,Successful
PAY0000556,INV0000616,STU000727,2027-09-18,Card,4549000,TXN-57378765RJ,Failed
PAY0000557,INV0001257,STU001052,2028-08-15,Cash,7216000,TXN-36416620ZO,Successful
PAY0000558,INV0000429,STU001455,2024-02-27,E-Wallet,6992000,TXN-20244785SS,Successful
PAY0000559,INV0001360,STU000748,2026-10-26,E-Wallet,27543000,TXN-54323483SB,Successful
PAY0000560,INV0001931,STU001480,2025-06-01,Cash,11240000,TXN-59108089YD,Reversed
PAY0000561,INV0001664,STU000761,2021-08-27,E-Wallet,17645000,TXN-06939763HK,Successful
PAY0000562,INV0000685,STU001489,2022-11-17,Cash,12519000,TXN-22373772MF,Successful
PAY0000563,INV0002355,STU000906,2023-09-08,E-Wallet,15511000,TXN-47517917IF,Successful
PAY0000564,INV0000100,STU001408,2021-04-06,Cash,5799000,TXN-27706033TT,Failed
PAY0000565,INV0000036,STU001120,2025-11-01,E-Wallet,5479000,TXN-12079848NZ,Successful
PAY0000566,INV0001656,STU001378,2028-03-28,Card,19052000,TXN-97492477GC,Pending
PAY0000567,INV0002769,STU000580,2024-05-20,E-Wallet,18851000,TXN-45009594CR,Pending
PAY0000568,INV0000708,STU000112,2023-04-25,E-Wallet,23352000,TXN-87734074ZY,Successful
PAY0000569,INV0002399,STU001417,2025-05-20,Card,17290000,TXN-35906272VD,Successful
PAY0000570,INV0000584,STU000876,04/06/2027,Bank Transfer,3675000,TXN-40021073OZ,Successful
PAY0000571,INV0001148,STU000374,2023-03-29,Card,5239000,TXN-57368914SD,Successful
PAY0000572,INV0002671,STU000948,2025-02-07,Bank Transfer,3750000,TXN-00040626OQ,Successful
PAY0000573,INV0000730,STU000931,2025-11-09,Bank Transfer,9789000,TXN-84581993ZX,Successful
PAY0000574,INV0001903,STU000162,,Cash,12340000,TXN-23042123RQ,Failed
PAY0000575,INV0001698,STU000368,2023-01-30,Bank Transfer,3986000,TXN-51669511NI,Successful
PAY0000576,INV0000439,STU000001,2023-12-21,E-Wallet,11616000,TXN-53473151MU,Successful
PAY0000577,INV0000392,STU000516,2023-05-01,Cash,15255000,TXN-09985325JU,Successful
PAY0000578,INV0000791,STU000245,2028-01-19,E-Wallet,6379000,TXN-91825242EO,Successful
PAY0000579,INV0000746,STU001141,2028-04-04,Bank Transfer,2976000,TXN-94525558LD,Successful
PAY0000580,INV0000552,STU001405,2024-05-29,Bank Transfer,4967000,TXN-84466365EL,Successful
PAY0000581,INV0001310,STU000744,2024-12-16,Cash,7866000,TXN-36213151RJ,Successful
PAY0000582,INV0001362,STU000520,2026-12-14,Bank Transfer,12728000,TXN-37711550JF,Successful
PAY0000583,INV0000123,STU000818,2028-01-13,Cash,8931000,TXN-32820329ZL,Successful
PAY0000584,INV0002803,STU000546,2026-04-08,Card,3007000,TXN-70147440WQ,Successful
PAY0000585,INV0000942,STU001483,2026-02-12,Bank Transfer,13780000,TXN-63862496MM,Successful
PAY0000586,INV0001484,STU000760,2021-03-20,Cash,26006000,TXN-55229686FS,Successful
PAY0000587,INV0001873,STU000207,2029-03-02,Card,18960000,TXN-27203876CZ,Successful
PAY0000588,INV0001577,STU000838,2024-04-22,E-Wallet,16222000,TXN-93773454QI,Successful
PAY0000589,INV0001091,STU001472,2024-10-31,E-Wallet,24158000,TXN-65526394MN,Successful
PAY0000590,INV0001194,STU001170,2022-06-15,Bank Transfer,3565000,TXN-54128578ND,Successful
PAY0000591,INV0001123,STU000258,13/07/2023,E-Wallet,11512000,TXN-76738763OR,Successful
PAY0000592,INV0000941,STU000635,2024-12-20,Card,23850000,TXN-98701044CX,Successful
PAY0000593,INV0000398,STU000934,2026-07-18,Cash,21602000,TXN-77690767IP,Successful
PAY0000594,INV0001638,STU000130,,Card,9700000,TXN-43898840VS,Successful
PAY0000595,INV0000519,STU000129,2021-12-28,Bank Transfer,14355000,TXN-91502064QM,Successful
PAY0000596,INV0002565,STU001169,2026-01-10,Cash,11797000,TXN-88306033EY,Successful
PAY0000597,INV0000879,STU000423,2025-10-28,Cash,27832000,TXN-95412447AU,Successful
PAY0000598,INV0001611,STU000123,2024-05-16,Bank Transfer,8517000,TXN-23602613ZQ,Successful
PAY0000599,INV0000167,STU000143,2025-12-16,E-Wallet,1896000,TXN-11687917ZI,Successful
PAY0000600,INV0002811,STU000396,2026-12-06,E-Wallet,13395000,TXN-27420745CX,Pending
PAY0000601,INV0000734,STU000065,2030-03-22,Cash,31678000,TXN-38224743IH,Successful
PAY0000602,INV0001913,STU000837,2025-03-01,Cash,30781000,TXN-93370088IW,Successful
PAY0000603,INV0000276,STU000584,2025-05-06,Card,26120000,TXN-38920575MM,Successful
PAY0000604,INV0000295,STU001111,2025-03-19,Bank Transfer,27130000,TXN-87140326FX,Successful
PAY0000605,INV0000527,STU000029,2024-02-20,E-Wallet,9357000,TXN-67565975DJ,Successful
PAY0000606,INV0002028,STU000755,2023-05-06,Cash,18468000,TXN-66392545OV,Successful
PAY0000607,INV0000459,STU000011,2025-11-05,Bank Transfer,11008000,TXN-25651798LN,Successful
PAY0000608,INV0002535,STU001070,2021-12-31,Bank Transfer,9662000,TXN-78015663QO,Successful
PAY0000609,INV0002479,STU000978,2023-05-07,Bank Transfer,8917000,TXN-93605794NJ,Successful
PAY0000610,INV0000943,STU000372,2028-11-25,E-Wallet,6480000,TXN-37992328OH,Failed
PAY0000611,INV0000616,STU000727,2027-10-04,E-Wallet,8981000,TXN-53489629CC,Successful
PAY0000612,INV0001429,STU000947,2021-09-27,E-Wallet,7546000,TXN-21125904UN,Successful
PAY0000613,INV0001454,STU000846,2024-07-01,Bank Transfer,21203000,TXN-63070937RR,Successful
PAY0000614,INV0002795,STU001326,2022-12-03,E-Wallet,8986000,TXN-37235349HL,Successful
PAY0000615,INV0000115,STU000400,2025-10-26,Cash,19331000,TXN-12746769MZ,Successful
PAY0000616,INV0002036,STU001200,2026-08-29,Card,10565000,TXN-34076458LM,Successful
PAY0000617,INV0001420,STU000212,,Bank Transfer,8374000,TXN-60043212WO,Successful
PAY0000618,INV0001297,STU001298,2025-01-14,E-Wallet,20868000,TXN-55351461QY,Successful
PAY0000619,INV0001684,STU000719,2023-01-06,Cash,12616000,TXN-97130905RJ,Successful
PAY0000620,INV0001653,STU000911,2029-08-13,Bank Transfer,9110000,TXN-17577943XR,Successful
PAY0000621,INV0000613,STU000100,2027-01-29,Card,21960000,TXN-41480383ST,Successful
PAY0000622,INV0001196,STU000695,2026-05-15,E-Wallet,7298000,TXN-85157948PQ,Successful
PAY0000623,INV0000150,STU001126,2022-12-18,Cash,5167000,TXN-76414298LB,Failed
PAY0000624,INV0002466,STU000523,02/04/2021,E-Wallet,18567000,TXN-66775057BH,Successful
PAY0000625,INV0002714,STU000112,2025-07-14,E-Wallet,16781000,TXN-99923073MX,Successful
PAY0000626,INV0002660,STU000973,2025-03-11,Bank Transfer,2998000,TXN-45650349TW,Successful
PAY0000627,INV0002230,STU000549,2025-05-26,Cash,19113000,TXN-87734085OC,Successful
PAY0000628,INV0001013,STU001331,2023-01-16,Card,3711000,TXN-76749255ES,Successful
PAY0000629,INV0001017,STU000455,2026-03-28,E-Wallet,7269000,TXN-61866826XF,Successful
PAY0000630,INV0001942,STU001068,2022-08-16,Cash,13804000,TXN-78631348OL,Successful
PAY0000631,INV0002305,STU000370,2023-08-27,Cash,6516000,TXN-67051948YV,Successful
PAY0000632,INV0002919,STU000710,2023-05-09,Bank Transfer,7727000,TXN-80559004AI,Successful
PAY0000633,INV0002610,STU001385,2028-05-25,E-Wallet,7700000,TXN-61684025WG,Successful
PAY0000634,INV0000034,STU000239,2026-02-17,Bank Transfer,25292000,TXN-93800845ZP,Successful
PAY0000635,INV0000779,STU000271,2021-09-15,Card,17151000,TXN-62591766FF,Successful
PAY0000636,INV0002233,STU001351,2023-11-01,E-Wallet,16115000,TXN-24737328MH,Reversed
PAY0000637,INV0001332,STU001140,2027-11-01,E-Wallet,10342000,TXN-36131405NC,Successful
PAY0000638,INV0002741,STU000310,2025-11-22,Cash,23423000,TXN-19915997WZ,Successful
PAY0000639,INV0000313,STU000152,2024-09-16,Cash,5207000,TXN-10619470TU,Successful
PAY0000640,INV0002688,STU000353,2020-12-30,Card,13905000,TXN-41712834OD,Successful
PAY0000641,INV0000151,STU001437,2023-03-01,E-Wallet,11367000,TXN-32789411WM,Pending
PAY0000642,INV0001698,STU000368,2022-11-11,Cash,11519000,TXN-14573885YV,Successful
PAY0000643,INV0000691,STU001015,2029-10-13,E-Wallet,29611000,TXN-32057206ZX,Successful
PAY0000644,INV0001083,STU000962,2021-07-26,Bank Transfer,15590000,TXN-80536294IA,Successful
PAY0000645,INV0000308,STU001161,2025-11-05,Card,8342000,TXN-00860055NQ,Pending
PAY0000646,INV0000115,STU000400,2025-11-23,Bank Transfer,17406000,TXN-55880999OH,Successful
PAY0000647,INV0002375,STU000934,2025-08-04,E-Wallet,8280000,TXN-90571637OS,Successful
PAY0000648,INV0001850,STU001073,2028-09-05,Card,6151000,TXN-18850173SD,Successful
PAY0000649,INV0000623,STU000176,2021-03-13,E-Wallet,10390000,TXN-31518226MV,Successful
PAY0000650,INV0001032,STU000989,2029-06-04,E-Wallet,20574000,TXN-66458092XX,Failed
PAY0000651,INV0001144,STU001244,2024-11-19,Cash,21677000,TXN-42869930WT,Pending
PAY0000652,INV0002790,STU000143,2026-01-13,Card,4119000,TXN-86041300XC,Successful
PAY0000653,INV0002103,STU001198,2022-06-20,E-Wallet,5226000,TXN-75356633RH,Successful
PAY0000654,INV0002853,STU000858,2023-12-12,E-Wallet,7737000,TXN-48304496SV,Successful
PAY0000655,INV0002041,STU000111,2026-09-10,E-Wallet,30771000,TXN-94794339PR,Pending
PAY0000656,INV0000940,STU000821,2023-01-29,Card,3507000,TXN-16431579EC,Successful
PAY0000657,INV0002242,STU000544,2026-12-10,Card,7023000,TXN-32093494HE,Successful
PAY0000658,INV0002176,STU001195,2023-12-05,E-Wallet,30143000,TXN-05723838RN,Successful
PAY0000659,INV0002954,STU001156,2027-07-17,E-Wallet,2125000,TXN-88423805BU,Successful
PAY0000660,INV0001229,STU000395,2025-10-10,Cash,23457000,TXN-94564398YU,Reversed
PAY0000661,INV0002545,STU000232,2023-10-25,Bank Transfer,9397000,TXN-98208532VH,Successful
PAY0000662,INV0000275,STU000899,2024-02-29,Card,23552000,TXN-39690960VE,Successful
PAY0000663,INV0002155,STU000850,2021-07-02,Cash,8968000,TXN-45295840GB,Successful
PAY0000664,INV0002669,STU000388,2027-06-05,Bank Transfer,12609000,TXN-17097063EJ,Successful
PAY0000665,INV0001842,STU000559,2022-03-08,Card,16571000,TXN-34087027AW,Successful
PAY0000666,INV0002504,STU001154,2027-12-04,Bank Transfer,5483000,TXN-51685578HR,Successful
PAY0000667,INV0000074,STU000220,2022-09-06,E-Wallet,17675000,TXN-15652051OO,Failed
PAY0000668,INV0002499,STU000512,17/04/2028,E-Wallet,30371000,TXN-78423012GS,Successful
PAY0000669,INV0001799,STU000730,2020-06-06,Bank Transfer,7406000,TXN-48825473ZX,Successful
PAY0000670,INV0002964,STU001051,2026-11-20,E-Wallet,2844000,TXN-08544070GU,Successful
PAY0000671,INV0002240,STU000585,2026-03-02,Cash,8286000,TXN-80701631YX,Successful
PAY0000672,INV0001303,STU000124,2023-06-01,E-Wallet,17141000,TXN-68437196ZP,Failed
PAY0000673,INV0001596,STU000676,2025-04-18,Cash,4073000,TXN-55450254UC,Successful
PAY0000674,INV0001411,STU000493,2025-11-13,E-Wallet,17088000,TXN-83448475GI,Successful
PAY0000675,INV0001998,STU000195,2026-01-16,Cash,6773000,TXN-14073796EG,Successful
PAY0000676,INV0001292,STU000467,2023-11-19,Cash,21378000,TXN-85065430MF,Failed
PAY0000677,INV0000864,STU000135,2025-08-16,Card,4948000,TXN-34634194PN,Successful
PAY0000678,INV0002938,STU000600,2022-08-16,Bank Transfer,14806000,TXN-70168268OH,Successful
PAY0000679,INV0000566,STU000534,2025-06-10,E-Wallet,27860000,TXN-33251480PB,Successful
PAY0000680,INV0001835,STU000400,2026-08-04,E-Wallet,2383000,TXN-56351851SH,Successful
PAY0000681,INV0002444,STU001422,2023-07-02,Bank Transfer,5302000,TXN-02559165XR,Successful
PAY0000682,INV0000158,STU000010,2028-09-13,E-Wallet,12661000,TXN-11617808PF,Successful
PAY0000683,INV0001260,STU000574,2023-09-16,Card,6690000,TXN-90360271TH,Successful
PAY0000684,INV0000385,STU001353,2024-10-27,Bank Transfer,12931000,TXN-00638977CW,Pending
PAY0000685,INV0002071,STU000302,2028-07-19,Card,17958000,TXN-70865336TG,Successful
PAY0000686,INV0002790,STU000143,2025-11-30,E-Wallet,11163000,TXN-12072447GM,Successful
PAY0000687,INV0000621,STU000042,2022-11-13,Cash,9639000,TXN-75568417NS,Successful
PAY0000688,INV0002066,STU001077,2024-06-07,Card,19961000,TXN-49059259SX,Successful
PAY0000689,INV0001141,STU001310,2024-05-16,Bank Transfer,16025000,TXN-20716236HO,Successful
PAY0000690,INV0000645,STU000495,2026-09-06,Card,9883000,TXN-03746293MD,Successful
PAY0000691,INV0002541,STU000267,2026-09-13,Bank Transfer,14375000,TXN-64141024DE,Successful
PAY0000692,INV0002608,STU001387,2024-06-19,Bank Transfer,4426000,TXN-00940266RX,Successful
PAY0000693,INV0002289,STU000246,,Bank Transfer,8895000,TXN-57218792RI,Successful
PAY0000694,INV0002511,STU000613,2025-12-25,Cash,9240000,TXN-21022444HG,Successful
PAY0000695,INV0001431,STU000830,2027-04-12,E-Wallet,17505000,TXN-72929060UN,Successful
PAY0000696,INV0001379,STU000870,2026-06-05,Card,13212000,TXN-73035194GR,Successful
PAY0000697,INV0001516,STU000655,2027-01-01,E-Wallet,2915000,TXN-48592028DF,Successful
PAY0000698,INV0001529,STU000085,2024-08-30,E-Wallet,12586000,TXN-12847817FL,Successful
PAY0000699,INV0002538,STU000417,2023-01-08,E-Wallet,12892000,TXN-71540330EY,Successful
PAY0000700,INV0002208,STU000208,2025-02-01,Bank Transfer,17981000,TXN-81436203ZG,Successful
PAY0000701,INV0000482,STU000956,2024-03-23,Bank Transfer,4313000,TXN-15611864JN,Failed
PAY0000702,INV0002005,STU000330,2023-09-26,Cash,15174000,TXN-50419369MZ,Successful
PAY0000703,INV0001864,STU001396,2025-06-09,Card,28463000,TXN-80634819YN,Successful
PAY0000704,INV0002362,STU001377,2026-02-15,Bank Transfer,6472000,TXN-37466724WD,Successful
PAY0000705,INV0002076,STU000944,2027-05-23,Bank Transfer,20024000,TXN-73714027ET,Successful
PAY0000706,INV0000962,STU000155,06/08/2026,Cash,13299000,TXN-82658205BL,Successful
PAY0000707,INV0001993,STU001074,2024-06-20,E-Wallet,41994000,TXN-39783198ED,Successful
PAY0000708,INV0000058,STU001445,2023-02-27,Bank Transfer,5927000,TXN-26515942LA,Successful
PAY0000709,INV0001063,STU001344,2021-06-18,Card,31657000,TXN-56067297VO,Successful
PAY0000710,INV0001691,STU000523,2024-02-22,Card,7210000,TXN-08660345IA,Successful
PAY0000711,INV0001673,STU000594,2025-11-16,Card,3812000,TXN-94878457IC,Successful
PAY0000712,INV0002984,STU000373,2025-10-07,Card,4443000,TXN-43361328MY,Successful
PAY0000713,INV0002150,STU000686,2029-03-30,Bank Transfer,7383000,TXN-80335595WW,Successful
PAY0000714,INV0001256,STU001270,2027-04-06,E-Wallet,15720000,TXN-68259132WE,Successful
PAY0000715,INV0001338,STU001002,2022-12-01,Cash,9038000,TXN-96887261IF,Successful
PAY0000716,INV0001399,STU000893,2027-04-07,E-Wallet,19993000,TXN-14850029QS,Pending
PAY0000717,INV0002756,STU000626,2025-11-13,Bank Transfer,19519000,TXN-02138841QK,Successful
PAY0000718,INV0002256,STU000329,2029-04-26,Cash,9086000,TXN-55962894AM,Reversed
PAY0000719,INV0001420,STU000212,2025-01-16,Cash,6293000,TXN-55820447NR,Pending
PAY0000720,INV0001205,STU000168,2026-01-18,E-Wallet,4087000,TXN-37801354WK,Pending
PAY0000721,INV0002921,STU000076,07/07/2022,Card,5466000,TXN-17601639NV,Successful
PAY0000722,INV0002253,STU001437,2021-07-30,Card,3219000,TXN-68873581GA,Successful
PAY0000723,INV0001062,STU000202,2027-11-16,Cash,21469000,TXN-48894243FH,Successful
PAY0000724,INV0000422,STU000216,2024-10-06,Card,13258000,TXN-03507545RZ,Successful
PAY0000725,INV0001929,STU001195,2027-10-14,Bank Transfer,5600000,TXN-74890918PE,Pending
PAY0000726,INV0002455,STU000479,2023-03-13,Cash,11204000,TXN-48068018II,Successful
PAY0000727,INV0001617,STU001174,2026-12-23,E-Wallet,5460000,TXN-55262712ZY,Successful
PAY0000728,INV0002243,STU000489,2026-10-27,Card,5479000,TXN-25053485HV,Successful
PAY0000729,INV0000159,STU000873,2025-06-15,Bank Transfer,7822000,TXN-85162973AF,Successful
PAY0000730,INV0001109,STU000606,2024-06-06,Cash,3094000,TXN-28558550HH,Successful
PAY0000731,INV0002497,STU000123,,Bank Transfer,9554000,TXN-15895702MR,Successful
PAY0000732,INV0001982,STU000609,2029-04-02,E-Wallet,9572000,TXN-83367139KF,Successful
PAY0000733,INV0002190,STU000105,2028-11-05,Card,14604000,TXN-03751555KU,Successful
PAY0000734,INV0002004,STU001468,2025-08-16,Bank Transfer,12021000,TXN-23815102RJ,Successful
PAY0000735,INV0001782,STU000578,2024-08-04,Cash,28265000,TXN-44303334NS,Successful
PAY0000736,INV0001866,STU001060,2026-01-19,E-Wallet,4349000,TXN-28024067OJ,Successful
PAY0000737,INV0002280,STU000226,2023-01-14,E-Wallet,2501000,TXN-49902372LO,Successful
PAY0000738,INV0002413,STU000967,2021-10-28,Bank Transfer,21889000,TXN-93704332HS,Successful
PAY0000739,INV0001487,STU000273,2024-12-28,Bank Transfer,19248000,TXN-29927771RD,Successful
PAY0000740,INV0002850,STU000432,2029-05-31,Bank Transfer,3489000,TXN-69652770KR,Successful
PAY0000741,INV0001433,STU001295,2026-12-22,Bank Transfer,7148000,TXN-20161427QT,Successful
PAY0000742,INV0000269,STU000511,2021-10-04,Cash,16122000,TXN-78342579LZ,Reversed
PAY0000743,INV0002593,STU000801,2023-07-10,Cash,8202000,TXN-51880638OE,Successful
PAY0000744,INV0001038,STU000369,2029-12-30,Bank Transfer,3546000,TXN-93667131IP,Successful
PAY0000745,INV0001098,STU000187,2029-02-24,Cash,6650000,TXN-46425060ZC,Successful
PAY0000746,INV0002197,STU000106,2023-09-09,Cash,4990000,TXN-38141959EY,Successful
PAY0000747,INV0002181,STU001383,2026-06-06,Card,14079000,TXN-96120237LQ,Successful
PAY0000748,INV0000449,STU000637,2029-05-02,E-Wallet,16844000,TXN-66871355HA,Successful
PAY0000749,INV0001235,STU000290,2024-07-30,E-Wallet,7833000,TXN-79726693XM,Successful
PAY0000750,INV0001434,STU000038,2022-04-23,Card,12616000,TXN-23878412HC,Reversed
PAY0000751,INV0002931,STU001186,2027-07-31,Cash,6406000,TXN-25365981XM,Successful
PAY0000752,INV0000087,STU000791,2027-04-27,Cash,3800000,TXN-69588731EB,Successful
PAY0000753,INV0000829,STU001140,2026-01-15,E-Wallet,23848000,TXN-39591623PL,Successful
PAY0000754,INV0000317,STU000765,2026-12-29,Bank Transfer,18100000,TXN-58572940BC,Successful
PAY0000755,INV0000960,STU000999,,Card,12739000,TXN-75627040VL,Successful
PAY0000756,INV0001260,STU000574,2023-09-02,Card,2460000,TXN-34009437GM,Successful
PAY0000757,INV0001700,STU001317,2028-07-27,Cash,2678000,TXN-82525895NO,Successful
PAY0000758,INV0002203,STU000448,2022-03-26,E-Wallet,17109000,TXN-52059552PD,Successful
PAY0000759,INV0002820,STU000949,15/04/2024,Card,1739000,TXN-61263053MZ,Successful
PAY0000760,INV0002672,STU000575,2023-06-27,Card,2660000,TXN-38163079OD,Successful
PAY0000761,INV0002332,STU000611,2022-08-10,Cash,12521000,TXN-81899042NN,Failed
PAY0000762,INV0002072,STU001244,2020-12-03,Bank Transfer,8431000,TXN-86827519UG,Successful
PAY0000763,INV0001916,STU000158,25/06/2024,Card,12385000,TXN-24001192QR,Successful
PAY0000764,INV0000816,STU000107,2028-01-19,Bank Transfer,15622000,TXN-90112863CD,Successful
PAY0000765,INV0000721,STU000992,2026-11-21,Card,5110000,TXN-12252849VU,Failed
PAY0000766,INV0001002,STU001123,,Cash,15468000,TXN-20778904GD,Successful
PAY0000767,INV0001213,STU000845,2025-03-05,Cash,11280000,TXN-98736137XA,Successful
PAY0000768,INV0001472,STU000823,2025-07-29,E-Wallet,4830000,TXN-54958622JI,Successful
PAY0000769,INV0000034,STU000239,2026-02-23,E-Wallet,14037000,TXN-04131002PE,Successful
PAY0000770,INV0001473,STU000280,2027-01-26,E-Wallet,4112000,TXN-23542050BZ,Failed
PAY0000771,INV0002022,STU001221,2024-05-12,Bank Transfer,11465000,TXN-84698379RE,Pending
PAY0000772,INV0000080,STU001404,2027-12-22,Bank Transfer,3666000,TXN-75225442XB,Successful
PAY0000773,INV0001624,STU000255,2028-12-23,Card,30038000,TXN-48281204JL,Successful
PAY0000774,INV0000590,STU000120,2028-12-21,E-Wallet,4957000,TXN-44022595RM,Successful
PAY0000775,INV0002461,STU001322,2025-11-18,Cash,2732000,TXN-17189673SY,Successful
PAY0000776,INV0000870,STU001284,2026-05-07,Card,3569000,TXN-42177444EP,Successful
PAY0000777,INV0002410,STU000363,2024-08-20,Bank Transfer,26095000,TXN-79178789QF,Successful
PAY0000778,INV0002218,STU001188,2024-10-10,E-Wallet,8736000,TXN-19125323VI,Successful
PAY0000779,INV0001085,STU001344,2024-11-13,E-Wallet,12002000,TXN-54510378OR,Successful
PAY0000780,INV0002029,STU000177,,Card,7901000,TXN-36873066DF,Failed
PAY0000781,INV0002186,STU001168,2025-06-08,Card,10356000,TXN-43275540RS,Successful
PAY0000782,INV0002378,STU000129,2023-03-15,E-Wallet,4907000,TXN-43518974ZX,Successful
PAY0000783,INV0002982,STU000428,2027-08-17,Cash,13155000,TXN-05020419FK,Successful
PAY0000784,INV0001051,STU000180,2028-10-14,Card,3052000,TXN-78424203EL,Successful
PAY0000785,INV0000769,STU001275,2023-06-30,Card,9903000,TXN-37510863GD,Successful
PAY0000786,INV0001209,STU000214,2024-04-09,E-Wallet,18117000,TXN-87457369HY,Successful
PAY0000787,INV0000177,STU000044,2023-01-12,Cash,8064000,TXN-42213149AB,Successful
PAY0000788,INV0002229,STU001297,2025-08-13,E-Wallet,11164000,TXN-69405965YH,Successful
PAY0000789,INV0000333,STU000840,2022-08-08,Cash,5106000,TXN-41158970TR,Reversed
PAY0000790,INV0001333,STU000644,2025-06-30,Card,21864000,TXN-95909303OZ,Successful
PAY0000791,INV0002744,STU000558,2027-05-04,Cash,9591000,TXN-87045331SN,Successful
PAY0000792,INV0002384,STU000655,2025-03-06,Cash,9600000,TXN-14909392PE,Successful
PAY0000793,INV0001700,STU001317,2028-10-21,Bank Transfer,6943000,TXN-76571534LH,Successful
PAY0000794,INV0002658,STU000004,2026-12-17,Card,8374000,TXN-92145105WN,Successful
PAY0000795,INV0001733,STU000091,2029-01-31,Cash,4400000,TXN-73972207XH,Successful
PAY0000796,INV0000333,STU000840,2022-08-17,Cash,1918000,TXN-06585019PW,Successful
PAY0000797,INV0001999,STU000220,2021-06-05,Bank Transfer,17953000,TXN-83284169QS,Successful
PAY0000798,INV0002276,STU000699,2023-10-04,Bank Transfer,27480000,TXN-10769680SI,Successful
PAY0000799,INV0000243,STU000150,2029-11-20,Card,22497000,TXN-62135767QL,Successful
PAY0000800,INV0001504,STU000741,2027-01-26,Bank Transfer,8751000,TXN-90830504PF,Reversed
PAY0000801,INV0002035,STU000831,2024-10-22,Cash,6136000,TXN-01210898VI,Successful
PAY0000802,INV0001554,STU000158,2024-05-06,Card,4404000,TXN-56625682JZ,Successful
PAY0000803,INV0000391,STU000231,2028-06-21,Bank Transfer,8100000,TXN-89502508JL,Successful
PAY0000804,INV0002688,STU000353,2020-10-26,Bank Transfer,14449000,TXN-57331854GL,Successful
PAY0000805,INV0002607,STU000952,2022-10-22,Cash,7718000,TXN-05764873DS,Successful
PAY0000806,INV0000216,STU000923,2020-12-29,E-Wallet,7903000,TXN-51430952BZ,Successful
PAY0000807,INV0000519,STU000129,2022-01-28,Card,10129000,TXN-75798895IQ,Successful
PAY0000808,INV0000778,STU000451,2024-05-28,Card,6000000,TXN-25798961DS,Successful
PAY0000809,INV0001940,STU000068,2026-04-27,E-Wallet,13326000,TXN-32084286HF,Successful
PAY0000810,INV0002198,STU001343,2024-07-23,Bank Transfer,10355000,TXN-70171839RC,Successful
PAY0000811,INV0001496,STU001449,2030-07-09,E-Wallet,14307000,TXN-14523470DK,Successful
PAY0000812,INV0001048,STU000945,18/01/2027,E-Wallet,17165000,TXN-39892533FZ,Successful
PAY0000813,INV0000471,STU000704,2020-08-04,Cash,16163000,TXN-65232451TK,Pending
PAY0000814,INV0001802,STU001284,2026-02-06,E-Wallet,9474000,TXN-98545507SF,Successful
PAY0000815,INV0000767,STU001376,2025-10-20,E-Wallet,4367000,TXN-15174773KW,Successful
PAY0000816,INV0002348,STU000243,2024-03-27,Cash,14227000,TXN-68375477TI,Successful
PAY0000817,INV0001965,STU001004,2026-07-07,E-Wallet,6913000,TXN-93026917QG,Successful
PAY0000818,INV0001615,STU000969,2022-05-29,Bank Transfer,31251000,TXN-52752895QH,Successful
PAY0000819,INV0001398,STU000958,2028-09-26,Cash,7726000,TXN-39445975YS,Failed
PAY0000820,INV0001515,STU000666,2024-11-21,E-Wallet,14736000,TXN-35982797PX,Successful
PAY0000821,INV0002950,STU000049,2023-03-11,E-Wallet,5534000,TXN-95563184TJ,Successful
PAY0000822,INV0000359,STU000865,2024-09-09,Bank Transfer,9465000,TXN-53814964GE,Successful
PAY0000823,INV0000322,STU000792,2025-08-23,Bank Transfer,11738000,TXN-34977271VP,Pending
PAY0000824,INV0002101,STU001056,2024-07-26,E-Wallet,8745000,TXN-84334583PF,Pending
PAY0000825,INV0002773,STU000064,2025-05-20,Card,15996000,TXN-51232057PB,Successful
PAY0000826,INV0002614,STU001409,2025-01-27,Cash,3649000,TXN-45171947XF,Successful
PAY0000827,INV0001764,STU001482,2025-01-20,Cash,13431000,TXN-68622287NG,Successful
PAY0000828,INV0002284,STU000215,2026-06-03,Cash,19059000,TXN-73902013DY,Successful
PAY0000829,INV0002149,STU001463,2021-02-09,Card,79583000,TXN-58826458JB,Successful
PAY0000830,INV0002715,STU001454,2026-11-01,Cash,18276000,TXN-58862114JV,Successful
PAY0000831,INV0001719,STU001419,2024-11-10,E-Wallet,18776000,TXN-09073745WI,Successful
PAY0000832,INV0002951,STU000988,2025-11-17,Card,17919000,TXN-84840264JO,Successful
PAY0000833,INV0002219,STU000370,2024-06-05,Card,16956000,TXN-90901961IR,Failed
PAY0000834,INV0001419,STU000863,2024-02-12,Bank Transfer,12351000,TXN-84187475GH,Successful
PAY0000835,INV0001973,STU000977,2023-06-30,E-Wallet,14037000,TXN-26206912YE,Successful
PAY0000836,INV0001237,STU000238,2022-07-20,E-Wallet,8179000,TXN-19169084GE,Successful
PAY0000837,INV0000202,STU000824,2025-02-15,E-Wallet,4605000,TXN-11143490OV,Successful
PAY0000838,INV0002833,STU000526,2024-09-26,E-Wallet,5367000,TXN-95336687WI,Successful
PAY0000839,INV0001253,STU001259,16/04/2028,Bank Transfer,3233000,TXN-23223313PE,Successful
PAY0000840,INV0000531,STU000891,2022-11-13,E-Wallet,5548000,TXN-48405283YM,Successful
PAY0000841,INV0000595,STU000479,2025-09-10,E-Wallet,6983000,TXN-44480598HX,Successful
PAY0000842,INV0000559,STU000025,2028-04-06,Bank Transfer,3431000,TXN-33477362OC,Successful
PAY0000843,INV0002938,STU000600,2022-08-21,Cash,17217000,TXN-99748176RY,Successful
PAY0000844,INV0000504,STU000336,2022-12-17,Cash,22229000,TXN-01574986WT,Failed
PAY0000845,INV0000691,STU001015,2029-09-06,E-Wallet,5070000,TXN-42992550XT,Successful
PAY0000846,INV0000473,STU000369,2028-07-11,E-Wallet,15109000,TXN-01553587WI,Successful
PAY0000847,INV0002041,STU000111,2026-09-27,Bank Transfer,18424000,TXN-97590309HV,Successful
PAY0000848,INV0001999,STU000220,2021-07-29,Card,15948000,TXN-47968325WX,Reversed
PAY0000849,INV0000011,STU000583,2029-06-03,Bank Transfer,21060000,TXN-97353584SQ,Reversed
PAY0000850,INV0000346,STU001470,2025-06-04,Card,7268000,TXN-99587326QK,Successful
PAY0000851,INV0002743,STU001273,2024-05-11,E-Wallet,16832000,TXN-13661517LA,Successful
PAY0000852,INV0002267,STU001192,2020-02-05,Cash,13585000,TXN-42035593GS,Successful
PAY0000853,INV0002809,STU001479,2024-12-07,Cash,17445000,TXN-42083950VJ,Successful
PAY0000854,INV0000803,STU001257,2023-05-14,E-Wallet,12543000,TXN-43643104QU,Successful
PAY0000855,INV0002560,STU000164,2027-04-09,Card,5394000,TXN-81771162UX,Successful
PAY0000856,INV0001218,STU000477,2030-02-15,Bank Transfer,13044000,TXN-02042221EZ,Successful
PAY0000857,INV0002729,STU001051,2026-09-14,Bank Transfer,7672000,TXN-90531180HM,Successful
PAY0000858,INV0001363,STU001086,2020-11-25,Cash,21996000,TXN-49816166UI,Successful
PAY0000859,INV0001850,STU001073,2028-10-23,Bank Transfer,4941000,TXN-46181685OT,Successful
PAY0000860,INV0002514,STU000727,2025-08-07,Card,18773000,TXN-62004303YK,Successful
PAY0000861,INV0001294,STU001096,2027-11-11,Card,21021000,TXN-99570648VN,Successful
PAY0000862,INV0000056,STU001438,2024-10-02,E-Wallet,3955000,TXN-02409094RO,Failed
PAY0000863,INV0001898,STU001327,2021-07-31,Cash,5853000,TXN-49769965NH,Successful
PAY0000864,INV0000029,STU000037,2025-07-22,Bank Transfer,9375000,TXN-29165252FN,Successful
PAY0000865,INV0000303,STU000618,2026-05-25,Cash,10964000,TXN-37610166SA,Successful
PAY0000866,INV0002352,STU000437,2028-02-20,Bank Transfer,17883000,TXN-34585777DH,Successful
PAY0000867,INV0002270,STU001433,2022-09-30,Bank Transfer,7404000,TXN-36764730VZ,Successful
PAY0000868,INV0001262,STU000712,2024-02-09,E-Wallet,8808000,TXN-29490107JQ,Successful
PAY0000869,INV0001809,STU001121,30/06/2023,Card,16549000,TXN-38117747XX,Successful
PAY0000870,INV0001502,STU000358,2023-09-29,Bank Transfer,9712000,TXN-47904885QV,Successful
PAY0000871,INV0000080,STU001404,2027-10-21,Cash,6750000,TXN-08079340HD,Successful
PAY0000872,INV0001034,STU000944,2026-11-10,Cash,11292000,TXN-40750882RZ,Successful
PAY0000873,INV0000941,STU000635,,E-Wallet,23145000,TXN-17606692CW,Successful
PAY0000874,INV0000158,STU000010,2028-08-27,Card,24251000,TXN-43855879OE,Successful
PAY0000875,INV0002262,STU000555,2023-06-06,Bank Transfer,8135000,TXN-39273799HO,Successful
PAY0000876,INV0002818,STU000738,2029-11-06,Bank Transfer,6770000,TXN-72230996DH,Successful
PAY0000877,INV0001152,STU000398,2029-10-04,Card,3176000,TXN-33499591DX,Successful
PAY0000878,INV0001344,STU000397,2027-05-16,Cash,4389000,TXN-25209910KI,Successful
PAY0000879,INV0000925,STU001434,2025-03-20,E-Wallet,29386000,TXN-79620087KL,Successful
PAY0000880,INV0001879,STU000334,2023-03-22,E-Wallet,22706000,TXN-97433428TC,Successful
PAY0000881,INV0001321,STU001248,2026-09-03,Cash,11572000,TXN-69307241JO,Successful
PAY0000882,INV0002705,STU000734,2025-10-03,E-Wallet,4967000,TXN-96128525LD,Successful
PAY0000883,INV0002571,STU000611,2022-06-13,E-Wallet,7684000,TXN-91627021QU,Successful
PAY0000884,INV0002057,STU001307,2029-03-25,Card,29878000,TXN-05329597LR,Successful
PAY0000885,INV0002403,STU000493,26/08/2024,Bank Transfer,7076000,TXN-51785117VK,Successful
PAY0000886,INV0002983,STU000713,2025-02-23,Cash,27489000,TXN-98256345OC,Successful
PAY0000887,INV0002600,STU000420,2026-01-18,Cash,5060000,TXN-92164027WM,Successful
PAY0000888,INV0001288,STU001074,2027-03-10,Bank Transfer,12932000,TXN-60407540AC,Successful
PAY0000889,INV0002150,STU000686,2029-02-16,E-Wallet,5843000,TXN-33269493QQ,Successful
PAY0000890,INV0002478,STU000914,2026-06-11,E-Wallet,29455000,TXN-24749137SA,Successful
PAY0000891,INV0000942,STU001483,2026-04-30,E-Wallet,19983000,TXN-21513969JN,Failed
PAY0000892,INV0002185,STU000568,2026-12-11,E-Wallet,11565000,TXN-92429848KT,Successful
PAY0000893,INV0001140,STU001182,2025-01-16,E-Wallet,11534000,TXN-05249096QL,Successful
PAY0000894,INV0001490,STU000047,2021-12-23,Bank Transfer,15067000,TXN-22099384NE,Successful
PAY0000895,INV0002812,STU001318,2027-09-22,E-Wallet,9998000,TXN-12877237WH,Successful
PAY0000896,INV0000741,STU000897,2027-01-16,Card,25520000,TXN-80530447JJ,Successful
PAY0000897,INV0001452,STU000488,2028-04-05,E-Wallet,8088000,TXN-39308234YY,Successful
PAY0000898,INV0000819,STU000210,2020-08-04,Cash,7823000,TXN-08957791HY,Successful
PAY0000899,INV0001436,STU000424,2029-01-14,E-Wallet,10895000,TXN-50273391BV,Successful
PAY0000900,INV0000048,STU001463,2021-06-11,E-Wallet,14891000,TXN-60650855AY,Successful
PAY0000901,INV0000029,STU000037,2025-10-14,E-Wallet,13862000,TXN-55438174XV,Reversed
PAY0000902,INV0000607,STU000617,2026-08-01,E-Wallet,19472000,TXN-54109133FI,Successful
PAY0000903,INV0001769,STU001171,14/01/2027,Bank Transfer,8888000,TXN-95961063ZF,Pending
PAY0000904,INV0002129,STU000487,13/07/2025,Bank Transfer,24990000,TXN-73110603WI,Successful
PAY0000905,INV0001142,STU000436,2023-07-01,Bank Transfer,13860000,TXN-12513186VY,Successful
PAY0000906,INV0001655,STU000978,2023-07-10,E-Wallet,14656000,TXN-15502504FP,Failed
PAY0000907,INV0001138,STU000285,2023-11-03,Card,24710000,TXN-25953543UP,Successful
PAY0000908,INV0001365,STU000199,2024-05-10,Cash,6627000,TXN-29959705IP,Pending
PAY0000909,INV0001738,STU000347,2025-09-23,Card,4701000,TXN-88793495AA,Successful
PAY0000910,INV0002191,STU000495,2027-04-05,E-Wallet,14448000,TXN-79867740UH,Successful
PAY0000911,INV0002022,STU001221,2024-04-15,E-Wallet,10843000,TXN-59550161GJ,Reversed
PAY0000912,INV0001885,STU000831,2024-12-29,Cash,11387000,TXN-77782492SA,Successful
PAY0000913,INV0002950,STU000049,2023-03-26,Bank Transfer,7661000,TXN-74519950DA,Successful
PAY0000914,INV0001991,STU000548,2027-01-23,Card,17053000,TXN-72563452TN,Successful
PAY0000915,INV0002698,STU001113,2022-08-09,Bank Transfer,6058000,TXN-01862886RC,Successful
PAY0000916,INV0001370,STU001379,2024-07-14,Card,3672000,TXN-03721409LL,Successful
PAY0000917,INV0001045,STU001448,2022-11-04,E-Wallet,17604000,TXN-46633269QD,Successful
PAY0000918,INV0001908,STU001076,2024-04-30,Card,8646000,TXN-25758315OJ,Successful
PAY0000919,INV0000881,STU001420,2024-02-21,E-Wallet,9157000,TXN-50440666SB,Successful
PAY0000920,INV0002260,STU001448,2023-04-22,Bank Transfer,11792000,TXN-13024101LH,Successful
PAY0000921,INV0002121,STU001193,2023-02-16,Bank Transfer,9772000,TXN-90875386ZO,Successful
PAY0000922,INV0001368,STU000388,2026-08-18,Card,5861000,TXN-38834702JZ,Successful
PAY0000923,INV0001777,STU001175,2023-06-21,Card,14189000,TXN-35741297AM,Successful
PAY0000924,INV0000933,STU000664,2024-06-26,E-Wallet,5125000,TXN-19227192DT,Successful
PAY0000925,INV0001335,STU001320,2027-05-28,Cash,2380000,TXN-01465985TV,Successful
PAY0000926,INV0002856,STU000734,2024-12-03,Bank Transfer,14017000,TXN-78343476QH,Successful
PAY0000927,INV0000046,STU001451,2022-04-12,Card,23384000,TXN-37314159AL,Successful
PAY0000928,INV0001320,STU001363,17/10/2026,Bank Transfer,8565000,TXN-34066917SJ,Successful
PAY0000929,INV0000094,STU000861,2027-04-22,E-Wallet,27423000,TXN-29898691ZT,Successful
PAY0000930,INV0002361,STU001260,2022-12-09,E-Wallet,23260000,TXN-23094019OO,Successful
PAY0000931,INV0001401,STU000016,2022-03-25,Card,16679000,TXN-73118191WW,Successful
PAY0000932,INV0001544,STU000396,2022-08-11,Cash,4533000,TXN-28349392IE,Successful
PAY0000933,INV0000132,STU000420,2023-12-01,Card,5357000,TXN-68051994VY,Successful
PAY0000934,INV0002247,STU001035,2026-11-28,Bank Transfer,12643000,TXN-26542264FN,Successful
PAY0000935,INV0002886,STU000286,2025-08-07,Card,16325000,TXN-67049771KO,Successful
PAY0000936,INV0002415,STU000452,,Card,7982000,TXN-23811674KP,Successful
PAY0000937,INV0002952,STU000355,2024-07-24,Bank Transfer,34001000,TXN-67607792SX,Successful
PAY0000938,INV0000186,STU000197,2025-08-25,Cash,7065000,TXN-34066026EA,Successful
PAY0000939,INV0000955,STU001014,2029-02-13,E-Wallet,5910000,TXN-52424733ID,Successful
PAY0000940,INV0001892,STU000739,2025-12-16,Card,18863000,TXN-52732344LV,Successful
PAY0000941,INV0002696,STU000624,2023-07-01,Card,9731000,TXN-75198696TF,Failed
PAY0000942,INV0002429,STU000957,2021-09-08,E-Wallet,26471000,TXN-41229300RW,Successful
PAY0000943,INV0001683,STU000629,2025-10-28,Bank Transfer,6827000,TXN-88407770YV,Pending
PAY0000944,INV0002897,STU000384,2025-05-15,E-Wallet,4261000,TXN-27877373LI,Successful
PAY0000945,INV0000207,STU001040,2028-03-29,E-Wallet,6566000,TXN-73791211PK,Successful
PAY0000946,INV0001890,STU001375,2026-12-18,Bank Transfer,10591000,TXN-26360035DW,Successful
PAY0000947,INV0001517,STU000021,2022-10-14,E-Wallet,3394000,TXN-20452296IO,Successful
PAY0000948,INV0000725,STU000774,2029-11-11,Bank Transfer,10615000,TXN-42844702IC,Successful
PAY0000949,INV0000037,STU000037,2022-10-17,Card,4434000,TXN-05210469SN,Successful
PAY0000950,INV0000617,STU000064,2025-10-28,Card,19516000,TXN-96422464BZ,Successful
PAY0000951,INV0001552,STU000425,2024-07-18,Card,9335000,TXN-78529505BH,Pending
PAY0000952,INV0000142,STU000851,2022-03-11,E-Wallet,16185000,TXN-42545244TV,Successful
PAY0000953,INV0000640,STU000387,,E-Wallet,7715000,TXN-29554485GS,Pending
PAY0000954,INV0000963,STU001403,2020-07-09,Cash,12545000,TXN-90678462OC,Successful
PAY0000955,INV0002633,STU001265,2026-07-21,Bank Transfer,13716000,TXN-66273256UJ,Failed
PAY0000956,INV0000320,STU000412,2028-01-16,E-Wallet,19172000,TXN-37039203HK,Successful
PAY0000957,INV0000394,STU001023,2023-04-26,Cash,9576000,TXN-75276878UL,Successful
PAY0000958,INV0001577,STU000838,2024-07-14,Bank Transfer,12331000,TXN-91426281TT,Successful
PAY0000959,INV0000703,STU000455,2026-06-23,E-Wallet,11333000,TXN-23229194KT,Pending
PAY0000960,INV0001684,STU000719,2022-12-16,Bank Transfer,4839000,TXN-51107983PA,Successful
PAY0000961,INV0001993,STU001074,2024-07-09,Bank Transfer,21088000,TXN-95498809HQ,Successful
PAY0000962,INV0001148,STU000374,2023-01-21,Bank Transfer,8069000,TXN-11247905IL,Successful
PAY0000963,INV0001301,STU000494,2027-05-30,Bank Transfer,12669000,TXN-71441448SJ,Successful
PAY0000964,INV0002756,STU000626,2025-08-23,E-Wallet,13680000,TXN-94945645IY,Successful
PAY0000965,INV0002236,STU001334,2025-09-14,E-Wallet,12187000,TXN-85707889OP,Successful
PAY0000966,INV0000622,STU001453,2023-10-10,Bank Transfer,13827000,TXN-87348964KR,Successful
PAY0000967,INV0002314,STU001170,2024-03-02,E-Wallet,9311000,TXN-09593032LI,Successful
PAY0000968,INV0001008,STU000088,2025-05-06,E-Wallet,6191000,TXN-26608884NB,Successful
PAY0000969,INV0001920,STU000976,2027-12-17,Card,8342000,TXN-35423238CB,Successful
PAY0000970,INV0001204,STU000734,2025-05-24,Card,7962000,TXN-41934368AY,Successful
PAY0000971,INV0001554,STU000158,2024-02-06,Bank Transfer,2056000,TXN-01467763NO,Successful
PAY0000972,INV0002339,STU000715,,Bank Transfer,12608000,TXN-30280178GA,Successful
PAY0000973,INV0002523,STU000150,2028-02-12,E-Wallet,4243000,TXN-94704768BW,Successful
PAY0000974,INV0000118,STU001490,2023-10-17,E-Wallet,21863000,TXN-04068761JT,Successful
PAY0000975,INV0002530,STU000174,2024-03-19,E-Wallet,11319000,TXN-69398849BI,Successful
PAY0000976,INV0000805,STU000957,2021-11-20,E-Wallet,10670000,TXN-42326888LB,Successful
PAY0000977,INV0000167,STU000143,2025-10-28,Cash,2984000,TXN-80431002FW,Successful
PAY0000978,INV0001638,STU000130,2026-01-26,Card,10311000,TXN-61091202CW,Successful
PAY0000979,INV0002117,STU000803,2021-12-23,Bank Transfer,17808000,TXN-74329063XD,Successful
PAY0000980,INV0001222,STU000682,2023-01-21,E-Wallet,11068000,TXN-91688547EN,Reversed
PAY0000981,INV0002902,STU000842,,Bank Transfer,5594000,TXN-74573541FL,Pending
PAY0000982,INV0000340,STU000935,2025-03-31,Cash,16551000,TXN-18640841MV,Successful
PAY0000983,INV0000116,STU001337,2022-06-11,E-Wallet,8510000,TXN-04138689YF,Successful
PAY0000984,INV0002714,STU000112,2025-07-28,Cash,12596000,TXN-80755085WN,Successful
PAY0000985,INV0002836,STU001361,2025-10-25,Cash,10307000,TXN-41086063JQ,Successful
PAY0000986,INV0002351,STU000234,2022-05-01,Card,18990000,TXN-53523001HQ,Reversed
PAY0000987,INV0001178,STU001408,2024-11-29,Cash,34611000,TXN-89216113VY,Successful
PAY0000988,INV0000119,STU000283,2026-05-21,Cash,11989000,TXN-28217116PQ,Successful
PAY0000989,INV0002021,STU001441,2025-09-11,Card,4088000,TXN-91869943OX,Successful
PAY0000990,INV0001541,STU001428,2023-11-09,Bank Transfer,2462000,TXN-09871225SQ,Successful
PAY0000991,INV0002749,STU001221,2026-03-12,E-Wallet,30931000,TXN-47298568UA,Successful
PAY0000992,INV0000608,STU001266,2024-08-18,Card,12682000,TXN-19881366MH,Successful
PAY0000993,INV0002891,STU001418,2027-01-14,Cash,16153000,TXN-01714334MZ,Failed
PAY0000994,INV0000972,STU000799,02/08/2020,Card,17199000,TXN-61868711GL,Successful
PAY0000995,INV0000570,STU000008,2027-02-09,Card,15191000,TXN-73778479BO,Successful
PAY0000996,INV0001603,STU001440,2022-06-29,E-Wallet,11079000,TXN-43001727HO,Pending
PAY0000997,INV0002535,STU001070,2022-03-07,Card,3950000,TXN-08908815YU,Successful
PAY0000998,INV0002107,STU001017,2025-08-03,Bank Transfer,11144000,TXN-94201915NI,Successful
PAY0000999,INV0001035,STU000652,2025-11-13,Cash,4144000,TXN-60145119RF,Successful
PAY0001000,INV0002801,STU001117,,Bank Transfer,7973000,TXN-37818808JK,Successful
PAY0001001,INV0002781,STU000970,2024-12-06,Cash,10791000,TXN-40730793WK,Successful
PAY0001002,INV0001754,STU001301,2024-01-22,Card,10561000,TXN-39369597SW,Successful
PAY0001003,INV0002652,STU000058,2026-12-22,Cash,32412000,TXN-52105732ZM,Successful
PAY0001004,INV0000363,STU000618,2023-03-15,Cash,7386000,TXN-18296149HI,Successful
PAY0001005,INV0002071,STU000302,2028-07-17,Card,9693000,TXN-92419027QX,Successful
PAY0001006,INV0002736,STU001053,2030-01-01,Card,9525000,TXN-49418441FV,Failed
PAY0001007,INV0001004,STU000565,2023-01-18,Card,10677000,TXN-05223642WJ,Successful
PAY0001008,INV0001411,STU000493,2025-12-07,Card,9183000,TXN-92356012SE,Successful
PAY0001009,INV0001677,STU000514,2030-02-01,Bank Transfer,14301000,TXN-72318219JJ,Successful
PAY0001010,INV0000590,STU000120,2028-12-08,Bank Transfer,6222000,TXN-20878977AC,Successful
PAY0001011,INV0000291,STU000440,2025-03-24,Cash,34666000,TXN-07762360JZ,Successful
PAY0001012,INV0000486,STU001420,2028-01-30,Cash,5333000,TXN-02824973DD,Failed
PAY0001013,INV0002498,STU000839,2022-10-08,Bank Transfer,4412000,TXN-13075825XJ,Successful
PAY0001014,INV0001167,STU000889,2026-07-05,Bank Transfer,16484000,TXN-07823436UB,Successful
PAY0001015,INV0000028,STU001432,2023-04-28,Cash,15653000,TXN-02308982KV,Successful
PAY0001016,INV0001051,STU000180,2028-10-14,Cash,3559000,TXN-50387291HB,Successful
PAY0001017,INV0001138,STU000285,2023-12-02,Card,13474000,TXN-79651020HK,Successful
PAY0001018,INV0002589,STU000132,2026-09-22,Bank Transfer,15670000,TXN-09099314XX,Successful
PAY0001019,INV0002516,STU000465,2025-04-19,Card,18791000,TXN-15039338JT,Successful
PAY0001020,INV0001969,STU000406,2021-06-28,Cash,14695000,TXN-98963604RE,Successful
PAY0001021,INV0002174,STU001015,2026-12-10,Bank Transfer,14972000,TXN-18270411QT,Successful
PAY0001022,INV0001303,STU000124,2023-07-16,E-Wallet,14765000,TXN-02474129BJ,Successful
PAY0001023,INV0002327,STU001091,2026-07-14,Cash,7490000,TXN-87044639OM,Successful
PAY0001024,INV0002853,STU000858,2023-10-25,Card,3615000,TXN-41665609ZH,Successful
PAY0001025,INV0000413,STU001479,2027-01-20,Cash,5031000,TXN-66245582DA,Successful
PAY0001026,INV0001362,STU000520,2026-12-03,Cash,19976000,TXN-49055560ZD,Failed
PAY0001027,INV0002086,STU000403,2025-04-07,Cash,9592000,TXN-90476729LF,Successful
PAY0001028,INV0000108,STU000632,2025-05-17,Cash,14970000,TXN-14647683MP,Successful
PAY0001029,INV0000900,STU001152,2022-08-05,E-Wallet,5039000,TXN-40100551SA,Successful
PAY0001030,INV0000882,STU000238,2026-06-24,Bank Transfer,4757000,TXN-77996144OQ,Successful
PAY0001031,INV0000575,STU001376,2027-04-17,Cash,8580000,TXN-86996043CR,Pending
PAY0001032,INV0000535,STU000295,2025-10-16,Cash,7738000,TXN-58620871FB,Successful
PAY0001033,INV0002351,STU000234,2022-05-07,Card,22793000,TXN-06038749TT,Failed
PAY0001034,INV0002842,STU001006,2027-06-27,E-Wallet,5811000,TXN-89457629OM,Pending
PAY0001035,INV0000570,STU000008,2027-03-18,E-Wallet,15648000,TXN-54401598LK,Successful
PAY0001036,INV0001356,STU000688,2021-12-15,E-Wallet,15039000,TXN-10133964OV,Successful
PAY0001037,INV0002278,STU001006,2028-01-11,Cash,5541000,TXN-79956820JU,Successful
PAY0001038,INV0001793,STU001462,2026-11-06,Bank Transfer,4401000,TXN-86203312DL,Successful
PAY0001039,INV0000653,STU001020,17/11/2021,Bank Transfer,14147000,TXN-12464265KH,Pending
PAY0001040,INV0000179,STU000643,2027-09-09,Bank Transfer,12410000,TXN-90151433CW,Successful
PAY0001041,INV0001844,STU001429,2023-04-02,Card,3240000,TXN-28649281RA,Successful
PAY0001042,INV0002357,STU000729,,E-Wallet,13338000,TXN-23783256EM,Successful
PAY0001043,INV0001892,STU000739,2026-01-07,E-Wallet,14416000,TXN-10717369JR,Successful
PAY0001044,INV0000709,STU000270,2020-11-26,Bank Transfer,21835000,TXN-86966870BF,Successful
PAY0001045,INV0002670,STU000199,2024-05-04,Card,16457000,TXN-65256713LT,Successful
PAY0001046,INV0000023,STU001027,2023-07-15,Card,8681000,TXN-52426348BW,Pending
PAY0001047,INV0000818,STU000481,2021-11-11,Card,23524000,TXN-88063902XX,Successful
PAY0001048,INV0001354,STU000422,2021-10-12,Cash,8819000,TXN-30735389FB,Successful
PAY0001049,INV0001971,STU000103,2021-11-13,Bank Transfer,9488000,TXN-85135021YN,Successful
PAY0001050,INV0001048,STU000945,2026-10-23,E-Wallet,12937000,TXN-07670561DW,Successful
PAY0001051,INV0002531,STU000137,2021-03-08,Cash,3419000,TXN-48517459XD,Successful
PAY0001052,INV0000621,STU000042,12/12/2022,E-Wallet,13352000,TXN-54519762XY,Successful
PAY0001053,INV0001894,STU001413,2027-10-08,Bank Transfer,3449000,TXN-08241588PM,Successful
PAY0001054,INV0001038,STU000369,2030-03-08,Cash,11293000,TXN-42697521AD,Successful
PAY0001055,INV0001673,STU000594,2025-09-14,Cash,7444000,TXN-81620854NQ,Successful
PAY0001056,INV0001722,STU000959,2027-10-15,Cash,6758000,TXN-76034848GG,Successful
PAY0001057,INV0002719,STU000838,2022-11-21,Bank Transfer,4867000,TXN-33718494RZ,Reversed
PAY0001058,INV0001811,STU000712,2028-01-26,Card,13359000,TXN-65665821NQ,Successful
PAY0001059,INV0002808,STU000536,2023-01-15,E-Wallet,4244000,TXN-62033959LZ,Successful
PAY0001060,INV0000839,STU001239,2025-10-28,E-Wallet,15121000,TXN-06492875EU,Successful
PAY0001061,INV0000591,STU001361,2024-06-08,Bank Transfer,17200000,TXN-82043918LE,Successful
PAY0001062,INV0001753,STU000618,2023-08-27,Cash,10822000,TXN-55131919QI,Successful
PAY0001063,INV0000128,STU001455,2026-06-24,Bank Transfer,4700000,TXN-76994406VU,Successful
PAY0001064,INV0000145,STU001254,2021-06-18,E-Wallet,10348000,TXN-48013433QV,Successful
PAY0001065,INV0001138,STU000285,,E-Wallet,24148000,TXN-11897883EG,Successful
PAY0001066,INV0000448,STU000165,2023-09-12,Cash,19214000,TXN-92678746FN,Reversed
PAY0001067,INV0002695,STU000744,2022-11-03,E-Wallet,11611000,TXN-75773038CB,Successful
PAY0001068,INV0002432,STU000542,27/06/2023,E-Wallet,28972000,TXN-27334037UO,Successful
PAY0001069,INV0001757,STU000386,,Cash,8374000,TXN-63802992PZ,Successful
PAY0001070,INV0002785,STU000312,2024-04-10,Bank Transfer,8097000,TXN-68635342KH,Reversed
PAY0001071,INV0002722,STU001237,2026-11-19,Card,24612000,TXN-27662371QK,Successful
PAY0001072,INV0002239,STU001349,2022-01-06,Card,3906000,TXN-13608818RT,Pending
PAY0001073,INV0001103,STU000444,2029-04-06,Bank Transfer,9569000,TXN-76610053KJ,Successful
PAY0001074,INV0000580,STU001333,2027-08-07,Cash,22264000,TXN-40853236FT,Successful
PAY0001075,INV0000948,STU001354,2022-04-11,Card,16250000,TXN-85356481MJ,Successful
PAY0001076,INV0001079,STU000890,2024-12-08,Card,12131000,TXN-16088479WN,Failed
PAY0001077,INV0000254,STU001418,2024-11-17,E-Wallet,28800000,TXN-88258629RE,Successful
PAY0001078,INV0001529,STU000085,2024-07-11,Cash,7145000,TXN-60241492XL,Successful
PAY0001079,INV0000336,STU000551,2023-09-06,E-Wallet,6221000,TXN-91218598HL,Successful
PAY0001080,INV0000646,STU001228,2024-04-30,Cash,6846000,TXN-22534514PT,Pending
PAY0001081,INV0001574,STU001107,2028-09-19,E-Wallet,13712000,TXN-77737938RH,Successful
PAY0001082,INV0002746,STU000388,2027-11-26,Cash,31195000,TXN-43999112GV,Successful
PAY0001083,INV0000658,STU001373,2022-02-06,Bank Transfer,9760000,TXN-67499599YC,Successful
PAY0001084,INV0001365,STU000199,2024-05-08,E-Wallet,10378000,TXN-33053336JN,Successful
PAY0001085,INV0002082,STU001488,2020-11-11,E-Wallet,8433000,TXN-58847816BG,Successful
PAY0001086,INV0002225,STU000377,2025-02-12,Card,14768000,TXN-70931814SY,Successful
PAY0001087,INV0000928,STU000179,2026-08-01,Cash,10402000,TXN-29531124ZM,Successful
PAY0001088,INV0001479,STU001190,2025-02-07,Card,5156000,TXN-86064252FT,Successful
PAY0001089,INV0002034,STU000395,2023-07-02,Card,30352000,TXN-84603939OA,Successful
PAY0001090,INV0002332,STU000611,2022-08-06,Cash,6997000,TXN-37055820YL,Successful
PAY0001091,INV0000088,STU000456,2024-12-31,Bank Transfer,9906000,TXN-41718147KT,Successful
PAY0001092,INV0001964,STU001261,2023-10-02,Card,5561000,TXN-08854358IG,Failed
PAY0001093,INV0002713,STU000196,2027-01-14,Card,21172000,TXN-28454780XF,Successful
PAY0001094,INV0001728,STU001251,2022-05-18,Cash,12667000,TXN-43370752RE,Successful
PAY0001095,INV0000507,STU000202,2027-02-21,Cash,12987000,TXN-57663664DU,Successful
PAY0001096,INV0001297,STU001298,2025-02-08,E-Wallet,8784000,TXN-83139918NB,Successful
PAY0001097,INV0000101,STU000353,2019-08-21,E-Wallet,8570000,TXN-49342548BF,Successful
PAY0001098,INV0000767,STU001376,2025-09-30,Bank Transfer,4483000,TXN-84276771WZ,Pending
PAY0001099,INV0002734,STU000369,2029-07-14,E-Wallet,16563000,TXN-45946193HC,Successful
PAY0001100,INV0001544,STU000396,2022-08-15,E-Wallet,4026000,TXN-79233045TH,Successful
PAY0001101,INV0001736,STU001132,2029-03-06,Cash,16421000,TXN-37946222LX,Successful
PAY0001102,INV0001085,STU001344,2025-02-04,Card,16431000,TXN-46078176SE,Successful
PAY0001103,INV0002606,STU001091,2022-11-10,E-Wallet,11795000,TXN-03707800LE,Successful
PAY0001104,INV0001017,STU000455,2026-04-18,Card,15580000,TXN-99476232QX,Successful
PAY0001105,INV0001364,STU000194,2026-06-21,Card,11098000,TXN-71251830PG,Successful
PAY0001106,INV0001792,STU000489,2026-01-28,E-Wallet,15162000,TXN-13604069NI,Successful
PAY0001107,INV0002087,STU000772,2027-07-10,Cash,14485000,TXN-89444946IV,Failed
PAY0001108,INV0001878,STU001175,06/01/2025,Bank Transfer,15868000,TXN-75071182WF,Successful
PAY0001109,INV0000912,STU000737,2024-04-27,Cash,10349000,TXN-12643555ZN,Successful
PAY0001110,INV0001726,STU000915,2022-05-05,Cash,5177000,TXN-93279520BI,Pending
PAY0001111,INV0001256,STU001270,2027-06-07,Bank Transfer,16471000,TXN-60628444HL,Successful
PAY0001112,INV0002104,STU001455,2025-11-06,Cash,28721000,TXN-70400651RH,Successful
PAY0001113,INV0002299,STU000749,2025-09-18,Bank Transfer,8629000,TXN-34418069LK,Pending
PAY0001114,INV0001616,STU000428,2024-08-26,Card,4607000,TXN-27745509ZL,Successful
PAY0001115,INV0001542,STU000773,2027-09-15,Card,5983000,TXN-70483386MB,Failed
PAY0001116,INV0002626,STU001429,,Bank Transfer,12036000,TXN-13433178XR,Successful
PAY0001117,INV0002238,STU000855,2023-01-07,Cash,23362000,TXN-86750456VA,Successful
PAY0001118,INV0000835,STU001181,2022-05-02,Cash,17128000,TXN-79178169SD,Pending
PAY0001119,INV0002250,STU000172,16/09/2026,E-Wallet,4817000,TXN-10797065CA,Successful
PAY0001120,INV0001451,STU000496,2026-10-12,E-Wallet,6071000,TXN-63342927KF,Successful
PAY0001121,INV0000027,STU000231,2026-06-30,Card,18583000,TXN-04423823UY,Successful
PAY0001122,INV0001903,STU000162,2023-11-16,E-Wallet,10336000,TXN-03659986IC,Successful
PAY0001123,INV0000409,STU001274,2026-02-08,Bank Transfer,19191000,TXN-89026579TP,Successful
PAY0001124,INV0000445,STU000248,2025-09-27,Card,7821000,TXN-45347270KU,Successful
PAY0001125,INV0002518,STU000404,2028-11-02,E-Wallet,2066000,TXN-02904746AG,Successful
PAY0001126,INV0002817,STU001059,2028-03-21,Cash,14216000,TXN-24480329TJ,Successful
PAY0001127,INV0002199,STU001213,2022-09-07,Cash,14447000,TXN-58941732AY,Successful
PAY0001128,INV0000953,STU000012,2023-02-03,Bank Transfer,20928000,TXN-23743262UJ,Successful
PAY0001129,INV0000621,STU000042,2022-12-30,Cash,19532000,TXN-04706882UI,Successful
PAY0001130,INV0002612,STU000043,2024-01-18,Cash,12662000,TXN-75151481CN,Successful
PAY0001131,INV0000876,STU001436,2024-12-03,Bank Transfer,4007000,TXN-41277083KE,Successful
PAY0001132,INV0000303,STU000618,2026-05-14,Cash,12570000,TXN-07057365SO,Successful
PAY0001133,INV0002094,STU001253,2025-01-17,Card,6226000,TXN-41553824PF,Successful
PAY0001134,INV0000203,STU001330,2026-11-15,Bank Transfer,19395000,TXN-06718662XQ,Successful
PAY0001135,INV0001013,STU001331,2023-01-01,Bank Transfer,5894000,TXN-12294050RJ,Successful
PAY0001136,INV0000574,STU001402,2022-06-14,Bank Transfer,2856000,TXN-05056307RH,Successful
PAY0001137,INV0001025,STU001405,2025-08-24,E-Wallet,10780000,TXN-58315727IU,Successful
PAY0001138,INV0001262,STU000712,2024-01-06,E-Wallet,28719000,TXN-11556762IW,Successful
PAY0001139,INV0000270,STU000336,2025-04-13,Card,6494000,TXN-69936625PZ,Successful
PAY0001140,INV0001836,STU000748,2022-08-22,E-Wallet,6051000,TXN-06803358NT,Successful
PAY0001141,INV0000749,STU001161,2026-11-01,Bank Transfer,8159000,TXN-15657483BS,Successful
PAY0001142,INV0001102,STU001393,2027-06-30,Card,12225000,TXN-98427806SG,Successful
PAY0001143,INV0000825,STU000648,2026-05-21,Bank Transfer,7447000,TXN-01250552NF,Successful
PAY0001144,INV0002882,STU000393,2027-04-05,Cash,13489000,TXN-42856347FI,Successful
PAY0001145,INV0000326,STU000164,2027-07-13,E-Wallet,13164000,TXN-80897632PN,Successful
PAY0001146,INV0001518,STU000466,2024-10-15,Bank Transfer,3137000,TXN-33375810ZM,Successful
PAY0001147,INV0000930,STU001386,14/06/2025,Card,14618000,TXN-67637151QZ,Successful
PAY0001148,INV0000133,STU001087,2023-10-05,E-Wallet,20796000,TXN-93297949VG,Successful
PAY0001149,INV0001229,STU000395,2025-11-22,Bank Transfer,10504000,TXN-15226293UR,Pending
PAY0001150,INV0001652,STU001277,2029-04-26,Cash,7021000,TXN-52008091DE,Successful
PAY0001151,INV0000680,STU001251,,Bank Transfer,19758000,TXN-19740673TJ,Successful
PAY0001152,INV0000012,STU000976,,Card,17212000,TXN-35088022GB,Successful
PAY0001153,INV0000562,STU001025,2024-07-04,Cash,28215000,TXN-59061170IY,Pending
PAY0001154,INV0001235,STU000290,2024-10-28,E-Wallet,13352000,TXN-94199570IP,Successful
PAY0001155,INV0001677,STU000514,2030-01-17,E-Wallet,14875000,TXN-43255727CY,Successful
PAY0001156,INV0001218,STU000477,2030-02-20,Card,16720000,TXN-21578522DV,Successful
PAY0001157,INV0002840,STU001268,2025-03-06,Card,11590000,TXN-32049998XQ,Successful
PAY0001158,INV0000943,STU000372,2028-12-07,Cash,4744000,TXN-79300404JQ,Reversed
PAY0001159,INV0000207,STU001040,2028-04-06,Bank Transfer,8088000,TXN-47025767SS,Successful
PAY0001160,INV0001536,STU001158,2026-01-29,E-Wallet,7960000,TXN-72924969JK,Failed
PAY0001161,INV0000395,STU000220,2024-07-12,Cash,18706000,TXN-51582849ZH,Failed
PAY0001162,INV0000242,STU000821,2025-04-09,Cash,23343000,TXN-88573899FW,Successful
PAY0001163,INV0001115,STU000459,2030-02-17,Cash,8229000,TXN-66495290NZ,Pending
PAY0001164,INV0000836,STU000810,2024-06-30,Bank Transfer,16381000,TXN-56783880DM,Successful
PAY0001165,INV0000046,STU001451,2022-04-21,Card,18513000,TXN-61836966GT,Successful
PAY0001166,INV0002159,STU001043,2025-12-30,Bank Transfer,12155000,TXN-32458327UZ,Successful
PAY0001167,INV0002095,STU001397,2021-12-20,Cash,3586000,TXN-16542796UH,Successful
PAY0001168,INV0002173,STU000467,2025-06-04,E-Wallet,8803000,TXN-79838739RT,Successful
PAY0001169,INV0000710,STU000323,2025-10-01,Card,4525000,TXN-89958714JC,Successful
PAY0001170,INV0002550,STU000823,2022-11-06,Cash,47470000,TXN-98921545FN,Successful
PAY0001171,INV0002568,STU000110,2020-07-24,E-Wallet,11975000,TXN-45262283BF,Successful
PAY0001172,INV0000202,STU000824,2024-12-13,Card,15940000,TXN-81377837UK,Successful
PAY0001173,INV0002508,STU001107,2025-12-13,Bank Transfer,23599000,TXN-53423006TP,Successful
PAY0001174,INV0000991,STU001204,2021-10-18,Card,5766000,TXN-71979389TY,Successful
PAY0001175,INV0000225,STU000796,2022-06-21,Card,3398000,TXN-00791169DH,Successful
PAY0001176,INV0001650,STU000045,12/11/2027,Cash,15126000,TXN-30795304NG,Successful
PAY0001177,INV0002924,STU000825,2023-02-14,E-Wallet,9379000,TXN-28872446PW,Successful
PAY0001178,INV0001066,STU001126,2024-09-24,Bank Transfer,17032000,TXN-36242803YJ,Successful
PAY0001179,INV0001693,STU000594,2024-07-30,Card,13965000,TXN-17857036WD,Successful
PAY0001180,INV0001024,STU000094,2025-08-02,Cash,8075000,TXN-12134336WQ,Successful
PAY0001181,INV0001275,STU000712,2025-02-13,Cash,5149000,TXN-33572158EJ,Successful
PAY0001182,INV0001800,STU001275,2022-01-03,Cash,4952000,TXN-31086942KX,Successful
PAY0001183,INV0001093,STU000993,2023-06-22,Cash,3407000,TXN-28410627KS,Successful
PAY0001184,INV0000371,STU000669,2026-04-07,Bank Transfer,16329000,TXN-17566284MN,Failed
PAY0001185,INV0001074,STU000668,2022-12-28,Card,24019000,TXN-14669887TS,Successful
PAY0001186,INV0001225,STU000759,2025-06-24,E-Wallet,19416000,TXN-13290246NX,Successful
PAY0001187,INV0000198,STU000783,2025-06-01,Bank Transfer,4903000,TXN-06461721LR,Successful
PAY0001188,INV0000969,STU001230,2022-04-28,Cash,7189000,TXN-24776078JA,Successful
PAY0001189,INV0001231,STU000578,2027-09-26,Cash,6542000,TXN-82363246QB,Successful
PAY0001190,INV0002362,STU001377,2026-01-11,Cash,9178000,TXN-96599170CH,Successful
PAY0001191,INV0000467,STU001147,2021-01-04,E-Wallet,22720000,TXN-72366762WS,Successful
PAY0001192,INV0002684,STU001226,2028-07-20,E-Wallet,6801000,TXN-47778784YR,Successful
PAY0001193,INV0000014,STU000081,2026-03-06,Cash,7291000,TXN-63344099HM,Successful
PAY0001194,INV0002646,STU000211,2028-02-02,Card,7423000,TXN-34590939VE,Successful
PAY0001195,INV0000652,STU001218,2021-05-26,E-Wallet,4536000,TXN-94578609GR,Successful
PAY0001196,INV0001616,STU000428,2024-07-16,Bank Transfer,11096000,TXN-64879670JP,Successful
PAY0001197,INV0000095,STU000060,,Cash,6168000,TXN-35728170NQ,Successful
PAY0001198,INV0002749,STU001221,2026-04-23,Card,27475000,TXN-18101390AR,Successful
PAY0001199,INV0001857,STU001030,2029-03-15,Cash,10014000,TXN-81957986DD,Successful
PAY0001200,INV0002118,STU001408,22/02/2023,Bank Transfer,5050000,TXN-87313746PG,Successful
PAY0001201,INV0000356,STU001232,2024-02-28,Bank Transfer,9379000,TXN-65626492JM,Successful
PAY0001202,INV0002442,STU001016,2026-12-15,Cash,11717000,TXN-55202175SM,Successful
PAY0001203,INV0000955,STU001014,2029-02-01,E-Wallet,11296000,TXN-61987989JY,Failed
PAY0001204,INV0000382,STU000629,2022-08-05,Card,30894000,TXN-63540971FH,Pending
PAY0001205,INV0001427,STU000707,2025-10-22,E-Wallet,15266000,TXN-47897226SJ,Successful
PAY0001206,INV0000832,STU000507,2023-04-24,Cash,19259000,TXN-76036603IA,Successful
PAY0001207,INV0001592,STU000441,2022-09-26,Cash,9787000,TXN-28733847DH,Reversed
PAY0001208,INV0000454,STU000631,2020-11-20,Cash,18328000,TXN-33817951HD,Successful
PAY0001209,INV0000060,STU001205,2026-03-29,E-Wallet,13214000,TXN-93720775FK,Successful
PAY0001210,INV0002041,STU000111,,Bank Transfer,24649000,TXN-72810979BD,Successful
PAY0001211,INV0001326,STU000046,2021-12-27,Cash,11010000,TXN-24479404ND,Successful
PAY0001212,INV0002610,STU001385,2028-06-04,Cash,9186000,TXN-48246840MT,Failed
PAY0001213,INV0002212,STU000825,2022-10-01,Card,12612000,TXN-97691643LO,Successful
PAY0001214,INV0001646,STU000697,2025-12-04,Card,8020000,TXN-09199003AY,Successful
PAY0001215,INV0002203,STU000448,2022-03-28,Cash,86788000,TXN-47115696WB,Successful
PAY0001216,INV0001456,STU000252,2022-11-15,Card,6378000,TXN-18497597TN,Pending
PAY0001217,INV0001277,STU000418,2021-03-25,Cash,24433000,TXN-01863261DF,Successful
PAY0001218,INV0000187,STU001169,2027-04-16,E-Wallet,22188000,TXN-38322297GS,Successful
PAY0001219,INV0000368,STU000199,2025-02-02,E-Wallet,11746000,TXN-89326120ZP,Successful
PAY0001220,INV0002818,STU000738,2029-10-19,Bank Transfer,3902000,TXN-01180873NM,Successful
PAY0001221,INV0000381,STU001062,2025-03-07,Bank Transfer,7746000,TXN-85106306OT,Successful
PAY0001222,INV0001106,STU000262,2026-11-27,Cash,4382000,TXN-37600123SP,Successful
PAY0001223,INV0001735,STU000346,2025-01-24,Bank Transfer,8456000,TXN-35583084QW,Successful
PAY0001224,INV0000029,STU000037,2025-08-27,Cash,25231000,TXN-77996362UW,Successful
PAY0001225,INV0001642,STU000050,2024-11-20,Card,11511000,TXN-35331979KW,Successful
PAY0001226,INV0002249,STU001208,2026-08-22,Card,7645000,TXN-10531953FT,Successful
PAY0001227,INV0000224,STU000208,2022-09-08,E-Wallet,3396000,TXN-34560245NG,Failed
PAY0001228,INV0001913,STU000837,2025-03-30,Bank Transfer,31573000,TXN-68426459BG,Successful
PAY0001229,INV0000763,STU000325,2024-03-04,Card,11286000,TXN-94045615CG,Pending
PAY0001230,INV0001712,STU000095,2025-06-11,Card,7949000,TXN-84348934LM,Reversed
PAY0001231,INV0000122,STU001481,2026-04-29,Card,13167000,TXN-50666933DA,Successful
PAY0001232,INV0000777,STU001241,2023-11-22,Card,29731000,TXN-13103465VP,Successful
PAY0001233,INV0001786,STU000019,2027-06-08,E-Wallet,18628000,TXN-38261467JU,Successful
PAY0001234,INV0000856,STU000972,2029-07-30,E-Wallet,11029000,TXN-54798811SX,Successful
PAY0001235,INV0000752,STU001332,2024-05-15,Card,14787000,TXN-11399228PR,Successful
PAY0001236,INV0001682,STU000828,2027-07-18,E-Wallet,4789000,TXN-24039507VV,Successful
PAY0001237,INV0000218,STU000735,2027-11-09,E-Wallet,33045000,TXN-14865447SR,Successful
PAY0001238,INV0000854,STU001352,2023-06-04,Cash,6060000,TXN-59749098RY,Successful
PAY0001239,INV0002163,STU000824,2023-04-04,Bank Transfer,6505000,TXN-55427112FB,Successful
PAY0001240,INV0000852,STU001437,2022-10-10,Bank Transfer,10563000,TXN-37701700XV,Successful
PAY0001241,INV0000781,STU000988,11/05/2022,Card,3652000,TXN-45480504UJ,Successful
PAY0001242,INV0000297,STU000173,2024-03-20,Card,29166000,TXN-86643287KO,Successful
PAY0001243,INV0000391,STU000231,2028-05-02,Cash,11850000,TXN-33023559OK,Successful
PAY0001244,INV0002252,STU000627,2025-10-20,E-Wallet,18094000,TXN-79732187UM,Successful
PAY0001245,INV0002300,STU000526,2025-07-11,Bank Transfer,4638000,TXN-83301774MY,Successful
PAY0001246,INV0000084,STU000842,2024-03-19,Cash,3767000,TXN-78491024ST,Failed
PAY0001247,INV0001015,STU000399,2029-07-11,Bank Transfer,9412000,TXN-57666124JS,Successful
PAY0001248,INV0000445,STU000248,2025-09-22,Cash,11328000,TXN-34296314XY,Successful
PAY0001249,INV0002853,STU000858,2023-10-07,Cash,8828000,TXN-27460135XO,Successful
PAY0001250,INV0000836,STU000810,2024-05-21,Cash,25891000,TXN-58931955IW,Successful
PAY0001251,INV0000775,STU001421,2028-10-27,Bank Transfer,10568000,TXN-62514138NY,Successful
PAY0001252,INV0001271,STU001297,2024-06-19,Card,4440000,TXN-94693964CT,Successful
PAY0001253,INV0000949,STU000480,2024-11-02,E-Wallet,10625000,TXN-45437663FS,Successful
PAY0001254,INV0002267,STU001192,2020-02-19,Bank Transfer,11080000,TXN-29408640GE,Successful
PAY0001255,INV0001134,STU000480,2027-02-01,Card,3755000,TXN-67091614UJ,Failed
PAY0001256,INV0002641,STU000590,2029-10-13,E-Wallet,8865000,TXN-53703870GG,Successful
PAY0001257,INV0000180,STU000619,2029-04-23,Bank Transfer,9852000,TXN-36367466TM,Successful
PAY0001258,INV0000828,STU000867,2024-09-05,Card,4507000,TXN-57502006YV,Successful
PAY0001259,INV0001418,STU000331,2022-03-24,Bank Transfer,19746000,TXN-41499016HN,Successful
PAY0001260,INV0000220,STU000742,2023-06-06,E-Wallet,14957000,TXN-80440857AR,Successful
PAY0001261,INV0002719,STU000838,2020-08-29,Bank Transfer,5360000,TXN-79413060WD,Successful
PAY0001262,INV0002194,STU000602,2027-09-30,E-Wallet,18709000,TXN-13432295VP,Successful
PAY0001263,INV0000611,STU000605,14/06/2022,Bank Transfer,11486000,TXN-57587631IU,Successful
PAY0001264,INV0001115,STU000459,2030-02-05,E-Wallet,2469000,TXN-55998532JT,Failed
PAY0001265,INV0002389,STU000340,2026-04-04,E-Wallet,10006000,TXN-71364894RT,Successful
PAY0001266,INV0002807,STU001258,17/12/2024,Bank Transfer,4211000,TXN-67308787BF,Successful
PAY0001267,INV0001829,STU000264,2025-09-22,Cash,30638000,TXN-10107279RX,Successful
PAY0001268,INV0001648,STU000303,2026-05-14,Cash,22732000,TXN-15571233OI,Successful
PAY0001269,INV0000733,STU001460,2021-10-28,E-Wallet,17090000,TXN-62877062ZW,Reversed
PAY0001270,INV0001533,STU000970,2024-11-07,Cash,24499000,TXN-11321640SM,Successful
PAY0001271,INV0000926,STU001365,2025-07-06,E-Wallet,12501000,TXN-99912172EM,Successful
PAY0001272,INV0002297,STU000595,2025-05-01,Bank Transfer,9829000,TXN-56376024UQ,Successful
PAY0001273,INV0000925,STU001434,2025-04-09,Bank Transfer,16250000,TXN-63034420RJ,Successful
PAY0001274,INV0002694,STU001350,2026-12-08,Cash,12529000,TXN-77939765TU,Successful
PAY0001275,INV0000043,STU001343,2026-03-06,E-Wallet,1894000,TXN-88928233HS,Successful
PAY0001276,INV0000992,STU000127,2027-08-30,Bank Transfer,13602000,TXN-98225946GM,Successful
PAY0001277,INV0000468,STU001417,2024-12-30,E-Wallet,6321000,TXN-34899216YZ,Failed
PAY0001278,INV0001360,STU000748,2026-11-12,Card,7219000,TXN-70583223YI,Successful
PAY0001279,INV0001358,STU001354,2022-03-19,Cash,14430000,TXN-72204880YL,Successful
PAY0001280,INV0001395,STU000260,2023-05-03,Card,21147000,TXN-16126374VN,Successful
PAY0001281,INV0001015,STU000399,2029-08-09,E-Wallet,9655000,TXN-74981009XC,Successful
PAY0001282,INV0001300,STU000919,2022-06-19,E-Wallet,14530000,TXN-19025558HI,Successful
PAY0001283,INV0002562,STU000904,2027-04-30,Bank Transfer,8204000,TXN-36954320TT,Successful
PAY0001284,INV0001882,STU001038,2021-10-30,E-Wallet,4229000,TXN-54448368WW,Successful
PAY0001285,INV0002793,STU000808,2026-09-28,Card,8934000,TXN-53624046EY,Failed
PAY0001286,INV0000711,STU000796,2021-08-30,Bank Transfer,13008000,TXN-37612848RS,Successful
PAY0001287,INV0002680,STU000799,2021-07-29,Cash,5594000,TXN-10113679IN,Successful
PAY0001288,INV0002642,STU000667,2023-01-11,E-Wallet,20102000,TXN-05752152GH,Successful
PAY0001289,INV0002159,STU001043,2025-11-23,Bank Transfer,10985000,TXN-94425372HX,Pending
PAY0001290,INV0001441,STU000121,2022-01-12,Bank Transfer,13624000,TXN-38652296WW,Successful
PAY0001291,INV0002837,STU001411,2025-04-05,E-Wallet,5572000,TXN-50281118FG,Successful
PAY0001292,INV0000817,STU000440,2024-08-01,E-Wallet,10160000,TXN-95917543UM,Successful
PAY0001293,INV0000847,STU000694,,Card,32199000,TXN-05323163RS,Pending
PAY0001294,INV0002622,STU001142,2024-02-04,Bank Transfer,20249000,TXN-83758635HI,Successful
PAY0001295,INV0002913,STU000987,2024-05-12,Cash,18072000,TXN-04846403GY,Successful
PAY0001296,INV0000402,STU000713,2026-08-29,Bank Transfer,17650000,TXN-91279508OX,Successful
PAY0001297,INV0002126,STU000578,2027-01-25,Cash,6844000,TXN-33008473ZD,Successful
PAY0001298,INV0002497,STU000123,2024-10-13,E-Wallet,11495000,TXN-44006872EK,Successful
PAY0001299,INV0000985,STU001391,2027-10-21,Card,13625000,TXN-35940563FO,Successful
PAY0001300,INV0002159,STU001043,2025-11-18,Bank Transfer,12587000,TXN-76384499VY,Successful
PAY0001301,INV0000962,STU000155,2026-08-24,E-Wallet,16519000,TXN-80633967HO,Reversed
PAY0001302,INV0002364,STU001101,2029-08-11,Cash,19352000,TXN-35105181RY,Reversed
PAY0001303,INV0001604,STU000941,2023-10-12,Cash,1998000,TXN-32072847SH,Successful
PAY0001304,INV0001503,STU001266,2023-11-22,E-Wallet,19148000,TXN-78914613US,Failed
PAY0001305,INV0000308,STU001161,,Bank Transfer,19568000,TXN-78306716PG,Successful
PAY0001306,INV0002031,STU000248,2024-12-18,E-Wallet,9265000,TXN-41455512MH,Successful
PAY0001307,INV0002468,STU000445,2024-03-20,E-Wallet,6419000,TXN-51021407ZQ,Successful
PAY0001308,INV0002727,STU001353,2026-09-21,Bank Transfer,17230000,TXN-66995831RP,Failed
PAY0001309,INV0002886,STU000286,2025-06-24,E-Wallet,25394000,TXN-89902090LU,Successful
PAY0001310,INV0001718,STU000994,2028-11-08,Card,8397000,TXN-45352240JT,Failed
PAY0001311,INV0000662,STU000916,2023-11-27,Card,7335000,TXN-13169736NY,Successful
PAY0001312,INV0001596,STU000676,2025-07-17,Bank Transfer,3223000,TXN-82961873UH,Reversed
PAY0001313,INV0000282,STU000356,15/01/2027,Card,2393000,TXN-57731805RH,Successful
PAY0001314,INV0001384,STU000159,2022-10-06,Cash,11009000,TXN-54943666XD,Successful
PAY0001315,INV0001776,STU001444,2022-04-29,Card,13888000,TXN-41166163HE,Successful
PAY0001316,INV0002248,STU001342,2026-03-10,Card,9360000,TXN-35395359UG,Successful
PAY0001317,INV0002493,STU000491,2024-05-07,Cash,14428000,TXN-84280637OK,Successful
PAY0001318,INV0002858,STU001326,2023-09-28,Card,9868000,TXN-89966359GL,Reversed
PAY0001319,INV0001301,STU000494,2027-03-11,Bank Transfer,15352000,TXN-84536561NG,Successful
PAY0001320,INV0000117,STU000817,2026-09-29,Card,32532000,TXN-38821810TL,Successful
PAY0001321,INV0002764,STU000269,2028-03-06,Bank Transfer,11452000,TXN-79095895NV,Successful
PAY0001322,INV0002218,STU001188,2025-01-15,Bank Transfer,6108000,TXN-76593695JW,Successful
PAY0001323,INV0001219,STU000563,2025-08-15,Cash,4898000,TXN-09690512OD,Failed
PAY0001324,INV0002269,STU000574,2026-09-22,Card,14343000,TXN-70824258BW,Pending
PAY0001325,INV0000463,STU000768,2026-01-01,Bank Transfer,30415000,TXN-82698645AS,Successful
PAY0001326,INV0001075,STU000666,2027-03-02,E-Wallet,17293000,TXN-99594055OD,Successful
PAY0001327,INV0002120,STU000172,2024-03-25,Card,16449000,TXN-92211507YD,Successful
PAY0001328,INV0001998,STU000195,2025-12-19,E-Wallet,3751000,TXN-05480992IG,Successful
PAY0001329,INV0000459,STU000011,2026-01-16,Cash,8850000,TXN-25130526ZN,Successful
PAY0001330,INV0000248,STU000555,2022-08-18,Card,13091000,TXN-22192160BE,Reversed
PAY0001331,INV0001380,STU001389,2030-01-15,Card,3725000,TXN-05390748UT,Successful
PAY0001332,INV0002205,STU000383,2027-09-07,Bank Transfer,9352000,TXN-31302557SL,Successful
PAY0001333,INV0000429,STU001455,2024-01-01,Cash,25390000,TXN-11827559QX,Successful
PAY0001334,INV0002343,STU000610,2023-06-05,Cash,5471000,TXN-01539671AP,Successful
PAY0001335,INV0002654,STU000991,2026-05-06,Bank Transfer,5251000,TXN-25277172AV,Successful
PAY0001336,INV0000886,STU000516,2024-10-31,Card,12250000,TXN-23515495VG,Successful
PAY0001337,INV0002455,STU000479,2023-05-11,Card,9185000,TXN-39831653KV,Successful
PAY0001338,INV0000971,STU001213,2023-04-29,E-Wallet,10367000,TXN-64038277MU,Successful
PAY0001339,INV0000063,STU001283,,Bank Transfer,3705000,TXN-76922303KW,Reversed
PAY0001340,INV0000763,STU000325,2024-02-21,Bank Transfer,13287000,TXN-05571032YX,Successful
PAY0001341,INV0002112,STU000781,2024-03-12,Card,18516000,TXN-71979122FS,Successful
PAY0001342,INV0001754,STU001301,2023-12-22,Bank Transfer,8949000,TXN-06167628GE,Successful
PAY0001343,INV0002616,STU000811,2025-01-25,E-Wallet,24646000,TXN-94425227UJ,Successful
PAY0001344,INV0001077,STU001040,2026-07-12,Card,11101000,TXN-04864749NN,Pending
PAY0001345,INV0001091,STU001472,2024-10-17,Cash,8170000,TXN-92256844CZ,Pending
PAY0001346,INV0001501,STU001209,2027-07-06,Card,17436000,TXN-10474497WL,Successful
PAY0001347,INV0001344,STU000397,2027-07-13,Card,4861000,TXN-83947373OI,Successful
PAY0001348,INV0000026,STU000942,2021-01-05,Cash,12877000,TXN-80711052VJ,Successful
PAY0001349,INV0001366,STU001360,2023-07-04,Card,7546000,TXN-66444170BM,Successful
PAY0001350,INV0002964,STU001051,2026-11-03,Cash,4140000,TXN-64538131NP,Successful
PAY0001351,INV0001231,STU000578,2027-08-26,Bank Transfer,6976000,TXN-94654156VH,Pending
PAY0001352,INV0002420,STU001320,2025-01-22,Cash,7823000,TXN-42254029UH,Successful
PAY0001353,INV0001111,STU001418,2027-02-17,Cash,8247000,TXN-12683857QL,Successful
PAY0001354,INV0000798,STU000649,2025-10-08,Cash,4384000,TXN-42316267ZK,Successful
PAY0001355,INV0002639,STU000020,2027-05-29,Bank Transfer,13853000,TXN-00089135GM,Successful
PAY0001356,INV0001422,STU000743,23/06/2020,E-Wallet,24606000,TXN-67050354SY,Successful
PAY0001357,INV0000342,STU000507,2023-04-29,Bank Transfer,3318000,TXN-49494017XU,Successful
PAY0001358,INV0002409,STU000834,2026-12-13,Cash,7954000,TXN-89567375BW,Pending
PAY0001359,INV0002684,STU001226,2028-08-15,Bank Transfer,6301000,TXN-90556337PV,Successful
PAY0001360,INV0001945,STU000868,2025-08-17,Card,20836000,TXN-12027273FQ,Failed
PAY0001361,INV0001677,STU000514,2030-02-12,Bank Transfer,17776000,TXN-51952336DD,Successful
PAY0001362,INV0001815,STU001074,2026-06-01,Card,5416000,TXN-81640351RT,Successful
PAY0001363,INV0002424,STU000903,2026-10-19,Bank Transfer,10951000,TXN-91919538KT,Successful
PAY0001364,INV0002301,STU000477,2030-05-10,E-Wallet,11520000,TXN-08714352EE,Successful
PAY0001365,INV0001614,STU001478,2024-07-09,Card,6168000,TXN-80686400CH,Successful
PAY0001366,INV0002847,STU001142,2024-06-27,Card,8914000,TXN-04247674TX,Successful
PAY0001367,INV0000621,STU000042,2023-02-13,Card,12996000,TXN-19136830YW,Successful
PAY0001368,INV0002282,STU001333,2024-04-17,Bank Transfer,6591000,TXN-19300987PH,Successful
PAY0001369,INV0001022,STU000656,2023-03-01,Bank Transfer,22234000,TXN-15543407MW,Successful
PAY0001370,INV0001466,STU000911,2029-10-23,Cash,5989000,TXN-98373094JK,Successful
PAY0001371,INV0000470,STU000013,2027-05-03,E-Wallet,7241000,TXN-34221837GV,Successful
PAY0001372,INV0001419,STU000863,2024-03-28,Card,13562000,TXN-20233285CX,Successful
PAY0001373,INV0001756,STU001422,2024-06-14,Card,7998000,TXN-37569304TE,Pending
PAY0001374,INV0001621,STU000652,2026-05-19,Card,5851000,TXN-65281570LR,Reversed
PAY0001375,INV0001606,STU001092,2028-08-29,Cash,7129000,TXN-22173813HX,Reversed
PAY0001376,INV0002294,STU001176,2026-03-21,Card,10818000,TXN-63839146SY,Successful
PAY0001377,INV0002600,STU000420,2025-12-31,Cash,12572000,TXN-58222376JL,Successful
PAY0001378,INV0000247,STU000512,2026-08-24,Bank Transfer,15642000,TXN-98824877AB,Successful
PAY0001379,INV0002417,STU000307,2027-10-19,Card,4326000,TXN-26693076PX,Successful
PAY0001380,INV0001537,STU000087,2029-07-02,E-Wallet,6525000,TXN-12913286GC,Successful
PAY0001381,INV0000244,STU000554,2023-06-01,E-Wallet,28037000,TXN-95658140OW,Successful
PAY0001382,INV0002714,STU000112,2025-08-04,Bank Transfer,18725000,TXN-01132108NQ,Successful
PAY0001383,INV0001395,STU000260,2023-06-27,Cash,29730000,TXN-74779492KV,Successful
PAY0001384,INV0002131,STU000349,2026-01-22,Card,13253000,TXN-10504913TB,Successful
PAY0001385,INV0002824,STU000252,2021-02-18,Card,14138000,TXN-26123195QC,Successful
PAY0001386,INV0002352,STU000437,2028-03-01,E-Wallet,16194000,TXN-03080678CK,Successful
PAY0001387,INV0001340,STU001138,2023-03-08,E-Wallet,23682000,TXN-44195853OX,Successful
PAY0001388,INV0000405,STU000227,2026-11-28,Cash,7706000,TXN-03157166TJ,Reversed
PAY0001389,INV0001943,STU000013,2027-03-10,E-Wallet,9314000,TXN-98085274BH,Successful
PAY0001390,INV0000990,STU000505,2023-04-09,Cash,11998000,TXN-92634101BP,Successful
PAY0001391,INV0002784,STU000416,2029-02-20,E-Wallet,9270000,TXN-84709391GM,Successful
PAY0001392,INV0001946,STU000148,2026-08-09,Cash,16440000,TXN-87440005YQ,Successful
PAY0001393,INV0000768,STU000416,2025-10-24,Cash,58436000,TXN-48053314IC,Successful
PAY0001394,INV0001959,STU000183,2027-12-10,Card,7519000,TXN-02139059EV,Failed
PAY0001395,INV0001401,STU000016,2022-06-08,E-Wallet,31773000,TXN-12823550UC,Successful
PAY0001396,INV0000564,STU000279,2026-09-17,E-Wallet,13367000,TXN-24204902IT,Pending
PAY0001397,INV0002329,STU000210,,Cash,12505000,TXN-68759594JF,Successful
PAY0001398,INV0000371,STU000669,2026-03-20,Bank Transfer,25585000,TXN-61478615VB,Successful
PAY0001399,INV0002164,STU001461,2027-10-08,E-Wallet,7580000,TXN-85350281NW,Successful
PAY0001400,INV0001155,STU000806,2025-05-03,Bank Transfer,7020000,TXN-78266141AM,Successful
PAY0001401,INV0000722,STU000735,2027-12-02,E-Wallet,5653000,TXN-69080809FW,Successful
PAY0001402,INV0002571,STU000611,2022-06-06,Cash,21098000,TXN-54208026ZH,Failed
PAY0001403,INV0001452,STU000488,2028-02-28,Cash,7906000,TXN-74989670FT,Successful
PAY0001404,INV0002774,STU000367,2024-10-22,E-Wallet,7340000,TXN-50143810BW,Pending
PAY0001405,INV0000167,STU000143,2025-09-29,Card,4113000,TXN-97867978HA,Successful
PAY0001406,INV0002942,STU001408,2022-03-04,E-Wallet,5471000,TXN-50385478ZF,Successful
PAY0001407,INV0000500,STU000603,2027-02-13,E-Wallet,12219000,TXN-83748311OJ,Successful
PAY0001408,INV0000301,STU000315,2024-07-22,E-Wallet,2374000,TXN-01942276ED,Successful
PAY0001409,INV0000138,STU000852,2025-10-31,E-Wallet,9110000,TXN-32814134VY,Failed
PAY0001410,INV0000464,STU000250,2023-04-18,Cash,6968000,TXN-16577775MK,Successful
PAY0001411,INV0000086,STU001063,2026-07-06,Cash,9198000,TXN-34253338RC,Successful
PAY0001412,INV0001842,STU000559,2022-03-28,Card,15847000,TXN-82499373GH,Successful
PAY0001413,INV0001484,STU000760,2021-03-22,E-Wallet,10736000,TXN-41766034AS,Successful
PAY0001414,INV0000798,STU000649,2025-10-29,Bank Transfer,4005000,TXN-36844964RW,Successful
PAY0001415,INV0001182,STU001140,2027-08-26,E-Wallet,7239000,TXN-74818204MI,Successful
PAY0001416,INV0002441,STU000998,2026-05-07,E-Wallet,15149000,TXN-88993350MT,Successful
PAY0001417,INV0002193,STU001346,2024-05-10,E-Wallet,13451000,TXN-11024919AP,Pending
PAY0001418,INV0001133,STU001091,2022-02-21,Bank Transfer,5072000,TXN-70762165XH,Successful
PAY0001419,INV0001438,STU001371,2024-07-18,Card,17659000,TXN-84294338QJ,Reversed
PAY0001420,INV0002885,STU000255,2028-12-10,E-Wallet,8431000,TXN-22430970ZS,Failed
PAY0001421,INV0002831,STU000810,2022-08-16,Card,4139000,TXN-11904613SK,Successful
PAY0001422,INV0001447,STU000400,2026-01-30,E-Wallet,9285000,TXN-87927789MJ,Successful
PAY0001423,INV0000850,STU000486,2025-07-04,E-Wallet,9553000,TXN-71486794LB,Reversed
PAY0001424,INV0001220,STU000906,2022-08-14,E-Wallet,17604000,TXN-83810645EU,Successful
PAY0001425,INV0002520,STU001145,2024-09-07,Card,38299000,TXN-80424945IK,Successful
PAY0001426,INV0000460,STU000747,2027-09-24,Cash,25474000,TXN-57137995HC,Successful
PAY0001427,INV0002089,STU000484,2026-02-16,Bank Transfer,9959000,TXN-99628571EY,Successful
PAY0001428,INV0001050,STU000530,2025-01-06,Card,3953000,TXN-25787233AU,Successful
PAY0001429,INV0000739,STU000293,2029-05-09,Card,13856000,TXN-02692387AT,Successful
PAY0001430,INV0000241,STU000166,2024-11-19,Card,11383000,TXN-06352169LC,Successful
PAY0001431,INV0001004,STU000565,2022-11-24,Card,12901000,TXN-81023533LA,Successful
PAY0001432,INV0002567,STU000743,2023-03-06,Card,33226000,TXN-97833562PR,Successful
PAY0001433,INV0000424,STU000361,2025-10-04,Cash,22084000,TXN-12954708PC,Successful
PAY0001434,INV0000989,STU001375,2027-03-28,Card,13362000,TXN-24431757EH,Successful
PAY0001435,INV0000626,STU000734,2022-02-08,Card,10812000,TXN-62149649CU,Successful
PAY0001436,INV0001652,STU001277,2029-03-31,Cash,5866000,TXN-71395998NG,Successful
PAY0001437,INV0000613,STU000100,2027-02-22,Card,22328000,TXN-12509924PQ,Successful
PAY0001438,INV0001595,STU000079,2028-09-20,Card,10252000,TXN-46610924GY,Successful
PAY0001439,INV0002520,STU001145,2024-09-27,Card,10248000,TXN-07388302BZ,Successful
PAY0001440,INV0002080,STU000909,2028-03-30,Bank Transfer,8212000,TXN-24087631MO,Successful
PAY0001441,INV0002867,STU001172,2025-06-06,Card,17748000,TXN-42974778FU,Successful
PAY0001442,INV0002480,STU000556,2022-09-26,Bank Transfer,7995000,TXN-12468399CP,Successful
PAY0001443,INV0000067,STU000755,2026-08-22,E-Wallet,14582000,TXN-74871448BB,Successful
PAY0001444,INV0000734,STU000065,2030-03-08,Cash,24585000,TXN-13673905ET,Successful
PAY0001445,INV0002897,STU000384,2025-05-07,E-Wallet,3912000,TXN-37599287RL,Pending
PAY0001446,INV0000698,STU001039,2029-02-08,E-Wallet,9262000,TXN-12565388BH,Failed
PAY0001447,INV0001207,STU000682,2025-08-30,E-Wallet,5364000,TXN-98937763WD,Successful
PAY0001448,INV0000636,STU000121,2025-02-04,Cash,13102000,TXN-45363415ER,Successful
PAY0001449,INV0002480,STU000556,2022-09-25,Cash,4732000,TXN-60695789KO,Failed
PAY0001450,INV0002824,STU000252,2020-12-10,E-Wallet,11259000,TXN-66696850WW,Successful
PAY0001451,INV0002514,STU000727,2025-09-16,E-Wallet,10060000,TXN-75939899IB,Successful
PAY0001452,INV0001114,STU000118,2027-01-23,Card,23614000,TXN-06589729UZ,Failed
PAY0001453,INV0002001,STU000826,22/12/2024,Bank Transfer,9753000,TXN-15504593EZ,Successful
PAY0001454,INV0002267,STU001192,2020-02-14,Card,11749000,TXN-98944250AO,Successful
PAY0001455,INV0001938,STU000263,2021-08-22,Card,10911000,TXN-37011615TG,Successful
PAY0001456,INV0001199,STU000543,2022-06-27,Bank Transfer,20819000,TXN-52646392AT,Successful
PAY0001457,INV0001947,STU000981,,Cash,15569000,TXN-05467739LE,Successful
PAY0001458,INV0000025,STU000813,2024-07-17,Cash,6792000,TXN-42045737FX,Failed
PAY0001459,INV0000264,STU001046,2023-10-19,Cash,10808000,TXN-14191459AN,Successful
PAY0001460,INV0001512,STU000462,2027-08-19,Card,10267000,TXN-43540162UI,Successful
PAY0001461,INV0001398,STU000958,2028-11-18,Cash,10986000,TXN-40473685PF,Successful
PAY0001462,INV0001064,STU001326,2024-11-01,Card,2955000,TXN-41351708DC,Successful
PAY0001463,INV0000896,STU000954,2027-07-13,Card,9930000,TXN-31757754JO,Successful
PAY0001464,INV0001197,STU000858,2023-10-31,Cash,11087000,TXN-97154026LS,Successful
PAY0001465,INV0000118,STU001490,2023-11-21,Card,22144000,TXN-13892751AC,Successful
PAY0001466,INV0000829,STU001140,2025-12-29,E-Wallet,16944000,TXN-13843280VF,Successful
PAY0001467,INV0002889,STU000875,2025-07-12,E-Wallet,12144000,TXN-74111846WA,Successful
PAY0001468,INV0001162,STU001170,2022-10-29,E-Wallet,5097000,TXN-20816292HN,Successful
PAY0001469,INV0000261,STU000620,,Bank Transfer,18142000,TXN-76286912ZI,Successful
PAY0001470,INV0001035,STU000652,2028-11-30,Bank Transfer,9832000,TXN-73295661NF,Successful
PAY0001471,INV0002381,STU001142,2022-09-30,Cash,21932000,TXN-17197858LO,Successful
PAY0001472,INV0000703,STU000455,2026-10-10,E-Wallet,13010000,TXN-76115565AE,Successful
PAY0001473,INV0000933,STU000664,2024-07-15,Bank Transfer,9342000,TXN-19583641BM,Successful
PAY0001474,INV0000877,STU000928,2021-10-01,E-Wallet,22635000,TXN-06808443AM,Successful
PAY0001475,INV0002901,STU000121,2026-02-15,E-Wallet,5329000,TXN-73514457ZK,Successful
PAY0001476,INV0002399,STU001417,2025-04-19,E-Wallet,26969000,TXN-89639155YJ,Successful
PAY0001477,INV0002520,STU001145,2024-09-10,Card,4614000,TXN-99075432OM,Successful
PAY0001478,INV0001512,STU000462,2027-09-15,E-Wallet,5439000,TXN-95600041NS,Successful
PAY0001479,INV0001965,STU001004,2027-02-18,Bank Transfer,5990000,TXN-88997957BB,Successful
PAY0001480,INV0000926,STU001365,2025-05-14,E-Wallet,11797000,TXN-67267871QZ,Pending
PAY0001481,INV0001458,STU000991,2026-05-27,Card,6244000,TXN-20111880OT,Successful
PAY0001482,INV0000442,STU000139,2024-01-06,Card,10365000,TXN-70279265ZG,Successful
PAY0001483,INV0000852,STU001437,2022-08-14,E-Wallet,5206000,TXN-31001743IQ,Successful
PAY0001484,INV0000341,STU001089,2025-09-28,Card,4010000,TXN-02423997NP,Successful
PAY0001485,INV0001550,STU001166,2021-04-04,Card,3177000,TXN-94523040EY,Successful
PAY0001486,INV0001751,STU000136,2026-05-08,Cash,11286000,TXN-72722444EY,Pending
PAY0001487,INV0000816,STU000107,2028-02-29,Card,11923000,TXN-59949575BN,Successful
PAY0001488,INV0000689,STU000621,2023-03-10,Bank Transfer,11688000,TXN-26050188IY,Successful
PAY0001489,INV0000871,STU001133,2025-08-31,E-Wallet,83733000,TXN-27739046KC,Successful
PAY0001490,INV0002270,STU001433,,Card,7161000,TXN-41080720GN,Successful
PAY0001491,INV0001431,STU000830,2027-04-07,Bank Transfer,7078000,TXN-51163000QG,Successful
PAY0001492,INV0000579,STU001054,,E-Wallet,15659000,TXN-25174438BI,Successful
PAY0001493,INV0002635,STU000668,2023-01-18,Card,7088000,TXN-97035471GQ,Successful
PAY0001494,INV0000769,STU001275,2023-08-03,Cash,9757000,TXN-96616055IT,Successful
PAY0001495,INV0002503,STU000473,2030-07-04,E-Wallet,14495000,TXN-73605336KU,Successful
PAY0001496,INV0002608,STU001387,2024-07-09,Cash,9199000,TXN-39661167EL,Successful
PAY0001497,INV0000187,STU001169,2027-03-20,Cash,8693000,TXN-58845076KI,Failed
PAY0001498,INV0000629,STU000895,2024-04-04,Bank Transfer,20839000,TXN-37624208SZ,Successful
PAY0001499,INV0000250,STU001412,2025-09-03,E-Wallet,14128000,TXN-12337471PM,Successful
PAY0001500,INV0001539,STU000170,2023-06-07,Bank Transfer,5241000,TXN-68459737NV,Successful
PAY0001501,INV0000711,STU000796,2021-06-21,Cash,6854000,TXN-43570668VE,Successful
PAY0001502,INV0000576,STU000028,2027-12-29,Card,12915000,TXN-79650316QE,Successful
PAY0001503,INV0001250,STU000058,2027-03-09,Bank Transfer,4592000,TXN-29650981YZ,Successful
PAY0001504,INV0000374,STU000452,2023-01-02,Bank Transfer,4674000,TXN-25246897ZR,Reversed
PAY0001505,INV0002096,STU000038,2024-01-05,E-Wallet,23916000,TXN-23145507KU,Successful
PAY0001506,INV0000792,STU000825,2025-11-22,Bank Transfer,5413000,TXN-49727192UF,Successful
PAY0001507,INV0000008,STU000476,2021-02-22,E-Wallet,8568000,TXN-89636033AQ,Successful
PAY0001508,INV0002211,STU000682,2025-05-30,Bank Transfer,9289000,TXN-53683806PO,Failed
PAY0001509,INV0002452,STU000564,2026-11-29,Bank Transfer,4658000,TXN-94464685XF,Successful
PAY0001510,INV0001261,STU000180,2025-01-08,Card,18174000,TXN-44243857RQ,Successful
PAY0001511,INV0002377,STU000624,2022-10-13,E-Wallet,9954000,TXN-15196556UV,Successful
PAY0001512,INV0000247,STU000512,2026-09-27,Card,15288000,TXN-05647433CZ,Successful
PAY0001513,INV0000148,STU000858,2023-09-22,E-Wallet,7427000,TXN-81068457AV,Successful
PAY0001514,INV0002419,STU001468,2024-03-24,E-Wallet,17803000,TXN-85331925HQ,Successful
PAY0001515,INV0002486,STU000055,2023-10-03,Card,13050000,TXN-08530002TQ,Successful
PAY0001516,INV0002261,STU001161,2026-02-06,Cash,4333000,TXN-97045824LL,Successful
PAY0001517,INV0002881,STU000232,2025-05-27,E-Wallet,16786000,TXN-85435151FX,Reversed
PAY0001518,INV0000737,STU001095,2024-12-30,Cash,13181000,TXN-08209894IK,Successful
PAY0001519,INV0001508,STU000564,2026-04-09,Bank Transfer,6111000,TXN-85165234QO,Successful
PAY0001520,INV0000993,STU000746,2026-06-22,E-Wallet,8858000,TXN-24266372RM,Pending
PAY0001521,INV0000468,STU001417,2024-12-30,Cash,2660000,TXN-39087791AG,Successful
PAY0001522,INV0002244,STU000495,14/01/2028,E-Wallet,1505000,TXN-20528213ER,Successful
PAY0001523,INV0001944,STU000115,2028-03-21,E-Wallet,4286000,TXN-24930787HD,Successful
PAY0001524,INV0002356,STU000217,2022-08-27,E-Wallet,4107000,TXN-76816470OS,Successful
PAY0001525,INV0001844,STU001429,2023-04-06,Bank Transfer,7064000,TXN-54037683PD,Successful
PAY0001526,INV0002515,STU000960,2022-11-13,Card,14057000,TXN-89412689HA,Reversed
PAY0001527,INV0002757,STU001391,2024-11-21,E-Wallet,4545000,TXN-41109113SN,Successful
PAY0001528,INV0001482,STU000680,2028-07-03,Cash,6599000,TXN-41759329ZN,Successful
PAY0001529,INV0001601,STU000767,2026-06-01,Bank Transfer,6991000,TXN-21123710KJ,Successful
PAY0001530,INV0000113,STU000684,2020-09-29,Cash,3774000,TXN-24599183IM,Successful
PAY0001531,INV0002669,STU000388,2027-05-19,Bank Transfer,8464000,TXN-87189513QZ,Failed
PAY0001532,INV0000055,STU000055,2026-03-04,E-Wallet,8335000,TXN-64778716FA,Successful
PAY0001533,INV0002264,STU000603,09/07/2026,Cash,8408000,TXN-83103003YK,Failed
PAY0001534,INV0001640,STU001008,2028-05-31,Bank Transfer,12465000,TXN-96179949LW,Failed
PAY0001535,INV0002656,STU000770,05/10/2026,Bank Transfer,17788000,TXN-14545006WF,Successful
PAY0001536,INV0000149,STU001182,2028-04-16,Cash,12320000,TXN-02282760VJ,Successful
PAY0001537,INV0001059,STU001135,2026-09-29,E-Wallet,5297000,TXN-59828754WO,Successful
PAY0001538,INV0000684,STU001234,2029-05-04,Cash,9954000,TXN-45988789ZB,Pending
PAY0001539,INV0002422,STU000516,2021-04-23,Bank Transfer,3251000,TXN-49465961XR,Successful
PAY0001540,INV0002418,STU000620,2021-04-06,Bank Transfer,7618000,TXN-99377857PS,Successful
PAY0001541,INV0001684,STU000719,2023-03-02,Bank Transfer,13518000,TXN-32479306YE,Successful
PAY0001542,INV0001225,STU000759,2025-07-23,Bank Transfer,10728000,TXN-12591263WW,Successful
PAY0001543,INV0000058,STU001445,2023-04-27,E-Wallet,4137000,TXN-17972924ZN,Successful
PAY0001544,INV0000088,STU000456,2025-01-19,E-Wallet,17847000,TXN-98816062UQ,Successful
PAY0001545,INV0000078,STU000807,2025-08-15,Card,10099000,TXN-97460146MU,Successful
PAY0001546,INV0002189,STU000691,2027-08-24,Cash,14173000,TXN-95171128RC,Successful
PAY0001547,INV0002930,STU000437,2024-09-13,Card,14428000,TXN-82910135QH,Successful
PAY0001548,INV0001783,STU000608,10/02/2023,E-Wallet,9709000,TXN-56769609ZS,Successful
PAY0001549,INV0001936,STU000244,2023-05-10,Cash,7192000,TXN-38700152ES,Failed
PAY0001550,INV0002205,STU000383,2027-08-30,E-Wallet,16535000,TXN-23226908TT,Successful
PAY0001551,INV0000773,STU000562,2026-09-15,E-Wallet,9464000,TXN-92658964NG,Successful
PAY0001552,INV0002467,STU000069,2022-12-25,Card,8789000,TXN-77717120DQ,Successful
PAY0001553,INV0002515,STU000960,2022-10-19,E-Wallet,25944000,TXN-81793503EO,Successful
PAY0001554,INV0001743,STU000399,2025-05-27,E-Wallet,12846000,TXN-76565513JX,Failed
PAY0001555,INV0002409,STU000834,2026-10-30,Cash,8776000,TXN-32141740SM,Failed
PAY0001556,INV0002051,STU000695,2027-03-20,E-Wallet,27577000,TXN-57336528OP,Successful
PAY0001557,INV0002298,STU000675,2023-10-07,Card,15677000,TXN-20957731GM,Successful
PAY0001558,INV0002049,STU000386,2024-01-03,E-Wallet,11225000,TXN-27651445XV,Successful
PAY0001559,INV0000224,STU000208,2022-09-23,Card,11072000,TXN-90430369HQ,Successful
PAY0001560,INV0000637,STU000993,,Card,4317000,TXN-19777007YJ,Successful
PAY0001561,INV0000926,STU001365,2025-06-15,Cash,16076000,TXN-85149544JJ,Successful
PAY0001562,INV0001931,STU001480,2025-04-27,Cash,15993000,TXN-92699367FU,Successful
PAY0001563,INV0000121,STU001297,2024-02-13,Card,7759000,TXN-24348923LX,Successful
PAY0001564,INV0001176,STU000239,2022-11-14,E-Wallet,12986000,TXN-80971007TS,Successful
PAY0001565,INV0000796,STU000242,2029-06-02,Cash,3805000,TXN-19084668GK,Successful
PAY0001566,INV0002239,STU001349,2022-01-29,E-Wallet,5112000,TXN-39376688HT,Successful
PAY0001567,INV0000077,STU000952,2024-10-21,Cash,19536000,TXN-93333074QG,Successful
PAY0001568,INV0000011,STU000583,2028-07-16,Cash,18881000,TXN-27636452DC,Successful
PAY0001569,INV0002403,STU000493,12/09/2024,Card,3847000,TXN-72321333KR,Successful
PAY0001570,INV0002500,STU001168,2026-01-23,Card,19201000,TXN-65679176VY,Successful
PAY0001571,INV0001475,STU000208,2025-03-29,E-Wallet,5614000,TXN-10985586VJ,Successful
PAY0001572,INV0000338,STU000338,2025-05-11,Cash,25856000,TXN-25684349WV,Failed
PAY0001573,INV0001494,STU000650,2024-03-25,Bank Transfer,12405000,TXN-44511164FY,Successful
PAY0001574,INV0001138,STU000285,2023-11-04,Card,24446000,TXN-34020436HX,Successful
PAY0001575,INV0001052,STU001138,,E-Wallet,7177000,TXN-79778271PC,Successful
PAY0001576,INV0001621,STU000652,2026-05-28,E-Wallet,8000000,TXN-34841288MX,Successful
PAY0001577,INV0000881,STU001420,2024-01-11,Cash,12171000,TXN-68588062ND,Successful
PAY0001578,INV0002062,STU001475,2024-04-13,E-Wallet,8164000,TXN-53215176ZO,Successful
PAY0001579,INV0000552,STU001405,2024-08-04,Card,6067000,TXN-41116175RF,Successful
PAY0001580,INV0001000,STU001202,2024-05-24,E-Wallet,11083000,TXN-94845809VP,Successful
PAY0001581,INV0000539,STU000893,01/06/2025,Bank Transfer,13510000,TXN-66707951RU,Successful
PAY0001582,INV0000982,STU000689,2028-12-21,E-Wallet,26411000,TXN-43843758EW,Successful
PAY0001583,INV0002608,STU001387,2024-07-10,Bank Transfer,13719000,TXN-86994039MU,Successful
PAY0001584,INV0001188,STU000024,2030-03-12,Cash,12525000,TXN-12134329EV,Successful
PAY0001585,INV0001270,STU000177,2024-05-11,Cash,8257000,TXN-97995773HR,Successful
PAY0001586,INV0001434,STU000038,2022-04-22,E-Wallet,5320000,TXN-78965305CC,Failed
PAY0001587,INV0000840,STU000991,2023-07-11,Bank Transfer,3686000,TXN-79829535ES,Successful
PAY0001588,INV0002016,STU000336,2022-01-02,Card,10522000,TXN-98484536SK,Successful
PAY0001589,INV0000239,STU000902,2026-02-03,Cash,7946000,TXN-06692315DK,Successful
PAY0001590,INV0001238,STU000183,2026-03-13,Bank Transfer,4369000,TXN-33280177IC,Successful
PAY0001591,INV0000030,STU000337,2023-10-05,E-Wallet,3130000,TXN-58082620SI,Successful
PAY0001592,INV0001171,STU000386,2023-02-16,Card,13276000,TXN-26838520KE,Successful
PAY0001593,INV0000688,STU001425,2024-02-23,Bank Transfer,20337000,TXN-46584962FT,Successful
PAY0001594,INV0000347,STU001209,23/11/2029,E-Wallet,5644000,TXN-05300885ML,Successful
PAY0001595,INV0002783,STU001011,2026-01-02,E-Wallet,5640000,TXN-87840374UG,Successful
PAY0001596,INV0002286,STU001257,2024-10-20,E-Wallet,11532000,TXN-58870921GD,Successful
PAY0001597,INV0002969,STU000702,2026-05-20,E-Wallet,14205000,TXN-45888663UI,Successful
PAY0001598,INV0001155,STU000806,2025-04-23,Bank Transfer,4545000,TXN-70123333AC,Successful
PAY0001599,INV0002103,STU001198,2022-05-17,Card,6976000,TXN-73042701WM,Successful
PAY0001600,INV0002109,STU001427,2026-02-02,Card,17390000,TXN-89418440ST,Successful
PAY0001601,INV0001294,STU001096,2027-09-08,Bank Transfer,14542000,TXN-41112543UO,Successful
PAY0001602,INV0000965,STU001381,2025-05-02,Bank Transfer,12828000,TXN-34566625FA,Successful
PAY0001603,INV0000745,STU001296,2026-07-03,Cash,12330000,TXN-63853267BM,Successful
PAY0001604,INV0001624,STU000255,2028-11-11,Bank Transfer,9014000,TXN-08909674MR,Successful
PAY0001605,INV0000841,STU001247,2025-09-19,Cash,16123000,TXN-63209322UR,Successful
PAY0001606,INV0001490,STU000047,2022-01-13,Bank Transfer,18803000,TXN-55989056NS,Successful
PAY0001607,INV0000002,STU001004,2026-05-08,Bank Transfer,9583000,TXN-81292503WB,Successful
PAY0001608,INV0002965,STU001447,2022-06-21,Bank Transfer,8962000,TXN-62500429NF,Failed
PAY0001609,INV0001847,STU000983,2025-01-13,Bank Transfer,20122000,TXN-85612461UR,Successful
PAY0001610,INV0002278,STU001006,2028-01-09,Bank Transfer,8064000,TXN-70544684PR,Successful
PAY0001611,INV0001673,STU000594,2025-09-20,E-Wallet,9405000,TXN-98111240HP,Successful
PAY0001612,INV0002511,STU000613,2025-12-30,E-Wallet,21334000,TXN-84741044RG,Pending
PAY0001613,INV0001601,STU000767,2026-06-01,Card,10645000,TXN-93855797QH,Pending
PAY0001614,INV0001705,STU000324,2020-12-26,Cash,8186000,TXN-67101002ZZ,Successful
PAY0001615,INV0002341,STU000479,2027-04-24,E-Wallet,8287000,TXN-85316570WP,Successful
PAY0001616,INV0002516,STU000465,2025-03-27,Card,14049000,TXN-57711755FP,Successful
PAY0001617,INV0002113,STU001076,2022-09-15,Card,5042000,TXN-80435072NE,Successful
PAY0001618,INV0000995,STU001425,2023-09-12,Card,13215000,TXN-24854837XY,Successful
PAY0001619,INV0000214,STU001368,2028-05-15,Cash,13252000,TXN-23758397PX,Successful
PAY0001620,INV0000444,STU001165,2022-06-13,Bank Transfer,14228000,TXN-26146916GW,Reversed
PAY0001621,INV0002110,STU000515,2022-01-25,Bank Transfer,24752000,TXN-62256808AM,Pending
PAY0001622,INV0001846,STU001438,04/05/2024,Card,18007000,TXN-55678210YB,Successful
PAY0001623,INV0001963,STU001264,2026-06-28,Bank Transfer,5930000,TXN-62076545TM,Successful
PAY0001624,INV0002634,STU001478,2027-12-20,E-Wallet,20789000,TXN-51303077LA,Successful
PAY0001625,INV0002119,STU001148,2025-03-07,Bank Transfer,23394000,TXN-82137970AH,Failed
PAY0001626,INV0000408,STU001094,2026-10-25,Bank Transfer,10792000,TXN-34441765ZG,Failed
PAY0001627,INV0000405,STU000227,2026-11-12,E-Wallet,8483000,TXN-94867672YL,Failed
PAY0001628,INV0002833,STU000526,2024-09-17,Bank Transfer,13042000,TXN-75660926VL,Successful
PAY0001629,INV0002439,STU000506,2025-07-02,Bank Transfer,7686000,TXN-00822118WY,Successful
PAY0001630,INV0001542,STU000773,2027-08-31,Card,6548000,TXN-57546092LO,Successful
PAY0001631,INV0002063,STU000430,2027-04-23,Bank Transfer,4485000,TXN-74497988SV,Successful
PAY0001632,INV0001072,STU000545,2028-10-19,Cash,9502000,TXN-05077356NM,Successful
PAY0001633,INV0002431,STU000437,2025-02-19,Cash,9110000,TXN-71009291BF,Successful
PAY0001634,INV0000026,STU000942,2020-11-21,E-Wallet,6224000,TXN-25067337IK,Reversed
PAY0001635,INV0002749,STU001221,2026-01-17,E-Wallet,13978000,TXN-41256447HT,Successful
PAY0001636,INV0000752,STU001332,2024-07-12,Cash,8416000,TXN-18094299VN,Successful
PAY0001637,INV0002254,STU001215,2021-08-04,Cash,4729000,TXN-33706583XX,Failed
PAY0001638,INV0001541,STU001428,2023-09-23,E-Wallet,6526000,TXN-71530391RH,Successful
PAY0001639,INV0001543,STU000774,2026-01-03,Cash,20123000,TXN-90712473SQ,Successful
PAY0001640,INV0000987,STU000405,2026-05-24,Bank Transfer,14785000,TXN-97480882AR,Successful
PAY0001641,INV0002528,STU000151,2023-03-29,E-Wallet,10885000,TXN-96501157XH,Successful
PAY0001642,INV0000328,STU001311,2022-01-22,Card,7025000,TXN-74641364YG,Successful
PAY0001643,INV0000079,STU000723,2023-03-19,Bank Transfer,4653000,TXN-63860340EM,Successful
PAY0001644,INV0000611,STU000605,2022-08-28,Cash,14664000,TXN-19687438SE,Successful
PAY0001645,INV0000695,STU000359,2026-01-17,Card,4318000,TXN-72005607JK,Successful
PAY0001646,INV0002513,STU000320,2026-03-08,Cash,17334000,TXN-69644544PM,Successful
PAY0001647,INV0002830,STU000452,2025-03-30,E-Wallet,31568000,TXN-76744592KV,Successful
PAY0001648,INV0000497,STU000033,2028-10-26,E-Wallet,7760000,TXN-33214360PL,Successful
PAY0001649,INV0002447,STU001161,2024-11-12,Card,19666000,TXN-74879099OQ,Successful
PAY0001650,INV0000876,STU001436,2024-10-21,Cash,9121000,TXN-39086233QV,Successful
PAY0001651,INV0000366,STU000968,,Cash,19744000,TXN-79458194OA,Successful
PAY0001652,INV0001006,STU000501,2025-12-20,E-Wallet,14696000,TXN-48567313LV,Successful
PAY0001653,INV0001280,STU000422,2022-07-01,E-Wallet,5833000,TXN-85064697VE,Successful
PAY0001654,INV0000833,STU001283,2026-03-13,Cash,5282000,TXN-11116358PS,Successful
PAY0001655,INV0001538,STU000918,24/09/2027,Bank Transfer,10513000,TXN-70587631WW,Successful
PAY0001656,INV0000245,STU001375,2028-07-23,E-Wallet,10836000,TXN-69441698MU,Successful
PAY0001657,INV0002516,STU000465,2025-05-14,Cash,8296000,TXN-61584336HC,Successful
PAY0001658,INV0001465,STU000416,2024-11-21,Cash,7125000,TXN-41442593RE,Pending
PAY0001659,INV0002100,STU000278,2023-01-05,E-Wallet,13638000,TXN-20717671RB,Pending
PAY0001660,INV0001829,STU000264,2025-08-31,Bank Transfer,30328000,TXN-80816939MK,Successful
PAY0001661,INV0002345,STU001313,2024-11-27,Bank Transfer,7761000,TXN-32536393GS,Successful
PAY0001662,INV0002160,STU001085,2025-03-27,Cash,16839000,TXN-32879620SQ,Successful
PAY0001663,INV0000714,STU000865,2024-01-17,Cash,10921000,TXN-88741418IY,Successful
PAY0001664,INV0001104,STU001368,2024-08-10,E-Wallet,14078000,TXN-24685175WT,Successful
PAY0001665,INV0001302,STU000123,2028-03-20,Cash,9879000,TXN-36003196CV,Failed
PAY0001666,INV0001097,STU000584,2026-06-12,Bank Transfer,24409000,TXN-34639401WA,Successful
PAY0001667,INV0002949,STU000859,2023-07-02,Bank Transfer,7210000,TXN-95155586YO,Successful
PAY0001668,INV0002493,STU000491,2024-03-13,Card,6477000,TXN-83066877EA,Successful
PAY0001669,INV0000069,STU000664,2028-08-27,Bank Transfer,9358000,TXN-55734759XF,Pending
PAY0001670,INV0000499,STU001293,2020-06-30,E-Wallet,9823000,TXN-91298350KQ,Successful
PAY0001671,INV0000586,STU001171,2030-01-20,Cash,10924000,TXN-28425986IK,Successful
PAY0001672,INV0001148,STU000374,2023-03-23,Bank Transfer,5444000,TXN-41476626KA,Successful
PAY0001673,INV0000100,STU001408,2021-03-23,Card,14501000,TXN-72431692GF,Pending
PAY0001674,INV0001589,STU000810,2020-11-26,E-Wallet,19732000,TXN-54472862LV,Pending
PAY0001675,INV0002639,STU000020,2027-04-06,E-Wallet,17988000,TXN-20285335CE,Successful
PAY0001676,INV0000881,STU001420,2024-02-04,Bank Transfer,13180000,TXN-50260892BS,Successful
PAY0001677,INV0002753,STU000974,2029-10-14,E-Wallet,17410000,TXN-60860606OS,Successful
PAY0001678,INV0001054,STU001158,2025-09-05,Card,7295000,TXN-76475216FL,Successful
PAY0001679,INV0000018,STU001427,2025-04-22,Cash,12278000,TXN-62559531XJ,Successful
PAY0001680,INV0001275,STU000712,2025-01-02,Card,3841000,TXN-31951890NH,Successful
PAY0001681,INV0002331,STU000587,2027-11-28,Card,7681000,TXN-48093786XF,Successful
PAY0001682,INV0000766,STU000681,2028-08-08,Card,7746000,TXN-68458908XI,Successful
PAY0001683,INV0000576,STU000028,2028-01-23,Cash,8453000,TXN-09902625UY,Successful
PAY0001684,INV0002271,STU000810,2023-08-14,Cash,21810000,TXN-45502236VJ,Successful
PAY0001685,INV0002239,STU001349,2021-12-22,Bank Transfer,3233000,TXN-68295105BY,Failed
PAY0001686,INV0001936,STU000244,2023-04-01,Cash,14611000,TXN-21826662SQ,Successful
PAY0001687,INV0001702,STU000054,2024-08-18,Card,14806000,TXN-83140365EM,Successful
PAY0001688,INV0001269,STU000842,2021-02-11,Cash,19106000,TXN-62595043XF,Successful
PAY0001689,INV0000309,STU001350,2027-10-14,E-Wallet,9194000,TXN-30600966DA,Successful
PAY0001690,INV0002962,STU001411,2026-04-08,Cash,4655000,TXN-40185564XD,Successful
PAY0001691,INV0000874,STU000875,2024-08-03,E-Wallet,15767000,TXN-09067125AQ,Failed
PAY0001692,INV0001098,STU000187,2029-03-31,Card,4982000,TXN-91685418EE,Successful
PAY0001693,INV0001352,STU000884,2025-10-01,Cash,11222000,TXN-18351477RY,Pending
PAY0001694,INV0002718,STU000667,2023-02-07,E-Wallet,30334000,TXN-93798529ZH,Successful
PAY0001695,INV0001123,STU000258,2023-06-03,E-Wallet,13139000,TXN-42363076CC,Successful
PAY0001696,INV0000037,STU000037,2022-07-20,E-Wallet,4489000,TXN-95745943VQ,Pending
PAY0001697,INV0001178,STU001408,2025-01-19,Cash,16191000,TXN-99175895EG,Successful
PAY0001698,INV0000320,STU000412,2027-11-22,Card,13306000,TXN-82477598HK,Successful
PAY0001699,INV0002326,STU001119,2029-08-27,Bank Transfer,8504000,TXN-50728990LE,Successful
PAY0001700,INV0002025,STU000963,2027-11-25,E-Wallet,18759000,TXN-48108382VW,Successful
PAY0001701,INV0001181,STU001361,2028-12-21,Bank Transfer,11103000,TXN-79195045AD,Pending
PAY0001702,INV0002529,STU000760,,Cash,14781000,TXN-96869656JD,Successful
PAY0001703,INV0002429,STU000957,2021-11-08,Bank Transfer,36120000,TXN-48228769SW,Successful
PAY0001704,INV0001221,STU000650,2022-04-27,Card,11317000,TXN-08755012MQ,Successful
PAY0001705,INV0000699,STU000285,2025-10-03,Cash,8167000,TXN-57660658QE,Successful
PAY0001706,INV0000679,STU001430,2026-03-03,E-Wallet,57869000,TXN-46012667MW,Failed
PAY0001707,INV0001830,STU001380,2021-12-06,E-Wallet,15812000,TXN-72589645SH,Successful
PAY0001708,INV0002954,STU001156,2027-07-03,E-Wallet,4216000,TXN-63842307EF,Successful
PAY0001709,INV0001353,STU000561,2028-08-17,E-Wallet,9301000,TXN-90491250CS,Successful
PAY0001710,INV0000584,STU000876,2027-04-21,E-Wallet,7592000,TXN-84546948CT,Successful
PAY0001711,INV0000793,STU000305,2027-02-13,Cash,20376000,TXN-84202393GY,Successful
PAY0001712,INV0001272,STU000227,2028-12-18,Card,10554000,TXN-65212143DJ,Successful
PAY0001713,INV0002370,STU000909,2026-06-30,Cash,14656000,TXN-56572006EB,Successful
PAY0001714,INV0000627,STU000490,2024-10-15,Bank Transfer,30940000,TXN-60942373AP,Successful
PAY0001715,INV0000339,STU000226,05/05/2023,E-Wallet,5313000,TXN-72243922NU,Reversed
PAY0001716,INV0002534,STU001397,2024-06-12,E-Wallet,4386000,TXN-20832972CH,Successful
PAY0001717,INV0001561,STU001144,2022-11-10,Card,6642000,TXN-84949886XK,Successful
PAY0001718,INV0000746,STU001141,2028-03-24,E-Wallet,2907000,TXN-28752081UR,Successful
PAY0001719,INV0001072,STU000545,2028-12-06,Card,8193000,TXN-44078027TB,Reversed
PAY0001720,INV0000100,STU001408,2021-03-14,Bank Transfer,15985000,TXN-74459875KJ,Successful
PAY0001721,INV0000791,STU000245,2027-12-28,Bank Transfer,14961000,TXN-06105547XG,Successful
PAY0001722,INV0000659,STU000435,2026-03-26,Card,8862000,TXN-55894635XK,Successful
PAY0001723,INV0002109,STU001427,2026-08-13,E-Wallet,8913000,TXN-75500672LX,Successful
PAY0001724,INV0001798,STU000499,2022-12-09,Bank Transfer,19450000,TXN-82250000EU,Successful
PAY0001725,INV0002632,STU000575,2022-10-01,Card,11809000,TXN-96733216XS,Pending
PAY0001726,INV0002332,STU000611,2022-07-28,Card,6644000,TXN-89679158QK,Successful
PAY0001727,INV0000168,STU000379,2023-07-10,E-Wallet,10043000,TXN-57236207AS,Successful
PAY0001728,INV0001336,STU000909,2028-12-13,Bank Transfer,11171000,TXN-44685896FB,Successful
PAY0001729,INV0000704,STU000202,2027-08-05,Card,11174000,TXN-59071165WI,Successful
PAY0001730,INV0000605,STU000663,2024-06-12,E-Wallet,9928000,TXN-86941028KM,Successful
PAY0001731,INV0002153,STU000427,2022-11-12,Bank Transfer,13907000,TXN-12390967RI,Successful
PAY0001732,INV0001900,STU000542,2024-06-07,E-Wallet,9690000,TXN-18441775DX,Successful
PAY0001733,INV0002253,STU001437,2021-07-12,Bank Transfer,4516000,TXN-30809166DZ,Successful
PAY0001734,INV0001150,STU000841,2026-03-08,Bank Transfer,9921000,TXN-46456299RZ,Successful
PAY0001735,INV0001134,STU000480,2026-11-18,Bank Transfer,8445000,TXN-65688514NP,Pending
PAY0001736,INV0000271,STU000803,2024-01-19,Card,4444000,TXN-06916302OE,Successful
PAY0001737,INV0002385,STU001294,2026-05-04,Card,7847000,TXN-18769968HA,Successful
PAY0001738,INV0000298,STU001465,2022-04-17,Bank Transfer,5038000,TXN-58426671CT,Successful
PAY0001739,INV0001125,STU001413,2027-03-01,E-Wallet,22145000,TXN-75038152BP,Successful
PAY0001740,INV0002597,STU000416,2027-01-27,E-Wallet,18605000,TXN-53736924PK,Successful
PAY0001741,INV0001068,STU000493,2027-05-02,Card,30595000,TXN-98052503UI,Failed
PAY0001742,INV0001290,STU001169,2026-04-14,Bank Transfer,18770000,TXN-46639443RP,Successful
PAY0001743,INV0002700,STU001345,2025-11-14,Cash,8268000,TXN-68245719ZS,Successful
PAY0001744,INV0002440,STU000211,2029-09-29,Card,20868000,TXN-10737874EK,Successful
PAY0001745,INV0000140,STU000772,2026-10-04,Card,15566000,TXN-86927760SA,Successful
PAY0001746,INV0000535,STU000295,2025-07-26,Bank Transfer,5221000,TXN-20089706UH,Successful
PAY0001747,INV0002270,STU001433,2022-11-23,Cash,12894000,TXN-88993157JT,Successful
PAY0001748,INV0001415,STU001435,2024-04-23,Cash,17324000,TXN-75587883GG,Reversed
PAY0001749,INV0001674,STU000090,2025-09-18,Bank Transfer,8316000,TXN-20494794BB,Successful
PAY0001750,INV0000176,STU001159,2025-12-17,E-Wallet,14455000,TXN-55446305DW,Successful
PAY0001751,INV0001912,STU000352,2024-10-06,Bank Transfer,4808000,TXN-97872629JF,Failed
PAY0001752,INV0001388,STU000922,2025-12-22,Cash,16512000,TXN-41760582QT,Successful
PAY0001753,INV0000671,STU000111,2025-04-15,Cash,7082000,TXN-33530137WZ,Successful
PAY0001754,INV0001559,STU000555,2022-05-01,Bank Transfer,7255000,TXN-28500533SN,Successful
PAY0001755,INV0002282,STU001333,2024-05-04,Bank Transfer,2581000,TXN-42165071LV,Successful
PAY0001756,INV0000970,STU000116,2024-07-30,Card,8217000,TXN-90661955UV,Successful
PAY0001757,INV0001438,STU001371,2024-08-24,Bank Transfer,10404000,TXN-85184628VK,Successful
PAY0001758,INV0001220,STU000906,2023-01-08,Bank Transfer,17517000,TXN-98691913ZX,Successful
PAY0001759,INV0001944,STU000115,2028-04-05,Bank Transfer,5983000,TXN-36105488OC,Successful
PAY0001760,INV0001197,STU000858,2023-09-25,Bank Transfer,6690000,TXN-66473194LP,Successful
PAY0001761,INV0000956,STU000355,2025-02-14,Card,2133000,TXN-43081170LW,Successful
PAY0001762,INV0002117,STU000803,2021-09-27,Card,18210000,TXN-71064711TB,Successful
PAY0001763,INV0002220,STU001303,2025-01-01,Card,2289000,TXN-99794732HE,Successful
PAY0001764,INV0002397,STU000384,2027-10-09,Bank Transfer,40361000,TXN-05048787GW,Successful
PAY0001765,INV0001116,STU000242,2025-07-24,Bank Transfer,5928000,TXN-88946912QG,Successful
PAY0001766,INV0000346,STU001470,2025-07-07,Bank Transfer,5740000,TXN-22566203DL,Successful
PAY0001767,INV0000225,STU000796,2022-07-09,Cash,1296000,TXN-88599642TD,Reversed
PAY0001768,INV0002586,STU000232,2023-08-16,E-Wallet,19409000,TXN-11324067VX,Reversed
PAY0001769,INV0001797,STU001198,2026-02-26,Bank Transfer,7311000,TXN-35836779SK,Successful
PAY0001770,INV0001368,STU000388,2026-06-09,Cash,6132000,TXN-83095533RN,Successful
PAY0001771,INV0000336,STU000551,2023-09-16,E-Wallet,3951000,TXN-84666147IZ,Successful
PAY0001772,INV0001396,STU000648,2027-12-02,E-Wallet,3148000,TXN-32694394RR,Successful
PAY0001773,INV0001084,STU000962,2023-12-03,Bank Transfer,7305000,TXN-17868540DB,Pending
PAY0001774,INV0002618,STU000885,2026-04-05,Card,13785000,TXN-66707646SJ,Successful
PAY0001775,INV0001914,STU001132,2028-04-06,Card,8948000,TXN-27023902WQ,Successful
PAY0001776,INV0000089,STU001218,2020-11-01,E-Wallet,11890000,TXN-75324818QI,Successful
PAY0001777,INV0000919,STU001145,2025-07-10,Bank Transfer,8609000,TXN-09777634KR,Successful
PAY0001778,INV0001010,STU001240,2027-12-09,E-Wallet,10500000,TXN-77947478IM,Successful
PAY0001779,INV0000563,STU000739,2027-04-10,Card,16072000,TXN-18848902DC,Successful
PAY0001780,INV0002922,STU000431,2024-04-22,Cash,19411000,TXN-03047693DI,Successful
PAY0001781,INV0001964,STU001261,2023-09-25,E-Wallet,7327000,TXN-52073907SJ,Successful
PAY0001782,INV0001650,STU000045,2027-12-07,Cash,19032000,TXN-70229969CI,Failed
PAY0001783,INV0002579,STU000547,2027-10-02,Cash,10069000,TXN-37899688SC,Successful
PAY0001784,INV0002655,STU001063,2027-05-24,Cash,11149000,TXN-66389866UO,Successful
PAY0001785,INV0001640,STU001008,2028-05-21,Bank Transfer,12993000,TXN-53198403GS,Successful
PAY0001786,INV0001986,STU000511,2020-12-24,Bank Transfer,6517000,TXN-03766913MM,Successful
PAY0001787,INV0000088,STU000456,2025-01-28,Bank Transfer,8235000,TXN-64782531JS,Reversed
PAY0001788,INV0002751,STU000793,2025-10-18,Bank Transfer,16920000,TXN-45920271WV,Failed
PAY0001789,INV0001550,STU001166,2021-03-24,Cash,5324000,TXN-02054854SU,Successful
PAY0001790,INV0002130,STU001213,2021-12-23,Card,7455000,TXN-65485069DO,Successful
PAY0001791,INV0002273,STU000855,2020-06-27,Card,3461000,TXN-04291321CR,Successful
PAY0001792,INV0000427,STU000557,2026-04-16,Bank Transfer,27950000,TXN-20057230PE,Successful
PAY0001793,INV0002419,STU001468,2024-04-28,Cash,9365000,TXN-93886331ZC,Successful
PAY0001794,INV0002139,STU001184,2027-07-26,Card,3562000,TXN-04284717KK,Successful
PAY0001795,INV0001807,STU000517,2023-07-24,E-Wallet,5722000,TXN-72898800TH,Successful
PAY0001796,INV0001096,STU000805,2024-12-26,Bank Transfer,28394000,TXN-09159343WX,Successful
PAY0001797,INV0000938,STU001205,2027-11-05,Bank Transfer,4454000,TXN-47663479YC,Successful
PAY0001798,INV0001026,STU001173,2025-10-29,Card,12121000,TXN-02384754QQ,Failed
PAY0001799,INV0001896,STU000376,2024-01-21,Cash,14802000,TXN-57554537SM,Successful
PAY0001800,INV0001526,STU000945,2025-11-02,Cash,7435000,TXN-35744483YR,Successful
PAY0001801,INV0001433,STU001295,2026-10-22,Bank Transfer,10534000,TXN-88040328BY,Failed
PAY0001802,INV0001043,STU000516,2020-05-05,E-Wallet,6405000,TXN-25498252MB,Successful
PAY0001803,INV0001059,STU001135,2026-09-18,E-Wallet,5164000,TXN-41826836SW,Successful
PAY0001804,INV0000688,STU001425,2024-05-07,Bank Transfer,16954000,TXN-04550851KP,Successful
PAY0001805,INV0001374,STU001111,2024-04-23,E-Wallet,12124000,TXN-59644310AP,Successful
PAY0001806,INV0002885,STU000255,2028-11-12,Cash,8601000,TXN-69705170BO,Pending
PAY0001807,INV0002402,STU000102,2024-05-14,Card,6484000,TXN-19479132AF,Failed
PAY0001808,INV0001722,STU000959,2027-12-03,Cash,12425000,TXN-99262124RJ,Successful
PAY0001809,INV0001345,STU001169,2024-07-31,Cash,23475000,TXN-36077044VB,Successful
PAY0001810,INV0000449,STU000637,2029-05-17,Cash,7319000,TXN-51346133XW,Successful
PAY0001811,INV0002722,STU001237,2027-09-24,Card,17830000,TXN-05584607BP,Successful
PAY0001812,INV0001552,STU000425,2024-07-03,Bank Transfer,10206000,TXN-83893303JT,Successful
PAY0001813,INV0000798,STU000649,2025-12-16,Cash,5954000,TXN-39984756RH,Successful
PAY0001814,INV0002080,STU000909,,Cash,13341000,TXN-81248523LC,Successful
PAY0001815,INV0001556,STU000958,2025-07-13,E-Wallet,7503000,TXN-38884365UT,Successful
PAY0001816,INV0000864,STU000135,2025-09-28,Bank Transfer,8404000,TXN-08030845DR,Successful
PAY0001817,INV0002427,STU000701,2023-01-06,Cash,21249000,TXN-99071618JW,Successful
PAY0001818,INV0001057,STU000056,2029-05-10,Card,27666000,TXN-16233600BJ,Successful
PAY0001819,INV0000175,STU001225,2025-10-27,Card,18426000,TXN-93701606OF,Reversed
PAY0001820,INV0000637,STU000993,2025-05-27,Card,5522000,TXN-84890591SH,Successful
PAY0001821,INV0002679,STU001021,2026-05-13,Cash,1461000,TXN-89946639AP,Pending
PAY0001822,INV0000053,STU000851,2024-01-05,E-Wallet,11485000,TXN-65243991PN,Successful
PAY0001823,INV0002935,STU001186,2023-02-25,E-Wallet,5306000,TXN-93138460KL,Successful
PAY0001824,INV0000082,STU000352,2028-08-18,Card,18979000,TXN-79107601IJ,Successful
PAY0001825,INV0000674,STU001083,2029-01-04,Cash,21592000,TXN-00463794HD,Successful
PAY0001826,INV0000683,STU000241,2022-03-10,Cash,7391000,TXN-78458113MN,Successful
PAY0001827,INV0000283,STU001275,2022-07-17,Bank Transfer,30163000,TXN-12121289BX,Failed
PAY0001828,INV0000037,STU000037,,Bank Transfer,2385000,TXN-92579081GI,Successful
PAY0001829,INV0000905,STU001186,2024-01-15,Card,14705000,TXN-78707300BM,Successful
PAY0001830,INV0001249,STU000299,2026-09-09,Bank Transfer,20384000,TXN-79528808PX,Successful
PAY0001831,INV0001934,STU000608,2025-04-28,Bank Transfer,6479000,TXN-28223742HK,Successful
PAY0001832,INV0001342,STU000722,2026-11-08,Cash,6178000,TXN-13610721RY,Successful
PAY0001833,INV0002747,STU000918,2026-06-23,Cash,17657000,TXN-08823881ZB,Successful
PAY0001834,INV0001670,STU000364,2023-12-15,E-Wallet,20660000,TXN-02214106XD,Successful
PAY0001835,INV0001820,STU000313,2024-11-05,Cash,16288000,TXN-55146641ZH,Successful
PAY0001836,INV0000200,STU001227,2028-04-15,Card,26609000,TXN-39907654NJ,Successful
PAY0001837,INV0002306,STU000867,2026-07-27,E-Wallet,7165000,TXN-26319839ZU,Successful
PAY0001838,INV0002706,STU001344,2021-05-10,Card,11402000,TXN-12269728XO,Successful
PAY0001839,INV0001852,STU000411,2026-07-08,Card,13480000,TXN-76643809IJ,Successful
PAY0001840,INV0000576,STU000028,2027-12-19,Bank Transfer,20196000,TXN-94288096FE,Pending
PAY0001841,INV0002360,STU001350,2026-01-14,E-Wallet,7587000,TXN-45039093RR,Successful
PAY0001842,INV0000968,STU000272,2022-09-29,Bank Transfer,4254000,TXN-20511957HN,Reversed
PAY0001843,INV0002672,STU000575,2022-12-27,E-Wallet,3942000,TXN-39579600DX,Successful
PAY0001844,INV0001519,STU001267,2029-03-21,Bank Transfer,6672000,TXN-62694084PR,Failed
PAY0001845,INV0000566,STU000534,2025-08-13,Cash,14503000,TXN-88194905PQ,Successful
PAY0001846,INV0000517,STU000728,2021-05-21,Cash,19889000,TXN-91330343EK,Failed
PAY0001847,INV0001927,STU000401,2024-11-13,Bank Transfer,14438000,TXN-83057111BZ,Successful
PAY0001848,INV0002271,STU000810,2023-08-23,Card,9923000,TXN-30301680SB,Successful
PAY0001849,INV0000487,STU000034,2026-01-31,Bank Transfer,17165000,TXN-49256537SK,Successful
PAY0001850,INV0002484,STU001258,2028-10-03,Cash,23253000,TXN-46198618JP,Successful
PAY0001851,INV0000327,STU001391,2027-03-10,E-Wallet,9615000,TXN-48999287LW,Successful
PAY0001852,INV0001340,STU001138,2023-04-20,Card,21296000,TXN-69585768AY,Reversed
PAY0001853,INV0001600,STU000757,2028-02-09,E-Wallet,10390000,TXN-82802652LZ,Successful
PAY0001854,INV0001165,STU000384,2024-03-25,Card,12326000,TXN-20672771XJ,Successful
PAY0001855,INV0001710,STU000296,,Cash,10471000,TXN-48097975ME,Successful
PAY0001856,INV0001128,STU000738,2025-06-15,E-Wallet,15909000,TXN-15593828KH,Successful
PAY0001857,INV0001382,STU001457,2025-04-16,Bank Transfer,17827000,TXN-10234346RJ,Successful
PAY0001858,INV0002351,STU000234,2022-03-31,Bank Transfer,23705000,TXN-05249253SO,Successful
PAY0001859,INV0000662,STU000916,2023-10-21,Cash,7665000,TXN-44598048JN,Successful
PAY0001860,INV0002934,STU000856,2024-08-10,Cash,9701000,TXN-57683610QI,Successful
PAY0001861,INV0000088,STU000456,2024-12-22,Bank Transfer,8820000,TXN-69912629BS,Successful
PAY0001862,INV0001821,STU000174,2023-01-26,E-Wallet,52655000,TXN-49174314JU,Successful
PAY0001863,INV0002456,STU000146,2025-08-04,Bank Transfer,1930000,TXN-75010366PW,Successful
PAY0001864,INV0001819,STU000235,2024-07-25,E-Wallet,16228000,TXN-46727392II,Successful
PAY0001865,INV0002745,STU000300,2027-11-03,Bank Transfer,11651000,TXN-23840761RG,Pending
PAY0001866,INV0001613,STU000587,22/09/2023,Cash,7713000,TXN-37806925QC,Successful
PAY0001867,INV0001049,STU000776,2021-04-04,Card,7559000,TXN-89405529PD,Successful
PAY0001868,INV0001319,STU000276,2023-12-26,E-Wallet,5793000,TXN-94598051EE,Successful
PAY0001869,INV0002815,STU001256,2025-03-05,E-Wallet,17451000,TXN-37434898FB,Successful
PAY0001870,INV0002910,STU000367,2023-12-15,E-Wallet,4641000,TXN-96683282OD,Successful
PAY0001871,INV0000656,STU001430,2027-03-14,Cash,9122000,TXN-83088248KK,Successful
PAY0001872,INV0000493,STU001019,2025-12-22,Cash,8223000,TXN-72940080JK,Successful
PAY0001873,INV0002111,STU000187,2029-04-05,Bank Transfer,13203000,TXN-19096794OH,Reversed
PAY0001874,INV0001963,STU001264,2026-08-23,Card,13555000,TXN-34242566HC,Successful
PAY0001875,INV0002052,STU000289,2027-05-04,Cash,9120000,TXN-10908739TQ,Successful
PAY0001876,INV0001983,STU000780,2028-07-25,E-Wallet,8174000,TXN-39584996LA,Successful
PAY0001877,INV0002383,STU001209,2027-09-20,E-Wallet,9465000,TXN-89351523ZC,Successful
PAY0001878,INV0002238,STU000855,2023-01-05,Cash,22641000,TXN-49818427BS,Successful
PAY0001879,INV0002348,STU000243,2024-04-22,Cash,4575000,TXN-68939340OT,Successful
PAY0001880,INV0000062,STU000178,2025-04-02,E-Wallet,6256000,TXN-77278909EM,Successful
PAY0001881,INV0002671,STU000948,2025-02-06,E-Wallet,2925000,TXN-33863844IO,Successful
PAY0001882,INV0001629,STU000133,2021-10-16,Cash,17715000,TXN-21034208WD,Successful
PAY0001883,INV0000266,STU000428,2028-08-08,E-Wallet,16541000,TXN-20200651HL,Failed
PAY0001884,INV0001657,STU001273,2021-04-09,Cash,9513000,TXN-59950000YV,Successful
PAY0001885,INV0000693,STU000383,2027-08-16,Card,23203000,TXN-89649143IO,Successful
PAY0001886,INV0000438,STU001328,2023-06-18,E-Wallet,17023000,TXN-94421409PQ,Successful
PAY0001887,INV0001803,STU000484,2021-08-27,Bank Transfer,6806000,TXN-05387649EA,Successful
PAY0001888,INV0002436,STU000747,2027-03-31,Card,23293000,TXN-34621898SR,Successful
PAY0001889,INV0002381,STU001142,2022-10-14,Cash,19853000,TXN-12189515JE,Successful
PAY0001890,INV0001487,STU000273,2024-12-13,E-Wallet,16987000,TXN-52380315BA,Successful
PAY0001891,INV0002522,STU001465,2025-05-10,Bank Transfer,17835000,TXN-63443083WQ,Successful
PAY0001892,INV0000865,STU000254,2026-04-21,Card,6201000,TXN-32799067KH,Failed
PAY0001893,INV0001832,STU000045,2025-09-07,Cash,20317000,TXN-92089337WW,Successful
PAY0001894,INV0001597,STU001079,2027-08-29,Cash,15070000,TXN-06077256XH,Successful
PAY0001895,INV0000239,STU000902,2026-02-01,Bank Transfer,5460000,TXN-37422234FO,Failed
PAY0001896,INV0000873,STU000713,2027-07-28,E-Wallet,11170000,TXN-79885829YC,Successful
PAY0001897,INV0000365,STU001124,2024-07-14,E-Wallet,11118000,TXN-61038304GW,Successful
PAY0001898,INV0000094,STU000861,2027-04-06,Card,20175000,TXN-24599938ON,Reversed
PAY0001899,INV0002056,STU000362,2027-12-10,Bank Transfer,5218000,TXN-31519926HX,Reversed
PAY0001900,INV0002575,STU000093,2027-08-30,E-Wallet,4486000,TXN-18448710OL,Successful
PAY0001901,INV0002046,STU000814,2025-02-21,Card,7977000,TXN-64016117SY,Successful
PAY0001902,INV0001503,STU001266,,Card,17272000,TXN-05537959LK,Successful
PAY0001903,INV0000875,STU000282,2024-02-27,E-Wallet,2531000,TXN-08927319UI,Successful
PAY0001904,INV0002525,STU001161,2025-08-30,Cash,8321000,TXN-44490673PJ,Pending
PAY0001905,INV0000903,STU001037,2025-08-01,Cash,26233000,TXN-22233192TN,Successful
PAY0001906,INV0001071,STU000002,2021-01-26,Card,17832000,TXN-19151525UC,Successful
PAY0001907,INV0002146,STU001292,2029-05-17,Card,8859000,TXN-87282234DH,Successful
PAY0001908,INV0001585,STU000551,2023-05-01,Bank Transfer,16898000,TXN-85791094KP,Successful
PAY0001909,INV0001500,STU000655,2024-08-17,Cash,25941000,TXN-81743216VS,Successful
PAY0001910,INV0001630,STU001429,2027-05-14,Cash,21008000,TXN-91709715MK,Pending
PAY0001911,INV0000498,STU000983,2022-03-11,Cash,25800000,TXN-99396404EP,Failed
PAY0001912,INV0002302,STU000921,2026-10-12,Card,6626000,TXN-11977824ZO,Successful
PAY0001913,INV0001425,STU000299,2025-12-04,Cash,9104000,TXN-27839478FG,Successful
PAY0001914,INV0000028,STU001432,2023-04-01,E-Wallet,20096000,TXN-26076873NX,Successful
PAY0001915,INV0001921,STU000908,2026-08-10,Cash,5303000,TXN-71207502JO,Successful
PAY0001916,INV0001201,STU000548,2027-09-04,Card,5860000,TXN-80784874QB,Successful
PAY0001917,INV0002876,STU000775,2024-01-02,E-Wallet,26463000,TXN-93761184OI,Pending
PAY0001918,INV0000519,STU000129,2022-04-01,Bank Transfer,13334000,TXN-42266559AP,Successful
PAY0001919,INV0000879,STU000423,2025-12-18,E-Wallet,19644000,TXN-81018550FF,Successful
PAY0001920,INV0002766,STU001075,2025-08-01,E-Wallet,1732000,TXN-15458623DM,Successful
PAY0001921,INV0002591,STU000389,2025-05-17,E-Wallet,7514000,TXN-92128976YY,Successful
PAY0001922,INV0000677,STU001076,2023-08-29,Bank Transfer,27584000,TXN-31687070HZ,Successful
PAY0001923,INV0002652,STU000058,2026-12-08,E-Wallet,11810000,TXN-44776836FI,Successful
PAY0001924,INV0000238,STU000822,2024-03-21,E-Wallet,10533000,TXN-35191782OL,Failed
PAY0001925,INV0002768,STU000828,2026-12-19,Card,16799000,TXN-93914915HO,Successful
PAY0001926,INV0001353,STU000561,2028-07-01,Card,18132000,TXN-16189425DK,Successful
PAY0001927,INV0000132,STU000420,2024-02-04,Cash,4647000,TXN-62429265XV,Successful
PAY0001928,INV0000681,STU001019,,E-Wallet,8790000,TXN-40311400YJ,Failed
PAY0001929,INV0002718,STU000667,,E-Wallet,25514000,TXN-24973896AR,Successful
PAY0001930,INV0001298,STU001400,2027-09-19,Card,28629000,TXN-94919384FL,Successful
PAY0001931,INV0001013,STU001331,2022-12-25,Cash,5914000,TXN-57654359PY,Pending
PAY0001932,INV0002814,STU000746,2029-05-25,Bank Transfer,11872000,TXN-63285432XJ,Successful
PAY0001933,INV0000005,STU001308,2026-10-31,Bank Transfer,4462000,TXN-02835668EA,Successful
PAY0001934,INV0000269,STU000511,2021-08-30,Bank Transfer,17510000,TXN-69444733ST,Successful
PAY0001935,INV0001449,STU000413,2027-01-26,Cash,45710000,TXN-50921271IW,Successful
PAY0001936,INV0000499,STU001293,2020-07-19,Card,8639000,TXN-69501735ER,Pending
PAY0001937,INV0000217,STU001352,2022-11-04,Card,12695000,TXN-99185716ZO,Successful
PAY0001938,INV0002880,STU000891,2023-05-08,Cash,15365000,TXN-32449110GP,Failed
PAY0001939,INV0000100,STU001408,2021-04-16,Cash,14068000,TXN-47590661IU,Successful
PAY0001940,INV0002605,STU000133,2021-07-02,Card,12768000,TXN-66623392CW,Successful
PAY0001941,INV0001894,STU001413,2027-10-27,E-Wallet,4272000,TXN-97548694RX,Successful
PAY0001942,INV0002409,STU000834,2026-10-15,E-Wallet,12429000,TXN-83943685TZ,Successful
PAY0001943,INV0001748,STU001365,2022-05-25,Bank Transfer,4437000,TXN-93402012JS,Successful
PAY0001944,INV0002014,STU000859,2025-01-29,E-Wallet,12661000,TXN-61828566LI,Successful
PAY0001945,INV0000866,STU001001,2023-12-31,E-Wallet,6617000,TXN-91126048FE,Successful
PAY0001946,INV0002578,STU000354,2020-02-11,Cash,10149000,TXN-31959556IV,Successful
PAY0001947,INV0000370,STU000900,2020-08-14,Cash,10047000,TXN-73975947HX,Successful
PAY0001948,INV0002601,STU000895,,Cash,12469000,TXN-69189665TD,Successful
PAY0001949,INV0001060,STU001419,2028-01-17,Cash,9298000,TXN-78266268SG,Successful
PAY0001950,INV0001926,STU001034,2026-04-19,E-Wallet,9979000,TXN-41151833PP,Successful
PAY0001951,INV0002567,STU000743,2023-02-28,Bank Transfer,20653000,TXN-41930387GK,Successful
PAY0001952,INV0000032,STU000589,,E-Wallet,8452000,TXN-33609160RB,Pending
PAY0001953,INV0002480,STU000556,2022-09-05,Cash,8330000,TXN-64423427BI,Successful
PAY0001954,INV0000257,STU000557,2022-07-21,Cash,26368000,TXN-45732702XI,Successful
PAY0001955,INV0001104,STU001368,2024-08-26,Bank Transfer,21341000,TXN-57574272SE,Failed
PAY0001956,INV0001222,STU000682,2022-12-03,Card,22457000,TXN-82141891SR,Successful
PAY0001957,INV0001642,STU000050,2024-09-13,Cash,14335000,TXN-79904030GB,Successful
PAY0001958,INV0001230,STU000788,2026-06-07,Cash,12913000,TXN-66123277AK,Successful
PAY0001959,INV0002162,STU000496,2029-07-20,Card,3659000,TXN-75738962RO,Successful
PAY0001960,INV0000966,STU000680,2025-11-27,Card,3445000,TXN-30123884RL,Successful
PAY0001961,INV0002257,STU000177,2024-12-28,E-Wallet,3643000,TXN-99848950MA,Failed
PAY0001962,INV0002653,STU000483,2021-10-19,Card,2778000,TXN-25018145SG,Successful
PAY0001963,INV0000701,STU000767,2027-10-08,Cash,11814000,TXN-43949268WW,Successful
PAY0001964,INV0000558,STU000112,2024-04-17,E-Wallet,18915000,TXN-56712305OF,Successful
PAY0001965,INV0000755,STU000678,2021-08-09,Card,23585000,TXN-60352749SR,Successful
PAY0001966,INV0002724,STU001247,2026-09-06,E-Wallet,13774000,TXN-74380724TY,Failed
PAY0001967,INV0002205,STU000383,2027-09-02,Cash,10470000,TXN-77021144MR,Successful
PAY0001968,INV0001049,STU000776,2021-05-20,Bank Transfer,3542000,TXN-06897535OG,Successful
PAY0001969,INV0000030,STU000337,2023-09-17,Cash,2136000,TXN-82769123IE,Successful
PAY0001970,INV0001580,STU001080,2026-02-20,Card,18423000,TXN-82431348CB,Successful
PAY0001971,INV0001962,STU001349,2024-02-07,Card,12901000,TXN-15744236UE,Successful
PAY0001972,INV0002766,STU001075,2025-07-11,Cash,1238000,TXN-03338914MB,Successful
PAY0001973,INV0002423,STU000017,2025-11-30,Card,12672000,TXN-24886771GD,Successful
PAY0001974,INV0001880,STU000818,2026-04-03,E-Wallet,15450000,TXN-46546388KS,Successful
PAY0001975,INV0000697,STU000275,03/10/2023,E-Wallet,15689000,TXN-03665708SG,Successful
PAY0001976,INV0001262,STU000712,2024-01-09,Bank Transfer,7003000,TXN-03713360GM,Successful
PAY0001977,INV0000609,STU000992,2025-12-01,Cash,8147000,TXN-63442476NP,Successful
PAY0001978,INV0000671,STU000111,2025-01-29,Card,4587000,TXN-36768620JR,Successful
PAY0001979,INV0000945,STU001114,2026-01-20,Bank Transfer,6576000,TXN-42969927XW,Successful
PAY0001980,INV0000895,STU000663,2024-10-25,Card,4651000,TXN-98165494YQ,Successful
PAY0001981,INV0002653,STU000483,2021-07-24,Card,7457000,TXN-27128395FA,Successful
PAY0001982,INV0000371,STU000669,2026-04-24,Card,9490000,TXN-70059069XQ,Successful
PAY0001983,INV0000709,STU000270,2020-11-25,Bank Transfer,16607000,TXN-39552417NN,Successful
PAY0001984,INV0000659,STU000435,,Cash,4820000,TXN-41919343DU,Successful
PAY0001985,INV0002210,STU000402,,Card,11817000,TXN-07790027JZ,Successful
PAY0001986,INV0001219,STU000563,2025-08-23,Cash,4879000,TXN-39078772VL,Successful
PAY0001987,INV0002203,STU000448,2023-06-20,Card,18332000,TXN-30241569GL,Successful
PAY0001988,INV0002483,STU000238,2022-08-18,Cash,5719000,TXN-37822560VO,Successful
PAY0001989,INV0002032,STU000324,2022-08-10,Bank Transfer,21543000,TXN-30866911HW,Failed
PAY0001990,INV0002732,STU000322,2027-04-21,Card,12563000,TXN-90778137MI,Successful
PAY0001991,INV0001674,STU000090,2025-10-12,Card,7674000,TXN-94662380HM,Successful
PAY0001992,INV0000957,STU000306,,E-Wallet,12281000,TXN-35175593UI,Successful
PAY0001993,INV0002298,STU000675,2023-09-24,E-Wallet,18541000,TXN-42961782KT,Successful
PAY0001994,INV0000506,STU001285,2028-11-14,E-Wallet,5945000,TXN-72964127ZU,Successful
PAY0001995,INV0001299,STU000028,2027-02-26,Card,12865000,TXN-88286347OF,Successful
PAY0001996,INV0000131,STU000406,2021-07-17,Card,8300000,TXN-63341159OR,Successful
PAY0001997,INV0002980,STU000993,2025-09-09,Bank Transfer,14399000,TXN-78998872CX,Successful
PAY0001998,INV0002620,STU000910,2027-05-11,Card,8037000,TXN-35005411KB,Successful
PAY0001999,INV0002287,STU001350,2025-07-16,E-Wallet,10066000,TXN-92266299DI,Successful
PAY0002000,INV0000527,STU000029,2024-01-07,Cash,5127000,TXN-97487615DY,Successful
PAY0002001,INV0002399,STU001417,2025-05-29,Bank Transfer,13555000,TXN-23659939WH,Successful
PAY0002002,INV0002349,STU001336,2023-03-27,Bank Transfer,8082000,TXN-67533373UP,Successful
PAY0002003,INV0001608,STU001188,2026-06-13,Card,12236000,TXN-68988117FI,Reversed
PAY0002004,INV0001008,STU000088,2025-04-17,E-Wallet,5184000,TXN-04962242LB,Successful
PAY0002005,INV0002552,STU000932,2027-05-31,Card,21088000,TXN-74648834LP,Successful
PAY0002006,INV0000959,STU000439,2021-11-22,E-Wallet,12295000,TXN-61874387XG,Successful
PAY0002007,INV0001979,STU000003,2024-02-20,Bank Transfer,10594000,TXN-03240755IU,Successful
PAY0002008,INV0001664,STU000761,2021-11-08,Card,15913000,TXN-40650932RD,Successful
PAY0002009,INV0000068,STU000856,2023-06-18,Bank Transfer,7981000,TXN-02067931ZM,Successful
PAY0002010,INV0000364,STU000487,2023-09-27,Card,9347000,TXN-18977880AN,Successful
PAY0002011,INV0001658,STU000011,2024-12-26,E-Wallet,7615000,TXN-31979848TX,Successful
PAY0002012,INV0000336,STU000551,2023-10-23,Bank Transfer,6089000,TXN-29733151QC,Successful
PAY0002013,INV0002350,STU000791,2025-10-05,Bank Transfer,11312000,TXN-22263808SV,Successful
PAY0002014,INV0001549,STU001111,,Card,6339000,TXN-29235140BB,Successful
PAY0002015,INV0000302,STU000100,13/03/2028,Card,5882000,TXN-47120159HY,Successful
PAY0002016,INV0000010,STU000117,30/07/2025,E-Wallet,16003000,TXN-23829953PS,Successful
PAY0002017,INV0000198,STU000783,2025-07-25,Cash,3496000,TXN-83530127BO,Successful
PAY0002018,INV0001791,STU000087,2027-02-23,E-Wallet,9103000,TXN-37058179VA,Successful
PAY0002019,INV0000744,STU001187,2023-07-14,E-Wallet,11095000,TXN-08819874XZ,Successful
PAY0002020,INV0000900,STU001152,2022-10-08,Bank Transfer,12952000,TXN-65933252DE,Pending
PAY0002021,INV0002653,STU000483,2021-08-11,Card,2333000,TXN-96909950GO,Failed
PAY0002022,INV0001570,STU000036,2021-07-22,Card,23615000,TXN-41214543VM,Pending
PAY0002023,INV0002420,STU001320,2025-03-20,Bank Transfer,3743000,TXN-02238011HK,Successful
PAY0002024,INV0002820,STU000949,2024-03-28,Card,5708000,TXN-66018908IW,Successful
PAY0002025,INV0001589,STU000810,2020-11-30,Bank Transfer,11210000,TXN-20899550HK,Successful
PAY0002026,INV0002398,STU000513,2024-03-13,Cash,14653000,TXN-33542993JU,Successful
PAY0002027,INV0001951,STU001297,2022-07-15,Card,20268000,TXN-70575240TV,Pending
PAY0002028,INV0002344,STU001470,2026-04-16,Cash,6663000,TXN-76733774EL,Successful
PAY0002029,INV0002583,STU001379,2025-04-02,Bank Transfer,16669000,TXN-57354406IB,Successful
PAY0002030,INV0001840,STU001221,2023-04-30,Cash,16054000,TXN-21174140FG,Successful
PAY0002031,INV0000702,STU000301,2023-06-25,Card,8797000,TXN-17769721TT,Successful
PAY0002032,INV0001232,STU001046,2025-05-08,Bank Transfer,2148000,TXN-21883527KT,Failed
PAY0002033,INV0000211,STU001435,2027-05-04,Bank Transfer,7283000,TXN-29615498KB,Successful
PAY0002034,INV0002292,STU000729,2023-05-30,Card,4300000,TXN-84276669YK,Successful
PAY0002035,INV0001201,STU000548,2027-07-04,Cash,7217000,TXN-92701950QV,Successful
PAY0002036,INV0000343,STU000996,2027-11-02,Card,3722000,TXN-82749992QJ,Successful
PAY0002037,INV0001760,STU001173,2025-06-05,E-Wallet,19631000,TXN-11007482JZ,Successful
PAY0002038,INV0002716,STU000056,2027-05-01,Cash,8852000,TXN-64834952NR,Successful
PAY0002039,INV0001713,STU001364,2027-03-26,Bank Transfer,16399000,TXN-66160712GA,Pending
PAY0002040,INV0002268,STU001011,2030-06-30,Bank Transfer,14291000,TXN-68341023YO,Successful
PAY0002041,INV0002840,STU001268,2025-03-12,Bank Transfer,18183000,TXN-61363024KB,Successful
PAY0002042,INV0002065,STU000516,2022-09-16,Cash,11053000,TXN-75736304VS,Successful
PAY0002043,INV0001764,STU001482,2025-01-10,Card,10362000,TXN-97876282TB,Successful
PAY0002044,INV0000045,STU001091,2021-12-21,Card,22021000,TXN-75771003AC,Successful
PAY0002045,INV0001444,STU001345,,Cash,4732000,TXN-59070796EW,Failed
PAY0002046,INV0001717,STU000878,2028-11-28,Bank Transfer,13471000,TXN-91017967WH,Successful
PAY0002047,INV0001662,STU000824,2025-06-23,Bank Transfer,13370000,TXN-82136280DI,Successful
PAY0002048,INV0001606,STU001092,2028-08-06,Card,6856000,TXN-82978215DB,Pending
PAY0002049,INV0000887,STU001120,2026-03-18,Cash,9559000,TXN-93410665XK,Reversed
PAY0002050,INV0002837,STU001411,2025-03-23,Card,3706000,TXN-08622550JA,Successful
PAY0002051,INV0002080,STU000909,2028-05-26,Card,17588000,TXN-18430905SN,Successful
PAY0002052,INV0002576,STU000018,2024-06-14,Cash,6465000,TXN-93003150SQ,Successful
PAY0002053,INV0002891,STU001418,2026-12-16,Card,13109000,TXN-20973273PD,Successful
PAY0002054,INV0001154,STU000209,2023-04-28,Bank Transfer,4053000,TXN-68173198GO,Successful
PAY0002055,INV0002984,STU000373,2025-10-12,Card,1301000,TXN-05268071UH,Successful
PAY0002056,INV0000968,STU000272,2022-11-27,Cash,4629000,TXN-39239329FR,Successful
PAY0002057,INV0002850,STU000432,2029-06-15,Bank Transfer,8748000,TXN-88695512LQ,Successful
PAY0002058,INV0001428,STU000969,2025-09-20,Card,6174000,TXN-75114905GT,Successful
PAY0002059,INV0002553,STU000614,2023-01-08,E-Wallet,18646000,TXN-97126544II,Successful
PAY0002060,INV0000696,STU000448,2025-05-04,Card,23451000,TXN-06178168WR,Successful
PAY0002061,INV0001134,STU000480,2027-01-04,Bank Transfer,7996000,TXN-78804142WD,Successful
PAY0002062,INV0002335,STU001083,2029-09-13,E-Wallet,5846000,TXN-52932537WF,Successful
PAY0002063,INV0002549,STU000117,2026-09-04,Card,10215000,TXN-72033547LL,Pending
PAY0002064,INV0002427,STU000701,2021-11-28,Cash,20829000,TXN-47034259GH,Successful
PAY0002065,INV0001307,STU000583,2027-11-18,Card,4282000,TXN-88106161VY,Successful
PAY0002066,INV0001745,STU000526,2024-02-07,Cash,3655000,TXN-32366623GF,Successful
PAY0002067,INV0000796,STU000242,2029-08-21,Card,4140000,TXN-06328507FB,Successful
PAY0002068,INV0000878,STU000880,2027-06-17,E-Wallet,14400000,TXN-72534289KU,Successful
PAY0002069,INV0000196,STU000114,2025-04-24,Card,3774000,TXN-30313573WK,Failed
PAY0002070,INV0001510,STU001374,2024-09-11,E-Wallet,3185000,TXN-46072532MI,Successful
PAY0002071,INV0001408,STU000621,2025-04-09,Card,25778000,TXN-24881059SQ,Successful
PAY0002072,INV0002591,STU000389,2025-04-16,E-Wallet,6599000,TXN-75863721HB,Successful
PAY0002073,INV0001832,STU000045,,E-Wallet,18882000,TXN-02252269XU,Successful
PAY0002074,INV0001094,STU000784,2025-02-15,Bank Transfer,5604000,TXN-41553345BN,Successful
PAY0002075,INV0000215,STU000674,2027-06-02,E-Wallet,6481000,TXN-91385194SL,Successful
PAY0002076,INV0000986,STU001206,2028-02-07,E-Wallet,19606000,TXN-98018702XT,Successful
PAY0002077,INV0001894,STU001413,2027-10-22,E-Wallet,3218000,TXN-34015428LT,Successful
PAY0002078,INV0001590,STU001004,2027-11-23,Cash,14495000,TXN-18604494HZ,Successful
PAY0002079,INV0000377,STU000918,2027-10-10,E-Wallet,3786000,TXN-81118627DT,Successful
PAY0002080,INV0000417,STU001201,2022-09-19,Cash,14807000,TXN-34712383OU,Successful
PAY0002081,INV0002967,STU001057,2025-05-14,Bank Transfer,16280000,TXN-36491218FJ,Successful
PAY0002082,INV0000657,STU000495,2027-08-05,Bank Transfer,10674000,TXN-50250720RT,Successful
PAY0002083,INV0002811,STU000396,2026-11-15,E-Wallet,23461000,TXN-72389438YS,Successful
PAY0002084,INV0000329,STU000222,2027-05-18,E-Wallet,13499000,TXN-81350284KW,Successful
PAY0002085,INV0000630,STU001385,2025-08-23,E-Wallet,8848000,TXN-22283689TY,Successful
PAY0002086,INV0002752,STU000645,2021-12-23,Cash,17570000,TXN-14132899MH,Pending
PAY0002087,INV0001047,STU000087,2029-04-07,Cash,11531000,TXN-25461180LC,Successful
PAY0002088,INV0002101,STU001056,2024-06-02,Card,3506000,TXN-14087500VS,Successful
PAY0002089,INV0002143,STU000534,2026-07-09,E-Wallet,10004000,TXN-89134366HZ,Successful
PAY0002090,INV0002924,STU000825,31/10/2024,Card,6694000,TXN-88235820TJ,Successful
PAY0002091,INV0001678,STU001471,2023-07-31,Card,6525000,TXN-59506470UO,Successful
PAY0002092,INV0000243,STU000150,2029-11-13,E-Wallet,7233000,TXN-46259080RU,Successful
PAY0002093,INV0002198,STU001343,2026-06-04,Bank Transfer,33482000,TXN-54045117KB,Reversed
PAY0002094,INV0001079,STU000890,2024-10-13,Card,5037000,TXN-99654089YF,Successful
PAY0002095,INV0000112,STU000301,2024-04-27,E-Wallet,3809000,TXN-50609108ZU,Failed
PAY0002096,INV0002259,STU000328,2026-04-08,Bank Transfer,16875000,TXN-86533348RX,Reversed
PAY0002097,INV0002855,STU000711,2027-04-27,Card,8731000,TXN-33573409DX,Successful
PAY0002098,INV0001511,STU001348,2022-09-07,E-Wallet,68239000,TXN-05871543CN,Pending
PAY0002099,INV0002816,STU000300,2025-12-27,Bank Transfer,12753000,TXN-39964878GA,Successful
PAY0002100,INV0002922,STU000431,2024-06-26,Card,10068000,TXN-53758713YV,Successful
PAY0002101,INV0001248,STU000406,2023-03-09,Bank Transfer,16691000,TXN-13914736TN,Successful
PAY0002102,INV0000689,STU000621,2023-02-28,Cash,19330000,TXN-29914668VM,Successful
PAY0002103,INV0001348,STU000892,2022-10-30,Card,13503000,TXN-46858246EP,Successful
PAY0002104,INV0001763,STU000540,2029-03-31,E-Wallet,6018000,TXN-83393715RJ,Successful
PAY0002105,INV0000776,STU001456,2020-10-02,E-Wallet,9203000,TXN-59549370HY,Successful
PAY0002106,INV0002669,STU000388,2027-04-21,E-Wallet,9953000,TXN-33594705NF,Successful
PAY0002107,INV0000965,STU001381,2025-05-15,Cash,11181000,TXN-21241405OI,Successful
PAY0002108,INV0001834,STU001377,2027-06-08,E-Wallet,14749000,TXN-23781160GG,Successful
PAY0002109,INV0001918,STU000036,2022-12-06,Bank Transfer,12467000,TXN-24491744CA,Successful
PAY0002110,INV0000459,STU000011,2026-01-15,Bank Transfer,9062000,TXN-82877574FJ,Successful
PAY0002111,INV0001019,STU000082,2027-08-20,Cash,7459000,TXN-86123319OL,Successful
PAY0002112,INV0002758,STU000797,2024-01-10,Card,3918000,TXN-33370918EM,Successful
PAY0002113,INV0001476,STU000553,2025-09-15,Cash,15558000,TXN-28725417AY,Successful
PAY0002114,INV0002269,STU000574,2026-09-25,Cash,18236000,TXN-65067601NU,Failed
PAY0002115,INV0002925,STU000682,2024-08-01,Bank Transfer,26486000,TXN-68623753OV,Successful
PAY0002116,INV0000706,STU000294,2022-10-18,Bank Transfer,23058000,TXN-98087892AK,Pending
PAY0002117,INV0000150,STU001126,2023-01-25,Bank Transfer,9477000,TXN-71191210RB,Pending
PAY0002118,INV0001645,STU000407,2023-08-02,Cash,6009000,TXN-68765508HF,Failed
PAY0002119,INV0001355,STU000428,2025-09-22,Cash,27160000,TXN-36822422YU,Reversed
PAY0002120,INV0001610,STU000144,2023-09-23,Cash,19478000,TXN-73183387JF,Successful
PAY0002121,INV0002922,STU000431,2024-06-28,E-Wallet,19895000,TXN-69826936EP,Successful
PAY0002122,INV0001650,STU000045,2028-02-02,E-Wallet,25783000,TXN-97553978XI,Failed
PAY0002123,INV0001712,STU000095,2025-06-04,Bank Transfer,11959000,TXN-20026675OI,Successful
PAY0002124,INV0000023,STU001027,20/06/2023,Card,9323000,TXN-61940352BK,Failed
PAY0002125,INV0000733,STU001460,2021-08-28,Bank Transfer,12329000,TXN-03281561SU,Successful
PAY0002126,INV0000692,STU001339,,Card,19074000,TXN-88806454CD,Successful
PAY0002127,INV0000124,STU000561,2024-12-05,Card,29699000,TXN-80456858YZ,Successful
PAY0002128,INV0002651,STU001257,2027-03-23,Bank Transfer,15040000,TXN-85137339GH,Successful
PAY0002129,INV0002182,STU000313,2021-05-05,Bank Transfer,2819000,TXN-93898673OW,Successful
PAY0002130,INV0002413,STU000967,2021-11-14,Card,8431000,TXN-20335182QY,Successful
PAY0002131,INV0001298,STU001400,2027-10-02,Bank Transfer,9931000,TXN-82968660OU,Successful
PAY0002132,INV0000531,STU000891,2022-10-16,Cash,7409000,TXN-23832542AH,Successful
PAY0002133,INV0001021,STU000015,2027-08-15,Bank Transfer,5413000,TXN-47792503XP,Successful
PAY0002134,INV0002964,STU001051,2027-01-12,Card,8154000,TXN-72692219UQ,Failed
PAY0002135,INV0001908,STU001076,2024-02-25,Bank Transfer,10227000,TXN-17433222ZF,Successful
PAY0002136,INV0002188,STU000834,,Bank Transfer,2510000,TXN-43556368GB,Successful
PAY0002137,INV0002214,STU001072,2022-04-27,Card,21826000,TXN-74599615PD,Reversed
PAY0002138,INV0000682,STU000286,2022-02-26,Cash,20080000,TXN-65333333FS,Successful
PAY0002139,INV0002456,STU000146,2025-08-09,E-Wallet,1158000,TXN-12034258YH,Successful
PAY0002140,INV0001588,STU001060,2024-09-18,Bank Transfer,22155000,TXN-66696381IE,Pending
PAY0002141,INV0002561,STU001339,2023-04-26,Cash,10345000,TXN-07622618BL,Successful
PAY0002142,INV0000877,STU000928,2021-10-15,E-Wallet,17638000,TXN-30284961ME,Successful
PAY0002143,INV0002757,STU001391,2024-09-27,Cash,10173000,TXN-92897486YS,Successful
PAY0002144,INV0000219,STU000150,2029-04-22,Card,6418000,TXN-19379943EE,Successful
PAY0002145,INV0001271,STU001297,2024-07-19,Bank Transfer,4459000,TXN-69868047BU,Successful
PAY0002146,INV0001719,STU001419,2025-02-07,Bank Transfer,11519000,TXN-29264566WN,Successful
PAY0002147,INV0000020,STU001126,2020-10-08,E-Wallet,5133000,TXN-19420781TE,Successful
PAY0002148,INV0001884,STU001236,2026-02-11,E-Wallet,3868000,TXN-08222495HK,Successful
PAY0002149,INV0000867,STU000772,2028-12-19,E-Wallet,20976000,TXN-11374031KR,Successful
PAY0002150,INV0002180,STU001446,2022-01-14,Bank Transfer,13573000,TXN-12515149DU,Successful
PAY0002151,INV0001777,STU001175,2023-05-09,Cash,15339000,TXN-58341405KL,Successful
PAY0002152,INV0000692,STU001339,2023-05-02,E-Wallet,15292000,TXN-05728109BB,Successful
PAY0002153,INV0000577,STU001376,2027-03-04,Card,7754000,TXN-72619571AL,Successful
PAY0002154,INV0000274,STU001440,2024-10-18,E-Wallet,11357000,TXN-47427347DQ,Pending
PAY0002155,INV0002139,STU001184,2027-09-16,Card,7604000,TXN-16498068DN,Successful
PAY0002156,INV0000242,STU000821,2025-04-28,Card,7475000,TXN-78708281BF,Successful
PAY0002157,INV0000315,STU001307,2026-04-27,Bank Transfer,6906000,TXN-49688063XG,Successful
PAY0002158,INV0000236,STU000655,2023-05-09,E-Wallet,11714000,TXN-01112232XE,Successful
PAY0002159,INV0000359,STU000865,2024-09-12,E-Wallet,7452000,TXN-43070195QO,Pending
PAY0002160,INV0000909,STU000213,25/09/2027,Card,3790000,TXN-87998739ZZ,Successful
PAY0002161,INV0002985,STU000186,2025-08-28,Bank Transfer,4443000,TXN-97254787VZ,Successful
PAY0002162,INV0000323,STU001104,2025-01-19,Cash,9694000,TXN-99870639GA,Successful
PAY0002163,INV0000365,STU001124,2024-11-17,Bank Transfer,8050000,TXN-32434713WR,Successful
PAY0002164,INV0000840,STU000991,2023-04-15,E-Wallet,5446000,TXN-47184517EV,Successful
PAY0002165,INV0002353,STU000239,,Bank Transfer,8745000,TXN-04578109PR,Successful
PAY0002166,INV0002318,STU001164,2026-05-09,Cash,6296000,TXN-80424883LY,Successful
PAY0002167,INV0002597,STU000416,2026-12-31,Cash,8683000,TXN-32122110OX,Successful
PAY0002168,INV0002361,STU001260,25/10/2022,Bank Transfer,11258000,TXN-81039099UF,Failed
PAY0002169,INV0002252,STU000627,2025-11-25,E-Wallet,21552000,TXN-74538234ZA,Successful
PAY0002170,INV0000665,STU000637,2028-10-26,E-Wallet,8515000,TXN-48728535WR,Successful
PAY0002171,INV0000896,STU000954,2027-08-21,Card,10821000,TXN-86730170TH,Successful
PAY0002172,INV0002491,STU000963,2025-03-17,Bank Transfer,12274000,TXN-84474799ZH,Successful
PAY0002173,INV0002394,STU000093,2026-09-05,Card,8197000,TXN-86182127JS,Successful
PAY0002174,INV0001424,STU000083,2023-04-20,Card,14764000,TXN-06710153VH,Successful
PAY0002175,INV0000402,STU000713,2026-08-19,E-Wallet,20085000,TXN-04380297NA,Successful
PAY0002176,INV0000198,STU000783,2025-06-08,E-Wallet,12396000,TXN-10081975OX,Successful
PAY0002177,INV0002106,STU000512,2027-07-18,Bank Transfer,18068000,TXN-69102279ZP,Successful
PAY0002178,INV0001646,STU000697,2025-11-21,Bank Transfer,11249000,TXN-59513786TO,Successful
PAY0002179,INV0000878,STU000880,2027-06-22,Bank Transfer,31430000,TXN-84170290AY,Successful
PAY0002180,INV0000001,STU001485,2022-04-18,E-Wallet,17425000,TXN-73041400LS,Successful
PAY0002181,INV0000604,STU001350,2025-04-14,Bank Transfer,12499000,TXN-07770518GO,Successful
PAY0002182,INV0000354,STU001474,,Card,13510000,TXN-93874164CC,Successful
PAY0002183,INV0001243,STU000742,2024-03-07,Cash,11066000,TXN-07855354FV,Successful
PAY0002184,INV0000023,STU001027,2023-08-22,E-Wallet,6960000,TXN-20104082RR,Successful
PAY0002185,INV0001563,STU001206,2025-12-17,Bank Transfer,25279000,TXN-40417662QA,Successful
PAY0002186,INV0000546,STU001335,2028-01-30,Bank Transfer,8603000,TXN-25937954RV,Successful
PAY0002187,INV0002535,STU001070,2022-03-21,Bank Transfer,7980000,TXN-32557020NR,Successful
PAY0002188,INV0002335,STU001083,07/11/2029,E-Wallet,6594000,TXN-82315546HO,Successful
PAY0002189,INV0001089,STU000608,2026-01-14,E-Wallet,4963000,TXN-71289996DQ,Successful
PAY0002190,INV0000126,STU001177,2027-06-10,Bank Transfer,18203000,TXN-31939453BL,Successful
PAY0002191,INV0002447,STU001161,2024-11-12,Card,18686000,TXN-20564093IP,Successful
PAY0002192,INV0001063,STU001344,2021-07-26,E-Wallet,11172000,TXN-58398502DI,Successful
PAY0002193,INV0002846,STU000687,2022-07-31,E-Wallet,28759000,TXN-02435119TX,Successful
PAY0002194,INV0001039,STU001388,2025-07-29,Card,8759000,TXN-79494535PK,Successful
PAY0002195,INV0000331,STU001033,2025-09-09,Card,7796000,TXN-79741289UG,Successful
PAY0002196,INV0002048,STU000632,2024-09-11,Cash,16438000,TXN-06899366XX,Successful
PAY0002197,INV0001918,STU000036,2022-12-18,Card,8164000,TXN-91854644FI,Successful
PAY0002198,INV0002435,STU000041,2023-07-20,Bank Transfer,18375000,TXN-38087408DQ,Successful
PAY0002199,INV0000779,STU000271,2021-09-03,E-Wallet,17507000,TXN-83300577RE,Successful
PAY0002200,INV0000960,STU000999,2028-11-28,E-Wallet,13477000,TXN-74341967JD,Successful
PAY0002201,INV0002390,STU001178,2021-03-23,E-Wallet,3368000,TXN-36719155PF,Successful
PAY0002202,INV0000371,STU000669,2026-04-20,E-Wallet,17055000,TXN-59103475MF,Successful
PAY0002203,INV0000366,STU000968,2024-07-10,E-Wallet,24757000,TXN-93946762FM,Successful
PAY0002204,INV0001470,STU001461,2024-11-03,Bank Transfer,13403000,TXN-87378888JC,Successful
PAY0002205,INV0000081,STU000793,2027-09-27,Bank Transfer,9071000,TXN-62969969ZG,Successful
PAY0002206,INV0002266,STU001482,2022-07-07,E-Wallet,12498000,TXN-81005332TH,Successful
PAY0002207,INV0002470,STU000603,2025-08-28,E-Wallet,17328000,TXN-58665070FS,Successful
PAY0002208,INV0001025,STU001405,2025-10-20,E-Wallet,15720000,TXN-79541547GS,Successful
PAY0002209,INV0000817,STU000440,2024-08-20,E-Wallet,4549000,TXN-02451900ON,Successful
PAY0002210,INV0001572,STU000684,2022-08-01,Bank Transfer,14004000,TXN-61841597TJ,Successful
PAY0002211,INV0000739,STU000293,04/06/2029,Card,10913000,TXN-84298639VG,Successful
PAY0002212,INV0001583,STU001043,2026-09-10,Cash,2998000,TXN-32323961XQ,Reversed
PAY0002213,INV0000555,STU000715,2024-05-15,Bank Transfer,31008000,TXN-74890413OH,Successful
PAY0002214,INV0002175,STU001042,2023-10-17,Card,3575000,TXN-23052103IZ,Successful
PAY0002215,INV0000664,STU001063,2024-02-17,Bank Transfer,20465000,TXN-55540543DW,Successful
PAY0002216,INV0002847,STU001142,2024-06-26,Cash,10865000,TXN-41380641DK,Successful
PAY0002217,INV0001297,STU001298,2024-12-22,Cash,12634000,TXN-75879517BM,Successful
PAY0002218,INV0001937,STU000589,2029-02-21,Bank Transfer,7164000,TXN-55716564EY,Successful
PAY0002219,INV0000826,STU000853,2023-02-07,Cash,7995000,TXN-35688169YK,Successful
PAY0002220,INV0000479,STU001477,2028-12-26,E-Wallet,7820000,TXN-72601901RV,Successful
PAY0002221,INV0002701,STU000497,2027-12-14,Cash,11037000,TXN-99511604UM,Successful
PAY0002222,INV0001029,STU000039,2025-03-03,Cash,12408000,TXN-64859133YY,Successful
PAY0002223,INV0001067,STU000924,2028-07-16,Card,12062000,TXN-26694095YU,Successful
PAY0002224,INV0001110,STU000280,2028-12-15,E-Wallet,6747000,TXN-89173314RQ,Successful
PAY0002225,INV0000657,STU000495,2027-07-27,E-Wallet,10572000,TXN-82741627OR,Successful
PAY0002226,INV0000537,STU000306,2023-10-21,Cash,16052000,TXN-54092011UZ,Successful
PAY0002227,INV0000080,STU001404,2027-11-08,Bank Transfer,13278000,TXN-23242503ZR,Successful
PAY0002228,INV0001694,STU000263,2025-10-19,Bank Transfer,6860000,TXN-61101176FV,Successful
PAY0002229,INV0000687,STU000090,2026-12-26,E-Wallet,28873000,TXN-03188039UI,Reversed
PAY0002230,INV0002098,STU001253,2025-05-18,Cash,51095000,TXN-76254419AY,Successful
PAY0002231,INV0002794,STU001128,2024-02-08,Card,20892000,TXN-12747108KZ,Failed
PAY0002232,INV0000573,STU000104,2021-07-17,Card,12028000,TXN-06197236TX,Successful
PAY0002233,INV0002164,STU001461,2027-11-01,Bank Transfer,3119000,TXN-33237244GA,Successful
PAY0002234,INV0002690,STU000658,2028-05-13,Bank Transfer,4875000,TXN-78188021OU,Successful
PAY0002235,INV0001162,STU001170,2022-09-14,E-Wallet,3846000,TXN-73574079XD,Successful
PAY0002236,INV0002890,STU000879,2026-02-14,Bank Transfer,7356000,TXN-36947365JD,Successful
PAY0002237,INV0001991,STU000548,2027-01-29,Card,16381000,TXN-90751353MC,Successful
PAY0002238,INV0002585,STU001160,2024-02-20,E-Wallet,13443000,TXN-89146591LR,Failed
PAY0002239,INV0000562,STU001025,2024-08-03,Bank Transfer,22946000,TXN-21074754ER,Successful
PAY0002240,INV0002602,STU001325,2027-11-24,Cash,9151000,TXN-70180322AW,Successful
PAY0002241,INV0000915,STU001488,2020-05-04,Cash,10520000,TXN-21147370KE,Successful
PAY0002242,INV0001607,STU001233,2026-06-21,Cash,7965000,TXN-39207668MP,Successful
PAY0002243,INV0002288,STU000386,2020-11-13,Card,14008000,TXN-21780209PB,Pending
PAY0002244,INV0001721,STU001135,2026-05-12,Bank Transfer,20375000,TXN-80529814NG,Successful
PAY0002245,INV0001016,STU001090,2025-03-01,Bank Transfer,5835000,TXN-95645535VG,Successful
PAY0002246,INV0002021,STU001441,2025-08-27,Cash,6577000,TXN-43323802ZW,Successful
PAY0002247,INV0001883,STU000982,2026-08-16,E-Wallet,22695000,TXN-38290088SJ,Successful
PAY0002248,INV0001652,STU001277,2029-03-02,Cash,2603000,TXN-45828484ED,Successful
PAY0002249,INV0002810,STU000238,2023-06-01,Card,15070000,TXN-19641681BH,Failed
PAY0002250,INV0002640,STU000051,2024-06-02,Bank Transfer,17052000,TXN-98698708ZX,Successful
PAY0002251,INV0000661,STU001215,2022-09-02,Card,3724000,TXN-95826506JY,Successful
PAY0002252,INV0001323,STU000748,2023-07-04,Cash,14301000,TXN-95717905BX,Successful
PAY0002253,INV0002096,STU000038,2024-01-25,Card,15477000,TXN-72207944DH,Successful
PAY0002254,INV0001909,STU000859,2021-11-16,E-Wallet,8226000,TXN-41060094UX,Successful
PAY0002255,INV0002626,STU001429,2024-05-25,E-Wallet,11868000,TXN-88308134EL,Successful
PAY0002256,INV0002864,STU000046,2023-07-14,E-Wallet,14118000,TXN-40951652AE,Successful
PAY0002257,INV0001974,STU000673,2022-05-22,Bank Transfer,7592000,TXN-12359661WL,Successful
PAY0002258,INV0001629,STU000133,2021-08-03,Bank Transfer,7749000,TXN-13984189IP,Successful
PAY0002259,INV0000816,STU000107,2028-02-01,Bank Transfer,9689000,TXN-47203117RB,Successful
PAY0002260,INV0001456,STU000252,2022-09-25,Cash,3582000,TXN-23110787HU,Successful
PAY0002261,INV0002053,STU001441,2023-01-09,Card,12349000,TXN-90745481OH,Successful
PAY0002262,INV0002644,STU000945,2026-02-07,Bank Transfer,16987000,TXN-98859550OV,Successful
PAY0002263,INV0002303,STU001250,2027-05-03,E-Wallet,16578000,TXN-62985591ZN,Successful
PAY0002264,INV0000868,STU001134,2022-12-03,Card,18827000,TXN-88304735PR,Successful
PAY0002265,INV0000723,STU001425,2023-04-21,Card,21122000,TXN-05894201LQ,Pending
PAY0002266,INV0002869,STU001101,2027-05-19,Bank Transfer,14443000,TXN-19179174GD,Successful
PAY0002267,INV0000946,STU000909,2025-12-27,Cash,12477000,TXN-12594076BE,Successful
PAY0002268,INV0000690,STU000972,2030-02-15,Card,16178000,TXN-03758329TV,Successful
PAY0002269,INV0002228,STU000855,2021-02-07,Cash,20554000,TXN-54825408ZJ,Successful
PAY0002270,INV0002133,STU000124,2019-12-18,E-Wallet,7654000,TXN-48970719WC,Successful
PAY0002271,INV0001143,STU000514,2026-01-02,Card,12286000,TXN-27963701XX,Successful
PAY0002272,INV0000034,STU000239,23/02/2026,Cash,22096000,TXN-60376449CA,Successful
PAY0002273,INV0001866,STU001060,2025-12-26,Card,10281000,TXN-81892567KN,Successful
PAY0002274,INV0001933,STU001189,04/09/2022,Bank Transfer,8776000,TXN-10840442GQ,Successful
PAY0002275,INV0000032,STU000589,2027-11-08,Card,12597000,TXN-85585859RS,Successful
PAY0002276,INV0000061,STU001356,2025-11-24,Cash,8546000,TXN-47353866HO,Successful
PAY0002277,INV0001073,STU000977,2023-01-16,Cash,9463000,TXN-35302406DN,Pending
PAY0002278,INV0000245,STU001375,2028-07-14,E-Wallet,26857000,TXN-36464690PW,Successful
PAY0002279,INV0002016,STU000336,2022-02-03,Bank Transfer,20254000,TXN-75062830UT,Successful
PAY0002280,INV0001155,STU000806,2025-05-16,Bank Transfer,8839000,TXN-69201649FI,Successful
PAY0002281,INV0000048,STU001463,2021-07-08,E-Wallet,11104000,TXN-93922670KW,Successful
PAY0002282,INV0001789,STU000883,2026-03-21,Cash,8810000,TXN-62318748SH,Successful
PAY0002283,INV0000772,STU000899,2026-04-30,E-Wallet,8741000,TXN-31814652JA,Failed
PAY0002284,INV0001868,STU000953,2024-12-21,E-Wallet,24706000,TXN-14756217AJ,Successful
PAY0002285,INV0002874,STU001466,2024-09-14,E-Wallet,7980000,TXN-15279318DT,Successful
PAY0002286,INV0000690,STU000972,2030-02-17,Cash,7268000,TXN-85176197VX,Reversed
PAY0002287,INV0001645,STU000407,2023-05-20,E-Wallet,15122000,TXN-87667682SQ,Successful
PAY0002288,INV0001662,STU000824,2025-06-17,Cash,6074000,TXN-93042995MT,Successful
PAY0002289,INV0001662,STU000824,2025-06-16,Card,8298000,TXN-50766988ZF,Successful
PAY0002290,INV0000928,STU000179,2026-08-12,Bank Transfer,12113000,TXN-73657803LZ,Successful
PAY0002291,INV0000848,STU000249,2028-05-18,Bank Transfer,4505000,TXN-29626695GZ,Successful
PAY0002292,INV0002051,STU000695,2027-03-16,Bank Transfer,60983000,TXN-62311010PF,Successful
PAY0002293,INV0001679,STU000591,2029-03-06,Bank Transfer,5465000,TXN-48712114VV,Successful
PAY0002294,INV0001350,STU000967,2019-12-25,Card,11680000,TXN-31571379IR,Successful
PAY0002295,INV0000223,STU001444,2021-10-22,E-Wallet,7214000,TXN-11804394TG,Failed
PAY0002296,INV0001618,STU000534,2027-09-04,Card,18122000,TXN-62039317VT,Successful
PAY0002297,INV0000982,STU000689,2029-03-05,Bank Transfer,15754000,TXN-26568821KI,Successful
PAY0002298,INV0002116,STU000146,2026-02-13,E-Wallet,15138000,TXN-54164459MP,Successful
PAY0002299,INV0001591,STU000817,2026-07-15,Cash,1848000,TXN-27780692YC,Pending
PAY0002300,INV0002101,STU001056,2024-06-26,Card,6597000,TXN-66963751WH,Successful
PAY0002301,INV0002040,STU000386,2021-08-09,Bank Transfer,17340000,TXN-84445604WW,Successful
PAY0002302,INV0001617,STU001174,2027-01-14,E-Wallet,6103000,TXN-44477210RU,Successful
PAY0002303,INV0002975,STU000444,2027-12-09,Cash,13110000,TXN-84119955EV,Successful
PAY0002304,INV0000433,STU000551,2026-09-07,Cash,7070000,TXN-46360756NF,Successful
PAY0002305,INV0001782,STU000578,2024-06-11,Card,20134000,TXN-42026424RR,Successful
PAY0002306,INV0001882,STU001038,2021-10-14,Card,2845000,TXN-51299583ZE,Successful
PAY0002307,INV0002063,STU000430,2027-04-17,Bank Transfer,8589000,TXN-86976608MV,Successful
PAY0002308,INV0000539,STU000893,2025-05-20,Card,8405000,TXN-35932581HC,Successful
PAY0002309,INV0002552,STU000932,2027-06-11,Cash,29184000,TXN-99439945CD,Successful
PAY0002310,INV0000059,STU001170,2021-08-26,E-Wallet,19794000,TXN-88757645BP,Successful
PAY0002311,INV0002464,STU000385,2024-04-01,Bank Transfer,13319000,TXN-92625456GZ,Successful
PAY0002312,INV0001964,STU001261,2023-08-30,E-Wallet,7034000,TXN-10559970HW,Successful
PAY0002313,INV0002794,STU001128,2024-02-14,Cash,18272000,TXN-84396303CE,Failed
PAY0002314,INV0001568,STU001223,2025-08-01,E-Wallet,9387000,TXN-17379653PA,Successful
PAY0002315,INV0000969,STU001230,2022-02-12,Card,11953000,TXN-38106644MS,Successful
PAY0002316,INV0001073,STU000977,2023-01-30,Card,7686000,TXN-91437855WT,Successful
PAY0002317,INV0001839,STU001466,2027-03-05,E-Wallet,1914000,TXN-24414446GZ,Successful
PAY0002318,INV0002949,STU000859,2023-06-09,Bank Transfer,13051000,TXN-70434837IS,Pending
PAY0002319,INV0002847,STU001142,2024-06-08,Card,6725000,TXN-82731352IF,Successful
PAY0002320,INV0001637,STU001237,,E-Wallet,28209000,TXN-97207203JN,Successful
PAY0002321,INV0002887,STU000331,2023-05-08,Card,28162000,TXN-61632537RL,Successful
PAY0002322,INV0000783,STU000621,2021-10-06,Bank Transfer,13496000,TXN-49438788LG,Successful
PAY0002323,INV0002668,STU001006,2028-03-30,E-Wallet,4729000,TXN-86514017CB,Successful
PAY0002324,INV0000385,STU001353,2024-12-06,Card,14304000,TXN-01391346FM,Successful
PAY0002325,INV0000715,STU000099,2027-11-07,Cash,10760000,TXN-89687201MK,Successful
PAY0002326,INV0001329,STU000340,2025-10-22,Bank Transfer,25142000,TXN-37325199XZ,Successful
PAY0002327,INV0001431,STU000830,2027-04-28,E-Wallet,17774000,TXN-43256305CT,Reversed
PAY0002328,INV0001933,STU001189,2022-09-11,Bank Transfer,5035000,TXN-90177182XD,Successful
PAY0002329,INV0001180,STU001417,2027-01-10,Bank Transfer,7831000,TXN-32394216JI,Successful
PAY0002330,INV0001145,STU001261,2022-03-26,Bank Transfer,7118000,TXN-55322456OF,Successful
PAY0002331,INV0000943,STU000372,2028-11-01,Bank Transfer,6619000,TXN-16069207TZ,Successful
PAY0002332,INV0000070,STU001310,2026-04-15,E-Wallet,9987000,TXN-73142353JY,Successful
PAY0002333,INV0000042,STU001370,2025-02-20,Bank Transfer,16350000,TXN-70771143KX,Failed
PAY0002334,INV0002804,STU000791,2028-07-24,Cash,15521000,TXN-38151496DZ,Successful
PAY0002335,INV0001592,STU000441,2022-10-08,Bank Transfer,85061000,TXN-44078175JA,Pending
PAY0002336,INV0000585,STU000391,2028-09-02,Card,5965000,TXN-96140365SI,Failed
PAY0002337,INV0002869,STU001101,2027-03-07,Cash,7916000,TXN-13060403YY,Successful
PAY0002338,INV0002070,STU000577,2024-03-02,Cash,4851000,TXN-82067149KY,Successful
PAY0002339,INV0002915,STU000514,2029-08-29,Card,6475000,TXN-37616435GI,Successful
PAY0002340,INV0002758,STU000797,2024-01-21,Card,1535000,TXN-32181074ZT,Successful
PAY0002341,INV0000532,STU000087,2025-10-22,Cash,5923000,TXN-96356208OQ,Successful
PAY0002342,INV0000658,STU001373,21/04/2022,Cash,22198000,TXN-34969037ZI,Successful
PAY0002343,INV0001194,STU001170,2022-06-27,E-Wallet,5402000,TXN-44271169IO,Successful
PAY0002344,INV0001078,STU000840,2026-03-17,Cash,12956000,TXN-88674213QO,Successful
PAY0002345,INV0000005,STU001308,2026-08-26,Cash,8198000,TXN-29067861SM,Successful
PAY0002346,INV0000399,STU000591,2024-11-03,Bank Transfer,6115000,TXN-81124598FU,Successful
PAY0002347,INV0000152,STU000753,2026-02-20,Card,5471000,TXN-74757160WL,Successful
PAY0002348,INV0000366,STU000968,2024-10-18,E-Wallet,23428000,TXN-30486058BS,Successful
PAY0002349,INV0002650,STU000196,2023-12-19,Card,8623000,TXN-65367483VH,Successful
PAY0002350,INV0001901,STU000892,2024-04-24,Bank Transfer,4351000,TXN-75559549TY,Successful
PAY0002351,INV0000324,STU001369,2029-01-06,Cash,6202000,TXN-02049048MM,Successful
PAY0002352,INV0001018,STU001226,2027-06-08,Cash,10092000,TXN-18567812LW,Pending
PAY0002353,INV0001995,STU001264,2023-10-17,Bank Transfer,4001000,TXN-76043822BR,Successful
PAY0002354,INV0002571,STU000611,2022-04-26,Cash,20570000,TXN-21889806JU,Successful
PAY0002355,INV0000985,STU001391,16/08/2027,Card,21551000,TXN-19730426QK,Successful
PAY0002356,INV0001230,STU000788,2026-05-17,E-Wallet,22150000,TXN-11798701AB,Successful
PAY0002357,INV0000881,STU001420,2024-02-02,Bank Transfer,12039000,TXN-60105886QU,Successful
PAY0002358,INV0001182,STU001140,2027-04-25,Bank Transfer,9485000,TXN-04410795YT,Successful
PAY0002359,INV0002935,STU001186,2023-05-23,Bank Transfer,3881000,TXN-00053751JE,Successful
PAY0002360,INV0000625,STU000529,2030-01-09,Card,34008000,TXN-93730569MB,Successful
PAY0002361,INV0002901,STU000121,18/02/2026,Cash,7378000,TXN-22688131PK,Successful
PAY0002362,INV0002663,STU001449,2028-02-10,Bank Transfer,16523000,TXN-90783629WB,Successful
PAY0002363,INV0000311,STU000389,2027-01-19,Bank Transfer,21920000,TXN-42658099DO,Successful
PAY0002364,INV0002832,STU000146,2025-01-01,E-Wallet,9513000,TXN-63228699SO,Successful
PAY0002365,INV0002566,STU000202,2024-09-24,Card,12200000,TXN-70609303WU,Successful
PAY0002366,INV0001898,STU001327,2021-08-20,E-Wallet,12875000,TXN-29088513NS,Pending
PAY0002367,INV0000885,STU000718,2026-11-02,Bank Transfer,9416000,TXN-75075378HF,Successful
PAY0002368,INV0001682,STU000828,2027-08-20,Card,11001000,TXN-55943327ZL,Successful
PAY0002369,INV0002979,STU001285,2026-05-17,Card,13618000,TXN-01939031KV,Successful
PAY0002370,INV0002819,STU000160,10/12/2021,E-Wallet,17011000,TXN-54072178RU,Successful
PAY0002371,INV0000777,STU001241,2023-11-16,Bank Transfer,23891000,TXN-22204770YP,Pending
PAY0002372,INV0002120,STU000172,2024-01-25,Card,9095000,TXN-92559857TP,Successful
PAY0002373,INV0000486,STU001420,2027-12-16,Bank Transfer,11613000,TXN-76637542OD,Successful
PAY0002374,INV0002938,STU000600,2022-08-01,Cash,12952000,TXN-37058978EB,Successful
PAY0002375,INV0002239,STU001349,,Card,3357000,TXN-10327876HO,Successful
PAY0002376,INV0000875,STU000282,2024-04-18,Cash,6812000,TXN-96315108CY,Successful
PAY0002377,INV0002424,STU000903,2026-08-07,Bank Transfer,12741000,TXN-64233421ZB,Successful
PAY0002378,INV0000224,STU000208,2022-08-18,Card,5812000,TXN-32087138SZ,Successful
PAY0002379,INV0001334,STU000864,2020-10-14,Cash,8071000,TXN-97511363QM,Successful
PAY0002380,INV0000879,STU000423,2025-11-18,E-Wallet,12822000,TXN-11884214TN,Successful
PAY0002381,INV0000870,STU001284,2026-03-02,Cash,2523000,TXN-62798018QY,Successful
PAY0002382,INV0000881,STU001420,2023-12-06,E-Wallet,8975000,TXN-70653507LK,Successful
PAY0002383,INV0002047,STU001059,2026-09-19,Cash,10278000,TXN-24945726PH,Successful
PAY0002384,INV0002582,STU001082,2027-01-09,Bank Transfer,7456000,TXN-40834085YS,Successful
PAY0002385,INV0000091,STU000801,2022-12-07,Card,2689000,TXN-42852676WE,Successful
PAY0002386,INV0000917,STU001312,2028-04-29,E-Wallet,25539000,TXN-91959524KL,Successful
PAY0002387,INV0001167,STU000889,2026-07-14,Bank Transfer,16323000,TXN-56660542YP,Failed
PAY0002388,INV0000239,STU000902,2026-04-03,Bank Transfer,9119000,TXN-53839777EA,Successful
PAY0002389,INV0001384,STU000159,2022-10-16,Cash,21024000,TXN-43674220WP,Successful
PAY0002390,INV0001779,STU000282,2027-03-07,Bank Transfer,9367000,TXN-56123095MP,Successful
PAY0002391,INV0002313,STU001049,2024-05-08,Cash,11364000,TXN-90724162MA,Successful
PAY0002392,INV0001131,STU001244,2022-05-02,Card,13551000,TXN-95481092PY,Successful
PAY0002393,INV0000451,STU000805,2023-05-17,E-Wallet,13402000,TXN-73131225HP,Successful
PAY0002394,INV0000168,STU000379,2023-08-14,Bank Transfer,8231000,TXN-09295791BZ,Successful
PAY0002395,INV0001496,STU001449,2030-07-23,Cash,7921000,TXN-27731111ZL,Successful
PAY0002396,INV0002564,STU000689,2027-09-27,E-Wallet,5427000,TXN-66497058EB,Reversed
PAY0002397,INV0001483,STU000112,2024-04-22,Cash,18061000,TXN-03976761MZ,Successful
PAY0002398,INV0000985,STU001391,2027-08-20,Card,25609000,TXN-19665870WW,Successful
PAY0002399,INV0001738,STU000347,2025-09-15,E-Wallet,12964000,TXN-08625132CQ,Successful
PAY0002400,INV0002324,STU001126,2022-12-03,Card,6938000,TXN-42442336EV,Successful
PAY0002401,INV0000908,STU001030,2027-04-24,Cash,10842000,TXN-20693768AU,Successful
PAY0002402,INV0002552,STU000932,2027-03-08,Card,17075000,TXN-60716934MC,Successful
PAY0002403,INV0000072,STU001025,21/08/2024,Bank Transfer,5870000,TXN-91824650BB,Successful
PAY0002404,INV0002678,STU000489,2027-09-19,Card,17366000,TXN-60289577MB,Successful
PAY0002405,INV0000018,STU001427,2025-04-20,E-Wallet,21957000,TXN-50542773RT,Successful
PAY0002406,INV0001101,STU001246,2029-10-29,Bank Transfer,3489000,TXN-99395498GK,Successful
PAY0002407,INV0001675,STU000803,2023-06-21,Card,15513000,TXN-19966096QP,Successful
PAY0002408,INV0002762,STU001217,2026-09-14,Cash,4994000,TXN-09481672OG,Successful
PAY0002409,INV0000119,STU000283,2026-04-22,Cash,18421000,TXN-50334750FC,Pending
PAY0002410,INV0001461,STU000682,2022-08-08,E-Wallet,5253000,TXN-44938199BX,Successful
PAY0002411,INV0002044,STU001204,2023-01-23,Card,7910000,TXN-91630926KB,Successful
PAY0002412,INV0001214,STU001174,2025-04-22,Card,7065000,TXN-38096448GN,Successful
PAY0002413,INV0001888,STU000413,2025-03-01,E-Wallet,12352000,TXN-18772589GM,Successful
PAY0002414,INV0000002,STU001004,2027-07-11,E-Wallet,10582000,TXN-30889263BN,Successful
PAY0002415,INV0002650,STU000196,2024-01-08,E-Wallet,20309000,TXN-67151540IS,Failed
PAY0002416,INV0000086,STU001063,2026-08-31,Card,13619000,TXN-01270031HF,Successful
PAY0002417,INV0000520,STU001173,2026-10-12,Cash,10308000,TXN-96283845JD,Successful
PAY0002418,INV0002216,STU000590,2026-10-20,Bank Transfer,3104000,TXN-78774817QS,Successful
PAY0002419,INV0000198,STU000783,2025-08-02,Card,9624000,TXN-35147946TC,Successful
PAY0002420,INV0002880,STU000891,03/05/2023,Cash,9585000,TXN-54519127WW,Successful
PAY0002421,INV0002149,STU001463,2021-03-22,E-Wallet,10319000,TXN-83610026AZ,Successful
PAY0002422,INV0000330,STU000903,2027-05-15,Card,3182000,TXN-55636214PF,Failed
PAY0002423,INV0002827,STU001467,2025-03-31,Bank Transfer,28837000,TXN-92890805DH,Successful
PAY0002424,INV0001045,STU001448,2022-10-15,Card,14433000,TXN-44126625YE,Successful
PAY0002425,INV0001095,STU000108,2023-07-29,Cash,20083000,TXN-09783336HP,Successful
PAY0002426,INV0001037,STU000539,2025-12-11,Bank Transfer,15200000,TXN-88604936EN,Successful
PAY0002427,INV0000178,STU000090,2029-03-22,Cash,14173000,TXN-28308688AS,Failed
PAY0002428,INV0000162,STU000023,2026-10-12,E-Wallet,12040000,TXN-74902594TS,Successful
PAY0002429,INV0002082,STU001488,2020-10-31,Bank Transfer,4663000,TXN-31223568PA,Successful
PAY0002430,INV0000880,STU000425,2024-06-19,Card,5222000,TXN-10322034IQ,Successful
PAY0002431,INV0000763,STU000325,2024-01-14,Cash,60579000,TXN-78500030DE,Successful
PAY0002432,INV0001155,STU000806,2025-04-20,Card,26930000,TXN-48195700VR,Pending
PAY0002433,INV0000925,STU001434,2025-05-20,E-Wallet,30272000,TXN-45292361UT,Successful
PAY0002434,INV0002298,STU000675,2023-09-30,Cash,19503000,TXN-24552832TE,Successful
PAY0002435,INV0000915,STU001488,2020-04-02,Bank Transfer,15993000,TXN-73938746MF,Successful
PAY0002436,INV0000208,STU000485,2022-07-15,E-Wallet,2645000,TXN-57024473JI,Successful
PAY0002437,INV0001934,STU000608,2025-03-22,Card,4606000,TXN-10248417ML,Successful
PAY0002438,INV0002527,STU000359,2028-09-05,Card,5071000,TXN-25644462XP,Successful
PAY0002439,INV0001629,STU000133,2021-08-21,Bank Transfer,3243000,TXN-90393127LN,Successful
PAY0002440,INV0001254,STU000822,2027-09-11,E-Wallet,12837000,TXN-03914077XO,Successful
PAY0002441,INV0001376,STU000818,2029-04-26,Cash,17550000,TXN-76072785ER,Successful
PAY0002442,INV0000464,STU000250,2023-03-16,Cash,3086000,TXN-14577129MK,Successful
PAY0002443,INV0001387,STU000112,2024-08-01,Cash,3710000,TXN-61656640IP,Successful
PAY0002444,INV0001037,STU000539,2025-12-03,Cash,12176000,TXN-31952123TU,Successful
PAY0002445,INV0002061,STU000873,2021-10-29,Card,15759000,TXN-02463643OM,Successful
PAY0002446,INV0002431,STU000437,2025-01-26,E-Wallet,6372000,TXN-05142847IG,Successful
PAY0002447,INV0002056,STU000362,2028-03-07,Card,8302000,TXN-95186240HR,Successful
PAY0002448,INV0002021,STU001441,2025-09-06,Card,2652000,TXN-10773392PH,Successful
PAY0002449,INV0002451,STU001423,2024-08-21,Cash,11567000,TXN-83601983WQ,Successful
PAY0002450,INV0001467,STU000548,2025-10-20,Cash,14511000,TXN-82767459EM,Successful
PAY0002451,INV0002429,STU000957,2021-11-06,Card,16694000,TXN-57716306KH,Successful
PAY0002452,INV0001533,STU000970,2025-01-02,Card,15370000,TXN-67622367DB,Successful
PAY0002453,INV0001276,STU000981,2026-04-10,Card,21014000,TXN-82848555WU,Pending
PAY0002454,INV0002173,STU000467,2025-04-24,Cash,4626000,TXN-34992353ON,Successful
PAY0002455,INV0000755,STU000678,2021-08-26,Cash,14190000,TXN-26341738KX,Successful
PAY0002456,INV0002501,STU000678,2021-04-09,Bank Transfer,9405000,TXN-12939886MT,Successful
PAY0002457,INV0002924,STU000825,2023-03-08,E-Wallet,8852000,TXN-32451148DE,Successful
PAY0002458,INV0002871,STU000084,2025-11-07,Bank Transfer,2873000,TXN-92829373LB,Successful
PAY0002459,INV0000158,STU000010,2028-09-21,E-Wallet,18745000,TXN-66913967IZ,Successful
PAY0002460,INV0002788,STU000178,2024-06-17,Card,3988000,TXN-31037952VE,Successful
PAY0002461,INV0000372,STU000318,2021-07-10,Cash,3717000,TXN-61780194FA,Successful
PAY0002462,INV0002408,STU000770,2026-08-14,Cash,12159000,TXN-54476929SE,Successful
PAY0002463,INV0002380,STU001132,2029-09-02,Bank Transfer,5658000,TXN-72202210NP,Successful
PAY0002464,INV0002200,STU000586,2022-08-06,Card,4886000,TXN-56747612SA,Successful
PAY0002465,INV0000348,STU000096,2024-08-31,Card,13855000,TXN-84663446ZB,Successful
PAY0002466,INV0001556,STU000958,2025-06-27,Bank Transfer,18488000,TXN-75981283PF,Successful
PAY0002467,INV0000395,STU000220,2024-06-06,Card,7224000,TXN-55336444WZ,Successful
PAY0002468,INV0001865,STU000696,2021-11-28,Card,22021000,TXN-70210472BS,Successful
PAY0002469,INV0002049,STU000386,2024-01-07,Cash,8015000,TXN-74245737HD,Pending
PAY0002470,INV0000965,STU001381,2025-03-03,Cash,7850000,TXN-56355583KZ,Successful
PAY0002471,INV0002956,STU000239,2022-09-18,E-Wallet,48120000,TXN-02548010GN,Successful
PAY0002472,INV0001188,STU000024,2030-02-23,Bank Transfer,23973000,TXN-56734226WH,Successful
PAY0002473,INV0000488,STU001170,2022-03-08,E-Wallet,12559000,TXN-26063422RA,Successful
PAY0002474,INV0000148,STU000858,2023-11-01,E-Wallet,11338000,TXN-94540556LP,Successful
PAY0002475,INV0002332,STU000611,2022-08-23,Bank Transfer,6803000,TXN-64992182HX,Successful
PAY0002476,INV0002660,STU000973,2025-01-17,Bank Transfer,4770000,TXN-20169856RD,Successful
PAY0002477,INV0001995,STU001264,2023-12-03,Bank Transfer,8229000,TXN-72325169HO,Successful
PAY0002478,INV0000583,STU001230,2024-09-01,Card,9648000,TXN-86117410IQ,Successful
PAY0002479,INV0000735,STU000530,2025-04-19,Card,22216000,TXN-66893500JZ,Successful
PAY0002480,INV0001933,STU001189,2022-08-07,Card,5737000,TXN-27069490LN,Successful
PAY0002481,INV0000544,STU000967,2022-01-22,E-Wallet,3124000,TXN-43528998SC,Successful
PAY0002482,INV0001917,STU000040,2026-06-23,Cash,5648000,TXN-20622130LM,Successful
PAY0002483,INV0000309,STU001350,2027-11-02,Card,8535000,TXN-59648741IN,Successful
PAY0002484,INV0000149,STU001182,2028-05-20,Cash,13172000,TXN-40699113NL,Successful
PAY0002485,INV0001544,STU000396,2022-09-09,Card,1904000,TXN-13156129OG,Successful
PAY0002486,INV0002679,STU001021,2026-03-31,Cash,3699000,TXN-44754701YD,Pending
PAY0002487,INV0002558,STU000683,2025-09-18,Cash,4529000,TXN-25088775BN,Successful
PAY0002488,INV0000693,STU000383,2027-08-04,Bank Transfer,9369000,TXN-40004740QZ,Successful
PAY0002489,INV0000963,STU001403,2020-06-30,Cash,7961000,TXN-64023806US,Successful
PAY0002490,INV0002301,STU000477,2030-05-03,E-Wallet,8565000,TXN-37570683MU,Successful
PAY0002491,INV0000658,STU001373,2022-04-13,Cash,12947000,TXN-50113617BE,Successful
PAY0002492,INV0002500,STU001168,2026-02-12,E-Wallet,7950000,TXN-30457632YI,Successful
PAY0002493,INV0002621,STU001286,2024-03-08,Bank Transfer,5937000,TXN-54192159WE,Successful
PAY0002494,INV0002710,STU000463,2025-01-18,Card,9161000,TXN-55653819VY,Successful
PAY0002495,INV0002485,STU000303,2025-04-29,Card,15281000,TXN-70161761PJ,Successful
PAY0002496,INV0001496,STU001449,2030-07-16,Cash,22365000,TXN-84368920GM,Successful
PAY0002497,INV0000134,STU000676,2025-04-08,Bank Transfer,4788000,TXN-49379866WS,Successful
PAY0002498,INV0000176,STU001159,2025-12-14,Card,9861000,TXN-53232739DR,Successful
PAY0002499,INV0001555,STU000595,2025-02-26,Cash,6578000,TXN-34616591GZ,Successful
PAY0002500,INV0000673,STU000581,2025-11-07,Card,11086000,TXN-92379641YP,Successful
PAY0002501,INV0002961,STU000288,2025-02-05,Bank Transfer,13581000,TXN-95772250LN,Successful
PAY0002502,INV0000745,STU001296,2026-09-16,E-Wallet,7463000,TXN-10854528HJ,Successful
PAY0002503,INV0001345,STU001169,2024-06-13,E-Wallet,21208000,TXN-55353201EN,Successful
PAY0002504,INV0000383,STU001014,2025-10-22,Card,6598000,TXN-62010561LJ,Successful
PAY0002505,INV0000899,STU000432,2028-05-05,Cash,2286000,TXN-54555531DZ,Successful
PAY0002506,INV0002752,STU000645,2022-03-20,Card,8247000,TXN-32539984FY,Successful
PAY0002507,INV0001136,STU001001,2022-03-26,Bank Transfer,4309000,TXN-15722970HS,Successful
PAY0002508,INV0000036,STU001120,2025-11-18,E-Wallet,16756000,TXN-52785755KC,Pending
PAY0002509,INV0001210,STU001455,2023-09-03,E-Wallet,8933000,TXN-17363397AH,Successful
PAY0002510,INV0000028,STU001432,2023-04-14,E-Wallet,14522000,TXN-94574156NG,Successful
PAY0002511,INV0000897,STU001211,,Bank Transfer,7208000,TXN-50621885DG,Reversed
PAY0002512,INV0002515,STU000960,19/12/2022,Cash,11352000,TXN-55067810OG,Successful
PAY0002513,INV0000833,STU001283,2026-04-25,Bank Transfer,3877000,TXN-34109427QX,Successful
PAY0002514,INV0002151,STU000294,2022-11-04,Card,10553000,TXN-26713105KG,Successful
PAY0002515,INV0002131,STU000349,2026-01-24,Card,8440000,TXN-63415672ZI,Failed
PAY0002516,INV0002880,STU000891,2023-05-23,Bank Transfer,4697000,TXN-84668829EB,Successful
PAY0002517,INV0000615,STU000193,2024-08-02,E-Wallet,33005000,TXN-03807396IV,Successful
PAY0002518,INV0002040,STU000386,2021-10-28,Bank Transfer,7989000,TXN-44921146EL,Successful
PAY0002519,INV0001624,STU000255,2028-10-18,Card,17261000,TXN-17772487NF,Successful
PAY0002520,INV0001383,STU001340,2029-12-24,E-Wallet,11336000,TXN-16130395NB,Successful
PAY0002521,INV0000306,STU001392,2025-09-17,Cash,3845000,TXN-96664553OU,Successful
PAY0002522,INV0002702,STU001029,2026-12-02,Card,7690000,TXN-23576306DT,Successful
PAY0002523,INV0001844,STU001429,2023-06-02,Cash,7801000,TXN-75919075HY,Successful
PAY0002524,INV0001032,STU000989,2029-05-19,Card,23086000,TXN-29299814IF,Successful
PAY0002525,INV0000026,STU000942,2020-11-13,Bank Transfer,9311000,TXN-48930946MN,Successful
PAY0002526,INV0002076,STU000944,2027-06-20,Cash,10886000,TXN-32254588RI,Successful
PAY0002527,INV0001744,STU000110,2021-10-10,Bank Transfer,19204000,TXN-21143390PE,Successful
PAY0002528,INV0001556,STU000958,2025-08-16,Bank Transfer,13102000,TXN-93544221PO,Pending
PAY0002529,INV0001515,STU000666,2024-09-22,Bank Transfer,10902000,TXN-40692121OC,Successful
PAY0002530,INV0001973,STU000977,,Bank Transfer,8591000,TXN-57039651QC,Successful
PAY0002531,INV0002546,STU001172,2026-02-19,Bank Transfer,16977000,TXN-17960714XX,Successful
PAY0002532,INV0001101,STU001246,2029-09-16,Bank Transfer,5151000,TXN-32217019CE,Successful
PAY0002533,INV0002942,STU001408,2022-02-19,E-Wallet,6297000,TXN-63418783ZJ,Successful
PAY0002534,INV0000721,STU000992,2026-11-23,Bank Transfer,8058000,TXN-15082265XI,Successful
PAY0002535,INV0002908,STU001482,2023-03-27,Cash,6903000,TXN-81088885WI,Successful
PAY0002536,INV0001594,STU000020,2029-11-02,Cash,6096000,TXN-02448689AD,Successful
PAY0002537,INV0001707,STU001155,2025-05-31,Bank Transfer,12178000,TXN-54141940MR,Successful
PAY0002538,INV0001158,STU001150,2028-06-29,E-Wallet,3698000,TXN-82705298WN,Successful
PAY0002539,INV0001068,STU000493,2027-03-20,E-Wallet,11896000,TXN-94987944HQ,Successful
PAY0002540,INV0000306,STU001392,2025-11-02,Cash,6322000,TXN-41355121IC,Successful
PAY0002541,INV0001213,STU000845,2025-01-28,Card,16562000,TXN-12336984VC,Successful
PAY0002542,INV0001262,STU000712,2023-12-30,Card,9085000,TXN-23166372DU,Failed
PAY0002543,INV0001762,STU000360,2025-04-15,E-Wallet,19333000,TXN-14914422KY,Successful
PAY0002544,INV0002397,STU000384,2027-09-29,Card,14304000,TXN-97989330QS,Successful
PAY0002545,INV0001501,STU001209,2027-07-07,E-Wallet,21147000,TXN-43118839BJ,Successful
PAY0002546,INV0000278,STU000344,2025-07-17,E-Wallet,4544000,TXN-90255323DJ,Pending
PAY0002547,INV0002908,STU001482,2023-02-02,Cash,5752000,TXN-71028400TY,Successful
PAY0002548,INV0000283,STU001275,2022-09-28,E-Wallet,8182000,TXN-16286802DD,Pending
PAY0002549,INV0002129,STU000487,2025-10-06,Cash,16696000,TXN-78961282MR,Successful
PAY0002550,INV0002275,STU000635,2025-08-11,E-Wallet,7612000,TXN-26628247LQ,Successful
PAY0002551,INV0001224,STU001459,2024-07-26,Cash,14897000,TXN-78527265SM,Successful
PAY0002552,INV0000072,STU001025,2024-07-02,E-Wallet,7346000,TXN-14409439HU,Successful
PAY0002553,INV0000736,STU001095,2021-06-22,Bank Transfer,3764000,TXN-66125013KX,Failed
PAY0002554,INV0002513,STU000320,2026-01-25,Cash,12212000,TXN-62585112OL,Successful
PAY0002555,INV0001082,STU001027,2022-10-27,Card,3129000,TXN-58350335VS,Successful
PAY0002556,INV0000027,STU000231,2026-09-01,Cash,24235000,TXN-86424505YP,Successful
PAY0002557,INV0002732,STU000322,2027-06-12,E-Wallet,8819000,TXN-40552464OK,Pending
PAY0002558,INV0001137,STU000408,2026-03-01,Cash,24006000,TXN-71965115PJ,Successful
PAY0002559,INV0001882,STU001038,2021-12-24,E-Wallet,3074000,TXN-56151731OB,Successful
PAY0002560,INV0002057,STU001307,2029-03-30,Cash,11431000,TXN-62586100SV,Reversed
PAY0002561,INV0001544,STU000396,2022-09-06,E-Wallet,3019000,TXN-15049794EZ,Successful
PAY0002562,INV0000914,STU001268,2021-07-31,Cash,10814000,TXN-94022877YZ,Successful
PAY0002563,INV0002065,STU000516,2022-10-22,Cash,9507000,TXN-56533545BU,Successful
PAY0002564,INV0001618,STU000534,2027-09-28,Bank Transfer,22533000,TXN-56044628CO,Successful
PAY0002565,INV0000692,STU001339,,E-Wallet,9150000,TXN-87258812AB,Successful
PAY0002566,INV0001707,STU001155,2025-03-29,Bank Transfer,6142000,TXN-89994098PV,Successful
PAY0002567,INV0002492,STU001044,2025-12-14,Bank Transfer,8856000,TXN-05785973KT,Successful
PAY0002568,INV0001526,STU000945,2026-01-31,Bank Transfer,7444000,TXN-33890224EL,Successful
PAY0002569,INV0001123,STU000258,2023-08-02,Card,23015000,TXN-79547303EJ,Failed
PAY0002570,INV0000930,STU001386,2025-06-15,E-Wallet,8717000,TXN-53538473XY,Successful
PAY0002571,INV0000853,STU000955,2026-10-25,Card,8313000,TXN-95306068CC,Successful
PAY0002572,INV0000347,STU001209,2029-06-16,Card,6584000,TXN-03205812VW,Successful
PAY0002573,INV0000979,STU001002,2022-04-17,E-Wallet,7427000,TXN-69831761AO,Successful
PAY0002574,INV0001201,STU000548,2027-10-01,E-Wallet,6471000,TXN-25148212NA,Successful
PAY0002575,INV0002921,STU000076,2022-05-09,Card,1922000,TXN-34751351UL,Successful
PAY0002576,INV0000299,STU001261,2025-04-06,Bank Transfer,8544000,TXN-46385272VL,Successful
PAY0002577,INV0002770,STU000883,23/10/2026,E-Wallet,8213000,TXN-53626972IO,Successful
PAY0002578,INV0001315,STU000526,2024-01-31,Card,12029000,TXN-13902381QF,Successful
PAY0002579,INV0000238,STU000822,2024-12-27,Card,10312000,TXN-70039902JT,Successful
PAY0002580,INV0000428,STU000796,2021-10-20,E-Wallet,5897000,TXN-41528883ZI,Successful
PAY0002581,INV0002785,STU000312,2024-06-20,E-Wallet,5672000,TXN-96726156KM,Successful
PAY0002582,INV0001314,STU001235,2023-11-23,E-Wallet,42452000,TXN-24746668VL,Failed
PAY0002583,INV0001826,STU000174,2025-11-22,Bank Transfer,7583000,TXN-32813930LS,Successful
PAY0002584,INV0001862,STU001260,2022-12-09,E-Wallet,9780000,TXN-96158023NN,Successful
PAY0002585,INV0000834,STU000194,2025-06-23,Bank Transfer,17503000,TXN-88999154LK,Failed
PAY0002586,INV0001059,STU001135,2026-08-27,Card,9666000,TXN-70644148JP,Pending
PAY0002587,INV0002293,STU000338,2025-12-22,Cash,7546000,TXN-77934383HK,Successful
PAY0002588,INV0002331,STU000587,2028-01-05,Bank Transfer,7802000,TXN-75008658BP,Pending
PAY0002589,INV0001807,STU000517,2023-09-07,E-Wallet,9081000,TXN-07242302JY,Successful
PAY0002590,INV0000201,STU001428,2025-04-23,Cash,11192000,TXN-78122659CN,Pending
PAY0002591,INV0000023,STU001027,2023-06-30,E-Wallet,9024000,TXN-22597008BT,Successful
PAY0002592,INV0000158,STU000010,2028-07-08,Card,20353000,TXN-27661703LH,Successful
PAY0002593,INV0001459,STU000508,2025-08-28,Bank Transfer,9437000,TXN-95123119QE,Successful
PAY0002594,INV0001161,STU000708,2023-02-20,E-Wallet,16320000,TXN-99572524ZB,Successful
PAY0002595,INV0002180,STU001446,2022-02-28,Card,6619000,TXN-89725030UE,Successful
PAY0002596,INV0001243,STU000742,2024-04-01,Bank Transfer,19671000,TXN-39497187IJ,Pending
PAY0002597,INV0002543,STU000549,2027-07-16,Bank Transfer,7534000,TXN-36254294EI,Successful
PAY0002598,INV0000558,STU000112,2024-07-04,Card,10419000,TXN-62304519KK,Successful
PAY0002599,INV0001940,STU000068,2026-07-17,Card,13639000,TXN-52945785FK,Successful
PAY0002600,INV0001255,STU001474,2021-02-16,Cash,18990000,TXN-64715075IL,Successful
PAY0002601,INV0002586,STU000232,2023-08-12,Cash,20079000,TXN-26078634AH,Successful
PAY0002602,INV0002010,STU001128,2027-04-12,Cash,2830000,TXN-35653710KR,Successful
PAY0002603,INV0001220,STU000906,2022-11-17,Cash,13277000,TXN-45453998HG,Successful
PAY0002604,INV0001062,STU000202,12/09/2027,Cash,17514000,TXN-67365129HE,Successful
PAY0002605,INV0001460,STU000510,2026-03-15,E-Wallet,9188000,TXN-72351985GM,Successful
PAY0002606,INV0002147,STU000815,2024-08-28,Card,5421000,TXN-83539001QG,Successful
PAY0002607,INV0000136,STU000708,2023-06-14,E-Wallet,6819000,TXN-13834669PK,Successful
PAY0002608,INV0000688,STU001425,2024-03-06,Bank Transfer,5585000,TXN-12134351LE,Successful
PAY0002609,INV0000834,STU000194,2025-07-01,Bank Transfer,21533000,TXN-84523706LI,Successful
PAY0002610,INV0001656,STU001378,2028-05-13,E-Wallet,12655000,TXN-09751132MV,Successful
PAY0002611,INV0002639,STU000020,2027-05-15,Bank Transfer,16267000,TXN-88097581HT,Successful
PAY0002612,INV0001885,STU000831,2024-12-27,Bank Transfer,11655000,TXN-53921120ZO,Successful
PAY0002613,INV0002204,STU000865,2025-10-03,Cash,22966000,TXN-33810563AC,Successful
PAY0002614,INV0000767,STU001376,2025-10-04,Card,6253000,TXN-39635267PM,Successful
PAY0002615,INV0001691,STU000523,2024-05-19,Card,4336000,TXN-63968381DQ,Successful
PAY0002616,INV0002352,STU000437,2027-12-21,Card,18687000,TXN-59902373AR,Successful
PAY0002617,INV0000796,STU000242,2029-07-24,E-Wallet,5485000,TXN-65427794QZ,Successful
PAY0002618,INV0001324,STU000750,2027-11-10,E-Wallet,18652000,TXN-63505986MJ,Successful
PAY0002619,INV0000327,STU001391,2027-02-19,Cash,7501000,TXN-84617872RG,Successful
PAY0002620,INV0002330,STU000679,2026-05-27,Card,6713000,TXN-13278575BY,Successful
PAY0002621,INV0000089,STU001218,19/10/2020,E-Wallet,11988000,TXN-98984550XK,Successful
PAY0002622,INV0000585,STU000391,2028-08-15,Bank Transfer,32093000,TXN-58247466TK,Successful
PAY0002623,INV0000530,STU000632,2024-10-22,Card,6385000,TXN-04658165CA,Successful
PAY0002624,INV0000466,STU000301,2024-01-07,Cash,7045000,TXN-81486707YF,Successful
PAY0002625,INV0001720,STU001182,2027-01-28,E-Wallet,7185000,TXN-86494024OA,Successful
PAY0002626,INV0002767,STU000725,2025-08-16,Bank Transfer,8813000,TXN-69926748OB,Successful
PAY0002627,INV0000064,STU000260,2024-03-06,Bank Transfer,4065000,TXN-45800626WQ,Successful
PAY0002628,INV0002139,STU001184,2027-09-06,E-Wallet,6197000,TXN-40441595EU,Successful
PAY0002629,INV0000449,STU000637,09/07/2029,E-Wallet,11909000,TXN-43066525IW,Successful
PAY0002630,INV0000352,STU001393,2024-03-15,E-Wallet,5224000,TXN-35788040HC,Successful
PAY0002631,INV0000948,STU001354,2022-01-30,Cash,19267000,TXN-27741684JX,Successful
PAY0002632,INV0001212,STU001471,2023-09-01,Bank Transfer,4457000,TXN-92137113DZ,Successful
PAY0002633,INV0002376,STU000726,2022-11-19,Bank Transfer,8905000,TXN-40288486KT,Successful
PAY0002634,INV0001821,STU000174,2022-12-15,Bank Transfer,16453000,TXN-30090357OO,Successful
PAY0002635,INV0000920,STU001203,2026-12-17,E-Wallet,6789000,TXN-36784327WZ,Successful
PAY0002636,INV0002648,STU001292,2025-11-05,E-Wallet,8328000,TXN-97282643WE,Successful
PAY0002637,INV0000957,STU000306,2022-07-29,Card,7914000,TXN-24021522WU,Successful
PAY0002638,INV0002026,STU000218,2029-03-13,Bank Transfer,4971000,TXN-38680974SZ,Successful
PAY0002639,INV0002697,STU001041,,Bank Transfer,11784000,TXN-69467766YD,Successful
PAY0002640,INV0002330,STU000679,2026-05-02,Card,5288000,TXN-59192377MI,Successful
PAY0002641,INV0002335,STU001083,2029-07-13,Bank Transfer,3199000,TXN-00258451RN,Successful
PAY0002642,INV0000591,STU001361,2024-05-06,Cash,21809000,TXN-68651081QI,Successful
PAY0002643,INV0001937,STU000589,2029-01-10,Cash,10526000,TXN-14865346SG,Successful
PAY0002644,INV0002417,STU000307,,Cash,2996000,TXN-73075978UT,Failed
PAY0002645,INV0001744,STU000110,2021-08-21,Bank Transfer,16827000,TXN-52569161FU,Successful
PAY0002646,INV0000731,STU001097,2022-01-31,Card,7401000,TXN-20272264RI,Successful
PAY0002647,INV0001896,STU000376,2024-02-11,Cash,7980000,TXN-77861008TF,Successful
PAY0002648,INV0000966,STU000680,11/11/2025,Card,27229000,TXN-73086913EX,Pending
PAY0002649,INV0001150,STU000841,,Cash,16485000,TXN-65084732VO,Successful
PAY0002650,INV0000950,STU000302,2030-01-21,E-Wallet,20178000,TXN-66038788MO,Reversed
PAY0002651,INV0002570,STU000289,2025-11-02,Card,15521000,TXN-08247795LW,Successful
PAY0002652,INV0002640,STU000051,2024-04-15,E-Wallet,7642000,TXN-64037246IN,Successful
PAY0002653,INV0001681,STU000153,2020-04-03,E-Wallet,19160000,TXN-34707988ZH,Pending
PAY0002654,INV0001763,STU000540,2029-05-14,Card,2995000,TXN-53127158VK,Successful
PAY0002655,INV0001301,STU000494,2027-04-10,Card,4903000,TXN-88780551AU,Successful
PAY0002656,INV0000786,STU001194,2022-11-16,E-Wallet,7867000,TXN-12202370ZQ,Successful
PAY0002657,INV0002264,STU000603,2026-05-26,Card,6728000,TXN-08690831HA,Successful
PAY0002658,INV0001761,STU001032,2023-10-04,Bank Transfer,6833000,TXN-55473720RE,Successful
PAY0002659,INV0000497,STU000033,2028-10-19,E-Wallet,3017000,TXN-37807798BX,Successful
PAY0002660,INV0002009,STU000579,2022-04-15,E-Wallet,2844000,TXN-94873987WV,Successful
PAY0002661,INV0000898,STU000554,2020-07-22,Bank Transfer,2758000,TXN-56497585KC,Successful
PAY0002662,INV0000529,STU001192,2020-05-09,Card,9199000,TXN-50965866TJ,Successful
PAY0002663,INV0002843,STU000349,2025-04-25,Cash,8607000,TXN-71382780TF,Successful
PAY0002664,INV0000736,STU001095,2021-07-23,Bank Transfer,4876000,TXN-32012050AE,Successful
PAY0002665,INV0002448,STU000086,2024-11-29,Bank Transfer,3584000,TXN-01018231YV,Successful
PAY0002666,INV0002922,STU000431,2024-05-20,E-Wallet,8901000,TXN-83325842YN,Successful
PAY0002667,INV0000731,STU001097,2022-04-15,Card,3291000,TXN-66814816PQ,Pending
PAY0002668,INV0002048,STU000632,2024-10-14,E-Wallet,17265000,TXN-79569486WM,Successful
PAY0002669,INV0000446,STU000993,2026-04-08,Card,14330000,TXN-88585728ZJ,Pending
PAY0002670,INV0000144,STU000884,2024-02-11,Bank Transfer,7126000,TXN-20061483HC,Successful
PAY0002671,INV0001950,STU000573,2026-05-01,Bank Transfer,11709000,TXN-68768145TP,Successful
PAY0002672,INV0000703,STU000455,2026-08-07,Cash,13383000,TXN-47038043SR,Successful
PAY0002673,INV0000161,STU001033,,Cash,7738000,TXN-53448880JJ,Successful
PAY0002674,INV0000066,STU000928,2024-06-28,Cash,10708000,TXN-39360328YY,Successful
PAY0002675,INV0002115,STU000354,2020-03-08,E-Wallet,6363000,TXN-12507485GE,Successful
PAY0002676,INV0002538,STU000417,2023-01-02,Cash,11142000,TXN-03146924VJ,Successful
PAY0002677,INV0000204,STU001038,2024-05-26,Cash,19221000,TXN-89986841NZ,Successful
PAY0002678,INV0002570,STU000289,2025-11-30,Card,13786000,TXN-06549602GR,Successful
PAY0002679,INV0000408,STU001094,2026-08-06,Cash,20286000,TXN-79268843SQ,Successful
PAY0002680,INV0002749,STU001221,2026-01-25,E-Wallet,11589000,TXN-17837742DI,Successful
PAY0002681,INV0000784,STU001079,2027-05-07,E-Wallet,10307000,TXN-70925459VT,Successful
PAY0002682,INV0001368,STU000388,2026-07-11,Cash,2808000,TXN-98820512YO,Successful
PAY0002683,INV0001932,STU000692,2027-11-11,Card,16433000,TXN-95024531JS,Successful
PAY0002684,INV0000677,STU001076,2023-08-21,Card,10825000,TXN-29378751EO,Successful
PAY0002685,INV0000040,STU000193,2026-01-20,Cash,4354000,TXN-74678408FD,Failed
PAY0002686,INV0002617,STU000489,16/03/2023,Card,3864000,TXN-44546903RG,Pending
PAY0002687,INV0002044,STU001204,2023-03-15,Bank Transfer,4954000,TXN-38546175QL,Successful
PAY0002688,INV0000513,STU000333,2029-11-10,Card,5027000,TXN-65184708MJ,Failed
PAY0002689,INV0000832,STU000507,2023-06-29,Card,31735000,TXN-37063649PC,Successful
PAY0002690,INV0002267,STU001192,2020-05-06,Card,16323000,TXN-93393093TQ,Successful
PAY0002691,INV0000358,STU001281,2023-03-03,Bank Transfer,20661000,TXN-26151458CD,Pending
PAY0002692,INV0002676,STU000754,2026-01-07,Cash,15905000,TXN-09733140SZ,Successful
PAY0002693,INV0000717,STU000822,2026-07-11,Bank Transfer,22794000,TXN-25839195DP,Successful
PAY0002694,INV0001892,STU000739,2026-02-21,E-Wallet,11153000,TXN-06950904NL,Successful
PAY0002695,INV0000717,STU000822,2026-09-30,Bank Transfer,7769000,TXN-77404269SK,Successful
PAY0002696,INV0000940,STU000821,2023-03-06,Bank Transfer,5051000,TXN-02067942SI,Successful
PAY0002697,INV0001323,STU000748,2023-07-14,Bank Transfer,10378000,TXN-84198927SE,Successful
PAY0002698,INV0000167,STU000143,2025-10-17,Cash,2423000,TXN-95089649AO,Successful
PAY0002699,INV0001972,STU001414,2028-02-12,Card,10360000,TXN-69387998JS,Successful
PAY0002700,INV0002420,STU001320,2025-03-14,Cash,5440000,TXN-32843426OL,Successful
PAY0002701,INV0001607,STU001233,2026-08-20,E-Wallet,4476000,TXN-47386489EB,Successful
PAY0002702,INV0002617,STU000489,2023-02-16,Bank Transfer,6105000,TXN-98429712TX,Successful
PAY0002703,INV0000241,STU000166,2024-12-09,E-Wallet,13870000,TXN-70569236LI,Successful
PAY0002704,INV0001674,STU000090,2025-08-15,E-Wallet,4080000,TXN-69553727CS,Successful
PAY0002705,INV0000299,STU001261,2025-04-15,E-Wallet,15243000,TXN-62667305WB,Successful
PAY0002706,INV0001482,STU000680,2028-07-14,Bank Transfer,2962000,TXN-95154554BY,Successful
PAY0002707,INV0001888,STU000413,2025-04-22,E-Wallet,3677000,TXN-76740214ZH,Successful
PAY0002708,INV0001436,STU000424,2029-02-03,Bank Transfer,15193000,TXN-58874376KZ,Successful
PAY0002709,INV0002717,STU001099,2028-06-03,Bank Transfer,12212000,TXN-70708462YD,Successful
PAY0002710,INV0001656,STU001378,2028-02-22,Bank Transfer,20929000,TXN-14763506MA,Successful
PAY0002711,INV0000749,STU001161,2026-10-15,E-Wallet,8097000,TXN-76168464OC,Successful
PAY0002712,INV0000739,STU000293,2029-05-20,Bank Transfer,17588000,TXN-41478835UL,Successful
PAY0002713,INV0000603,STU000056,2026-03-20,Bank Transfer,13493000,TXN-61214694SS,Successful
PAY0002714,INV0001358,STU001354,2022-02-21,Card,14456000,TXN-62536611OT,Successful
PAY0002715,INV0002356,STU000217,2022-07-08,E-Wallet,9769000,TXN-76926563DQ,Successful
PAY0002716,INV0002862,STU000699,2022-09-06,Cash,3511000,TXN-79415986VB,Pending
PAY0002717,INV0000601,STU000608,2024-11-27,Card,7355000,TXN-22249655IZ,Successful
PAY0002718,INV0002417,STU000307,2027-12-13,E-Wallet,7458000,TXN-00003486GZ,Successful
PAY0002719,INV0000273,STU001474,2021-08-30,Cash,26769000,TXN-40238707XP,Successful
PAY0002720,INV0002029,STU000177,2023-07-26,Card,5351000,TXN-03457213EV,Successful
PAY0002721,INV0000409,STU001274,2026-05-17,Card,22914000,TXN-77889008TT,Pending
PAY0002722,INV0001629,STU000133,2021-09-10,Bank Transfer,6154000,TXN-41377791DG,Successful
PAY0002723,INV0001013,STU001331,2023-01-07,E-Wallet,1937000,TXN-75176475QG,Successful
PAY0002724,INV0002762,STU001217,2026-06-08,E-Wallet,2624000,TXN-62972853VD,Successful
PAY0002725,INV0001367,STU000585,2026-01-15,Cash,10413000,TXN-20345367CQ,Successful
PAY0002726,INV0000313,STU000152,24/09/2024,Cash,4417000,TXN-50132538UW,Successful
PAY0002727,INV0002856,STU000734,,Cash,4772000,TXN-61690346WX,Pending
PAY0002728,INV0001052,STU001138,2026-09-29,Bank Transfer,8550000,TXN-51380097ZY,Successful
PAY0002729,INV0000104,STU000047,2025-01-23,Card,14974000,TXN-99178919MR,Successful
PAY0002730,INV0001872,STU000113,2021-07-07,Card,17547000,TXN-52020275KF,Successful
PAY0002731,INV0002517,STU000120,2025-08-13,Cash,3368000,TXN-04510435PS,Successful
PAY0002732,INV0001948,STU000980,2026-07-12,Bank Transfer,16148000,TXN-27765741OJ,Successful
PAY0002733,INV0001838,STU000329,2026-04-16,Bank Transfer,37304000,TXN-27066530ZM,Successful
PAY0002734,INV0000785,STU000502,2025-04-24,Card,17310000,TXN-91871890NP,Pending
PAY0002735,INV0002169,STU000571,2022-04-08,Card,4834000,TXN-07480241PU,Successful
PAY0002736,INV0002483,STU000238,2022-06-23,E-Wallet,7820000,TXN-31653744DP,Successful
PAY0002737,INV0000804,STU000712,2027-04-25,Cash,5855000,TXN-44125025XZ,Successful
PAY0002738,INV0000218,STU000735,2027-11-23,Cash,25152000,TXN-88342549SY,Successful
PAY0002739,INV0002240,STU000585,2026-02-13,Bank Transfer,14002000,TXN-63054341IB,Successful
PAY0002740,INV0000866,STU001001,2023-12-28,E-Wallet,10794000,TXN-45493963UL,Successful
PAY0002741,INV0000850,STU000486,2025-07-19,Cash,7704000,TXN-76587790XA,Successful
PAY0002742,INV0000218,STU000735,2027-11-16,E-Wallet,20525000,TXN-11652987TR,Successful
PAY0002743,INV0002613,STU000695,2024-10-05,Bank Transfer,6871000,TXN-55091761OY,Successful
PAY0002744,INV0002773,STU000064,2025-03-27,Bank Transfer,8766000,TXN-24128111JG,Successful
PAY0002745,INV0000138,STU000852,2025-09-13,Cash,9773000,TXN-04042372XU,Successful
PAY0002746,INV0001574,STU001107,2028-06-17,Bank Transfer,11704000,TXN-72416379JC,Successful
PAY0002747,INV0001293,STU000069,2022-09-28,Card,13625000,TXN-90577964VT,Successful
PAY0002748,INV0000036,STU001120,2025-11-30,Bank Transfer,8060000,TXN-70245460MN,Successful
PAY0002749,INV0002958,STU000345,2027-01-21,E-Wallet,13182000,TXN-48926334HW,Successful
PAY0002750,INV0000835,STU001181,2022-04-29,E-Wallet,27083000,TXN-39146553DW,Successful
PAY0002751,INV0000010,STU000117,2025-06-07,Bank Transfer,17059000,TXN-24778530JL,Successful
PAY0002752,INV0001758,STU001263,2027-04-12,Card,19626000,TXN-69005304EX,Successful
PAY0002753,INV0000270,STU000336,,E-Wallet,7256000,TXN-76147717YN,Successful
PAY0002754,INV0002435,STU000041,2027-06-17,Bank Transfer,13801000,TXN-42397390SY,Successful
PAY0002755,INV0001116,STU000242,2025-06-12,Card,15148000,TXN-40156739IU,Successful
PAY0002756,INV0000994,STU000610,2025-12-21,Bank Transfer,9249000,TXN-09798411CZ,Successful
PAY0002757,INV0000666,STU000070,2022-12-08,Cash,18742000,TXN-95947717GC,Successful
PAY0002758,INV0002869,STU001101,2027-05-27,E-Wallet,18423000,TXN-79022570PB,Successful
PAY0002759,INV0001282,STU000254,2027-01-10,Cash,19600000,TXN-00164699SD,Successful
PAY0002760,INV0001318,STU000603,2024-05-04,Bank Transfer,9678000,TXN-68272815ID,Successful
PAY0002761,INV0002383,STU001209,2027-09-17,Cash,13509000,TXN-69457607WC,Failed
PAY0002762,INV0000216,STU000923,2024-01-06,Bank Transfer,4725000,TXN-70269690WS,Successful
PAY0002763,INV0001063,STU001344,2021-06-19,E-Wallet,12086000,TXN-50611490GV,Failed
PAY0002764,INV0002400,STU000930,2022-03-07,Card,16900000,TXN-30763089HX,Failed
PAY0002765,INV0001787,STU000439,2022-09-28,Card,5099000,TXN-96892780RB,Successful
PAY0002766,INV0002861,STU000764,2025-04-19,Card,11302000,TXN-64186197RZ,Successful
PAY0002767,INV0002824,STU000252,2021-03-05,Cash,16247000,TXN-19098862KH,Pending
PAY0002768,INV0001296,STU000988,2025-04-30,Card,3657000,TXN-70784415SJ,Successful
PAY0002769,INV0001642,STU000050,2024-09-20,Cash,9321000,TXN-15064648XR,Successful
PAY0002770,INV0001833,STU000800,2027-01-15,Card,26852000,TXN-42742157EO,Successful
PAY0002771,INV0002252,STU000627,2025-09-25,Card,7006000,TXN-75608700UC,Successful
PAY0002772,INV0000439,STU000001,2023-12-31,Bank Transfer,13292000,TXN-40806620BK,Successful
PAY0002773,INV0001854,STU001403,2023-05-27,Cash,16877000,TXN-42362522YS,Successful
PAY0002774,INV0001678,STU001471,2023-09-14,Card,6782000,TXN-33879209FK,Successful
PAY0002775,INV0001301,STU000494,2027-03-22,Bank Transfer,14814000,TXN-88359999SP,Failed
PAY0002776,INV0000026,STU000942,2020-12-23,Card,14667000,TXN-40403960GT,Successful
PAY0002777,INV0002161,STU000504,2026-10-01,Card,3063000,TXN-53622282VP,Successful
PAY0002778,INV0001870,STU000865,2022-03-23,Bank Transfer,8566000,TXN-29050283VI,Successful
PAY0002779,INV0002830,STU000452,2025-04-06,Bank Transfer,30471000,TXN-04011568FX,Successful
PAY0002780,INV0002392,STU001358,2023-09-15,E-Wallet,1685000,TXN-18762663DG,Successful
PAY0002781,INV0000761,STU000431,2027-06-04,E-Wallet,9529000,TXN-44122552ON,Successful
PAY0002782,INV0000722,STU000735,2027-11-14,Card,12420000,TXN-63114549MK,Successful
PAY0002783,INV0000184,STU001415,2025-08-10,Card,7925000,TXN-99737608HC,Successful
PAY0002784,INV0002417,STU000307,2027-12-11,Cash,11127000,TXN-94476385MT,Successful
PAY0002785,INV0001708,STU000011,2026-04-30,Cash,8985000,TXN-20506185EA,Successful
PAY0002786,INV0001071,STU000002,2021-01-24,Cash,13377000,TXN-02207505ZI,Successful
PAY0002787,INV0002422,STU000516,2021-06-05,Bank Transfer,6715000,TXN-71996034AC,Successful
PAY0002788,INV0001530,STU001151,2029-09-08,Bank Transfer,4431000,TXN-67626760KO,Successful
PAY0002789,INV0002257,STU000177,2025-01-04,Card,7843000,TXN-30749349IJ,Successful
PAY0002790,INV0001360,STU000748,2026-09-17,E-Wallet,21202000,TXN-26877694PD,Successful
PAY0002791,INV0002734,STU000369,2029-06-25,Bank Transfer,8175000,TXN-23574046GX,Successful
PAY0002792,INV0001014,STU000177,2026-10-22,Card,2622000,TXN-14368864CA,Successful
PAY0002793,INV0001890,STU001375,2027-02-19,Card,10011000,TXN-15591811HI,Successful
PAY0002794,INV0000583,STU001230,2024-09-24,Bank Transfer,5905000,TXN-72327406AT,Reversed
PAY0002795,INV0001778,STU000528,2025-09-19,E-Wallet,11202000,TXN-40613341CM,Successful
PAY0002796,INV0002232,STU000569,2026-12-11,Cash,19403000,TXN-30730023OQ,Successful
PAY0002797,INV0002718,STU000667,,Bank Transfer,29358000,TXN-94444152BP,Successful
PAY0002798,INV0002844,STU000277,2026-01-07,Cash,6047000,TXN-74000658JO,Successful
PAY0002799,INV0001192,STU000595,2023-10-23,Card,10071000,TXN-84688145LH,Successful
PAY0002800,INV0000523,STU000546,2024-12-25,Cash,8276000,TXN-84969431UE,Successful
PAY0002801,INV0001033,STU001191,2026-04-18,E-Wallet,3509000,TXN-44903057WS,Successful
PAY0002802,INV0002225,STU000377,2025-01-12,Cash,4981000,TXN-18691881SG,Successful
PAY0002803,INV0002165,STU000508,2027-12-02,E-Wallet,7202000,TXN-81211170UR,Successful
PAY0002804,INV0001827,STU000135,2025-12-02,Bank Transfer,3428000,TXN-07237611FA,Pending
PAY0002805,INV0000006,STU000644,2027-11-09,E-Wallet,15578000,TXN-61139880NS,Successful
PAY0002806,INV0000810,STU001074,2025-06-23,Card,14413000,TXN-33736685EA,Successful
PAY0002807,INV0002478,STU000914,2026-06-18,E-Wallet,18277000,TXN-56454525NG,Successful
PAY0002808,INV0000458,STU000802,2028-04-29,Card,6008000,TXN-99640922EK,Successful
PAY0002809,INV0000009,STU001081,2026-01-18,Cash,3817000,TXN-21932830RL,Successful
PAY0002810,INV0001445,STU000473,2030-02-10,E-Wallet,17446000,TXN-65516498CI,Successful
PAY0002811,INV0002435,STU000041,2024-09-30,E-Wallet,7728000,TXN-44651602ER,Successful
PAY0002812,INV0001774,STU001422,2021-12-17,E-Wallet,23548000,TXN-54294740NQ,Successful
PAY0002813,INV0000412,STU001354,2021-10-06,Cash,13534000,TXN-99226645UY,Successful
PAY0002814,INV0000062,STU000178,2025-04-10,Bank Transfer,12016000,TXN-03440609TI,Successful
PAY0002815,INV0000637,STU000993,2025-05-15,Cash,7160000,TXN-81689481OE,Successful
PAY0002816,INV0001654,STU000269,2026-04-15,Bank Transfer,5420000,TXN-25330382YD,Successful
PAY0002817,INV0002633,STU001265,2026-06-13,Bank Transfer,10236000,TXN-59396026UL,Successful
PAY0002818,INV0002428,STU001106,2025-04-26,Bank Transfer,11367000,TXN-04073825MH,Failed
PAY0002819,INV0001481,STU001273,2021-06-23,Card,28451000,TXN-31779086XW,Pending
PAY0002820,INV0001474,STU000313,2024-12-31,Bank Transfer,12086000,TXN-20730412QZ,Successful
PAY0002821,INV0000690,STU000972,2030-02-26,Card,13593000,TXN-28864877YA,Successful
PAY0002822,INV0002220,STU001303,2025-02-12,Cash,3065000,TXN-25172825SP,Successful
PAY0002823,INV0002967,STU001057,2025-03-25,Cash,9566000,TXN-38003666PE,Successful
PAY0002824,INV0002304,STU000651,2025-12-25,Bank Transfer,9919000,TXN-06194823PT,Successful
PAY0002825,INV0002781,STU000970,2025-02-28,E-Wallet,12858000,TXN-74667219GK,Successful
PAY0002826,INV0002596,STU000350,2030-01-15,Card,5948000,TXN-01944457QO,Successful
PAY0002827,INV0002729,STU001051,2026-09-26,Bank Transfer,12030000,TXN-89976295NJ,Successful
PAY0002828,INV0000545,STU000348,2023-02-19,E-Wallet,4776000,TXN-53046215AY,Successful
PAY0002829,INV0000624,STU000651,2026-07-18,E-Wallet,13472000,TXN-73193343WN,Successful
PAY0002830,INV0002109,STU001427,2026-08-11,Cash,29599000,TXN-00894093UV,Successful
PAY0002831,INV0002894,STU001247,2024-09-03,Card,10766000,TXN-85496241UN,Successful
PAY0002832,INV0000067,STU000755,2026-08-22,Cash,15628000,TXN-25900981NF,Successful
PAY0002833,INV0000457,STU001362,2025-08-23,Cash,1715000,TXN-00025996PN,Successful
PAY0002834,INV0000085,STU000190,2026-03-20,E-Wallet,10803000,TXN-36988843BZ,Successful
PAY0002835,INV0001509,STU000505,2026-01-02,E-Wallet,11315000,TXN-69586780FC,Successful
PAY0002836,INV0000478,STU000240,2025-09-23,Cash,13896000,TXN-62619191MA,Successful
PAY0002837,INV0002396,STU000646,2022-11-04,Cash,8537000,TXN-62139466TU,Successful
PAY0002838,INV0001243,STU000742,2024-04-30,Card,19038000,TXN-70872795IH,Successful
PAY0002839,INV0000107,STU001063,2027-05-28,Bank Transfer,20254000,TXN-89501846HY,Successful
PAY0002840,INV0001311,STU000143,2025-09-01,E-Wallet,2922000,TXN-54661678NM,Pending
PAY0002841,INV0002552,STU000932,2027-07-09,Cash,18152000,TXN-81842543TV,Successful
PAY0002842,INV0000969,STU001230,2022-03-17,Bank Transfer,4940000,TXN-55692482LG,Reversed
PAY0002843,INV0002131,STU000349,,Card,11767000,TXN-57173397SW,Successful
PAY0002844,INV0001614,STU001478,2024-04-12,Bank Transfer,9565000,TXN-52160817NS,Reversed
PAY0002845,INV0000326,STU000164,2027-07-06,E-Wallet,18788000,TXN-98985213MJ,Successful
PAY0002846,INV0000076,STU000950,2023-08-29,E-Wallet,19521000,TXN-61926633AW,Successful
PAY0002847,INV0002142,STU001293,2023-03-12,Card,21176000,TXN-99671644LK,Successful
PAY0002848,INV0000989,STU001375,2027-04-24,E-Wallet,16486000,TXN-07845194TS,Successful
PAY0002849,INV0002562,STU000904,2027-01-03,Cash,20275000,TXN-27715955ZG,Successful
PAY0002850,INV0002697,STU001041,2025-07-01,Card,13092000,TXN-73783376MZ,Successful
PAY0002851,INV0001196,STU000695,2026-05-09,Card,9038000,TXN-72264216DO,Successful
PAY0002852,INV0001828,STU000605,2024-02-19,Card,13088000,TXN-94524471NC,Successful
PAY0002853,INV0000835,STU001181,2022-05-18,E-Wallet,10689000,TXN-92089449GS,Successful
PAY0002854,INV0000366,STU000968,2024-11-04,Bank Transfer,13677000,TXN-10359400PT,Successful
PAY0002855,INV0002628,STU001315,2027-01-14,Bank Transfer,18325000,TXN-84196397MN,Successful
PAY0002856,INV0002757,STU001391,2024-12-27,Card,13323000,TXN-84817657YN,Failed
PAY0002857,INV0002868,STU000313,2025-10-30,Bank Transfer,26590000,TXN-60606443BF,Successful
PAY0002858,INV0001946,STU000148,2026-07-16,Card,28015000,TXN-15730941NC,Successful
PAY0002859,INV0001028,STU001486,2023-12-14,Bank Transfer,11926000,TXN-60000789OS,Successful
PAY0002860,INV0002911,STU000375,2024-10-27,Bank Transfer,2954000,TXN-10779091HL,Successful
PAY0002861,INV0002926,STU001464,2028-10-02,Bank Transfer,17277000,TXN-82152158BR,Successful
PAY0002862,INV0002442,STU001016,10/10/2026,Bank Transfer,23489000,TXN-55525977DC,Successful
PAY0002863,INV0001243,STU000742,2024-04-11,Cash,11924000,TXN-44163070KY,Successful
PAY0002864,INV0000584,STU000876,2027-06-06,E-Wallet,7240000,TXN-34543101LU,Pending
PAY0002865,INV0000425,STU000003,2022-10-26,Bank Transfer,6387000,TXN-49567510YG,Successful
PAY0002866,INV0001344,STU000397,2027-07-02,Cash,3868000,TXN-87828467NY,Successful
PAY0002867,INV0002797,STU000351,2025-01-26,Card,9687000,TXN-59347924MA,Successful
PAY0002868,INV0002101,STU001056,2024-08-12,Bank Transfer,6703000,TXN-12318097KS,Successful
PAY0002869,INV0002274,STU001375,2027-09-02,Cash,8167000,TXN-42066312QG,Successful
PAY0002870,INV0001113,STU001076,2020-05-31,Bank Transfer,5053000,TXN-05650765AP,Successful
PAY0002871,INV0000589,STU001452,2024-07-15,E-Wallet,11318000,TXN-91161544RQ,Successful
PAY0002872,INV0002275,STU000635,2025-05-31,Card,4165000,TXN-94766943TV,Pending
PAY0002873,INV0002916,STU001342,2025-11-27,Cash,4383000,TXN-75403155XV,Successful
PAY0002874,INV0002239,STU001349,2021-12-15,Bank Transfer,5223000,TXN-11146337KJ,Successful
PAY0002875,INV0000707,STU001474,2020-10-05,Cash,11952000,TXN-97224874HJ,Successful
PAY0002876,INV0001239,STU000722,2027-09-30,Cash,3505000,TXN-67287651GA,Successful
PAY0002877,INV0000989,STU001375,2027-01-21,Cash,17921000,TXN-42768670LO,Successful
PAY0002878,INV0002252,STU000627,2025-10-11,Cash,9975000,TXN-93995846XT,Failed
PAY0002879,INV0001655,STU000978,2023-06-04,Bank Transfer,9316000,TXN-68517500ZD,Failed
PAY0002880,INV0001736,STU001132,2029-02-23,E-Wallet,12165000,TXN-14941925CZ,Successful
PAY0002881,INV0001634,STU000413,2026-07-10,Bank Transfer,11122000,TXN-76192317RV,Successful
PAY0002882,INV0001599,STU000368,2024-09-24,Bank Transfer,6271000,TXN-70397229AD,Successful
PAY0002883,INV0000953,STU000012,2023-03-04,Bank Transfer,25647000,TXN-66712571PS,Successful
PAY0002884,INV0000969,STU001230,2022-03-10,Cash,6061000,TXN-02822905UV,Successful
PAY0002885,INV0001103,STU000444,2029-01-05,E-Wallet,8002000,TXN-68863271DH,Successful
PAY0002886,INV0002042,STU001091,2022-02-07,E-Wallet,10918000,TXN-45879608RO,Reversed
PAY0002887,INV0002930,STU000437,2024-11-13,Card,6827000,TXN-79498205ZU,Successful
PAY0002888,INV0002408,STU000770,2026-06-06,Cash,8555000,TXN-40979695DN,Successful
PAY0002889,INV0001308,STU001288,2025-05-23,Bank Transfer,17297000,TXN-07237365CU,Successful
PAY0002890,INV0000503,STU000415,2022-10-03,Card,15492000,TXN-40484598YL,Successful
PAY0002891,INV0002086,STU000403,2025-05-15,E-Wallet,12000000,TXN-49541437XV,Successful
PAY0002892,INV0000562,STU001025,2024-08-18,Cash,15560000,TXN-28596252FX,Successful
PAY0002893,INV0000479,STU001477,2029-02-04,Card,9396000,TXN-47099216BE,Successful
PAY0002894,INV0001129,STU000144,2021-09-21,Cash,13043000,TXN-76716563UV,Successful
PAY0002895,INV0002724,STU001247,2026-08-18,E-Wallet,9496000,TXN-83445518MU,Successful
PAY0002896,INV0002387,STU000404,2027-11-30,Card,5117000,TXN-16859353TO,Successful
PAY0002897,INV0000598,STU000563,2022-11-18,Cash,12801000,TXN-23763046VW,Successful
PAY0002898,INV0000138,STU000852,2025-10-01,Card,9109000,TXN-89912377OA,Successful
PAY0002899,INV0000368,STU000199,2025-01-18,Cash,7041000,TXN-14894631MP,Successful
PAY0002900,INV0000990,STU000505,,Bank Transfer,8440000,TXN-90915984NH,Successful
PAY0002901,INV0001159,STU001242,2022-11-23,Cash,11294000,TXN-80248662ML,Successful
PAY0002902,INV0002111,STU000187,2029-07-11,E-Wallet,20094000,TXN-19197555LP,Successful
PAY0002903,INV0001922,STU000400,2028-02-03,Card,16274000,TXN-30762999PJ,Successful
PAY0002904,INV0000696,STU000448,2025-05-28,E-Wallet,29918000,TXN-55490916QQ,Successful
PAY0002905,INV0000669,STU001135,2025-04-17,Card,4686000,TXN-09770418AL,Successful
PAY0002906,INV0002693,STU000406,2022-05-25,Card,15053000,TXN-83987292SM,Successful
PAY0002907,INV0002518,STU000404,2028-10-09,E-Wallet,2734000,TXN-46319827BW,Successful
PAY0002908,INV0001369,STU000694,2021-11-04,E-Wallet,9674000,TXN-93133517KM,Successful
PAY0002909,INV0000581,STU000848,2026-12-23,Bank Transfer,18884000,TXN-24073997WE,Successful
PAY0002910,INV0000947,STU000516,2020-11-25,Card,30352000,TXN-25964375HT,Pending
PAY0002911,INV0002191,STU000495,2027-05-26,Card,10294000,TXN-63145492EN,Successful
PAY0002912,INV0001725,STU000079,2027-03-11,Card,26572000,TXN-70349800GR,Successful
PAY0002913,INV0000960,STU000999,23/12/2028,Bank Transfer,27778000,TXN-73633225YP,Successful
PAY0002914,INV0002228,STU000855,2021-02-10,Card,16375000,TXN-15040059AT,Successful
PAY0002915,INV0002125,STU000466,2025-05-29,Cash,12577000,TXN-06389702VG,Successful
PAY0002916,INV0000642,STU000957,2023-07-29,Card,36405000,TXN-40260569CZ,Successful
PAY0002917,INV0001926,STU001034,,Bank Transfer,7280000,TXN-95501698LW,Successful
PAY0002918,INV0002663,STU001449,2028-03-03,Card,5752000,TXN-90447410HL,Successful
PAY0002919,INV0001847,STU000983,2025-03-06,Cash,25883000,TXN-81752386IZ,Successful
PAY0002920,INV0000049,STU000381,2025-01-12,Cash,9962000,TXN-39469458WK,Successful
PAY0002921,INV0002737,STU000604,2026-10-22,E-Wallet,10499000,TXN-89605451ZY,Successful
PAY0002922,INV0000783,STU000621,2021-10-11,Cash,6667000,TXN-09453652IM,Successful
PAY0002923,INV0002814,STU000746,16/05/2029,E-Wallet,15351000,TXN-65819304RK,Successful
PAY0002924,INV0002593,STU000801,2023-03-17,Card,7520000,TXN-13915674OT,Successful
PAY0002925,INV0000088,STU000456,2024-11-27,E-Wallet,13725000,TXN-50017852NW,Reversed
PAY0002926,INV0001638,STU000130,2025-12-14,Bank Transfer,8362000,TXN-67043951TS,Reversed
PAY0002927,INV0002889,STU000875,2025-05-27,Bank Transfer,13243000,TXN-33297719LF,Successful
PAY0002928,INV0000850,STU000486,2025-07-09,Cash,9764000,TXN-28055293UQ,Successful
PAY0002929,INV0002960,STU000246,2025-04-21,Bank Transfer,12231000,TXN-34396489TE,Successful
PAY0002930,INV0000234,STU001217,2024-07-09,Cash,7914000,TXN-05991505UI,Successful
PAY0002931,INV0000757,STU000871,2028-10-10,Card,18459000,TXN-86794637AO,Reversed
PAY0002932,INV0000999,STU000925,2024-06-11,Card,11677000,TXN-62456621YD,Successful
PAY0002933,INV0002595,STU000300,2025-03-28,Bank Transfer,13407000,TXN-46230234LX,Failed
PAY0002934,INV0002120,STU000172,2024-01-15,E-Wallet,21063000,TXN-47047001ER,Successful
PAY0002935,INV0002292,STU000729,16/06/2023,Cash,6385000,TXN-61630317KZ,Successful
PAY0002936,INV0002179,STU000258,2022-07-10,E-Wallet,8995000,TXN-78159124AV,Successful
PAY0002937,INV0000492,STU001007,2023-06-18,Card,7459000,TXN-20833524ZN,Successful
PAY0002938,INV0002978,STU001047,2023-01-17,Bank Transfer,8598000,TXN-91912425PT,Successful
PAY0002939,INV0002553,STU000614,2024-01-13,Card,13289000,TXN-59772373MW,Failed
PAY0002940,INV0000643,STU000680,2027-10-12,Cash,10376000,TXN-88706020AI,Failed
PAY0002941,INV0000753,STU001185,2027-07-26,Bank Transfer,3113000,TXN-31332761TL,Successful
PAY0002942,INV0002207,STU000401,10/12/2022,Card,13258000,TXN-58344426RV,Successful
PAY0002943,INV0001198,STU001282,2020-07-31,Bank Transfer,7541000,TXN-91315242PB,Successful
PAY0002944,INV0002049,STU000386,2023-11-12,Bank Transfer,11954000,TXN-65426969CD,Successful
PAY0002945,INV0001317,STU000292,2026-02-02,E-Wallet,4085000,TXN-42161645XD,Successful
PAY0002946,INV0002872,STU000548,2026-10-31,Card,21718000,TXN-70153375II,Successful
PAY0002947,INV0001117,STU000404,2029-03-24,Cash,16471000,TXN-60684949GK,Successful
PAY0002948,INV0001653,STU000911,2029-08-26,E-Wallet,8978000,TXN-95650630XF,Successful
PAY0002949,INV0001264,STU000911,2027-10-12,Cash,6372000,TXN-25475554FT,Successful
PAY0002950,INV0002489,STU000614,2022-04-21,Bank Transfer,22986000,TXN-87796952EA,Successful
PAY0002951,INV0001037,STU000539,10/09/2025,Card,16714000,TXN-23700850VD,Successful
PAY0002952,INV0001700,STU001317,2028-07-22,E-Wallet,4502000,TXN-53295102YZ,Successful
PAY0002953,INV0000155,STU001328,2023-05-26,Cash,6635000,TXN-00656908PB,Successful
PAY0002954,INV0001639,STU000495,2027-06-06,Card,7063000,TXN-40463118XF,Successful
PAY0002955,INV0002870,STU001453,2023-07-04,Cash,10347000,TXN-52754619LB,Failed
PAY0002956,INV0000717,STU000822,2024-12-09,Card,24547000,TXN-05404482YD,Failed
PAY0002957,INV0000522,STU001185,2026-05-11,Bank Transfer,12453000,TXN-12155166YZ,Failed
PAY0002958,INV0001885,STU000831,2024-11-27,Cash,10116000,TXN-02222532MY,Successful
PAY0002959,INV0002525,STU001161,2025-09-01,Cash,5833000,TXN-54537450YS,Failed
PAY0002960,INV0002389,STU000340,2027-01-17,Card,25623000,TXN-65377950JJ,Successful
PAY0002961,INV0001261,STU000180,2025-03-08,E-Wallet,19518000,TXN-20232103UQ,Failed
PAY0002962,INV0002139,STU001184,2027-09-20,Cash,9307000,TXN-35665601IM,Successful
PAY0002963,INV0000133,STU001087,2023-07-30,Card,59982000,TXN-83589252YB,Successful
PAY0002964,INV0000948,STU001354,2022-02-18,Card,8610000,TXN-45282392KW,Successful
PAY0002965,INV0001203,STU000804,04/10/2026,Card,4005000,TXN-98820393QI,Reversed
PAY0002966,INV0002730,STU000454,2023-05-01,E-Wallet,5686000,TXN-44602676HI,Successful
PAY0002967,INV0002540,STU001449,2029-09-15,Card,12016000,TXN-88895398RS,Successful
PAY0002968,INV0002450,STU000050,13/01/2022,Card,29526000,TXN-38710736GV,Successful
PAY0002969,INV0001886,STU000878,2028-03-07,Cash,25865000,TXN-30314371VL,Successful
PAY0002970,INV0002572,STU000359,22/06/2028,Bank Transfer,7735000,TXN-01292351EV,Successful
PAY0002971,INV0000245,STU001375,2028-07-17,E-Wallet,17353000,TXN-62504330AI,Failed
PAY0002972,INV0002876,STU000775,2024-03-28,E-Wallet,26881000,TXN-16552942TH,Successful
PAY0002973,INV0002283,STU001339,2026-05-25,Cash,19489000,TXN-75849546MO,Successful
PAY0002974,INV0001538,STU000918,2027-11-08,Card,5145000,TXN-40627848MG,Successful
PAY0002975,INV0002850,STU000432,2029-05-21,Card,5664000,TXN-65156747RD,Successful
PAY0002976,INV0000320,STU000412,2027-12-28,Bank Transfer,6250000,TXN-40750825OP,Successful
PAY0002977,INV0002206,STU000309,2029-01-26,Card,9443000,TXN-87601370GH,Successful
PAY0002978,INV0000145,STU001254,2021-06-30,E-Wallet,4369000,TXN-81426000ZW,Successful
PAY0002979,INV0000141,STU000608,05/09/2023,Cash,20778000,TXN-46989223QH,Successful
PAY0002980,INV0001985,STU000980,2025-05-04,Bank Transfer,15271000,TXN-86487272XU,Successful
PAY0002981,INV0002164,STU001461,2027-09-29,Card,7858000,TXN-03296207MZ,Successful
PAY0002982,INV0002382,STU000161,2027-03-13,E-Wallet,6965000,TXN-42349769LR,Successful
PAY0002983,INV0002241,STU000198,2023-05-01,E-Wallet,8643000,TXN-40089971MU,Pending
PAY0002984,INV0000037,STU000037,2022-09-13,Card,4104000,TXN-13843962LO,Successful
PAY0002985,INV0000989,STU001375,2027-03-05,E-Wallet,18561000,TXN-62778166BD,Failed
PAY0002986,INV0000565,STU000691,16/07/2027,Cash,6343000,TXN-20784481BI,Successful
PAY0002987,INV0000557,STU000623,2025-03-19,E-Wallet,22575000,TXN-11490053OT,Successful
PAY0002988,INV0001515,STU000666,2024-09-19,Cash,5580000,TXN-53774420QC,Successful
PAY0002989,INV0001878,STU001175,2025-01-04,Bank Transfer,5854000,TXN-68491529VE,Successful
PAY0002990,INV0000811,STU001286,2025-05-31,Bank Transfer,11538000,TXN-79110999CX,Successful
PAY0002991,INV0002715,STU001454,2026-08-13,Bank Transfer,16470000,TXN-90392572KP,Successful
PAY0002992,INV0002098,STU001253,2025-05-01,Card,9366000,TXN-83491680FU,Successful
PAY0002993,INV0000101,STU000353,2019-08-14,Card,12206000,TXN-65292155KH,Successful
PAY0002994,INV0000623,STU000176,2021-04-08,Bank Transfer,9063000,TXN-26535313EJ,Successful
PAY0002995,INV0000627,STU000490,12/11/2024,Card,17829000,TXN-40206063GF,Pending
PAY0002996,INV0002211,STU000682,2025-05-13,E-Wallet,11494000,TXN-21857704UF,Successful
PAY0002997,INV0002446,STU000156,2024-09-15,Cash,20230000,TXN-15132670ID,Successful
PAY0002998,INV0000008,STU000476,2020-12-04,Cash,5252000,TXN-38217315UL,Successful
PAY0002999,INV0001230,STU000788,2026-06-25,Bank Transfer,7173000,TXN-68730308FG,Successful
PAY0003000,INV0000009,STU001081,2025-10-18,Cash,7947000,TXN-23781630YN,Failed
PAY0003001,INV0001583,STU001043,2026-07-13,E-Wallet,2800000,TXN-98026151IO,Successful
PAY0003002,INV0000588,STU000072,2023-06-19,Card,11391000,TXN-00155447GZ,Successful
PAY0003003,INV0001347,STU000002,2023-11-09,E-Wallet,8975000,TXN-28324511NZ,Successful
PAY0003004,INV0001796,STU000373,2025-10-13,Bank Transfer,4927000,TXN-13659734CU,Successful
PAY0003005,INV0001656,STU001378,2028-05-16,E-Wallet,52000000,TXN-19754413CR,Successful
PAY0003006,INV0000554,STU000363,20/09/2026,Bank Transfer,7394000,TXN-70761278AT,Successful
PAY0003007,INV0002014,STU000859,2025-01-23,Card,31391000,TXN-40198731WE,Successful
PAY0003008,INV0002591,STU000389,2025-05-28,Bank Transfer,11272000,TXN-44948641CF,Successful
PAY0003009,INV0000238,STU000822,2024-02-27,E-Wallet,23555000,TXN-44807192VE,Pending
PAY0003010,INV0001668,STU001463,2022-09-20,E-Wallet,12305000,TXN-53090169RX,Successful
PAY0003011,INV0000270,STU000336,2025-02-07,Cash,6169000,TXN-32735504DT,Failed
PAY0003012,INV0001884,STU001236,2026-02-11,Card,5097000,TXN-18127991ES,Successful
PAY0003013,INV0000410,STU000995,2029-08-11,Cash,12689000,TXN-50214779HE,Successful
PAY0003014,INV0001427,STU000707,2025-10-13,Bank Transfer,5586000,TXN-26185913IH,Successful
PAY0003015,INV0001632,STU000921,2026-11-21,Bank Transfer,9737000,TXN-58897157FP,Successful
PAY0003016,INV0000493,STU001019,2024-05-03,E-Wallet,10161000,TXN-14638966QC,Successful
PAY0003017,INV0001079,STU000890,2024-11-08,Cash,5252000,TXN-69549648QI,Successful
PAY0003018,INV0000157,STU000955,2027-12-13,Cash,13076000,TXN-73220590RA,Successful
PAY0003019,INV0002087,STU000772,2027-06-29,Card,9312000,TXN-81283876AZ,Pending
PAY0003020,INV0002799,STU001190,2026-04-17,Cash,12838000,TXN-79677258AH,Successful
PAY0003021,INV0002292,STU000729,2023-08-13,Bank Transfer,5135000,TXN-90040803YA,Successful
PAY0003022,INV0000773,STU000562,2026-10-02,Cash,8624000,TXN-20806256SB,Successful
PAY0003023,INV0001859,STU000126,08/10/2024,Bank Transfer,9274000,TXN-91041176II,Successful
PAY0003024,INV0001355,STU000428,2025-09-17,Card,27504000,TXN-72160872AS,Successful
PAY0003025,INV0001682,STU000828,14/09/2027,E-Wallet,9953000,TXN-86976058KB,Successful
PAY0003026,INV0000991,STU001204,2021-08-06,Card,4193000,TXN-44988960VR,Successful
PAY0003027,INV0000360,STU001035,2028-08-28,Card,4076000,TXN-03427069EB,Successful
PAY0003028,INV0000938,STU001205,2027-10-29,Cash,6634000,TXN-64827237GQ,Successful
PAY0003029,INV0000573,STU000104,2021-07-23,E-Wallet,16926000,TXN-27769730YH,Successful
PAY0003030,INV0002169,STU000571,2022-05-28,Bank Transfer,5279000,TXN-28280825BX,Successful
PAY0003031,INV0002487,STU000967,2020-05-17,Card,2527000,TXN-66495255PS,Successful
PAY0003032,INV0002212,STU000825,2022-08-31,Card,19030000,TXN-47793912OO,Successful
PAY0003033,INV0001034,STU000944,2026-09-21,Card,5900000,TXN-72978960BI,Successful
PAY0003034,INV0000993,STU000746,2026-08-12,Card,7959000,TXN-96909769CO,Successful
PAY0003035,INV0000414,STU001326,06/03/2021,Cash,12900000,TXN-08893266BB,Successful
PAY0003036,INV0001028,STU001486,2024-02-14,Card,12933000,TXN-07377641YA,Successful
PAY0003037,INV0001246,STU000651,2022-10-19,Bank Transfer,15489000,TXN-19154116FK,Failed
PAY0003038,INV0001307,STU000583,2027-11-25,Bank Transfer,12299000,TXN-34064307RR,Pending
PAY0003039,INV0000807,STU001259,2030-02-16,Bank Transfer,5599000,TXN-30148500QR,Successful
PAY0003040,INV0000065,STU000128,2024-12-20,Cash,8320000,TXN-78701580YZ,Successful
PAY0003041,INV0001994,STU000278,2021-05-07,Cash,6975000,TXN-67524135YX,Successful
PAY0003042,INV0001594,STU000020,2029-09-24,Card,13578000,TXN-06280771GB,Successful
PAY0003043,INV0000257,STU000557,2022-05-25,Cash,7756000,TXN-63502758GS,Successful
PAY0003044,INV0000806,STU000352,2025-11-25,Card,4852000,TXN-19602745ZX,Successful
PAY0003045,INV0002914,STU000014,2028-10-30,Bank Transfer,13963000,TXN-58133888EX,Successful
PAY0003046,INV0001979,STU000003,2024-01-11,Bank Transfer,4786000,TXN-04941530AY,Successful
PAY0003047,INV0001582,STU000858,2024-10-01,E-Wallet,2086000,TXN-52044746LG,Successful
PAY0003048,INV0002380,STU001132,2029-09-04,E-Wallet,15231000,TXN-14223533CW,Successful
PAY0003049,INV0001618,STU000534,2027-07-30,Cash,50689000,TXN-06305071NT,Successful
PAY0003050,INV0001217,STU000094,2025-06-21,E-Wallet,11453000,TXN-58532310MT,Successful
PAY0003051,INV0000908,STU001030,2027-06-03,Cash,5841000,TXN-60306333VA,Successful
PAY0003052,INV0001648,STU000303,2026-07-07,E-Wallet,10661000,TXN-62494848ZV,Successful
PAY0003053,INV0001852,STU000411,2026-05-17,Card,6777000,TXN-93898715TK,Successful
PAY0003054,INV0002207,STU000401,2022-11-26,Card,8866000,TXN-99142999FD,Successful
PAY0003055,INV0000520,STU001173,2026-09-15,E-Wallet,10728000,TXN-51883083FY,Successful
PAY0003056,INV0000688,STU001425,2024-03-28,Card,5297000,TXN-91996476AG,Successful
PAY0003057,INV0001418,STU000331,2022-01-23,Cash,17858000,TXN-91296062NY,Successful
PAY0003058,INV0002243,STU000489,2026-10-17,Card,6869000,TXN-21227798UX,Successful
PAY0003059,INV0000993,STU000746,2026-07-05,Card,8543000,TXN-50371147GX,Successful
PAY0003060,INV0001930,STU000821,2022-04-02,E-Wallet,6349000,TXN-22907944LI,Successful
PAY0003061,INV0001401,STU000016,2022-06-04,Card,15337000,TXN-96210853HP,Successful
PAY0003062,INV0002315,STU000511,2021-01-15,Cash,25095000,TXN-23350905GJ,Reversed
PAY0003063,INV0000450,STU000463,2026-10-20,E-Wallet,6812000,TXN-29567827YS,Successful
PAY0003064,INV0002375,STU000934,2025-08-14,E-Wallet,4077000,TXN-71998891EC,Successful
PAY0003065,INV0002647,STU001324,2024-01-20,Bank Transfer,12724000,TXN-21370188HQ,Successful
PAY0003066,INV0000682,STU000286,2022-04-25,Cash,13514000,TXN-94107868LY,Successful
PAY0003067,INV0001341,STU000901,2023-09-12,E-Wallet,5376000,TXN-14456840MY,Successful
PAY0003068,INV0001138,STU000285,2023-11-29,Card,9166000,TXN-66383365FD,Successful
PAY0003069,INV0000759,STU000982,2028-06-14,Cash,18301000,TXN-08870429VZ,Pending
PAY0003070,INV0002139,STU001184,04/07/2027,Bank Transfer,3817000,TXN-92775407VV,Successful
PAY0003071,INV0001954,STU001180,2023-03-03,Card,15181000,TXN-71302255NT,Successful
PAY0003072,INV0001457,STU000609,2027-01-10,Bank Transfer,10611000,TXN-90511822NF,Successful
PAY0003073,INV0000873,STU000713,2026-04-10,Card,11729000,TXN-50877537UR,Successful
PAY0003074,INV0001814,STU000512,2024-05-20,Bank Transfer,2453000,TXN-57897027EY,Successful
PAY0003075,INV0000898,STU000554,2020-10-02,Bank Transfer,8566000,TXN-53084945OH,Successful
PAY0003076,INV0001964,STU001261,2023-10-25,Bank Transfer,6898000,TXN-75054635JJ,Successful
PAY0003077,INV0001130,STU000680,2024-02-13,Card,10063000,TXN-79629099TB,Reversed
PAY0003078,INV0001220,STU000906,2023-01-06,Bank Transfer,7952000,TXN-66453331CO,Successful
PAY0003079,INV0002084,STU000453,2022-06-19,Card,24397000,TXN-30095326CE,Successful
PAY0003080,INV0001626,STU000496,2027-10-20,E-Wallet,6757000,TXN-10286918CG,Successful
PAY0003081,INV0000739,STU000293,2029-08-05,Bank Transfer,10510000,TXN-67632408XQ,Successful
PAY0003082,INV0002850,STU000432,2029-04-07,E-Wallet,8890000,TXN-25693442JV,Successful
PAY0003083,INV0000774,STU001110,2022-10-21,Card,12892000,TXN-66774955ZH,Successful
PAY0003084,INV0002644,STU000945,2026-02-28,E-Wallet,8189000,TXN-41621161SD,Successful
PAY0003085,INV0001071,STU000002,2021-03-30,Cash,14616000,TXN-76761200AA,Successful
PAY0003086,INV0001193,STU000081,2024-02-26,Card,18560000,TXN-92798242MC,Successful
PAY0003087,INV0002965,STU001447,2022-05-13,E-Wallet,16323000,TXN-44137081JH,Successful
PAY0003088,INV0001665,STU001315,2024-08-27,Bank Transfer,3350000,TXN-75843763ZC,Successful
PAY0003089,INV0002013,STU000317,2021-03-30,E-Wallet,8081000,TXN-33568380MC,Successful
PAY0003090,INV0002338,STU000205,2028-02-18,Cash,11220000,TXN-21608907MA,Successful
PAY0003091,INV0002067,STU000220,2023-01-05,Bank Transfer,18524000,TXN-13721290QO,Successful
PAY0003092,INV0002798,STU000405,2026-03-05,Bank Transfer,8993000,TXN-94052066ZQ,Successful
PAY0003093,INV0002482,STU000712,2025-06-27,Cash,11226000,TXN-56127909KP,Successful
PAY0003094,INV0000222,STU001350,2025-11-05,Card,6788000,TXN-55898706FD,Successful
PAY0003095,INV0000163,STU000584,2024-10-09,E-Wallet,7113000,TXN-08160491RK,Successful
PAY0003096,INV0000418,STU001156,2028-11-21,E-Wallet,16522000,TXN-11357374RW,Successful
PAY0003097,INV0000578,STU001103,2024-08-06,Card,10908000,TXN-09293737AO,Successful
PAY0003098,INV0001870,STU000865,2022-03-03,Cash,11579000,TXN-97047260MK,Successful
PAY0003099,INV0002419,STU001468,2024-04-27,Bank Transfer,14693000,TXN-08707208VJ,Reversed
PAY0003100,INV0000152,STU000753,2026-01-25,Cash,6377000,TXN-15517387QE,Successful
PAY0003101,INV0002739,STU000003,2025-02-25,E-Wallet,3465000,TXN-56974247LJ,Successful
PAY0003102,INV0001262,STU000712,2023-12-26,Cash,6588000,TXN-30423615SC,Successful
PAY0003103,INV0002571,STU000611,2022-07-11,Bank Transfer,7499000,TXN-86451025TV,Successful
PAY0003104,INV0000155,STU001328,2023-03-29,Cash,9944000,TXN-34868750XT,Successful
PAY0003105,INV0002044,STU001204,2023-04-16,Card,5346000,TXN-06509842DK,Successful
PAY0003106,INV0001715,STU001263,2029-09-22,Bank Transfer,26974000,TXN-98893880XP,Successful
PAY0003107,INV0001791,STU000087,2027-01-24,Card,7258000,TXN-74990692HE,Successful
PAY0003108,INV0002368,STU001084,2025-10-03,Bank Transfer,27004000,TXN-19510892EC,Successful
PAY0003109,INV0001160,STU001136,2024-11-11,E-Wallet,9355000,TXN-71674813MH,Successful
PAY0003110,INV0001905,STU000842,2020-11-16,Bank Transfer,17566000,TXN-92702518AA,Successful
PAY0003111,INV0001056,STU001169,2028-08-16,E-Wallet,7640000,TXN-13900062CO,Successful
PAY0003112,INV0002846,STU000687,2022-07-31,Cash,22598000,TXN-39278176KP,Successful
PAY0003113,INV0001840,STU001221,2023-06-08,Bank Transfer,21518000,TXN-86463055DZ,Successful
PAY0003114,INV0000252,STU001134,2026-12-19,Bank Transfer,6953000,TXN-75845182RS,Successful
PAY0003115,INV0002452,STU000564,2026-11-07,Cash,8785000,TXN-13371720FR,Successful
PAY0003116,INV0001304,STU000016,2023-05-14,Bank Transfer,14095000,TXN-56854269TD,Successful
PAY0003117,INV0000198,STU000783,2025-07-15,E-Wallet,11676000,TXN-91329690SO,Successful
PAY0003118,INV0002128,STU001105,2023-01-18,Cash,7747000,TXN-96541122GT,Successful
PAY0003119,INV0001887,STU001388,2025-10-19,Cash,7281000,TXN-83699038TR,Successful
PAY0003120,INV0001355,STU000428,2025-09-20,E-Wallet,30357000,TXN-58433939QB,Successful
PAY0003121,INV0001055,STU000908,2024-03-29,Cash,5783000,TXN-50813344MD,Successful
PAY0003122,INV0000867,STU000772,2028-03-05,Bank Transfer,6470000,TXN-19228699NV,Successful
PAY0003123,INV0000664,STU001063,2024-04-04,Card,22849000,TXN-28523742WS,Successful
PAY0003124,INV0000114,STU001173,2025-08-07,Cash,16462000,TXN-53899007VK,Successful
PAY0003125,INV0001598,STU000652,2026-10-21,Bank Transfer,11429000,TXN-18287513AZ,Successful
PAY0003126,INV0002433,STU000517,2025-03-18,Card,2861000,TXN-41634084HE,Successful
PAY0003127,INV0001927,STU000401,2024-11-15,Cash,15825000,TXN-80215391CH,Reversed
PAY0003128,INV0000853,STU000955,2026-07-22,Bank Transfer,3284000,TXN-36807567LK,Successful
PAY0003129,INV0001451,STU000496,05/01/2027,Card,11338000,TXN-37377518JA,Successful
PAY0003130,INV0001712,STU000095,,Bank Transfer,10200000,TXN-44705714TU,Successful
PAY0003131,INV0002684,STU001226,2028-07-27,Cash,5005000,TXN-08108206AI,Successful
PAY0003132,INV0000564,STU000279,2026-10-14,Bank Transfer,16408000,TXN-30795029HL,Successful
PAY0003133,INV0000745,STU001296,2026-11-07,Bank Transfer,14420000,TXN-44936685UY,Successful
PAY0003134,INV0002214,STU001072,2022-03-19,Cash,21035000,TXN-46700350HQ,Successful
PAY0003135,INV0002787,STU001455,2026-02-14,Cash,20479000,TXN-43911889NM,Successful
PAY0003136,INV0000888,STU001023,2024-01-31,Bank Transfer,13602000,TXN-83396098JO,Successful
PAY0003137,INV0001837,STU000908,2026-03-15,E-Wallet,4713000,TXN-76644264YY,Pending
PAY0003138,INV0001934,STU000608,2025-04-26,Bank Transfer,5788000,TXN-03508283AT,Successful
PAY0003139,INV0001796,STU000373,2025-09-17,Card,7133000,TXN-04468880BS,Successful
PAY0003140,INV0001530,STU001151,2029-12-24,E-Wallet,13489000,TXN-52241659CT,Successful
PAY0003141,INV0002779,STU000612,2026-02-01,Cash,11959000,TXN-79134070XP,Successful
PAY0003142,INV0002778,STU000726,2021-09-27,Cash,9858000,TXN-82970579ME,Pending
PAY0003143,INV0002132,STU001252,2023-08-14,Card,6908000,TXN-67946298CM,Successful
PAY0003144,INV0000760,STU000482,2021-01-17,Cash,16405000,TXN-96042017BA,Successful
PAY0003145,INV0001889,STU000889,2027-12-31,Cash,12930000,TXN-12115328KM,Successful
PAY0003146,INV0001663,STU000995,2029-02-23,Bank Transfer,6513000,TXN-03419288AA,Successful
PAY0003147,INV0001445,STU000473,2030-02-21,E-Wallet,23677000,TXN-23739788NG,Successful
PAY0003148,INV0002666,STU000818,2027-03-14,Cash,11424000,TXN-90544495QU,Successful
PAY0003149,INV0001368,STU000388,2026-06-23,Card,6440000,TXN-19361566TK,Successful
PAY0003150,INV0000407,STU001352,2021-11-22,Bank Transfer,17571000,TXN-10567953XO,Failed
PAY0003151,INV0001922,STU000400,2028-05-05,Bank Transfer,19860000,TXN-89280382RS,Successful
PAY0003152,INV0002924,STU000825,2023-03-13,Bank Transfer,7097000,TXN-23609216JR,Successful
PAY0003153,INV0001947,STU000981,2023-02-09,Bank Transfer,20840000,TXN-45341810EB,Successful
PAY0003154,INV0001174,STU000960,2020-04-02,Cash,20613000,TXN-61826380ZC,Successful
PAY0003155,INV0002927,STU001478,2027-11-16,Cash,6183000,TXN-16807798VI,Successful
PAY0003156,INV0002767,STU000725,2025-08-16,Cash,22399000,TXN-14080888MT,Failed
PAY0003157,INV0000549,STU000047,,Card,13297000,TXN-79607564DU,Successful
PAY0003158,INV0000863,STU000327,2027-03-18,Cash,4387000,TXN-40766979OO,Failed
PAY0003159,INV0000235,STU000395,2024-11-20,Cash,16586000,TXN-81571867BR,Pending
PAY0003160,INV0000028,STU001432,2023-02-28,Bank Transfer,14631000,TXN-61858118ZW,Pending
PAY0003161,INV0002818,STU000738,2029-12-26,Bank Transfer,3741000,TXN-67883995AW,Failed
PAY0003162,INV0000876,STU001436,2024-11-16,Cash,7164000,TXN-33536646AD,Successful
PAY0003163,INV0002980,STU000993,22/07/2025,Bank Transfer,4255000,TXN-35734326OO,Failed
PAY0003164,INV0002024,STU001418,2026-07-15,Cash,9654000,TXN-99130529YJ,Successful
PAY0003165,INV0001359,STU001488,2020-03-13,Bank Transfer,9789000,TXN-78596352GV,Successful
PAY0003166,INV0000601,STU000608,2024-09-08,Card,6696000,TXN-62337835GS,Failed
PAY0003167,INV0001515,STU000666,2024-11-20,Bank Transfer,16018000,TXN-44633170ZM,Successful
PAY0003168,INV0001864,STU001396,2025-07-26,Card,13410000,TXN-91579302FA,Successful
PAY0003169,INV0002670,STU000199,2024-04-08,Card,18004000,TXN-79300740NM,Successful
PAY0003170,INV0002293,STU000338,2026-01-02,Cash,2995000,TXN-86781829WR,Failed
PAY0003171,INV0000244,STU000554,2023-05-14,Bank Transfer,15087000,TXN-76030563CJ,Reversed
PAY0003172,INV0001538,STU000918,2027-11-06,Bank Transfer,46606000,TXN-76191170HH,Successful
PAY0003173,INV0001673,STU000594,2025-08-15,Card,7249000,TXN-02700986BO,Successful
PAY0003174,INV0001463,STU000382,2024-07-12,Card,16009000,TXN-78574984UF,Successful
PAY0003175,INV0000012,STU000976,2029-10-21,Bank Transfer,9738000,TXN-90131631HG,Successful
PAY0003176,INV0002942,STU001408,2022-04-29,Card,3923000,TXN-28605390LI,Successful
PAY0003177,INV0000306,STU001392,2026-02-19,Cash,6668000,TXN-68893645NJ,Successful
PAY0003178,INV0002391,STU000928,2021-03-10,Cash,25529000,TXN-91419340AP,Successful
PAY0003179,INV0000150,STU001126,2022-12-11,Cash,4139000,TXN-18547460ZZ,Successful
PAY0003180,INV0002395,STU000779,2021-10-25,Card,14232000,TXN-16510814AV,Successful
PAY0003181,INV0001994,STU000278,2021-05-16,E-Wallet,17229000,TXN-92431369OQ,Successful
PAY0003182,INV0002250,STU000172,2026-12-07,Card,3582000,TXN-32649490QM,Successful
PAY0003183,INV0001519,STU001267,2029-04-02,Card,6300000,TXN-25703166JE,Successful
PAY0003184,INV0002646,STU000211,,E-Wallet,24030000,TXN-49861737JB,Failed
PAY0003185,INV0000797,STU000895,09/02/2025,Card,12648000,TXN-93913583OQ,Successful
PAY0003186,INV0000029,STU000037,2025-08-24,E-Wallet,27524000,TXN-75455754CD,Failed
PAY0003187,INV0000537,STU000306,2023-11-06,Card,13872000,TXN-84191244SV,Successful
PAY0003188,INV0002792,STU001197,2026-10-21,Bank Transfer,11285000,TXN-30507079SY,Successful
PAY0003189,INV0000999,STU000925,2024-05-19,E-Wallet,6831000,TXN-38650241CE,Successful
PAY0003190,INV0002577,STU001040,2026-09-09,Bank Transfer,7312000,TXN-35965830MB,Successful
PAY0003191,INV0001875,STU001174,2027-01-14,Card,19950000,TXN-39416176VQ,Successful
PAY0003192,INV0000312,STU000788,04/02/2028,Card,7595000,TXN-67314773WC,Successful
PAY0003193,INV0002550,STU000823,2022-08-31,Cash,13011000,TXN-75808905NC,Successful
PAY0003194,INV0001875,STU001174,,E-Wallet,22292000,TXN-59949437JT,Successful
PAY0003195,INV0002586,STU000232,2023-06-21,Card,14983000,TXN-20495000SH,Failed
PAY0003196,INV0000562,STU001025,2024-09-01,Bank Transfer,31191000,TXN-60798357KD,Successful
PAY0003197,INV0000848,STU000249,2028-05-21,Bank Transfer,7860000,TXN-67152468BL,Pending
PAY0003198,INV0001120,STU000760,2022-01-15,Bank Transfer,10314000,TXN-46741078KE,Successful
PAY0003199,INV0000373,STU001303,2025-02-23,Bank Transfer,5503000,TXN-40030487CK,Successful
PAY0003200,INV0001892,STU000739,2025-12-20,Bank Transfer,45629000,TXN-27280539AP,Successful
PAY0003201,INV0000724,STU000434,2022-10-10,Card,12782000,TXN-04420373RK,Successful
PAY0003202,INV0002881,STU000232,2025-05-31,Card,14570000,TXN-91006491MW,Successful
PAY0003203,INV0001836,STU000748,2022-10-28,Bank Transfer,5909000,TXN-21989678EU,Successful
PAY0003204,INV0001018,STU001226,2027-05-12,Card,9567000,TXN-74480370EC,Successful
PAY0003205,INV0002338,STU000205,2028-02-15,E-Wallet,3512000,TXN-94432927IB,Successful
PAY0003206,INV0002311,STU001210,2026-04-06,Cash,6515000,TXN-94052462OJ,Successful
PAY0003207,INV0002533,STU000056,2029-06-19,Cash,9222000,TXN-70719163VY,Successful
PAY0003208,INV0000146,STU000840,2024-04-14,Card,11400000,TXN-78090625RH,Successful
PAY0003209,INV0001174,STU000960,2020-03-26,Bank Transfer,21726000,TXN-24065819TT,Failed
PAY0003210,INV0002005,STU000330,2022-03-21,Cash,8971000,TXN-95626945EG,Successful
PAY0003211,INV0001307,STU000583,2027-12-23,Card,11450000,TXN-10168628AV,Successful
PAY0003212,INV0002855,STU000711,2027-03-10,Bank Transfer,7811000,TXN-59039739XA,Successful
PAY0003213,INV0001752,STU000414,2025-08-16,Cash,20478000,TXN-53213192JL,Successful
PAY0003214,INV0001683,STU000629,2025-10-12,Cash,17159000,TXN-96888232OE,Successful
PAY0003215,INV0001490,STU000047,2022-01-12,Card,5057000,TXN-99059478FV,Successful
PAY0003216,INV0001329,STU000340,2025-09-14,E-Wallet,29509000,TXN-60985883SU,Successful
PAY0003217,INV0002875,STU000181,2026-01-18,Bank Transfer,7804000,TXN-87685142UG,Pending
PAY0003218,INV0002781,STU000970,2025-01-27,Card,7380000,TXN-36166343AD,Successful
PAY0003219,INV0000852,STU001437,2022-10-11,Cash,7660000,TXN-58297028TA,Failed
PAY0003220,INV0002977,STU001271,2022-07-14,E-Wallet,17564000,TXN-66622023TO,Successful
PAY0003221,INV0002876,STU000775,2024-03-19,Bank Transfer,21534000,TXN-29543017AP,Successful
PAY0003222,INV0000340,STU000935,2025-02-24,Bank Transfer,22531000,TXN-08055618JW,Successful
PAY0003223,INV0001927,STU000401,2024-12-10,Cash,18526000,TXN-88259393CR,Pending
PAY0003224,INV0001352,STU000884,2025-08-25,Cash,5204000,TXN-11423650MN,Successful
PAY0003225,INV0000986,STU001206,2028-02-06,E-Wallet,10713000,TXN-34285456SC,Successful
PAY0003226,INV0000711,STU000796,2021-06-13,E-Wallet,6942000,TXN-41270531ER,Successful
PAY0003227,INV0001267,STU000387,2024-05-11,Card,9991000,TXN-12566803WR,Successful
PAY0003228,INV0001168,STU000229,2027-08-16,Cash,7558000,TXN-98804987XL,Successful
PAY0003229,INV0002873,STU001258,2028-04-18,Cash,10673000,TXN-98824347EB,Pending
PAY0003230,INV0002216,STU000590,2026-07-30,Bank Transfer,6123000,TXN-70648061DC,Successful
PAY0003231,INV0000259,STU001180,2020-02-26,Cash,3404000,TXN-08178893AI,Successful
PAY0003232,INV0002945,STU000832,2027-12-02,Cash,11451000,TXN-28680660CZ,Successful
PAY0003233,INV0000905,STU001186,2024-01-24,E-Wallet,19204000,TXN-45199486FW,Pending
PAY0003234,INV0001540,STU000704,06/08/2021,Card,3294000,TXN-97254279QH,Successful
PAY0003235,INV0000543,STU000372,2025-11-23,Card,29370000,TXN-81407513QS,Successful
PAY0003236,INV0002859,STU001347,2027-03-27,Cash,5931000,TXN-69782614KL,Pending
PAY0003237,INV0002278,STU001006,2027-11-16,Cash,8777000,TXN-37055198FJ,Successful
PAY0003238,INV0000550,STU001120,2023-11-30,E-Wallet,11133000,TXN-14549935PB,Successful
PAY0003239,INV0000700,STU000532,2024-07-26,Cash,11868000,TXN-68322571TK,Successful
PAY0003240,INV0000321,STU001330,2027-02-02,Card,21935000,TXN-03248259UM,Successful
PAY0003241,INV0002499,STU000512,2028-04-02,Cash,10130000,TXN-37261091CO,Successful
PAY0003242,INV0002299,STU000749,2025-08-22,Bank Transfer,13528000,TXN-17074255FH,Pending
PAY0003243,INV0001187,STU000065,2028-11-12,Bank Transfer,14705000,TXN-50526553OQ,Reversed
PAY0003244,INV0001059,STU001135,2026-08-25,Bank Transfer,4908000,TXN-15686069HN,Successful
PAY0003245,INV0000514,STU001097,2022-04-27,Cash,4254000,TXN-72858795AZ,Successful
PAY0003246,INV0001581,STU001290,2023-10-28,Card,16562000,TXN-46404312ZM,Successful
PAY0003247,INV0001519,STU001267,,Card,11021000,TXN-45014794BX,Successful
PAY0003248,INV0001729,STU001441,2026-02-10,E-Wallet,16777000,TXN-33983760GZ,Successful
PAY0003249,INV0001769,STU001171,2027-01-24,E-Wallet,8040000,TXN-00147312ZE,Successful
PAY0003250,INV0002002,STU001418,2024-10-01,Card,7180000,TXN-63814095QY,Successful
PAY0003251,INV0001226,STU000582,2023-02-08,E-Wallet,8685000,TXN-30883945WJ,Successful
PAY0003252,INV0000157,STU000955,2027-11-09,Bank Transfer,8879000,TXN-10076253UO,Successful
PAY0003253,INV0001572,STU000684,2022-08-30,Bank Transfer,62047000,TXN-26801947JQ,Successful
PAY0003254,INV0000412,STU001354,2021-08-30,Cash,16413000,TXN-52354289VN,Successful
PAY0003255,INV0000426,STU000116,2022-05-06,Bank Transfer,11709000,TXN-54553624ZJ,Successful
PAY0003256,INV0000442,STU000139,2024-02-29,Card,23608000,TXN-17127680OI,Successful
PAY0003257,INV0000478,STU000240,03/09/2025,Bank Transfer,13761000,TXN-43285864EG,Successful
PAY0003258,INV0002326,STU001119,2029-10-01,Cash,18068000,TXN-61798670JS,Successful
PAY0003259,INV0002774,STU000367,2024-11-02,Cash,7995000,TXN-38137892YX,Successful
PAY0003260,INV0002737,STU000604,2026-08-17,Bank Transfer,23648000,TXN-31796377PY,Successful
PAY0003261,INV0001449,STU000413,2027-04-27,Card,5258000,TXN-89339655ZQ,Successful
PAY0003262,INV0002595,STU000300,2025-04-12,Cash,9677000,TXN-69044672GH,Successful
PAY0003263,INV0000807,STU001259,2030-04-04,Card,7265000,TXN-30680259UV,Successful
PAY0003264,INV0002059,STU000374,2026-01-28,Bank Transfer,5733000,TXN-34810602SW,Successful
PAY0003265,INV0001650,STU000045,2027-11-12,E-Wallet,16010000,TXN-10685739CD,Successful
PAY0003266,INV0002373,STU000692,2027-01-15,Cash,15340000,TXN-40768154JB,Successful
PAY0003267,INV0002595,STU000300,2025-06-09,Bank Transfer,16274000,TXN-48608771BE,Successful
PAY0003268,INV0001576,STU001117,2024-08-31,E-Wallet,11915000,TXN-82842702TP,Successful
PAY0003269,INV0001963,STU001264,2026-09-10,Card,4531000,TXN-47132866YC,Successful
PAY0003270,INV0001682,STU000828,2027-07-26,Cash,5165000,TXN-47168424NQ,Successful
PAY0003271,INV0000055,STU000055,2026-03-09,Cash,24601000,TXN-87558431QG,Successful
PAY0003272,INV0002340,STU000070,2021-05-08,Cash,12856000,TXN-68783675QT,Successful
PAY0003273,INV0001283,STU000525,2024-11-23,Cash,3904000,TXN-63418790LD,Successful
PAY0003274,INV0001810,STU001422,2024-07-01,Bank Transfer,12207000,TXN-09335858SU,Successful
PAY0003275,INV0001792,STU000489,2025-12-17,E-Wallet,21581000,TXN-38769139ST,Successful
PAY0003276,INV0001331,STU000883,2028-04-09,Bank Transfer,21446000,TXN-07360327SI,Successful
PAY0003277,INV0001643,STU000169,,Bank Transfer,22229000,TXN-39127913MJ,Successful
PAY0003278,INV0000105,STU000748,2022-04-08,Cash,20077000,TXN-66489169NF,Successful
PAY0003279,INV0000454,STU000631,2020-11-02,Cash,8389000,TXN-22196529BD,Successful
PAY0003280,INV0001638,STU000130,2025-11-27,Bank Transfer,9211000,TXN-32631560MH,Successful
PAY0003281,INV0001235,STU000290,2024-10-08,E-Wallet,5606000,TXN-18246708RP,Successful
PAY0003282,INV0002866,STU001259,2028-08-26,E-Wallet,30932000,TXN-35475363PQ,Successful
PAY0003283,INV0002244,STU000495,2028-02-04,E-Wallet,2529000,TXN-23975418GW,Reversed
PAY0003284,INV0000177,STU000044,2022-11-02,Cash,5533000,TXN-51331260SM,Successful
PAY0003285,INV0002900,STU000605,2024-09-14,Bank Transfer,15974000,TXN-71234843HI,Successful
PAY0003286,INV0000953,STU000012,2023-02-02,Cash,22483000,TXN-32161767AA,Successful
PAY0003287,INV0002759,STU000753,2025-11-21,Bank Transfer,5144000,TXN-37132481EN,Successful
PAY0003288,INV0001886,STU000878,2028-01-12,Cash,26798000,TXN-75307739QI,Successful
PAY0003289,INV0002411,STU001258,2027-05-06,Card,17028000,TXN-02993066GZ,Failed
PAY0003290,INV0002276,STU000699,2023-07-17,Cash,17706000,TXN-88896011TE,Pending
PAY0003291,INV0001612,STU001248,2026-01-14,E-Wallet,27433000,TXN-35292120LP,Successful
PAY0003292,INV0001148,STU000374,2023-03-31,Bank Transfer,3547000,TXN-40383338YR,Successful
PAY0003293,INV0001724,STU001013,2027-09-29,Card,8266000,TXN-35579609VA,Successful
PAY0003294,INV0002655,STU001063,2027-04-22,E-Wallet,15464000,TXN-15999136WG,Failed
PAY0003295,INV0002858,STU001326,2025-02-20,Bank Transfer,8954000,TXN-56328253EJ,Successful
PAY0003296,INV0002861,STU000764,2025-03-03,Card,11664000,TXN-95865586BP,Successful
PAY0003297,INV0001355,STU000428,2025-09-10,E-Wallet,30459000,TXN-84028324GD,Failed
PAY0003298,INV0001303,STU000124,2021-12-18,Bank Transfer,10161000,TXN-58228697RI,Successful
PAY0003299,INV0000335,STU001162,2024-04-21,Bank Transfer,21282000,TXN-79094544IX,Failed
PAY0003300,INV0001322,STU000511,09/12/2024,Card,11084000,TXN-62513642EG,Successful
PAY0003301,INV0001828,STU000605,2024-04-01,Cash,12540000,TXN-34871162ZD,Successful
PAY0003302,INV0001641,STU000919,2023-04-14,Bank Transfer,5379000,TXN-55315164HN,Successful
PAY0003303,INV0002557,STU001357,2025-04-22,Cash,12139000,TXN-68798141CN,Successful
PAY0003304,INV0000281,STU001475,2026-03-25,E-Wallet,11279000,TXN-96811061SP,Successful
PAY0003305,INV0002959,STU000700,2028-07-28,Card,29615000,TXN-95519313OP,Failed
PAY0003306,INV0002105,STU001269,2025-08-04,Bank Transfer,5991000,TXN-94631598PR,Successful
PAY0003307,INV0000399,STU000591,2024-12-23,Card,5415000,TXN-21158410JL,Successful
PAY0003308,INV0000519,STU000129,2022-02-18,Cash,5615000,TXN-82223768KT,Successful
PAY0003309,INV0002557,STU001357,2025-05-14,Cash,9532000,TXN-36289019KF,Successful
PAY0003310,INV0001746,STU000514,2028-02-29,E-Wallet,24943000,TXN-11890058GS,Successful
PAY0003311,INV0001888,STU000413,2025-05-03,Cash,10447000,TXN-61997564TL,Successful
PAY0003312,INV0002747,STU000918,2026-07-11,Cash,18277000,TXN-75606207XF,Reversed
PAY0003313,INV0002621,STU001286,2024-03-30,E-Wallet,14058000,TXN-02574967LN,Successful
PAY0003314,INV0000141,STU000608,2023-07-07,Bank Transfer,26112000,TXN-72124378PQ,Successful
PAY0003315,INV0002380,STU001132,2029-10-04,E-Wallet,7927000,TXN-07810158ZV,Successful
PAY0003316,INV0000380,STU000077,2026-04-09,Card,13958000,TXN-68830889YG,Successful
PAY0003317,INV0001516,STU000655,2026-12-01,Cash,5631000,TXN-53964350KJ,Successful
PAY0003318,INV0000993,STU000746,2026-08-10,Card,9621000,TXN-41704650YK,Successful
PAY0003319,INV0001811,STU000712,2027-12-21,Cash,4647000,TXN-84204627YH,Successful
PAY0003320,INV0001588,STU001060,2024-09-02,E-Wallet,16166000,TXN-08962543VP,Successful
PAY0003321,INV0000650,STU001079,2025-02-23,Cash,16307000,TXN-44260708IY,Successful
PAY0003322,INV0001365,STU000199,2024-07-28,Cash,10552000,TXN-69302224NZ,Successful
PAY0003323,INV0001735,STU000346,2024-12-28,Bank Transfer,6863000,TXN-32489885FT,Successful
PAY0003324,INV0001279,STU000575,2024-07-30,Card,22972000,TXN-72728652NM,Successful
PAY0003325,INV0000403,STU000027,2025-05-05,Cash,20446000,TXN-81973799ML,Successful
PAY0003326,INV0002793,STU000808,,Cash,7860000,TXN-91893054XO,Successful
PAY0003327,INV0002738,STU000889,2030-07-01,Bank Transfer,16944000,TXN-09648446TO,Successful
PAY0003328,INV0002037,STU001367,2023-09-11,Card,15190000,TXN-98332259IN,Successful
PAY0003329,INV0000756,STU001213,2022-04-06,Card,18445000,TXN-26362876AX,Successful
PAY0003330,INV0001131,STU001244,2022-05-19,Cash,7818000,TXN-67250085OQ,Successful
PAY0003331,INV0000232,STU000070,2021-05-05,Bank Transfer,9729000,TXN-41779748UW,Successful
PAY0003332,INV0001653,STU000911,2029-09-14,Cash,4440000,TXN-14391344AU,Successful
PAY0003333,INV0001328,STU000141,2021-09-05,E-Wallet,1417000,TXN-71377951UW,Successful
PAY0003334,INV0000911,STU001446,2021-04-15,Cash,7567000,TXN-80416014EA,Successful
PAY0003335,INV0002462,STU000174,2026-01-25,Bank Transfer,20303000,TXN-31893757OT,Successful
PAY0003336,INV0001133,STU001091,2023-06-18,E-Wallet,13138000,TXN-49000112UW,Successful
PAY0003337,INV0001752,STU000414,2025-07-20,Bank Transfer,24975000,TXN-59740957US,Successful
PAY0003338,INV0002613,STU000695,2024-08-15,Bank Transfer,14854000,TXN-32482032BI,Successful
PAY0003339,INV0000127,STU001255,2025-02-03,E-Wallet,16018000,TXN-32910521OW,Successful
PAY0003340,INV0000443,STU000210,2024-09-15,Bank Transfer,14084000,TXN-41921908DB,Failed
PAY0003341,INV0002267,STU001192,2020-05-07,Bank Transfer,22920000,TXN-56696041TU,Successful
PAY0003342,INV0001609,STU000402,2023-10-27,Cash,11419000,TXN-75618817PR,Successful
PAY0003343,INV0002921,STU000076,2022-06-03,Bank Transfer,6174000,TXN-94299616SR,Successful
PAY0003344,INV0000635,STU000211,,E-Wallet,19393000,TXN-11827385ZO,Successful
PAY0003345,INV0001969,STU000406,2021-09-01,E-Wallet,9589000,TXN-94575311HQ,Successful
PAY0003346,INV0002801,STU001117,2023-04-28,E-Wallet,3135000,TXN-98544454GU,Successful
PAY0003347,INV0000829,STU001140,2025-11-06,E-Wallet,23527000,TXN-10565242XO,Successful
PAY0003348,INV0001885,STU000831,2024-12-10,Cash,28753000,TXN-42274367ZQ,Successful
PAY0003349,INV0002232,STU000569,2026-12-15,E-Wallet,14354000,TXN-48821070NX,Successful
PAY0003350,INV0002199,STU001213,2022-12-02,E-Wallet,7889000,TXN-81754719PA,Successful
PAY0003351,INV0002595,STU000300,2025-04-03,Bank Transfer,14518000,TXN-45128384HP,Successful
PAY0003352,INV0002807,STU001258,2025-01-30,Cash,9144000,TXN-57692584KY,Pending
PAY0003353,INV0001828,STU000605,2024-03-01,Cash,18203000,TXN-58145498NH,Successful
PAY0003354,INV0000860,STU001408,2021-10-02,E-Wallet,12191000,TXN-47231601VI,Successful
PAY0003355,INV0002974,STU000187,2026-03-18,Card,8632000,TXN-80812310SG,Successful
PAY0003356,INV0001012,STU000917,2021-04-24,Bank Transfer,19716000,TXN-62336377QF,Successful
PAY0003357,INV0001355,STU000428,2025-10-25,Card,29898000,TXN-13433755LR,Failed
PAY0003358,INV0002182,STU000313,21/05/2021,Bank Transfer,4903000,TXN-39390872KC,Successful
PAY0003359,INV0002698,STU001113,2022-03-26,E-Wallet,11817000,TXN-60800801JC,Successful
PAY0003360,INV0000096,STU000564,2025-07-21,Cash,8908000,TXN-95617400MP,Successful
PAY0003361,INV0002577,STU001040,23/09/2026,Bank Transfer,10702000,TXN-86814470SF,Successful
PAY0003362,INV0001686,STU000157,2028-10-05,Bank Transfer,23992000,TXN-23378159XY,Successful
PAY0003363,INV0000820,STU000882,2026-06-10,Cash,3709000,TXN-19974749VK,Successful
PAY0003364,INV0000180,STU000619,2029-04-29,E-Wallet,8926000,TXN-44209499PB,Successful
PAY0003365,INV0000264,STU001046,2023-10-03,Bank Transfer,14365000,TXN-44746264XJ,Successful
PAY0003366,INV0000838,STU000343,2020-08-21,E-Wallet,17019000,TXN-58906680SK,Successful
PAY0003367,INV0000001,STU001485,2022-03-06,Card,26409000,TXN-87668275WT,Successful
PAY0003368,INV0002234,STU000593,2021-11-13,Cash,8250000,TXN-77305647ZH,Successful
PAY0003369,INV0002420,STU001320,2025-02-02,Card,28939000,TXN-17124621MF,Successful
PAY0003370,INV0002416,STU001029,2025-12-16,Bank Transfer,13466000,TXN-95265779VB,Successful
PAY0003371,INV0000920,STU001203,2026-11-15,E-Wallet,5204000,TXN-52474490ZC,Successful
PAY0003372,INV0000248,STU000555,2022-08-03,E-Wallet,11589000,TXN-12763796TA,Successful
PAY0003373,INV0001966,STU001270,2027-11-29,Card,7449000,TXN-06661873SC,Pending
PAY0003374,INV0002576,STU000018,08/05/2024,E-Wallet,10972000,TXN-20757288ME,Successful
PAY0003375,INV0000137,STU000592,2024-12-19,E-Wallet,17464000,TXN-47883813NZ,Successful
PAY0003376,INV0001478,STU000461,2028-08-26,Card,9922000,TXN-04524457HL,Successful
PAY0003377,INV0001628,STU000208,2022-11-20,E-Wallet,17889000,TXN-10993903HC,Successful
PAY0003378,INV0001430,STU000860,2024-06-03,Bank Transfer,22318000,TXN-82770648TS,Pending
PAY0003379,INV0001015,STU000399,2029-07-18,Bank Transfer,15458000,TXN-94468636IT,Successful
PAY0003380,INV0002928,STU001438,2026-07-15,E-Wallet,14076000,TXN-47813597AM,Successful
PAY0003381,INV0001357,STU001285,2027-12-06,Bank Transfer,17887000,TXN-46034335PS,Successful
PAY0003382,INV0002868,STU000313,2025-09-28,E-Wallet,13549000,TXN-56103720FT,Successful
PAY0003383,INV0002893,STU000033,2027-09-19,Card,31271000,TXN-29053561EE,Successful
PAY0003384,INV0000997,STU001458,2021-01-29,E-Wallet,11837000,TXN-65970066SJ,Successful
PAY0003385,INV0000098,STU000951,2028-01-15,Cash,15668000,TXN-40358223ZB,Successful
PAY0003386,INV0001751,STU000136,2026-05-05,Card,13660000,TXN-78462088ZH,Successful
PAY0003387,INV0000344,STU000212,2026-08-17,Bank Transfer,14657000,TXN-70090069KR,Successful
PAY0003388,INV0000711,STU000796,2021-08-28,Bank Transfer,16050000,TXN-47669488ZE,Successful
PAY0003389,INV0001675,STU000803,2023-05-15,Card,10953000,TXN-75625795SJ,Successful
PAY0003390,INV0002228,STU000855,2021-01-29,E-Wallet,14398000,TXN-28388667IE,Reversed
PAY0003391,INV0000040,STU000193,2025-10-16,Bank Transfer,3512000,TXN-14847574HZ,Successful
PAY0003392,INV0000748,STU000074,2026-07-24,E-Wallet,4606000,TXN-87217661GN,Successful
PAY0003393,INV0001681,STU000153,2020-02-28,E-Wallet,17057000,TXN-63447360BL,Successful
PAY0003394,INV0000064,STU000260,2024-01-14,Bank Transfer,7870000,TXN-70271795HV,Successful
PAY0003395,INV0001372,STU000687,2023-11-13,E-Wallet,7973000,TXN-41162364YK,Successful
PAY0003396,INV0002372,STU000975,2027-12-08,Bank Transfer,16452000,TXN-48528066PI,Successful
PAY0003397,INV0002109,STU001427,04/09/2026,Card,13992000,TXN-51045864IX,Successful
PAY0003398,INV0002133,STU000124,2019-12-24,Cash,26243000,TXN-24339590DO,Failed
PAY0003399,INV0002371,STU001363,2026-09-22,Bank Transfer,21342000,TXN-20995138VT,Successful
PAY0003400,INV0002028,STU000755,2023-06-08,Card,19797000,TXN-94949059VS,Successful
PAY0003401,INV0002598,STU000631,2021-07-15,E-Wallet,6173000,TXN-87223235FX,Successful
PAY0003402,INV0000820,STU000882,2026-04-15,Cash,8417000,TXN-48102513HT,Successful
PAY0003403,INV0002935,STU001186,2023-04-19,Bank Transfer,6276000,TXN-76495343UZ,Pending
PAY0003404,INV0000336,STU000551,2023-08-13,Card,6255000,TXN-97305270SI,Successful
PAY0003405,INV0002108,STU000045,2025-09-15,Cash,1854000,TXN-79007782NS,Pending
PAY0003406,INV0001152,STU000398,2029-10-26,Card,6778000,TXN-27192707JH,Successful
PAY0003407,INV0002291,STU000714,2024-05-02,Cash,7011000,TXN-52146683VF,Successful
PAY0003408,INV0001480,STU001017,2026-02-06,Bank Transfer,7119000,TXN-03834940UD,Successful
PAY0003409,INV0000813,STU000672,2028-10-05,E-Wallet,4702000,TXN-89059744JN,Successful
PAY0003410,INV0000524,STU000416,2028-03-04,Card,77714000,TXN-66302112KD,Successful
PAY0003411,INV0001124,STU000628,2026-09-29,E-Wallet,7090000,TXN-22251642QT,Successful
PAY0003412,INV0000309,STU001350,2027-10-15,Bank Transfer,6826000,TXN-95690377QL,Successful
PAY0003413,INV0002078,STU001464,2028-01-13,Cash,19200000,TXN-01450257UO,Successful
PAY0003414,INV0000160,STU001488,2021-10-06,Cash,10451000,TXN-29758762LS,Successful
PAY0003415,INV0001822,STU000298,2024-05-23,Bank Transfer,4889000,TXN-88737828YL,Successful
PAY0003416,INV0001427,STU000707,2025-11-04,Cash,7451000,TXN-57217070HG,Successful
PAY0003417,INV0001459,STU000508,2025-06-20,E-Wallet,16406000,TXN-28751139TB,Successful
PAY0003418,INV0002283,STU001339,2026-04-25,Bank Transfer,13827000,TXN-46052308FX,Successful
PAY0003419,INV0001989,STU000818,2029-11-19,Bank Transfer,14590000,TXN-90914165PU,Successful
PAY0003420,INV0001926,STU001034,2026-04-30,Card,9825000,TXN-51119162DZ,Successful
PAY0003421,INV0001462,STU000794,2025-04-01,Cash,9221000,TXN-46576734DW,Successful
PAY0003422,INV0000555,STU000715,2024-05-17,Card,16316000,TXN-22880145VD,Successful
PAY0003423,INV0002533,STU000056,2029-07-21,Cash,3118000,TXN-91364452QN,Successful
PAY0003424,INV0000410,STU000995,2029-06-28,Card,14861000,TXN-10776672FT,Successful
PAY0003425,INV0002313,STU001049,2024-04-07,Bank Transfer,18725000,TXN-15738408IS,Successful
PAY0003426,INV0000258,STU000711,2025-12-05,E-Wallet,6172000,TXN-22979355PH,Successful
PAY0003427,INV0002007,STU000764,,Card,8989000,TXN-30103113AL,Successful
PAY0003428,INV0000404,STU000615,2026-04-22,Bank Transfer,6467000,TXN-35187491FG,Successful
PAY0003429,INV0001389,STU000502,2023-12-06,E-Wallet,5439000,TXN-92519187OI,Successful
PAY0003430,INV0002072,STU001244,2021-02-12,Card,14951000,TXN-04802145UI,Successful
PAY0003431,INV0001047,STU000087,2029-06-07,Cash,10976000,TXN-55801111XK,Successful
PAY0003432,INV0002628,STU001315,2027-01-10,Cash,30849000,TXN-71362864GD,Successful
PAY0003433,INV0000128,STU001455,2026-07-17,Bank Transfer,10200000,TXN-29962923XT,Successful
PAY0003434,INV0002555,STU000238,2025-12-01,Card,14347000,TXN-50390613GV,Failed
PAY0003435,INV0001327,STU000141,2022-04-01,Card,10013000,TXN-60157646WU,Successful
PAY0003436,INV0002166,STU000335,2024-11-07,Card,16766000,TXN-09862723WD,Successful
PAY0003437,INV0001553,STU000944,2024-01-23,Cash,24485000,TXN-25462084FB,Successful
PAY0003438,INV0002642,STU000667,2021-05-26,Card,16319000,TXN-24378670XF,Successful
PAY0003439,INV0001270,STU000177,2024-05-13,E-Wallet,5406000,TXN-45908887BQ,Successful
PAY0003440,INV0001186,STU001036,2023-11-11,Cash,6813000,TXN-02026160IN,Failed
PAY0003441,INV0002328,STU001376,2029-02-05,Cash,9508000,TXN-33454394MS,Successful
PAY0003442,INV0000242,STU000821,2025-05-02,Bank Transfer,19718000,TXN-18829536CL,Successful
PAY0003443,INV0000601,STU000608,2024-11-02,Card,8343000,TXN-63594947YJ,Successful
PAY0003444,INV0001548,STU001453,2024-03-15,E-Wallet,4776000,TXN-05067831WN,Successful
PAY0003445,INV0000760,STU000482,2021-01-05,Cash,22156000,TXN-71891436RF,Successful
PAY0003446,INV0000427,STU000557,2026-04-24,Bank Transfer,17436000,TXN-05414928QO,Successful
PAY0003447,INV0001823,STU000516,2020-07-08,Card,8859000,TXN-64531459NN,Successful
PAY0003448,INV0001171,STU000386,,Card,14402000,TXN-83098177GL,Successful
PAY0003449,INV0001668,STU001463,2022-08-24,Cash,22997000,TXN-73523290FX,Successful
PAY0003450,INV0000871,STU001133,2025-10-17,Bank Transfer,18050000,TXN-72970531RP,Successful
PAY0003451,INV0002518,STU000404,2028-10-10,Bank Transfer,7408000,TXN-64252224ZI,Successful
PAY0003452,INV0000832,STU000507,2023-06-21,E-Wallet,20344000,TXN-89918493AB,Successful
PAY0003453,INV0000325,STU000802,2025-08-30,Bank Transfer,10245000,TXN-94703892ZA,Successful
PAY0003454,INV0000638,STU000443,2028-09-26,Bank Transfer,12830000,TXN-46991899RT,Successful
PAY0003455,INV0001128,STU000738,2025-06-18,Bank Transfer,9274000,TXN-05852055RZ,Successful
PAY0003456,INV0000362,STU000268,2025-12-29,Bank Transfer,5123000,TXN-76929538DZ,Successful
PAY0003457,INV0001937,STU000589,2029-01-18,Card,4727000,TXN-39622941ZG,Successful
PAY0003458,INV0001116,STU000242,2025-07-24,Card,9952000,TXN-42377823IP,Successful
PAY0003459,INV0001263,STU000600,2024-05-18,Card,29939000,TXN-21578825QC,Successful
PAY0003460,INV0001517,STU000021,2022-11-22,Bank Transfer,5400000,TXN-26288699KM,Successful
PAY0003461,INV0000317,STU000765,,Card,7353000,TXN-03138268MY,Successful
PAY0003462,INV0002549,STU000117,2026-10-09,Cash,9160000,TXN-15476946KS,Successful
PAY0003463,INV0002184,STU000994,2026-12-10,Bank Transfer,6661000,TXN-10108952DJ,Successful
PAY0003464,INV0001998,STU000195,2025-12-22,Cash,4799000,TXN-54658681EY,Successful
PAY0003465,INV0000048,STU001463,2021-04-13,Cash,8703000,TXN-46330240QN,Successful
PAY0003466,INV0002548,STU000968,2027-10-01,Card,4886000,TXN-13733982NA,Successful
PAY0003467,INV0001115,STU000459,2030-03-01,Card,8556000,TXN-43687300PJ,Successful
PAY0003468,INV0002005,STU000330,2022-03-31,Cash,18016000,TXN-04344632FQ,Successful
PAY0003469,INV0000212,STU000044,2022-10-27,E-Wallet,8013000,TXN-62673389WE,Failed
PAY0003470,INV0002810,STU000238,2023-07-05,Card,28442000,TXN-90395574CG,Successful
PAY0003471,INV0000608,STU001266,2024-07-08,Bank Transfer,12428000,TXN-06555696VB,Successful
PAY0003472,INV0000755,STU000678,2021-11-15,Card,19639000,TXN-44212303CO,Successful
PAY0003473,INV0000917,STU001312,2028-02-27,Cash,24086000,TXN-07088053JF,Successful
PAY0003474,INV0002834,STU000775,2024-03-05,Bank Transfer,12937000,TXN-11921470ZZ,Failed
PAY0003475,INV0002024,STU001418,2026-07-28,E-Wallet,11562000,TXN-63319776FQ,Successful
PAY0003476,INV0001375,STU000268,2024-06-02,Card,4678000,TXN-71035312PL,Successful
PAY0003477,INV0001038,STU000369,2030-03-14,Bank Transfer,4903000,TXN-41550615HO,Successful
PAY0003478,INV0000987,STU000405,2026-08-11,E-Wallet,12331000,TXN-84860824VH,Successful
PAY0003479,INV0002639,STU000020,2027-05-10,E-Wallet,5544000,TXN-42156717GX,Successful
PAY0003480,INV0000132,STU000420,2024-01-23,Bank Transfer,8562000,TXN-08599011AG,Successful
PAY0003481,INV0001372,STU000687,2023-12-12,Card,5508000,TXN-41745139PX,Successful
PAY0003482,INV0002157,STU001049,2021-04-11,Bank Transfer,5116000,TXN-88793927GM,Successful
PAY0003483,INV0000900,STU001152,2022-07-02,E-Wallet,11910000,TXN-44474255QP,Successful
PAY0003484,INV0001269,STU000842,2021-04-07,E-Wallet,8965000,TXN-03511145PC,Pending
PAY0003485,INV0001729,STU001441,2026-01-23,Card,26784000,TXN-56696765EV,Successful
PAY0003486,INV0000396,STU001365,2026-01-21,Cash,60908000,TXN-88756696AX,Successful
PAY0003487,INV0000943,STU000372,2028-12-25,E-Wallet,6755000,TXN-79889382VR,Successful
PAY0003488,INV0001548,STU001453,2024-04-18,Bank Transfer,7950000,TXN-27692952KX,Successful
PAY0003489,INV0001215,STU001176,2026-06-14,Cash,5704000,TXN-38536151ET,Successful
PAY0003490,INV0002558,STU000683,2025-09-13,Cash,4433000,TXN-00864327VG,Failed
PAY0003491,INV0000119,STU000283,25/05/2026,E-Wallet,14940000,TXN-48141882QD,Successful
PAY0003492,INV0000465,STU001106,2025-01-01,Cash,7364000,TXN-00994331SV,Successful
PAY0003493,INV0000016,STU001323,2027-11-14,Card,18428000,TXN-16007166WG,Pending
PAY0003494,INV0001201,STU000548,2027-08-25,Cash,13544000,TXN-62236052CP,Successful
PAY0003495,INV0001230,STU000788,2026-06-04,E-Wallet,16902000,TXN-28993033WD,Successful
PAY0003496,INV0000184,STU001415,2025-08-06,Card,7242000,TXN-80869229JP,Successful
PAY0003497,INV0002134,STU000844,,Bank Transfer,9393000,TXN-07898030NO,Successful
PAY0003498,INV0002034,STU000395,2023-07-11,E-Wallet,21725000,TXN-22248046GH,Failed
PAY0003499,INV0001568,STU001223,2025-05-25,E-Wallet,9219000,TXN-36841781QQ,Successful
PAY0003500,INV0000234,STU001217,2024-06-01,Cash,12101000,TXN-04155579QU,Failed
