Invoice_ID,Student_ID,Semester,Academic_Year,Invoice_Date,Due_Date,Tuition_Fee,Scholarship_Amount,Late_Fee,Total_Amount,Invoice_Status
INV0000001,STU001485,HK1,2022-2023,2022-01-28,2022-02-28,34316000,3432000,0,30884000,Partially Paid
INV0000002,STU001004,HK2,2027-2028,2027-04-10,2027-05-26,15416000,0,0,15416000,Partially Paid
INV0000003,STU001437,HK Hè,2022-2023,2022-12-31,2023-02-07,28890000,0,634000,29524000,Issued
INV0000004,STU001018,HK1,2026-2027,2026-04-06,2026-05-22,12588000,0,0,12588000,Overdue
INV0000005,STU001308,HK2,2026-2027,2026-08-06,2026-09-16,8443000,0,0,8443000,Issued
INV0000006,STU000644,HK Hè,2027-2028,2027-09-21,2027-11-03,16428000,0,0,16428000,Overdue
INV0000007,STU001430,HK2,2025-2026,2025-03-04,2025-04-16,13598000,0,1309000,14907000,Issued
INV0000008,STU000476,HK Hè,2020-2021,2020-11-25,2021-01-22,13070000,0,1199000,14269000,Overdue
INV0000009,STU001081,HK2,2025-2026,2025-11-02,2025-12-17,8707000,0,0,8707000,Partially Paid
INV0000010,STU000117,HK2,2025-2026,2025-07-03,2025-08-26,27931000,0,0,27931000,Issued
INV0000011,STU000583,HK2,2029-2030,2029-04-04,2029-05-24,31311000,7828000,1308000,24791000,Paid
INV0000012,STU000976,HK Hè,2029-2030,2029-09-25,2029-11-14,27673000,0,1309000,28982000,Overdue
INV0000013,STU000279,HK Hè,2023-2024,2023-08-15,2023-09-08,12293000,0,0,12293000,Partially Paid
INV0000014,STU000081,HK1,2026-2027,2026-01-20,2026-03-19,30161000,7540000,0,22621000,Partially Paid
INV0000015,STU000425,HK Hè,2021-2022,2021-02-06,2021-03-25,16496000,0,0,16496000,Paid
INV0000016,STU001323,HK2,2027-2028,2027-09-09,2027-10-20,34901000,8725000,431000,26607000,Issued
INV0000017,STU000663,HK1,2024-2025,2024-12-19,2025-01-18,9340000,934000,1249000,9655000,Partially Paid
INV0000018,STU001427,HK Hè,2025-2026,2025-03-22,2025-04-22,33919000,0,0,33919000,Overdue
INV0000019,STU000544,HK1,2029-2030,2029-01-07,2029-02-23,22253000,0,0,22253000,Overdue
INV0000020,STU001126,HK Hè,2020-2021,2020-08-12,2020-09-19,13924000,6962000,0,6962000,Partially Paid
INV0000021,STU000949,HK2,2023-2024,2023-11-19,2023-12-11,31543000,3154000,978000,29367000,Issued
INV0000022,STU000277,HK Hè,2025-2026,2025-12-02,2025-12-27,10902000,1090000,0,9812000,Paid
INV0000023,STU001027,HK Hè,2023-2024,2023-05-19,2023-07-11,23291000,11646000,0,11645000,Overdue
INV0000024,STU001444,HK1,2021-2022,2021-12-08,2022-02-05,28087000,0,0,28087000,Partially Paid
INV0000025,STU000813,HK1,2024-2025,2024-06-21,2024-08-11,11971000,0,0,12627000,Issued
INV0000026,STU000942,HK Hè,2020-2021,2020-10-09,2020-11-04,28334000,14167000,1123000,15290000,Issued
INV0000027,STU000231,HK Hè,2026-2027,2026-06-29,2026-07-31,33781000,0,0,33781000,Issued
INV0000028,STU001432,HK1,2023-2024,2023-01-19,2023-03-13,27196000,2720000,0,24476000,Partially Paid
INV0000029,STU000037,HK2,2025-2026,2025-08-09,2025-10-04,27970000,0,968000,28938000,Paid
INV0000030,STU000337,HK1,2023-2024,2023-07-08,2023-08-11,10332000,2583000,638000,8387000,Partially Paid
INV0000031,STU000130,HK2,2027-2028,2027-03-30,2027-04-30,32331000,0,0,32331000,Issued
INV0000032,STU000589,HK1,2027-2028,2027-09-07,24/10/2027,25970000,6492000,656000,20134000,Overdue
INV0000033,STU000912,HK2,2026-2027,2026-01-22,2026-02-16,11646000,2912000,0,8734000,Paid
INV0000034,STU000239,HK2,2025-2026,2025-11-15,2025-12-21,28644000,2864000,370000,26150000,Partially Paid
INV0000035,STU000327,HK2,2028-2029,2028-11-29,2028-12-29,18210000,9105000,0,9105000,Paid
INV0000036,STU001120,HK2,2025-2026,2025-08-27,2025-10-04,17439000,0,0,17439000,Paid
INV0000037,STU000037,HK Hè,2022-2023,2022-07-15,2022-09-08,10365000,5182000,0,5183000,Paid
INV0000038,STU000289,HK1,2026-2027,2026-09-27,2026-10-18,16574000,4144000,0,12430000,Issued
INV0000039,STU001460,HK Hè,2023-2024,2023-07-05,2023-08-20,16545000,0,0,16545000,Issued
INV0000040,STU000193,HK2,2025-2026,2025-10-16,2025-12-10,9726000,0,0,9726000,Partially Paid
INV0000041,STU000977,HK Hè,2024-2025,2024-06-26,2024-08-11,8460000,0,0,8460000,Partially Paid
INV0000042,STU001370,HK1,2025-2026,2025-02-12,12/03/2025,28760000,2876000,1170000,27054000,Overdue
INV0000043,STU001343,HK1,2028-2029,2028-01-29,2028-03-09,11970000,5985000,0,5985000,Overdue
INV0000044,STU000532,HK1,2025-2026,2025-05-26,2025-07-02,10541000,1054000,0,9487000,Issued
INV0000045,STU001091,HK Hè,2021-2022,2021-11-21,2022-01-04,27418000,0,0,27418000,Paid
INV0000046,STU001451,HK Hè,2022-2023,2022-01-28,2022-03-01,29923000,2992000,0,26931000,Issued
INV0000047,STU000515,HK1,2024-2025,2024-11-08,2024-12-30,11948000,2987000,0,8961000,Paid
INV0000048,STU001463,HK2,2021-2022,2021-05-20,2021-06-27,26329000,0,0,26329000,Issued
INV0000049,STU000381,HK1,2024-2025,2024-11-02,2024-12-09,33814000,16907000,0,16907000,Overdue
INV0000050,STU000762,HK Hè,2025-2026,2025-04-03,2025-05-09,29956000,0,0,29956000,Overdue
INV0000051,STU000869,HK Hè,2026-2027,2026-09-19,2026-11-05,23580000,5895000,1371000,19056000,Overdue
INV0000052,STU001411,HK Hè,2024-2025,2024-03-18,2024-05-10,17692000,0,0,17692000,Partially Paid
INV0000053,STU000851,HK2,2023-2024,2023-09-30,2023-11-12,31027000,15514000,0,15513000,Overdue
INV0000054,STU000640,HK Hè,2025-2026,2025-09-23,2025-10-28,27810000,0,0,28665000,Issued
INV0000055,STU000055,HK2,2026-2027,2026-02-19,2026-04-06,27986000,0,1422000,29408000,Overdue
INV0000056,STU001438,HK2,2024-2025,2024-09-03,2024-09-29,11234000,1123000,0,10111000,Issued
INV0000057,STU000393,HK1,2026-2027,2026-12-06,2027-01-13,26890000,0,1397000,28287000,Issued
INV0000058,STU001445,HK Hè,2023-2024,2023-03-14,23/04/2023,8731000,2183000,0,6548000,Issued
INV0000059,STU001170,HK1,2021-2022,2021-08-17,2021-09-23,28837000,7209000,0,21628000,Overdue
INV0000060,STU001205,HK2,2026-2027,2026-01-30,2026-03-24,14462000,0,0,14462000,Issued
INV0000061,STU001356,HK Hè,2025-2026,2025-10-16,2025-11-10,20684000,10342000,0,10342000,Partially Paid
INV0000062,STU000178,HK1,2025-2026,2025-01-02,2025-02-09,26236000,6559000,0,19677000,Paid
INV0000063,STU001283,HK2,2027-2028,2027-05-04,2027-06-29,10317000,5158000,0,5159000,Overdue
INV0000064,STU000260,HK2,2023-2024,2023-12-10,2024-01-21,10968000,0,0,10968000,Partially Paid
INV0000065,STU000128,HK2,2024-2025,2024-10-03,2024-11-18,17198000,4300000,0,12898000,Partially Paid
INV0000066,STU000928,HK Hè,2024-2025,2024-06-03,2024-07-29,15130000,3782000,0,11348000,Partially Paid
INV0000067,STU000755,HK Hè,2026-2027,2026-07-10,2026-07-30,30460000,15230000,675000,15905000,Partially Paid
INV0000068,STU000856,HK1,2023-2024,2023-04-13,2023-05-05,22989000,11494000,0,11495000,Overdue
INV0000069,STU000664,HK1,2028-2029,2028-06-24,2028-08-05,12633000,3158000,0,9475000,Overdue
INV0000070,STU001310,HK Hè,2026-2027,2026-01-22,2026-03-01,25299000,0,304000,25603000,Partially Paid
INV0000071,STU000327,HK1,2025-2026,2025-02-03,2025-04-03,9450000,0,0,9450000,Partially Paid
INV0000072,STU001025,HK1,2024-2025,2024-06-19,2024-07-28,21962000,2196000,0,19766000,Partially Paid
INV0000073,STU001310,HK1,2025-2026,2025-05-27,2025-07-15,32056000,3206000,417000,29267000,Issued
INV0000074,STU000220,HK Hè,2022-2023,2022-07-18,2022-08-27,28305000,7076000,0,21229000,Partially Paid
INV0000075,STU000742,HK1,2022-2023,2022-05-20,2022-07-14,23447000,0,0,23447000,Partially Paid
INV0000076,STU000950,HK2,2023-2024,2023-06-16,2023-07-13,21634000,0,0,21634000,Issued
INV0000077,STU000952,HK1,2024-2025,2024-08-11,2024-09-12,30509000,0,0,30509000,Issued
INV0000078,STU000807,HK Hè,2025-2026,2025-07-28,2025-09-21,24362000,6090000,1014000,19286000,Partially Paid
INV0000079,STU000723,HK2,2023-2024,2023-02-26,2023-03-18,13168000,3292000,0,9876000,Overdue
INV0000080,STU001404,HK1,2027-2028,2027-10-10,2027-12-07,17757000,4439000,1190000,14508000,Issued
INV0000081,STU000793,HK2,2027-2028,2027-06-26,2027-07-17,25428000,2543000,0,22885000,Overdue
INV0000082,STU000352,HK1,2028-2029,2028-06-06,2028-07-01,32771000,0,324000,33095000,Paid
INV0000083,STU000028,HK2,2023-2024,2023-11-10,2023-12-12,21785000,5446000,0,16339000,Issued
INV0000084,STU000842,HK1,2024-2025,2024-02-20,2024-04-03,17385000,4346000,0,13039000,Partially Paid
INV0000085,STU000190,HK1,2026-2027,15/02/2026,2026-04-07,22413000,2241000,0,20172000,Overdue
INV0000086,STU001063,HK Hè,2026-2027,2026-06-03,05/07/2026,20500000,0,0,20500000,Overdue
INV0000087,STU000791,HK Hè,2027-2028,2027-02-17,2027-04-03,26904000,13452000,0,13452000,Issued
INV0000088,STU000456,HK1,2024-2025,2024-11-08,2024-12-10,34135000,8534000,0,25601000,Issued
INV0000089,STU001218,HK1,2020-2021,2020-08-18,2020-09-25,24304000,0,0,24304000,Issued
INV0000090,STU001314,HK1,2022-2023,2022-07-14,2022-08-23,32184000,0,0,32184000,Paid
INV0000091,STU000801,HK2,2022-2023,2022-10-07,2022-12-03,18521000,9260000,0,9261000,Paid
INV0000092,STU000109,HK2,2023-2024,2023-08-18,2023-09-12,33937000,8484000,0,25453000,Paid
INV0000093,STU000570,HK Hè,2027-2028,2027-02-02,2027-03-21,33103000,3310000,0,31964000,Partially Paid
INV0000094,STU000861,HK Hè,2027-2028,2027-01-25,2027-03-05,30830000,3083000,0,27747000,Issued
INV0000095,STU000060,HK1,2023-2024,2023-05-06,2023-06-23,17021000,8510000,0,8511000,Issued
INV0000096,STU000564,HK1,2025-2026,2025-04-15,2025-06-09,14399000,3600000,0,10799000,Issued
INV0000097,STU000120,HK2,2027-2028,2027-11-03,2027-12-23,13403000,0,0,13403000,Paid
INV0000098,STU000951,HK Hè,2028-2029,2028-01-25,2028-02-26,26465000,0,0,26465000,Overdue
INV0000099,STU001485,HK Hè,2023-2024,2023-10-20,2023-11-17,15466000,0,0,15466000,Partially Paid
INV0000100,STU001408,HK1,2021-2022,2021-03-09,2021-05-05,17200000,0,0,17200000,Issued
INV0000101,STU000353,HK2,2019-2020,2019-08-14,2019-09-22,20581000,2058000,0,18523000,Paid
INV0000102,STU000691,HK1,2025-2026,2025-07-12,2025-08-22,17627000,0,908000,18535000,Overdue
INV0000103,STU000558,HK2,2026-2027,2026-05-05,2026-06-17,20401000,10200000,0,10201000,Issued
INV0000104,STU000047,HK1,2024-2025,2024-12-24,2025-01-30,20895000,0,0,20895000,Paid
INV0000105,STU000748,HK2,2022-2023,2022-03-21,2022-04-20,25026000,0,0,25026000,Issued
INV0000106,STU000801,HK Hè,2024-2025,2024-02-07,2024-03-25,17859000,4465000,0,13394000,Overdue
INV0000107,STU001063,HK2,2027-2028,2027-05-27,2027-06-19,34912000,8728000,0,26184000,Issued
INV0000108,STU000632,HK Hè,2025-2026,2025-05-15,2025-06-15,25280000,0,0,25280000,Issued
INV0000109,STU000379,HK1,2023-2024,2023-01-21,2023-03-10,11778000,0,1451000,14380000,Overdue
INV0000110,STU000325,HK1,2020-2021,2020-03-20,2020-04-28,16453000,0,1259000,17712000,Overdue
INV0000111,STU000349,HK2,2026-2027,2026-07-13,2026-09-07,12533000,0,1224000,13757000,Overdue
INV0000112,STU000301,HK1,2024-2025,2024-04-26,2024-06-07,18977000,9488000,0,9489000,Partially Paid
INV0000113,STU000684,HK1,2020-2021,2020-09-10,2020-10-10,12174000,1217000,0,10957000,Partially Paid
INV0000114,STU001173,HK Hè,2025-2026,2025-05-26,2025-07-22,17094000,0,898000,21539000,Partially Paid
INV0000115,STU000400,HK1,2025-2026,2025-08-30,2025-10-06,24942000,0,0,24942000,Paid
INV0000116,STU001337,HK2,2022-2023,2022-03-14,2022-04-08,19597000,1960000,1209000,18846000,Partially Paid
INV0000117,STU000817,HK Hè,2026-2027,2026-08-29,2026-10-12,32847000,0,0,32847000,Paid
INV0000118,STU001490,HK2,2023-2024,2023-09-06,2023-10-29,33237000,8309000,0,24928000,Overdue
INV0000119,STU000283,HK2,2026-2027,2026-03-19,2026-04-17,24508000,0,1470000,25978000,Overdue
INV0000120,STU000144,HK2,2020-2021,25/12/2020,2021-02-21,11990000,5995000,0,5995000,Overdue
INV0000121,STU001297,HK2,2024-2025,2024-01-13,2024-02-19,14330000,7165000,610000,7775000,Overdue
INV0000122,STU001481,HK1,2026-2027,2026-04-15,2026-05-19,30462000,0,0,30462000,Paid
INV0000123,STU000818,HK1,2027-2028,2027-11-25,2027-12-16,31801000,15900000,0,15901000,Overdue
INV0000124,STU000561,HK2,2024-2025,2024-09-04,04/10/2024,30898000,0,0,30898000,Issued
INV0000125,STU001329,HK2,2024-2025,2024-02-11,2024-04-08,20757000,2076000,0,18681000,Overdue
INV0000126,STU001177,HK1,2027-2028,2027-04-15,2027-05-22,29617000,0,0,29617000,Issued
INV0000127,STU001255,HK1,2024-2025,2024-11-19,2024-12-22,23105000,0,0,23105000,Paid
INV0000128,STU001455,HK1,2026-2027,2026-06-07,2026-07-15,24123000,12062000,0,12061000,Paid
INV0000129,STU001390,HK1,2024-2025,2024-12-07,2025-01-29,34638000,0,0,34638000,Issued
INV0000130,STU000909,HK Hè,2026-2027,2026-05-13,2026-06-21,10540000,2635000,0,7905000,Paid
INV0000131,STU000406,HK1,2021-2022,2021-06-16,2021-07-22,14854000,0,0,14854000,Overdue
INV0000132,STU000420,HK2,2023-2024,2023-11-25,2024-01-07,10498000,0,0,10498000,Issued
INV0000133,STU001087,HK Hè,2023-2024,2023-08-18,2023-10-09,29226000,2923000,943000,27246000,Paid
INV0000134,STU000676,HK2,2025-2026,2025-01-31,2025-03-30,14356000,7178000,0,7178000,Overdue
INV0000135,STU001018,HK2,2026-2027,2026-10-17,2026-11-25,19523000,9762000,0,9761000,Issued
INV0000136,STU000708,HK2,2023-2024,2023-03-06,2023-04-16,15902000,0,765000,16667000,Issued
INV0000137,STU000592,HK Hè,2024-2025,2024-11-15,2024-12-16,24992000,0,0,24992000,Paid
INV0000138,STU000852,HK Hè,2025-2026,2025-08-14,2025-09-15,28365000,2836000,0,25529000,Issued
INV0000139,STU000810,HK1,2024-2025,2024-01-16,2024-02-05,15397000,0,0,15397000,Partially Paid
INV0000140,STU000772,HK Hè,2026-2027,2026-08-15,2026-09-27,17180000,0,0,17180000,Issued
INV0000141,STU000608,HK1,2023-2024,2023-05-30,2023-07-06,29443000,0,649000,30092000,Partially Paid
INV0000142,STU000851,HK2,2022-2023,2022-02-02,2022-03-28,34717000,0,0,34717000,Overdue
INV0000143,STU000761,HK Hè,2020-2021,2020-11-29,2020-12-21,28389000,7097000,0,21292000,Paid
INV0000144,STU000884,HK Hè,2024-2025,2024-01-01,2024-02-14,18930000,9465000,0,9465000,Partially Paid
INV0000145,STU001254,HK Hè,2021-2022,2021-06-11,2021-07-23,11679000,0,0,11679000,Paid
INV0000146,STU000840,HK Hè,2024-2025,2024-03-06,2024-04-30,12877000,0,1486000,14363000,Paid
INV0000147,STU000237,HK1,2025-2026,2025-03-09,2025-04-13,8840000,4420000,0,4420000,Partially Paid
INV0000148,STU000858,HK1,2023-2024,2023-08-12,2023-09-21,25265000,12632000,0,12633000,Issued
INV0000149,STU001182,HK Hè,2028-2029,2028-02-12,2028-03-13,16215000,0,0,16215000,Partially Paid
INV0000150,STU001126,HK Hè,2022-2023,2022-11-30,2023-01-28,10933000,0,0,10933000,Partially Paid
INV0000151,STU001437,HK1,2023-2024,2023-01-11,2023-02-18,24749000,0,0,24749000,Paid
INV0000152,STU000753,HK Hè,2025-2026,2025-12-09,2026-01-18,11934000,1193000,0,10741000,Overdue
INV0000153,STU000692,HK2,2024-2025,2024-01-12,2024-03-04,17274000,8637000,0,8637000,Partially Paid
INV0000154,STU001194,HK2,2023-2024,2023-01-18,2023-03-18,13522000,0,0,13522000,Overdue
INV0000155,STU001328,HK1,2023-2024,2023-03-11,2023-04-09,22279000,0,1021000,23300000,Overdue
INV0000156,STU000791,HK Hè,2024-2025,2024-07-29,2024-09-23,25593000,6398000,0,19195000,Overdue
INV0000157,STU000955,HK1,2027-2028,2027-09-05,2027-10-02,28200000,0,0,28200000,Partially Paid
INV0000158,STU000010,HK2,2028-2029,2028-07-04,2028-09-01,30826000,3083000,0,27743000,Issued
INV0000159,STU000873,HK2,2025-2026,2025-04-22,2025-05-31,18726000,9363000,0,9363000,Partially Paid
INV0000160,STU001488,HK1,2021-2022,2021-09-24,2021-10-16,30804000,0,577000,31381000,Partially Paid
INV0000161,STU001033,HK Hè,2021-2022,2021-11-06,2021-12-03,12125000,0,1498000,13623000,Partially Paid
INV0000162,STU000023,HK1,2026-2027,2026-09-09,2026-10-23,14208000,0,0,14208000,Paid
INV0000163,STU000584,HK Hè,2024-2025,2024-07-04,2024-08-06,9484000,0,0,9484000,Issued
INV0000164,STU001067,HK2,2024-2025,2024-04-19,2024-05-24,8397000,2099000,0,6298000,Overdue
INV0000165,STU000474,HK1,2020-2021,2020-08-20,2020-10-02,31773000,15886000,0,15887000,Issued
INV0000166,STU001228,HK Hè,2022-2023,2022-07-09,2022-08-21,14605000,7302000,1428000,8731000,Issued
INV0000167,STU000143,HK Hè,2025-2026,2025-09-15,2025-11-14,9695000,4848000,0,4847000,Issued
INV0000168,STU000379,HK1,2023-2024,2023-05-28,2023-07-24,29162000,14581000,0,14581000,Overdue
INV0000169,STU001295,HK1,2026-2027,2026-05-23,2026-06-24,8079000,2020000,0,6059000,Overdue
INV0000170,STU000911,HK Hè,2029-2030,2029-08-20,2029-10-19,29159000,0,0,29159000,Overdue
INV0000171,STU000558,HK2,2023-2024,2023-09-16,2023-10-12,32949000,0,0,32949000,Paid
INV0000172,STU000428,HK Hè,2027-2028,2027-07-10,2027-08-05,13900000,0,0,13900000,Issued
INV0000173,STU000542,HK2,2023-2024,2023-05-08,2023-06-08,18453000,0,135000,18588000,Paid
INV0000174,STU001415,HK2,2026-2027,2026-11-24,2027-01-03,11187000,0,1399000,12586000,Issued
INV0000175,STU001225,HK Hè,2025-2026,2025-09-09,2025-10-29,30308000,0,144000,30452000,Overdue
INV0000176,STU001159,HK2,2025-2026,2025-11-21,2025-12-25,34435000,3444000,911000,31902000,Paid
INV0000177,STU000044,HK Hè,2022-2023,2022-10-11,2022-11-03,15717000,0,0,15717000,Issued
INV0000178,STU000090,HK Hè,2028-2029,2028-12-17,2029-01-17,15990000,0,1221000,17211000,Paid
INV0000179,STU000643,HK2,2027-2028,2027-08-05,2027-08-29,19027000,0,716000,19743000,Paid
INV0000180,STU000619,HK1,2029-2030,2029-02-10,2029-03-10,21100000,0,1307000,22407000,Paid
INV0000181,STU000897,HK1,2024-2025,2024-01-06,2024-02-28,30082000,7520000,0,22562000,Paid
INV0000182,STU001036,HK2,2026-2027,2026-02-04,2026-03-30,16159000,0,1392000,17551000,Paid
INV0000183,STU001212,HK Hè,2024-2025,2024-08-09,2024-09-16,23749000,0,0,23749000,Paid
INV0000184,STU001415,HK1,2025-2026,2025-06-23,2025-08-04,12721000,1272000,0,11449000,Issued
INV0000185,STU001423,HK1,2022-2023,2022-04-14,2022-05-21,18952000,0,0,18952000,Partially Paid
INV0000186,STU000197,HK Hè,2025-2026,2025-06-15,2025-07-22,14521000,7260000,0,7261000,Issued
INV0000187,STU001169,HK1,2027-2028,2027-02-11,2027-03-09,26701000,0,0,26701000,Overdue
INV0000188,STU001182,HK Hè,2026-2027,2026-10-28,2026-12-15,25772000,0,1009000,26781000,Overdue
INV0000189,STU001357,HK1,2023-2024,2023-06-26,05/08/2023,13520000,6760000,0,6760000,Partially Paid
INV0000190,STU000297,HK1,2022-2023,22/05/2022,2022-07-12,19524000,0,1477000,21001000,Overdue
INV0000191,STU000931,HK2,2025-2026,2025-05-29,2025-07-17,32715000,0,124000,32839000,Paid
INV0000192,STU000653,HK2,2026-2027,2026-09-17,2026-11-14,12358000,6179000,1066000,7245000,Issued
INV0000193,STU000853,HK Hè,2024-2025,2024-12-18,2025-01-15,10195000,1020000,0,9175000,Partially Paid
INV0000194,STU000527,HK1,2022-2023,2022-04-18,2022-05-16,34965000,8741000,0,26224000,Issued
INV0000195,STU001179,HK1,2022-2023,2022-09-05,2022-09-26,29310000,2931000,0,26379000,Overdue
INV0000196,STU000114,HK1,2025-2026,2025-01-19,2025-02-10,15141000,1514000,0,13627000,Overdue
INV0000197,STU001123,HK1,2029-2030,2029-01-09,2029-02-17,11053000,0,0,11053000,Partially Paid
INV0000198,STU000783,HK Hè,2025-2026,2025-05-05,2025-06-14,11919000,0,1115000,13034000,Issued
INV0000199,STU001088,HK2,2022-2023,2022-07-27,2022-09-19,31803000,3180000,210000,28833000,Partially Paid
INV0000200,STU001227,HK1,2028-2029,2028-02-16,2028-03-12,34929000,0,0,34929000,Issued
INV0000201,STU001428,HK1,2025-2026,2025-02-05,2025-03-16,17933000,0,0,17933000,Paid
INV0000202,STU000824,HK2,2024-2025,2024-11-28,2025-01-25,16264000,0,0,16264000,Overdue
INV0000203,STU001330,HK Hè,2026-2027,2026-11-01,2026-12-09,30109000,7527000,0,22582000,Paid
INV0000204,STU001038,HK2,2024-2025,2024-05-26,2024-06-17,20171000,0,845000,21016000,Paid
INV0000205,STU000040,HK Hè,2024-2025,09/05/2024,2024-06-09,33771000,8443000,0,25328000,Overdue
INV0000206,STU000809,HK2,2026-2027,2026-06-24,2026-08-20,19067000,0,0,19067000,Issued
INV0000207,STU001040,HK2,2028-2029,2028-03-11,2028-04-11,34800000,17400000,0,17400000,Paid
INV0000208,STU000485,HK1,2022-2023,2022-06-23,2022-07-18,9210000,4605000,0,4605000,Partially Paid
INV0000209,STU001389,HK Hè,2026-2027,2026-02-22,2026-03-31,25382000,0,0,25382000,Paid
INV0000210,STU000169,HK2,2024-2025,2024-08-10,2024-09-01,17625000,4406000,0,13219000,Overdue
INV0000211,STU001435,HK Hè,2027-2028,2027-04-01,2027-04-30,22326000,2233000,0,20093000,Overdue
INV0000212,STU000044,HK Hè,2022-2023,2022-09-04,2022-10-13,28885000,0,0,28885000,Issued
INV0000213,STU000257,HK2,2026-2027,2026-02-25,2026-04-04,29931000,7483000,0,22448000,Paid
INV0000214,STU001368,HK1,2028-2029,2028-03-10,2028-05-02,25235000,0,0,25235000,Paid
INV0000215,STU000674,HK Hè,2027-2028,2027-03-09,2027-04-06,12838000,3210000,0,9628000,Issued
INV0000216,STU000923,HK Hè,2020-2021,2020-12-16,2021-01-08,21041000,10520000,708000,11229000,Overdue
INV0000217,STU001352,HK1,2022-2023,2022-09-05,2022-10-21,15657000,1566000,0,14091000,Issued
INV0000218,STU000735,HK Hè,2027-2028,2027-09-24,2027-11-09,33997000,0,0,33997000,Paid
INV0000219,STU000150,HK2,2029-2030,2029-04-06,2029-05-23,24958000,6240000,0,18718000,Partially Paid
INV0000220,STU000742,HK1,2023-2024,2023-05-04,2023-06-25,20531000,2053000,0,18478000,Partially Paid
INV0000221,STU000638,HK2,2025-2026,2025-11-17,2026-01-14,26840000,2684000,0,24156000,Paid
INV0000222,STU001350,HK1,2025-2026,2025-10-03,2025-11-15,33346000,16673000,0,16673000,Paid
INV0000223,STU001444,HK2,2021-2022,2021-12-21,2022-02-03,22336000,0,387000,22723000,Partially Paid
INV0000224,STU000208,HK1,2022-2023,2022-06-25,2022-08-11,24754000,12377000,0,12377000,Partially Paid
INV0000225,STU000796,HK Hè,2022-2023,2022-04-29,2022-06-09,9506000,4753000,0,4753000,Paid
INV0000226,STU001156,HK1,2029-2030,2029-02-19,2029-03-17,29097000,0,0,29097000,Overdue
INV0000227,STU000282,HK1,2025-2026,2025-05-20,2025-07-10,27026000,0,0,27026000,Issued
INV0000228,STU001338,HK2,2021-2022,2021-06-08,2021-07-17,13064000,0,0,13064000,Issued
INV0000229,STU000976,HK Hè,2027-2028,2027-02-13,2027-03-08,30329000,0,1109000,31438000,Paid
INV0000230,STU001012,HK1,2026-2027,2026-01-28,2026-02-21,31678000,3168000,1101000,29611000,Partially Paid
INV0000231,STU000539,HK Hè,2028-2029,2028-03-13,2028-04-03,31846000,3185000,0,28661000,Partially Paid
INV0000232,STU000070,HK Hè,2021-2022,2021-03-23,2021-05-13,15308000,3827000,0,11481000,Overdue
INV0000233,STU001010,HK2,2026-2027,2026-07-23,2026-08-16,33578000,0,0,33578000,Issued
INV0000234,STU001217,HK1,2024-2025,2024-04-27,2024-05-21,25088000,6272000,0,18816000,Issued
INV0000235,STU000395,HK2,2024-2025,2024-12-31,2025-02-27,29335000,0,0,29335000,Overdue
INV0000236,STU000655,HK Hè,2023-2024,2023-05-05,2023-06-02,24302000,0,172000,24474000,Partially Paid
INV0000237,STU000600,HK2,2022-2023,2022-12-13,2023-01-23,16323000,1632000,0,14691000,Partially Paid
INV0000238,STU000822,HK2,2023-2024,2023-12-16,2024-01-28,27099000,0,0,27099000,Issued
INV0000239,STU000902,HK Hè,2026-2027,2026-01-07,2026-02-04,12991000,3248000,0,9743000,Overdue
INV0000240,STU000255,HK2,2026-2027,2026-09-23,2026-10-26,20194000,2019000,0,18175000,Overdue
INV0000241,STU000166,HK2,2024-2025,2024-09-06,2024-11-04,18753000,1875000,0,16878000,Overdue
INV0000242,STU000821,HK Hè,2025-2026,2025-02-11,2025-04-09,27200000,0,469000,27669000,Partially Paid
INV0000243,STU000150,HK1,2029-2030,2029-08-18,2029-09-30,23977000,0,0,23977000,Overdue
INV0000244,STU000554,HK1,2023-2024,2023-04-09,2023-05-03,31547000,0,0,31547000,Paid
INV0000245,STU001375,HK Hè,2028-2029,2028-05-12,2028-06-09,30941000,3094000,863000,28710000,Partially Paid
INV0000246,STU000019,HK2,2028-2029,2028-02-24,2028-04-17,8642000,0,0,8642000,Issued
INV0000247,STU000512,HK2,2026-2027,2026-08-22,2026-09-24,33282000,16641000,0,16641000,Overdue
INV0000248,STU000555,HK Hè,2022-2023,2022-06-25,2022-07-26,30142000,0,1078000,31220000,Issued
INV0000249,STU000932,HK Hè,2027-2028,2027-07-25,2027-08-16,20865000,5216000,0,15649000,Issued
INV0000250,STU001412,HK2,2025-2026,2025-07-30,2025-09-12,30540000,7635000,0,22905000,Partially Paid
INV0000251,STU000374,HK Hè,2024-2025,2024-12-10,2025-01-25,22305000,0,0,22305000,Paid
INV0000252,STU001134,HK1,2026-2027,2026-12-11,2027-01-11,32369000,8092000,0,24277000,Paid
INV0000253,STU000330,HK1,2022-2023,2022-08-17,2022-10-09,19282000,1928000,0,17354000,Overdue
INV0000254,STU001418,HK Hè,2024-2025,2024-10-22,2024-11-21,32982000,0,0,32982000,Paid
INV0000255,STU001021,HK2,2025-2026,2025-11-16,2025-12-10,19404000,1940000,452000,17916000,Paid
INV0000256,STU000917,HK2,2021-2022,2021-12-04,2022-01-16,29103000,14552000,0,14551000,Issued
INV0000257,STU000557,HK Hè,2022-2023,2022-05-18,2022-06-22,9662000,0,838000,10500000,Issued
INV0000258,STU000711,HK Hè,2025-2026,2025-10-21,2025-12-18,12201000,0,0,12201000,Partially Paid
INV0000259,STU001180,HK Hè,2019-2020,2019-11-27,2019-12-31,14311000,1431000,0,12880000,Overdue
INV0000260,STU001262,HK2,2023-2024,2023-02-06,2023-03-02,13681000,0,910000,14591000,Paid
INV0000261,STU000620,HK1,2024-2025,2024-03-24,2024-04-14,31274000,7818000,0,23456000,Overdue
INV0000262,STU000711,HK1,2025-2026,2025-08-27,2025-10-12,10900000,0,0,10900000,Paid
INV0000263,STU000172,HK Hè,2025-2026,2025-11-06,2025-12-03,33086000,0,861000,33947000,Partially Paid
INV0000264,STU001046,HK Hè,2023-2024,2023-08-12,2023-09-02,30260000,0,0,30260000,Paid
INV0000265,STU000868,HK2,2026-2027,2026-12-25,2027-02-20,14430000,7215000,0,7215000,Overdue
INV0000266,STU000428,HK Hè,2028-2029,2028-05-02,2028-06-06,21046000,0,693000,21739000,Partially Paid
INV0000267,STU000482,HK1,2021-2022,2021-08-21,2021-09-16,30920000,7730000,0,23190000,Issued
INV0000268,STU001074,HK Hè,2029-2030,2029-01-05,2029-02-08,29401000,14700000,0,14701000,Overdue
INV0000269,STU000511,HK1,2021-2022,2021-08-10,2021-10-07,19495000,0,0,19495000,Overdue
INV0000270,STU000336,HK Hè,2025-2026,2025-01-22,2025-03-19,22924000,0,562000,23486000,Issued
INV0000271,STU000803,HK2,2023-2024,2023-11-30,2023-12-26,9487000,949000,586000,9124000,Issued
INV0000272,STU000043,HK Hè,2021-2022,2021-06-03,2021-07-03,15714000,3928000,0,11786000,Overdue
INV0000273,STU001474,HK Hè,2021-2022,2021-06-11,2021-07-07,28535000,0,0,28535000,Partially Paid
INV0000274,STU001440,HK Hè,2024-2025,2024-07-28,2024-08-23,16927000,4232000,0,12695000,Issued
INV0000275,STU000899,HK Hè,2024-2025,2024-02-12,2024-04-07,29392000,0,0,29392000,Paid
INV0000276,STU000584,HK Hè,2025-2026,2025-03-07,2025-04-03,29949000,0,0,29949000,Issued
INV0000277,STU001383,HK Hè,2023-2024,2023-10-18,2023-12-17,19683000,0,0,19683000,Paid
INV0000278,STU000344,HK1,2025-2026,2025-06-03,2025-07-09,14537000,3634000,0,10903000,Partially Paid
INV0000279,STU000418,HK Hè,2024-2025,2024-03-16,2024-04-19,34346000,8586000,0,27566000,Paid
INV0000280,STU000140,HK1,2025-2026,2025-03-06,2025-04-07,34179000,17090000,0,17089000,Paid
INV0000281,STU001475,HK1,2025-2026,2025-12-15,2026-02-04,12556000,0,0,12556000,Paid
INV0000282,STU000356,HK Hè,2027-2028,02/01/2027,2027-02-22,8574000,2144000,0,6430000,Issued
INV0000283,STU001275,HK2,2022-2023,2022-07-04,2022-08-19,29120000,14560000,0,14560000,Paid
INV0000284,STU000096,HK Hè,2025-2026,2025-10-23,2025-12-04,20125000,10062000,0,10063000,Partially Paid
INV0000285,STU000057,HK1,2027-2028,2027-07-20,2027-08-22,19785000,1978000,0,17807000,Partially Paid
INV0000286,STU001468,HK2,2026-2027,2026-12-01,19/01/2027,27496000,0,0,27496000,Issued
INV0000287,STU001343,HK2,2027-2028,2027-03-16,2027-05-09,12764000,0,0,12764000,Issued
INV0000288,STU000194,HK2,2027-2028,2027-04-21,2027-05-11,20357000,0,1050000,21407000,Paid
INV0000289,STU000898,HK Hè,2020-2021,2020-07-20,2020-09-04,17682000,0,393000,18075000,Overdue
INV0000290,STU001207,HK1,2024-2025,2024-02-18,2024-04-02,23598000,5900000,0,17698000,Overdue
INV0000291,STU000440,HK Hè,2025-2026,2025-03-16,2025-05-15,20395000,0,0,20395000,Paid
INV0000292,STU001317,HK2,2026-2027,2026-04-07,2026-05-17,9394000,939000,1295000,9750000,Paid
INV0000293,STU000172,HK1,2024-2025,2024-05-04,2024-06-18,27879000,0,1233000,29112000,Partially Paid
INV0000294,STU000745,HK2,2026-2027,2026-01-14,2026-03-14,23632000,2363000,0,21269000,Partially Paid
INV0000295,STU001111,HK Hè,2024-2025,2024-12-15,2025-01-24,31383000,3138000,180000,28425000,Issued
INV0000296,STU000705,HK Hè,2027-2028,2027-06-28,2027-08-18,20483000,2048000,0,18435000,Overdue
INV0000297,STU000173,HK2,2024-2025,2024-02-08,2024-04-08,32189000,0,0,32189000,Paid
INV0000298,STU001465,HK1,2022-2023,2022-01-17,2022-03-17,15280000,0,681000,15961000,Issued
INV0000299,STU001261,HK2,2025-2026,2025-02-06,2025-04-07,17082000,0,389000,17471000,Overdue
INV0000300,STU000717,HK Hè,2026-2027,2026-03-12,2026-05-02,26836000,2684000,0,24152000,Partially Paid
INV0000301,STU000315,HK2,2024-2025,2024-04-18,2024-06-02,12179000,6090000,0,6089000,Overdue
INV0000302,STU000100,HK1,2028-2029,2028-03-03,2028-03-25,18951000,0,0,18951000,Issued
INV0000303,STU000618,HK1,2026-2027,2026-04-15,2026-05-23,25826000,2583000,0,23243000,Overdue
INV0000304,STU000986,HK Hè,2020-2021,2020-09-02,2020-09-28,21335000,0,0,21335000,Partially Paid
INV0000305,STU000063,HK2,2025-2026,2025-01-24,2025-02-20,8152000,4076000,0,4076000,Partially Paid
INV0000306,STU001392,HK Hè,2025-2026,2025-11-23,26/12/2025,9066000,0,148000,9214000,Overdue
INV0000307,STU000843,HK Hè,2026-2027,2026-09-15,2026-11-10,23793000,0,969000,24762000,Partially Paid
INV0000308,STU001161,HK1,2025-2026,2025-09-16,2025-11-01,23743000,2374000,0,21369000,Paid
INV0000309,STU001350,HK Hè,2027-2028,2027-09-26,12/11/2027,20366000,10183000,0,10183000,Partially Paid
INV0000310,STU000994,HK1,2028-2029,2028-03-07,17/04/2028,29326000,0,0,29326000,Overdue
INV0000311,STU000389,HK2,2026-2027,2026-10-15,2026-12-06,29489000,0,681000,30170000,Issued
INV0000312,STU000788,HK2,2027-2028,2027-12-12,2028-01-17,20629000,0,0,20629000,Partially Paid
INV0000313,STU000152,HK Hè,2024-2025,2024-07-23,2024-08-19,9781000,0,0,9781000,Paid
INV0000314,STU000578,HK1,2027-2028,2027-05-25,2027-07-20,10301000,2575000,0,7726000,Paid
INV0000315,STU001307,HK1,2026-2027,2026-04-08,2026-06-02,10812000,0,0,10812000,Issued
INV0000316,STU001146,HK1,2028-2029,2028-01-17,2028-02-13,17315000,1732000,0,15583000,Paid
INV0000317,STU000765,HK2,2026-2027,2026-10-31,2026-12-23,20280000,2028000,0,18252000,Partially Paid
INV0000318,STU000343,HK1,2022-2023,25/01/2022,2022-03-25,32265000,0,1271000,33536000,Paid
INV0000319,STU001195,HK1,2022-2023,2022-11-21,2023-01-11,23576000,0,0,23576000,Partially Paid
INV0000320,STU000412,HK Hè,2027-2028,2027-10-10,2027-12-05,31333000,7833000,355000,23855000,Issued
INV0000321,STU001330,HK Hè,2027-2028,2027-01-31,2027-02-21,34960000,8740000,0,26220000,Issued
INV0000322,STU000792,HK2,2025-2026,19/08/2025,2025-10-08,18193000,4548000,0,13645000,Paid
INV0000323,STU001104,HK1,2024-2025,2024-11-25,2024-12-22,19452000,4863000,0,14589000,Issued
INV0000324,STU001369,HK1,2028-2029,2028-12-21,2029-02-18,23981000,5995000,883000,18869000,Issued
INV0000325,STU000802,HK2,2025-2026,2025-08-28,2025-10-06,21245000,10622000,0,10623000,Overdue
INV0000326,STU000164,HK Hè,2027-2028,2027-04-24,2027-06-18,22626000,0,0,22626000,Paid
INV0000327,STU001391,HK2,2027-2028,2027-01-22,2027-03-01,12105000,0,732000,12837000,Issued
INV0000328,STU001311,HK1,2022-2023,2022-01-04,2022-01-26,19233000,1923000,0,17310000,Issued
INV0000329,STU000222,HK Hè,2027-2028,2027-06-27,2027-08-07,24065000,2406000,0,21659000,Paid
INV0000330,STU000903,HK2,2027-2028,2027-02-10,2027-03-14,23479000,11740000,0,11739000,Issued
INV0000331,STU001033,HK Hè,2025-2026,2025-07-16,2025-09-05,29517000,0,945000,30462000,Paid
INV0000332,STU001163,HK Hè,2027-2028,2027-11-10,2027-12-27,9806000,2452000,0,7354000,Issued
INV0000333,STU000840,HK2,2022-2023,2022-08-06,2022-09-07,8362000,2090000,0,6272000,Paid
INV0000334,STU000838,HK1,2021-2022,16/07/2021,2021-09-12,13685000,3421000,0,10264000,Partially Paid
INV0000335,STU001162,HK1,2024-2025,2024-01-13,2024-03-08,23456000,2346000,730000,21840000,Overdue
INV0000336,STU000551,HK1,2023-2024,2023-08-28,2023-10-27,9096000,0,0,9096000,Paid
INV0000337,STU000826,HK2,2023-2024,2023-03-08,01/04/2023,20163000,5041000,0,15122000,Partially Paid
INV0000338,STU000338,HK1,2025-2026,2025-04-03,2025-06-01,30313000,0,0,30313000,Overdue
INV0000339,STU000226,HK Hè,2023-2024,2023-03-25,2023-05-16,22373000,2237000,0,20136000,Overdue
INV0000340,STU000935,HK2,2025-2026,2025-01-21,2025-03-07,34864000,0,0,34864000,Overdue
INV0000341,STU001089,HK Hè,2025-2026,2025-07-21,2025-09-18,14039000,1404000,0,12635000,Partially Paid
INV0000342,STU000507,HK Hè,2023-2024,01/04/2023,2023-05-01,11007000,0,0,11007000,Paid
INV0000343,STU000996,HK Hè,2027-2028,2027-08-08,2027-09-08,8820000,4410000,0,4410000,Issued
INV0000344,STU000212,HK Hè,2026-2027,2026-07-11,2026-08-28,22376000,2238000,0,20138000,Issued
INV0000345,STU000078,HK Hè,2021-2022,2021-12-26,2022-02-02,31749000,0,0,31749000,Overdue
INV0000346,STU001470,HK2,2025-2026,2025-04-02,2025-04-22,8801000,880000,0,7921000,Issued
INV0000347,STU001209,HK Hè,2029-2030,2029-08-15,2029-10-03,11820000,2955000,0,8865000,Overdue
INV0000348,STU000096,HK Hè,2024-2025,2024-05-30,2024-07-24,34603000,8651000,171000,26123000,Overdue
INV0000349,STU000433,HK1,2025-2026,2025-04-24,2025-05-15,32397000,8099000,1457000,25755000,Issued
INV0000350,STU001077,HK2,2023-2024,2023-09-26,2023-11-04,30095000,0,0,30095000,Paid
INV0000351,STU001103,HK1,2026-2027,2026-09-21,2026-10-16,24738000,0,0,24738000,Issued
INV0000352,STU001393,HK1,2024-2025,2024-03-14,08/04/2024,15516000,7758000,0,7758000,Issued
INV0000353,STU000676,HK Hè,2020-2021,2020-10-14,2020-11-08,10802000,0,0,10802000,Issued
INV0000354,STU001474,HK1,2024-2025,2024-03-31,2024-05-04,32384000,8096000,622000,24910000,Partially Paid
INV0000355,STU000345,HK2,2026-2027,2026-02-24,2026-03-16,13337000,0,771000,14108000,Partially Paid
INV0000356,STU001232,HK1,2024-2025,21/01/2024,2024-03-20,19243000,0,1396000,20639000,Partially Paid
INV0000357,STU001441,HK2,2024-2025,2024-09-17,2024-10-25,32877000,0,0,32877000,Overdue
INV0000358,STU001281,HK1,2022-2023,2022-11-27,2022-12-30,31498000,7874000,182000,23806000,Paid
INV0000359,STU000865,HK1,2024-2025,2024-08-12,2024-09-12,29670000,14835000,0,14835000,Partially Paid
INV0000360,STU001035,HK2,2028-2029,2028-07-11,2028-09-02,9131000,4566000,0,4565000,Paid
INV0000361,STU000284,HK2,2021-2022,2021-06-08,2021-07-27,17676000,0,0,17676000,Partially Paid
INV0000362,STU000268,HK2,2025-2026,2025-11-30,2026-01-16,9237000,2309000,0,6928000,Paid
INV0000363,STU000618,HK1,2023-2024,2023-04-12,2023-06-03,18290000,0,0,18290000,Overdue
INV0000364,STU000487,HK Hè,2023-2024,2023-09-09,2023-10-24,16577000,0,0,16577000,Overdue
INV0000365,STU001124,HK1,2024-2025,2024-08-14,2024-10-07,13263000,0,0,13263000,Issued
INV0000366,STU000968,HK1,2024-2025,2024-09-07,2024-10-25,24545000,0,340000,24885000,Issued
INV0000367,STU000433,HK2,2025-2026,2025-03-19,2025-04-22,24888000,0,711000,25599000,Overdue
INV0000368,STU000199,HK Hè,2024-2025,2024-11-10,2024-12-11,18197000,4549000,0,13648000,Overdue
INV0000369,STU000095,HK Hè,2028-2029,2028-10-11,2028-11-13,24510000,0,0,24510000,Paid
INV0000370,STU000900,HK1,2020-2021,2020-08-10,2020-09-25,15021000,0,1009000,16030000,Issued
INV0000371,STU000669,HK Hè,2026-2027,2026-01-28,2026-03-22,27360000,0,1455000,28815000,Overdue
INV0000372,STU000318,HK1,2021-2022,2021-05-24,2021-07-08,9836000,4918000,285000,5203000,Issued
INV0000373,STU001303,HK2,2025-2026,2025-01-15,2025-02-12,12092000,0,738000,12830000,Paid
INV0000374,STU000452,HK Hè,2023-2024,2023-01-14,2023-02-11,11623000,1162000,1179000,11640000,Issued
INV0000375,STU000945,HK2,2026-2027,11/01/2026,2026-03-12,29716000,0,1285000,31001000,Paid
INV0000376,STU000009,HK1,2024-2025,2024-01-27,2024-03-05,30005000,3000000,0,27005000,Overdue
INV0000377,STU000918,HK1,2027-2028,2027-09-13,2027-11-08,12025000,1202000,0,10823000,Overdue
INV0000378,STU001289,HK1,2022-2023,2022-08-09,2022-09-29,17376000,0,0,17376000,Issued
INV0000379,STU001022,HK2,2028-2029,2028-12-09,2029-01-04,28173000,0,0,28173000,Paid
INV0000380,STU000077,HK2,2026-2027,2026-04-05,2026-05-07,18983000,1898000,0,17085000,Issued
INV0000381,STU001062,HK1,2025-2026,2025-01-04,2025-02-13,28646000,14323000,0,14323000,Paid
INV0000382,STU000629,HK1,2022-2023,2022-05-20,2022-07-07,32638000,0,0,32638000,Overdue
INV0000383,STU001014,HK1,2025-2026,2025-08-22,2025-10-02,19600000,9800000,0,9800000,Overdue
INV0000384,STU000405,HK Hè,2024-2025,2024-02-23,2024-04-19,11976000,2994000,0,8982000,Overdue
INV0000385,STU001353,HK1,2024-2025,2024-09-19,2024-10-31,24870000,0,0,24870000,Paid
INV0000386,STU000229,HK Hè,2025-2026,2025-07-18,2025-09-06,20617000,10308000,990000,11299000,Issued
INV0000387,STU000508,HK2,2029-2030,2029-05-09,2029-07-06,11514000,0,0,11514000,Issued
INV0000388,STU000714,HK2,2028-2029,2028-05-23,2028-07-09,12942000,3236000,0,9706000,Issued
INV0000389,STU000152,HK2,2026-2027,2026-06-05,2026-07-02,26451000,2645000,0,23806000,Paid
INV0000390,STU001329,HK2,2020-2021,2020-12-31,2021-01-28,10785000,0,1363000,12148000,Paid
INV0000391,STU000231,HK Hè,2028-2029,2028-04-05,2028-05-27,28017000,14008000,0,14009000,Issued
INV0000392,STU000516,HK Hè,2023-2024,2023-03-17,2023-04-15,32612000,16306000,0,16306000,Paid
INV0000393,STU000915,HK Hè,2026-2027,2026-11-02,2026-12-18,30841000,7710000,0,23131000,Partially Paid
INV0000394,STU001023,HK2,2023-2024,2023-04-06,2023-05-02,29379000,2938000,0,26441000,Issued
INV0000395,STU000220,HK Hè,2024-2025,2024-06-06,2024-07-04,18478000,0,919000,19397000,Issued
INV0000396,STU001365,HK Hè,2026-2027,2026-01-02,2026-02-19,32229000,8057000,0,24172000,Issued
INV0000397,STU001169,HK1,2027-2028,2027-11-23,2027-12-18,9975000,998000,0,8977000,Paid
INV0000398,STU000934,HK Hè,2026-2027,2026-04-17,01/06/2026,22966000,0,0,22966000,Paid
INV0000399,STU000591,HK1,2024-2025,2024-10-24,2024-12-22,33871000,16936000,0,16935000,Paid
INV0000400,STU000376,HK2,2021-2022,2021-01-27,2021-03-11,16090000,0,1413000,17503000,Issued
INV0000401,STU000331,HK2,2023-2024,2023-03-09,2023-04-11,11433000,2858000,255000,8830000,Issued
INV0000402,STU000713,HK2,2026-2027,2026-08-03,2026-08-28,24491000,2449000,573000,22615000,Overdue
INV0000403,STU000027,HK2,2025-2026,2025-02-20,2025-03-16,23479000,2348000,0,21131000,Partially Paid
INV0000404,STU000615,HK2,2026-2027,2026-04-07,2026-06-02,15979000,1598000,0,14381000,Paid
INV0000405,STU000227,HK Hè,2026-2027,2026-09-07,2026-10-06,11798000,1180000,854000,11472000,Partially Paid
INV0000406,STU000025,HK1,2026-2027,2026-08-11,2026-09-11,20192000,10096000,0,10096000,Partially Paid
INV0000407,STU001352,HK2,2021-2022,2021-09-10,2021-10-30,21585000,0,269000,21854000,Partially Paid
INV0000408,STU001094,HK Hè,2026-2027,2026-07-23,2026-08-24,29911000,7478000,0,22433000,Partially Paid
INV0000409,STU001274,HK1,2026-2027,2026-02-06,2026-03-18,29835000,0,0,29835000,Partially Paid
INV0000410,STU000995,HK1,2029-2030,2029-05-04,2029-05-25,20453000,0,670000,21123000,Issued
INV0000411,STU001395,HK Hè,2025-2026,2025-05-08,2025-06-21,30377000,0,0,30377000,Partially Paid
INV0000412,STU001354,HK2,2021-2022,2021-09-28,2021-10-21,21560000,0,0,21560000,Overdue
INV0000413,STU001479,HK Hè,2026-2027,2026-12-30,2027-02-08,21029000,10514000,1312000,11827000,Issued
INV0000414,STU001326,HK1,2021-2022,2021-02-17,2021-03-31,14446000,0,0,14446000,Issued
INV0000415,STU001123,HK2,2028-2029,2028-12-20,2029-01-31,32612000,0,0,32612000,Paid
INV0000416,STU000777,HK Hè,2021-2022,2021-09-10,2021-11-09,17744000,4436000,0,13308000,Overdue
INV0000417,STU001201,HK1,2022-2023,2022-06-24,2022-08-23,27730000,0,1299000,29029000,Paid
INV0000418,STU001156,HK2,2028-2029,2028-09-28,2028-11-24,26992000,0,0,26992000,Overdue
INV0000419,STU000741,HK Hè,2027-2028,2027-02-25,2027-04-16,25536000,12768000,0,15726000,Partially Paid
INV0000420,STU001066,HK2,2027-2028,09/10/2027,2027-11-12,25544000,0,0,25544000,Partially Paid
INV0000421,STU001056,HK1,2025-2026,2025-12-16,2026-02-01,15427000,0,0,15427000,Partially Paid
INV0000422,STU000216,HK1,2024-2025,2024-09-11,2024-11-03,32649000,0,0,32649000,Overdue
INV0000423,STU001134,HK Hè,2026-2027,2026-03-13,2026-05-01,25465000,2546000,0,22919000,Partially Paid
INV0000424,STU000361,HK1,2025-2026,2025-09-25,2025-11-02,26503000,0,1448000,27951000,Issued
INV0000425,STU000003,HK Hè,2022-2023,2022-09-17,2022-10-28,10836000,0,0,10836000,Paid
INV0000426,STU000116,HK Hè,2022-2023,2022-03-03,2022-03-25,32985000,0,0,32985000,Partially Paid
INV0000427,STU000557,HK1,2026-2027,2026-03-06,2026-04-25,34217000,0,0,34217000,Issued
INV0000428,STU000796,HK2,2021-2022,2021-08-11,2021-09-02,14924000,7462000,1298000,8760000,Issued
INV0000429,STU001455,HK2,2023-2024,2023-12-10,2024-02-03,27134000,0,0,27134000,Partially Paid
INV0000430,STU001375,HK2,2027-2028,2027-03-29,2027-04-26,16140000,8070000,0,8070000,Overdue
INV0000431,STU001260,HK1,2020-2021,2020-11-01,2020-11-26,27665000,0,0,27665000,Partially Paid
INV0000432,STU000002,HK1,2023-2024,2023-07-05,2023-08-11,31419000,3142000,0,28277000,Overdue
INV0000433,STU000551,HK1,2026-2027,2026-05-31,22/06/2026,20236000,0,0,20236000,Issued
INV0000434,STU000779,HK1,2023-2024,2023-12-15,2024-01-24,32151000,3215000,0,28936000,Issued
INV0000435,STU000056,HK2,2027-2028,2027-12-01,2027-12-21,8434000,0,0,8434000,Issued
INV0000436,STU000732,HK1,2021-2022,2021-05-31,2021-07-23,29632000,0,0,29632000,Paid
INV0000437,STU000325,HK2,2021-2022,2021-11-24,2021-12-23,15953000,0,0,15953000,Overdue
INV0000438,STU001328,HK Hè,2023-2024,2023-03-19,2023-05-07,25922000,6480000,0,19442000,Paid
INV0000439,STU000001,HK Hè,2023-2024,2023-10-16,2023-11-12,18168000,1817000,1313000,17664000,Overdue
INV0000440,STU000249,HK2,2028-2029,2028-07-04,2028-08-19,8064000,4032000,0,4032000,Paid
INV0000441,STU000926,HK1,2024-2025,2024-10-23,2024-11-13,23820000,0,0,23820000,Partially Paid
INV0000442,STU000139,HK2,2023-2024,2023-11-23,2023-12-19,29578000,2958000,0,26620000,Issued
INV0000443,STU000210,HK Hè,2024-2025,2024-08-24,2024-09-15,30565000,3056000,0,27509000,Paid
INV0000444,STU001165,HK Hè,2022-2023,2022-03-18,2022-05-01,15053000,0,102000,15155000,Overdue
INV0000445,STU000248,HK Hè,2025-2026,2025-08-23,2025-10-02,12432000,1243000,706000,11895000,Partially Paid
INV0000446,STU000993,HK Hè,2026-2027,2026-01-30,2026-02-27,30457000,7614000,0,22843000,Partially Paid
INV0000447,STU001248,HK Hè,2026-2027,2026-12-14,2027-01-21,26262000,0,0,26262000,Overdue
INV0000448,STU000165,HK Hè,2023-2024,2023-08-28,2023-10-25,26010000,0,0,26010000,Issued
INV0000449,STU000637,HK2,2029-2030,2029-04-29,2029-06-06,27006000,2701000,0,24305000,Paid
INV0000450,STU000463,HK1,2026-2027,2026-10-02,2026-11-20,11254000,1125000,0,10129000,Paid
INV0000451,STU000805,HK1,2023-2024,2023-04-04,2023-06-02,16662000,0,0,16662000,Paid
INV0000452,STU001465,HK1,2024-2025,2024-05-12,2024-06-15,26353000,0,1317000,27670000,Issued
INV0000453,STU001086,HK Hè,2024-2025,2024-12-31,2025-02-27,8664000,0,0,8664000,Overdue
INV0000454,STU000631,HK Hè,2020-2021,2020-08-27,2020-09-23,28519000,7130000,0,21389000,Partially Paid
INV0000455,STU000767,HK2,2029-2030,2029-07-20,2029-09-09,10821000,2705000,0,8116000,Partially Paid
INV0000456,STU000244,HK2,2023-2024,2023-11-30,2023-12-23,10466000,0,0,10466000,Partially Paid
INV0000457,STU001362,HK Hè,2025-2026,2025-07-20,2025-08-26,8641000,4320000,0,4321000,Paid
INV0000458,STU000802,HK Hè,2028-2029,2028-02-07,2028-03-26,19486000,9743000,0,9743000,Overdue
INV0000459,STU000011,HK2,2025-2026,2025-10-21,2025-11-18,10456000,0,863000,11319000,Paid
INV0000460,STU000747,HK Hè,2027-2028,2027-07-27,2027-09-12,28808000,0,0,28808000,Partially Paid
INV0000461,STU000356,HK Hè,2027-2028,2027-06-25,2027-08-22,31748000,0,0,31748000,Overdue
INV0000462,STU000962,HK1,2020-2021,2020-12-18,2021-02-12,14220000,0,881000,15101000,Issued
INV0000463,STU000768,HK Hè,2025-2026,2025-11-22,2026-01-06,31941000,0,0,31941000,Paid
INV0000464,STU000250,HK Hè,2023-2024,06/02/2023,2023-03-18,17733000,8866000,0,8867000,Paid
INV0000465,STU001106,HK1,2024-2025,2024-09-26,2024-11-13,29166000,0,0,29166000,Issued
INV0000466,STU000301,HK2,2023-2024,2023-11-05,2023-11-28,12072000,0,668000,12740000,Overdue
INV0000467,STU001147,HK2,2020-2021,2020-12-20,2021-02-11,23929000,0,934000,24863000,Paid
INV0000468,STU001417,HK Hè,2024-2025,2024-09-26,2024-11-17,11056000,1106000,0,9950000,Paid
INV0000469,STU001298,HK Hè,2021-2022,2021-11-11,2021-12-09,20230000,5058000,514000,15686000,Issued
INV0000470,STU000013,HK Hè,2027-2028,2027-03-03,2027-04-09,9068000,0,1325000,10393000,Overdue
INV0000471,STU000704,HK Hè,2020-2021,10/06/2020,2020-07-02,16486000,0,896000,17382000,Partially Paid
INV0000472,STU000104,HK Hè,2023-2024,2023-03-08,2023-05-06,28696000,14348000,0,14348000,Partially Paid
INV0000473,STU000369,HK2,2028-2029,2028-06-16,2028-07-20,31583000,0,0,31583000,Partially Paid
INV0000474,STU000647,HK2,2025-2026,2025-01-26,2025-03-26,18122000,0,0,18122000,Paid
INV0000475,STU000742,HK2,2022-2023,2022-07-02,2022-08-20,12963000,0,0,12963000,Paid
INV0000476,STU001054,HK Hè,2026-2027,2026-12-05,2027-01-29,25662000,6416000,0,19246000,Paid
INV0000477,STU000404,HK1,2025-2026,2025-06-08,2025-07-12,25466000,6366000,0,19100000,Paid
INV0000478,STU000240,HK Hè,2025-2026,2025-06-17,2025-08-09,17128000,0,0,17128000,Overdue
INV0000479,STU001477,HK Hè,2028-2029,2028-11-25,2028-12-25,25315000,2532000,1323000,24106000,Paid
INV0000480,STU000010,HK1,2026-2027,2026-09-09,2026-11-02,20633000,10316000,0,10317000,Paid
INV0000481,STU001051,HK1,2024-2025,2024-06-07,2024-07-15,15916000,1592000,0,14324000,Partially Paid
INV0000482,STU000956,HK2,2024-2025,2024-03-07,2024-04-12,9804000,2451000,0,7353000,Partially Paid
INV0000483,STU000604,HK Hè,2026-2027,2026-12-01,2026-12-21,18692000,4673000,0,14019000,Issued
INV0000484,STU000298,HK1,2024-2025,2024-06-06,2024-07-21,17989000,8994000,0,8995000,Paid
INV0000485,STU000113,HK Hè,2024-2025,2024-06-11,2024-07-15,19107000,0,699000,19806000,Paid
INV0000486,STU001420,HK Hè,2027-2028,2027-11-18,2027-12-17,11857000,0,0,11857000,Issued
INV0000487,STU000034,HK Hè,2025-2026,2025-12-24,2026-02-11,20780000,0,0,20780000,Issued
INV0000488,STU001170,HK Hè,2021-2022,2021-12-15,2022-01-09,18197000,0,0,18197000,Issued
INV0000489,STU000552,HK2,2024-2025,2024-03-16,2024-05-13,22466000,0,189000,22655000,Paid
INV0000490,STU000173,HK Hè,2025-2026,2025-09-25,2025-10-22,33538000,16769000,0,16769000,Issued
INV0000491,STU001414,HK Hè,2026-2027,2026-12-16,2027-01-19,18476000,0,0,18476000,Partially Paid
INV0000492,STU001007,HK1,2023-2024,2023-05-07,2023-05-29,9876000,0,0,9876000,Partially Paid
INV0000493,STU001019,HK1,2025-2026,2025-09-26,2025-10-29,15857000,3964000,1121000,13014000,Paid
INV0000494,STU001017,HK1,2022-2023,2022-11-21,2022-12-12,28614000,7154000,0,21460000,Issued
INV0000495,STU000783,HK2,2024-2025,2024-09-21,2024-10-19,12916000,6458000,0,6458000,Overdue
INV0000496,STU000956,HK2,2021-2022,2021-06-05,20/07/2021,14712000,0,0,14712000,Partially Paid
INV0000497,STU000033,HK1,2028-2029,2028-08-12,2028-09-02,12949000,3237000,0,9712000,Partially Paid
INV0000498,STU000983,HK2,2021-2022,2021-12-19,2022-01-09,30582000,0,0,30582000,Overdue
INV0000499,STU001293,HK2,2020-2021,2020-04-17,2020-06-10,23116000,0,236000,23352000,Overdue
INV0000500,STU000603,HK Hè,2026-2027,2026-12-31,2027-01-24,12627000,0,0,12627000,Partially Paid
INV0000501,STU001332,HK Hè,2024-2025,2024-01-25,07/03/2024,24998000,0,1076000,26074000,Partially Paid
INV0000502,STU000462,HK1,2028-2029,2028-03-06,2028-04-02,23196000,11598000,0,11598000,Partially Paid
INV0000503,STU000415,HK2,2022-2023,2022-08-01,2022-09-04,32890000,0,0,32890000,Paid
INV0000504,STU000336,HK1,2022-2023,2022-11-17,2023-01-08,33287000,0,0,33287000,Partially Paid
INV0000505,STU001020,HK Hè,2022-2023,2022-09-28,2022-11-13,14201000,0,0,14201000,Partially Paid
INV0000506,STU001285,HK2,2028-2029,2028-09-05,2028-10-05,10524000,2631000,1059000,8952000,Partially Paid
INV0000507,STU000202,HK2,2027-2028,2027-01-07,2027-02-27,26205000,0,0,26205000,Paid
INV0000508,STU000513,HK1,2025-2026,2025-07-07,2025-08-21,16035000,0,0,16035000,Paid
INV0000509,STU001082,HK1,2026-2027,2026-10-30,2026-12-17,23163000,0,0,23163000,Paid
INV0000510,STU000105,HK2,2027-2028,2027-08-21,2027-09-12,31132000,0,0,31132000,Issued
INV0000511,STU000826,HK Hè,2027-2028,2027-03-30,2027-05-14,32148000,0,723000,32871000,Paid
INV0000512,STU000016,HK1,2024-2025,2024-12-27,2025-02-06,10222000,0,0,10222000,Issued
INV0000513,STU000333,HK2,2029-2030,2029-08-21,2029-10-17,9019000,0,0,9019000,Overdue
INV0000514,STU001097,HK1,2022-2023,2022-03-16,2022-05-15,8839000,4420000,0,4419000,Partially Paid
INV0000515,STU001264,HK Hè,2027-2028,08/05/2027,2027-06-30,16882000,4220000,0,12662000,Partially Paid
INV0000516,STU000622,HK Hè,2026-2027,14/03/2026,2026-04-28,18312000,0,670000,18982000,Overdue
INV0000517,STU000728,HK1,2021-2022,2021-03-11,2021-04-01,28715000,7179000,0,21536000,Issued
INV0000518,STU000302,HK1,2028-2029,2028-10-16,2028-12-04,13866000,3466000,0,10400000,Paid
INV0000519,STU000129,HK2,2021-2022,2021-12-22,2022-01-23,23100000,2310000,0,20790000,Overdue
INV0000520,STU001173,HK2,2026-2027,2026-07-22,2026-09-19,15703000,0,0,15703000,Issued
INV0000521,STU001132,HK1,2027-2028,2027-04-29,2027-06-23,21289000,2129000,0,19160000,Partially Paid
INV0000522,STU001185,HK Hè,2026-2027,2026-02-23,2026-04-17,13574000,1357000,1381000,13598000,Partially Paid
INV0000523,STU000546,HK Hè,2024-2025,2024-10-17,2024-12-04,12864000,3216000,0,9648000,Paid
INV0000524,STU000416,HK2,2028-2029,2028-01-07,2028-02-12,31849000,0,0,31849000,Paid
INV0000525,STU001023,HK2,2022-2023,2022-10-25,2022-11-16,33785000,16892000,0,16893000,Overdue
INV0000526,STU000110,HK Hè,2019-2020,2019-11-21,2019-12-26,9200000,0,0,9200000,Overdue
INV0000527,STU000029,HK Hè,2024-2025,2024-01-13,2024-02-22,14538000,0,1436000,15974000,Paid
INV0000528,STU001033,HK1,2022-2023,2022-05-06,2022-05-26,29649000,7412000,0,22237000,Paid
INV0000529,STU001192,HK1,2020-2021,2020-02-02,2020-04-01,17456000,0,0,17456000,Issued
INV0000530,STU000632,HK1,2024-2025,2024-10-14,2024-12-08,22751000,0,0,22751000,Issued
INV0000531,STU000891,HK1,2022-2023,2022-09-25,2022-10-22,18659000,0,0,18659000,Partially Paid
INV0000532,STU000087,HK2,2025-2026,2025-08-19,2025-10-12,15993000,0,0,15993000,Issued
INV0000533,STU001042,HK2,2023-2024,2023-11-26,2024-01-09,24109000,0,0,24109000,Issued
INV0000534,STU001247,HK1,2028-2029,2028-07-01,2028-07-29,24224000,0,0,24224000,Paid
INV0000535,STU000295,HK2,2025-2026,2025-07-09,2025-08-31,18508000,9254000,0,9254000,Issued
INV0000536,STU000911,HK2,2025-2026,2025-10-08,2025-11-10,34582000,0,0,34582000,Overdue
INV0000537,STU000306,HK2,2023-2024,2023-07-29,2023-08-23,19261000,1926000,1164000,18499000,Overdue
INV0000538,STU001100,HK Hè,2021-2022,03/04/2021,2021-05-16,23553000,5888000,739000,18404000,Issued
INV0000539,STU000893,HK Hè,2025-2026,2025-04-04,2025-06-02,17181000,0,0,17181000,Issued
INV0000540,STU001023,HK Hè,2023-2024,2023-05-26,2023-07-20,19397000,1940000,0,17457000,Partially Paid
INV0000541,STU001235,HK2,2024-2025,2024-02-15,2024-03-21,18923000,1892000,0,17031000,Partially Paid
INV0000542,STU000158,HK Hè,2026-2027,2026-08-03,2026-09-02,17521000,0,0,17521000,Paid
INV0000543,STU000372,HK Hè,2025-2026,2025-10-18,2025-12-15,34258000,0,0,34258000,Paid
INV0000544,STU000967,HK1,2021-2022,2021-10-17,2021-11-09,13402000,6701000,0,6701000,Overdue
INV0000545,STU000348,HK1,2023-2024,2023-01-27,2023-03-28,14583000,7292000,1470000,8761000,Paid
INV0000546,STU001335,HK2,2028-2029,2028-01-24,2028-03-09,33791000,0,0,33791000,Overdue
INV0000547,STU001276,HK2,2024-2025,2024-09-03,2024-10-29,28436000,0,1324000,29760000,Issued
INV0000548,STU000876,HK1,2027-2028,2027-09-05,2027-10-19,11801000,2950000,0,8851000,Issued
INV0000549,STU000047,HK2,2022-2023,2022-06-05,2022-06-26,29997000,3000000,0,26997000,Overdue
INV0000550,STU001120,HK Hè,2023-2024,2023-09-15,2023-10-18,23924000,5981000,0,17943000,Overdue
INV0000551,STU000702,HK1,2021-2022,2021-12-03,2022-01-20,26218000,6554000,0,19664000,Overdue
INV0000552,STU001405,HK2,2024-2025,2024-05-18,2024-07-05,9521000,0,0,9521000,Partially Paid
INV0000553,STU000283,HK Hè,2029-2030,2029-05-14,2029-06-21,11117000,0,765000,11882000,Overdue
INV0000554,STU000363,HK2,2026-2027,2026-06-29,2026-07-20,14826000,0,0,14826000,Issued
INV0000555,STU000715,HK2,2024-2025,2024-03-21,2024-04-22,30934000,0,709000,31643000,Issued
INV0000556,STU000893,HK2,2028-2029,2028-07-11,2028-09-08,21096000,2110000,349000,19335000,Issued
INV0000557,STU000623,HK2,2025-2026,2025-02-12,2025-03-28,32193000,3219000,0,28974000,Overdue
INV0000558,STU000112,HK1,2024-2025,2024-04-09,2024-05-03,19942000,0,208000,20150000,Overdue
INV0000559,STU000025,HK Hè,2028-2029,2028-01-09,2028-02-07,8873000,4436000,0,4437000,Partially Paid
INV0000560,STU000171,HK Hè,2021-2022,2021-01-12,2021-02-22,25051000,6263000,0,18788000,Issued
INV0000561,STU000166,HK Hè,2025-2026,2025-04-10,2025-06-08,17223000,0,0,17223000,Issued
INV0000562,STU001025,HK Hè,2024-2025,2024-05-29,2024-07-07,31736000,0,0,31736000,Paid
INV0000563,STU000739,HK1,2027-2028,2027-01-27,2027-02-27,26596000,2660000,0,23936000,Partially Paid
INV0000564,STU000279,HK Hè,2026-2027,2026-09-11,2026-10-04,15323000,0,1465000,16788000,Overdue
INV0000565,STU000691,HK1,2027-2028,2027-06-19,2027-07-10,8728000,0,0,8728000,Partially Paid
INV0000566,STU000534,HK Hè,2025-2026,2025-05-31,2025-06-24,30995000,0,0,30995000,Overdue
INV0000567,STU001037,HK2,2023-2024,2023-01-13,2023-02-22,20251000,5063000,0,15188000,Overdue
INV0000568,STU000113,HK1,2024-2025,2024-08-30,2024-10-22,16434000,1643000,0,14791000,Overdue
INV0000569,STU001212,HK2,2024-2025,2024-03-18,2024-04-26,21066000,0,523000,21589000,Issued
INV0000570,STU000008,HK1,2026-2027,2026-12-29,2027-01-20,20197000,0,301000,20498000,Paid
INV0000571,STU000992,HK2,2028-2029,2028-08-24,2028-09-29,8958000,0,0,8958000,Paid
INV0000572,STU000744,HK2,2023-2024,2023-06-03,2023-07-25,27394000,2739000,0,24655000,Paid
INV0000573,STU000104,HK1,2021-2022,2021-07-12,2021-08-01,28216000,0,0,28216000,Overdue
INV0000574,STU001402,HK1,2022-2023,2022-03-09,2022-04-23,13713000,6856000,0,6857000,Paid
INV0000575,STU001376,HK1,2027-2028,2027-04-11,2027-06-01,10551000,1055000,0,9496000,Overdue
INV0000576,STU000028,HK2,2027-2028,2027-12-18,2028-01-31,25410000,0,0,25410000,Issued
INV0000577,STU001376,HK2,2026-2027,2026-12-09,2027-01-18,9418000,0,550000,9968000,Overdue
INV0000578,STU001103,HK Hè,2024-2025,2024-06-27,2024-08-09,21572000,0,714000,22286000,Paid
INV0000579,STU001054,HK1,2026-2027,2026-02-12,2026-03-20,21086000,0,0,21086000,Partially Paid
INV0000580,STU001333,HK Hè,2027-2028,2027-06-08,28/06/2027,26198000,0,528000,26726000,Overdue
INV0000581,STU000848,HK2,2026-2027,2026-12-09,06/02/2027,33783000,0,0,33783000,Overdue
INV0000582,STU000742,HK Hè,2022-2023,2022-06-16,18/07/2022,25797000,0,0,25797000,Partially Paid
INV0000583,STU001230,HK1,2024-2025,2024-07-09,2024-08-22,21758000,5440000,0,16318000,Partially Paid
INV0000584,STU000876,HK Hè,2027-2028,2027-04-04,2027-05-16,10256000,0,0,10256000,Paid
INV0000585,STU000391,HK Hè,2028-2029,2028-07-11,2028-08-10,24404000,2440000,259000,22223000,Overdue
INV0000586,STU001171,HK1,2029-2030,2029-12-29,2030-02-26,29399000,7350000,0,22049000,Paid
INV0000587,STU001331,HK Hè,2022-2023,2022-05-21,2022-07-18,18944000,0,0,18944000,Overdue
INV0000588,STU000072,HK Hè,2023-2024,2023-05-01,2023-05-25,20101000,10050000,1368000,11419000,Paid
INV0000589,STU001452,HK2,2024-2025,2024-05-16,2024-07-08,21048000,0,0,21048000,Paid
INV0000590,STU000120,HK2,2028-2029,2028-10-14,2028-12-11,10830000,0,375000,11205000,Partially Paid
INV0000591,STU001361,HK1,2024-2025,2024-04-03,2024-05-25,33786000,0,0,33786000,Issued
INV0000592,STU001486,HK2,2022-2023,2022-05-31,16/07/2022,27851000,0,735000,28586000,Partially Paid
INV0000593,STU000881,HK2,2024-2025,2024-12-25,2025-02-10,25980000,12990000,0,12990000,Paid
INV0000594,STU000078,HK1,2022-2023,2022-12-08,2023-01-30,19906000,1991000,0,17915000,Paid
INV0000595,STU000479,HK Hè,2025-2026,2025-07-05,2025-09-02,19327000,0,0,19327000,Issued
INV0000596,STU000562,HK2,2029-2030,2029-03-04,2029-04-09,17573000,8786000,0,8787000,Partially Paid
INV0000597,STU000077,HK1,2027-2028,2027-01-08,2027-02-20,32253000,0,0,32253000,Issued
INV0000598,STU000563,HK Hè,2022-2023,2022-11-10,2022-12-11,22159000,0,0,22159000,Partially Paid
INV0000599,STU000042,HK Hè,2026-2027,2026-03-12,2026-04-27,13587000,3397000,1411000,11601000,Overdue
INV0000600,STU000303,HK Hè,2025-2026,28/09/2025,2025-11-15,8464000,0,1357000,9821000,Paid
INV0000601,STU000608,HK2,2024-2025,2024-10-16,2024-11-11,26537000,0,0,26537000,Overdue
INV0000602,STU000198,HK2,2023-2024,2023-08-27,2023-10-14,9526000,0,0,9526000,Paid
INV0000603,STU000056,HK1,2026-2027,2026-02-28,2026-04-26,21159000,0,481000,21640000,Partially Paid
INV0000604,STU001350,HK Hè,2025-2026,22/03/2025,2025-05-10,17437000,1744000,710000,16403000,Partially Paid
INV0000605,STU000663,HK2,2024-2025,2024-04-10,04/05/2024,13568000,3392000,0,10176000,Partially Paid
INV0000606,STU001073,HK1,2026-2027,2026-08-02,2026-08-27,20061000,0,0,20061000,Issued
INV0000607,STU000617,HK Hè,2026-2027,2026-07-19,2026-08-23,26363000,0,0,26363000,Partially Paid
INV0000608,STU001266,HK2,2024-2025,2024-06-06,2024-07-16,28964000,0,471000,29435000,Issued
INV0000609,STU000992,HK Hè,2025-2026,2025-09-01,2025-10-11,17018000,8509000,0,8509000,Overdue
INV0000610,STU000922,HK1,2027-2028,2027-08-22,2027-09-27,32667000,0,0,32667000,Issued
INV0000611,STU000605,HK1,2022-2023,2022-06-06,2022-07-20,20562000,0,618000,21180000,Paid
INV0000612,STU000442,HK Hè,2027-2028,2027-09-15,2027-10-05,17018000,0,0,17018000,Issued
INV0000613,STU000100,HK Hè,2026-2027,2026-12-20,2027-02-11,24740000,0,0,24740000,Issued
INV0000614,STU000039,HK Hè,2022-2023,09/01/2022,2022-02-01,9271000,2318000,0,6953000,Partially Paid
INV0000615,STU000193,HK2,2024-2025,2024-07-15,2024-08-26,15078000,0,0,15078000,Overdue
INV0000616,STU000727,HK Hè,2027-2028,2027-06-26,2027-07-21,12055000,0,0,12055000,Partially Paid
INV0000617,STU000064,HK2,2025-2026,25/09/2025,2025-11-14,24197000,0,0,24197000,Partially Paid
INV0000618,STU000248,HK1,2028-2029,2028-01-01,2028-02-02,26695000,0,0,26695000,Issued
INV0000619,STU000152,HK Hè,2022-2023,2022-03-22,2022-04-17,24458000,12229000,0,12229000,Partially Paid
INV0000620,STU001191,HK2,2026-2027,2026-11-06,2026-12-23,34990000,0,0,34990000,Paid
INV0000621,STU000042,HK1,2022-2023,2022-11-07,2022-12-05,25975000,6494000,1377000,20858000,Issued
INV0000622,STU001453,HK Hè,2023-2024,2023-09-13,2023-10-21,30403000,15202000,730000,15931000,Issued
INV0000623,STU000176,HK2,2021-2022,2021-02-15,2021-03-07,20726000,0,267000,20993000,Partially Paid
INV0000624,STU000651,HK2,2026-2027,2026-05-31,2026-07-27,26070000,2607000,0,23463000,Paid
INV0000625,STU000529,HK Hè,2029-2030,2029-12-23,2030-02-07,34303000,0,0,34303000,Paid
INV0000626,STU000734,HK2,2022-2023,2022-01-22,2022-02-16,30405000,0,0,30405000,Issued
INV0000627,STU000490,HK2,2024-2025,2024-08-13,2024-09-21,17131000,0,708000,17839000,Overdue
INV0000628,STU000923,HK1,2022-2023,2022-03-28,2022-05-12,23641000,0,0,23641000,Overdue
INV0000629,STU000895,HK Hè,2023-2024,2023-12-26,2024-02-13,29730000,0,194000,29924000,Overdue
INV0000630,STU001385,HK1,2025-2026,2025-07-21,2025-09-18,28018000,7004000,0,21014000,Partially Paid
INV0000631,STU001071,HK Hè,2025-2026,2025-07-29,2025-09-09,23309000,0,0,23309000,Paid
INV0000632,STU000510,HK Hè,2025-2026,2025-06-15,14/07/2025,31879000,3188000,0,28691000,Paid
INV0000633,STU000083,HK2,2023-2024,2023-06-14,2023-08-09,13966000,0,1495000,15461000,Issued
INV0000634,STU001058,HK1,2022-2023,2022-10-13,2022-12-03,20253000,0,0,20253000,Paid
INV0000635,STU000211,HK Hè,2029-2030,2029-09-22,2029-10-20,26417000,0,734000,27151000,Paid
INV0000636,STU000121,HK1,2024-2025,2024-12-12,2025-02-06,13892000,0,0,13892000,Issued
INV0000637,STU000993,HK Hè,2025-2026,2025-04-28,2025-06-19,11001000,2750000,0,8251000,Partially Paid
INV0000638,STU000443,HK2,2028-2029,2028-09-07,2028-10-11,33540000,16770000,0,16770000,Overdue
INV0000639,STU001400,HK1,2028-2029,2028-12-19,2029-01-09,18191000,0,0,18191000,Overdue
INV0000640,STU000387,HK2,2024-2025,2024-09-12,2024-10-05,17992000,1799000,0,16193000,Paid
INV0000641,STU001388,HK Hè,2026-2027,2026-05-19,2026-06-22,23144000,0,0,23144000,Issued
INV0000642,STU000957,HK Hè,2023-2024,2023-07-27,2023-08-30,34694000,17347000,0,17347000,Partially Paid
INV0000643,STU000680,HK1,2027-2028,2027-07-23,2027-09-20,29985000,14992000,0,14993000,Paid
INV0000644,STU001475,HK1,2023-2024,2023-06-20,2023-08-16,33853000,3385000,0,30468000,Paid
INV0000645,STU000495,HK1,2026-2027,2026-06-18,2026-08-17,16068000,1607000,0,14461000,Partially Paid
INV0000646,STU001228,HK Hè,2024-2025,2024-01-28,2024-02-19,9991000,0,0,9991000,Partially Paid
INV0000647,STU001357,HK Hè,2027-2028,2027-07-29,2027-09-23,23955000,0,0,23955000,Overdue
INV0000648,STU000831,HK2,2023-2024,2023-03-19,2023-04-11,28000000,7000000,601000,21601000,Overdue
INV0000649,STU000447,HK Hè,2023-2024,2023-04-08,2023-06-02,27213000,2721000,0,24492000,Partially Paid
INV0000650,STU001079,HK2,2025-2026,2025-01-29,2025-03-01,27620000,2762000,0,24858000,Overdue
INV0000651,STU001382,HK2,2024-2025,2024-08-04,2024-09-29,14025000,1402000,0,12623000,Overdue
INV0000652,STU001218,HK2,2021-2022,2021-04-24,2021-06-01,12598000,0,0,12598000,Partially Paid
INV0000653,STU001020,HK Hè,2021-2022,2021-10-05,2021-11-14,32168000,8042000,206000,24332000,Paid
INV0000654,STU000306,HK Hè,2021-2022,2021-09-12,2021-10-04,33235000,3324000,989000,30900000,Issued
INV0000655,STU000841,HK1,2028-2029,2028-08-27,2028-10-18,13719000,0,0,13719000,Overdue
INV0000656,STU001430,HK2,2027-2028,2027-02-13,2027-04-08,24245000,12122000,0,12123000,Overdue
INV0000657,STU000495,HK2,2027-2028,2027-06-30,2027-08-04,26857000,13428000,0,13429000,Paid
INV0000658,STU001373,HK Hè,2022-2023,2022-01-14,2022-02-28,25399000,0,1480000,26879000,Partially Paid
INV0000659,STU000435,HK Hè,2026-2027,2026-01-31,2026-03-01,12421000,3105000,0,9316000,Overdue
INV0000660,STU001177,HK1,2026-2027,2026-09-14,2026-10-22,31198000,0,1100000,32298000,Partially Paid
INV0000661,STU001215,HK Hè,2022-2023,2022-07-01,2022-08-10,12503000,0,0,12503000,Partially Paid
INV0000662,STU000916,HK2,2023-2024,2023-11-18,2024-01-15,8214000,0,555000,8769000,Issued
INV0000663,STU001434,HK2,2025-2026,22/03/2025,2025-05-02,14654000,0,0,14654000,Paid
INV0000664,STU001063,HK1,2024-2025,2024-01-29,2024-03-22,27293000,2729000,0,24564000,Overdue
INV0000665,STU000637,HK1,2028-2029,2028-09-13,2028-10-09,16441000,8220000,1254000,9475000,Paid
INV0000666,STU000070,HK Hè,2022-2023,2022-09-15,2022-11-05,33516000,8379000,621000,25758000,Partially Paid
INV0000667,STU000127,HK2,2025-2026,2025-08-13,2025-09-23,31210000,15605000,0,15605000,Partially Paid
INV0000668,STU001025,HK1,2021-2022,2021-03-15,2021-04-05,20121000,10060000,1148000,11209000,Paid
INV0000669,STU001135,HK Hè,2025-2026,23/01/2025,2025-02-14,10891000,0,0,10891000,Paid
INV0000670,STU001465,HK1,2024-2025,2024-09-01,2024-09-28,29340000,14670000,355000,15025000,Overdue
INV0000671,STU000111,HK2,2025-2026,2025-01-13,2025-02-22,16897000,8448000,804000,9253000,Partially Paid
INV0000672,STU001053,HK Hè,2025-2026,2025-05-30,2025-07-13,13466000,6733000,0,6733000,Partially Paid
INV0000673,STU000581,HK2,2025-2026,11/10/2025,2025-12-06,15800000,0,0,15800000,Partially Paid
INV0000674,STU001083,HK2,2028-2029,2028-12-04,2029-01-10,27025000,0,0,27025000,Overdue
INV0000675,STU000112,HK2,2026-2027,2026-03-02,2026-04-12,34154000,8538000,0,25616000,Partially Paid
INV0000676,STU001227,HK Hè,2025-2026,2025-07-22,2025-08-24,23500000,0,0,23500000,Overdue
INV0000677,STU001076,HK1,2023-2024,2023-07-17,2023-08-22,30190000,0,0,30190000,Partially Paid
INV0000678,STU001483,HK1,2022-2023,2022-10-08,2022-11-01,15241000,0,0,15241000,Issued
INV0000679,STU001430,HK Hè,2025-2026,2025-12-12,2026-01-09,18577000,0,974000,19551000,Paid
INV0000680,STU001251,HK Hè,2024-2025,2024-11-21,2025-01-01,29586000,2959000,0,26627000,Partially Paid
INV0000681,STU001019,HK1,2025-2026,2025-05-24,2025-07-12,17707000,0,0,17707000,Paid
INV0000682,STU000286,HK2,2022-2023,2022-02-24,2022-04-12,21452000,0,1446000,22898000,Issued
INV0000683,STU000241,HK Hè,2022-2023,2022-01-30,2022-02-28,9809000,0,0,9809000,Issued
INV0000684,STU001234,HK2,2029-2030,2029-01-24,2029-02-26,19541000,4885000,0,14656000,Partially Paid
INV0000685,STU001489,HK Hè,2022-2023,2022-10-27,2022-12-03,30206000,7552000,0,22654000,Partially Paid
INV0000686,STU000118,HK2,2029-2030,2029-05-22,2029-06-25,31595000,0,0,31595000,Overdue
INV0000687,STU000090,HK Hè,2026-2027,2026-11-26,2027-01-08,32084000,0,1058000,33142000,Overdue
INV0000688,STU001425,HK1,2024-2025,2024-02-11,2024-03-03,21143000,0,0,21143000,Overdue
INV0000689,STU000621,HK2,2022-2023,2022-12-08,2023-01-29,24952000,0,0,24952000,Overdue
INV0000690,STU000972,HK Hè,2030-2031,2030-01-12,2030-02-05,20853000,0,0,20853000,Partially Paid
INV0000691,STU001015,HK2,2029-2030,19/07/2029,2029-08-19,26782000,6696000,164000,20250000,Issued
INV0000692,STU001339,HK Hè,2023-2024,2023-06-30,2023-08-27,21763000,0,0,21763000,Paid
INV0000693,STU000383,HK1,2027-2028,2027-07-20,2027-08-19,24070000,0,0,24070000,Paid
INV0000694,STU000434,HK1,2024-2025,2024-07-30,2024-08-23,16407000,0,406000,17157000,Paid
INV0000695,STU000359,HK1,2026-2027,2026-01-15,2026-03-12,9281000,4640000,0,4641000,Partially Paid
INV0000696,STU000448,HK Hè,2025-2026,2025-05-02,2025-05-25,31286000,0,0,31286000,Paid
INV0000697,STU000275,HK Hè,2023-2024,2023-08-13,2023-09-28,31649000,15824000,0,15825000,Overdue
INV0000698,STU001039,HK1,2028-2029,2028-11-21,2029-01-05,20733000,10366000,710000,11077000,Paid
INV0000699,STU000285,HK2,2025-2026,2025-09-30,2025-11-10,27776000,0,0,27776000,Paid
INV0000700,STU000532,HK Hè,2024-2025,2024-07-05,2024-08-15,25070000,12535000,0,12535000,Paid
INV0000701,STU000767,HK1,2027-2028,2027-08-31,2027-09-22,25260000,0,252000,25512000,Partially Paid
INV0000702,STU000301,HK2,2023-2024,2023-05-19,2023-07-06,20308000,2031000,0,18277000,Issued
INV0000703,STU000455,HK Hè,2026-2027,2026-08-07,11/09/2026,26876000,2688000,0,24188000,Partially Paid
INV0000704,STU000202,HK2,2027-2028,2027-06-03,2027-07-28,24604000,2460000,0,23623000,Issued
INV0000705,STU001257,HK1,2022-2023,2022-09-10,2022-10-06,8656000,2164000,0,6492000,Paid
INV0000706,STU000294,HK1,2022-2023,2022-08-15,2022-10-04,28676000,0,0,28676000,Issued
INV0000707,STU001474,HK1,2020-2021,2020-07-24,2020-08-27,29625000,0,0,29625000,Partially Paid
INV0000708,STU000112,HK2,2023-2024,2023-02-20,2023-03-14,24030000,0,0,24030000,Issued
INV0000709,STU000270,HK Hè,2020-2021,2020-09-01,2020-10-07,33321000,0,0,33321000,Issued
INV0000710,STU000323,HK2,2025-2026,2025-08-06,2025-10-04,8172000,0,623000,8795000,Issued
INV0000711,STU000796,HK2,2021-2022,2021-06-03,2021-07-31,25827000,0,0,25827000,Paid
INV0000712,STU001488,HK Hè,2023-2024,2023-02-11,2023-03-31,10950000,0,0,10950000,Paid
INV0000713,STU000416,HK Hè,2026-2027,2026-12-03,2027-01-08,28079000,0,0,28079000,Issued
INV0000714,STU000865,HK Hè,2024-2025,2024-01-04,2024-02-17,13958000,0,0,13958000,Paid
INV0000715,STU000099,HK2,2027-2028,2027-08-18,2027-09-11,15594000,3898000,0,11696000,Partially Paid
INV0000716,STU000278,HK2,2021-2022,2021-12-16,2022-01-17,25091000,6273000,0,18818000,Partially Paid
INV0000717,STU000822,HK Hè,2026-2027,2026-06-25,2026-07-27,26871000,0,0,26871000,Issued
INV0000718,STU000351,HK1,2023-2024,2023-07-26,2023-09-21,27809000,6952000,0,20857000,Partially Paid
INV0000719,STU000750,HK1,2028-2029,2028-03-05,2028-04-18,23526000,2353000,0,21173000,Overdue
INV0000720,STU000990,HK2,2028-2029,29/08/2028,2028-10-16,12718000,0,0,12718000,Paid
INV0000721,STU000992,HK1,2026-2027,2026-09-15,2026-10-19,9582000,0,456000,10038000,Paid
INV0000722,STU000735,HK1,2027-2028,2027-11-14,2028-01-06,14225000,0,1081000,15306000,Partially Paid
INV0000723,STU001425,HK2,2023-2024,2023-03-15,2023-04-29,27528000,0,0,27528000,Overdue
INV0000724,STU000434,HK2,2022-2023,2022-07-11,2022-08-06,14876000,0,809000,15685000,Paid
INV0000725,STU000774,HK Hè,2029-2030,2029-08-09,2029-09-08,21079000,0,0,21079000,Paid
INV0000726,STU000130,HK Hè,2025-2026,2025-10-27,2025-12-02,9154000,0,0,9154000,Overdue
INV0000727,STU000538,HK Hè,2023-2024,2023-03-16,2023-05-07,20425000,10212000,0,10213000,Issued
INV0000728,STU000862,HK1,2028-2029,2028-10-04,2028-10-30,30816000,0,0,30816000,Issued
INV0000729,STU000666,HK1,2025-2026,2025-11-20,2026-01-03,16985000,8492000,0,8493000,Paid
INV0000730,STU000931,HK1,2025-2026,2025-08-13,2025-09-14,17928000,1793000,0,16135000,Issued
INV0000731,STU001097,HK1,2022-2023,2022-01-16,2022-03-07,9563000,0,0,9563000,Issued
INV0000732,STU000820,HK2,2020-2021,2020-06-23,2020-08-06,17660000,1766000,0,15894000,Paid
INV0000733,STU001460,HK2,2021-2022,2021-08-18,2021-10-15,26137000,0,0,26137000,Paid
INV0000734,STU000065,HK2,2030-2031,2030-02-17,2030-04-14,33239000,0,831000,34070000,Overdue
INV0000735,STU000530,HK Hè,2025-2026,2025-02-18,11/04/2025,22452000,0,0,22452000,Paid
INV0000736,STU001095,HK2,2021-2022,2021-05-25,2021-07-13,12252000,6126000,0,6126000,Paid
INV0000737,STU001095,HK2,2024-2025,2024-09-26,2024-10-16,20298000,2030000,785000,19053000,Issued
INV0000738,STU000121,HK Hè,2022-2023,2022-02-04,2022-03-13,22082000,5520000,0,16562000,Issued
INV0000739,STU000293,HK1,2029-2030,2029-05-01,2029-06-22,30867000,0,0,30867000,Paid
INV0000740,STU000700,HK2,2028-2029,2028-12-23,2029-01-20,10738000,2684000,0,8054000,Overdue
INV0000741,STU000897,HK2,2026-2027,2026-10-14,2026-12-02,24838000,0,1455000,26293000,Overdue
INV0000742,STU000749,HK1,2022-2023,2022-05-22,2022-07-03,22568000,0,0,22568000,Overdue
INV0000743,STU001268,HK2,2024-2025,2024-03-22,2024-04-29,12541000,1254000,0,11287000,Paid
INV0000744,STU001187,HK1,2023-2024,2023-07-09,2023-08-24,13304000,1330000,1217000,13191000,Partially Paid
INV0000745,STU001296,HK2,2026-2027,2026-08-04,2026-09-23,20350000,2035000,0,18315000,Partially Paid
INV0000746,STU001141,HK Hè,2028-2029,2028-01-13,2028-02-21,16710000,8355000,0,8355000,Overdue
INV0000747,STU000624,HK Hè,2024-2025,2024-09-12,2024-10-08,8492000,849000,0,7643000,Paid
INV0000748,STU000074,HK Hè,2026-2027,2026-05-18,2026-06-07,18612000,1861000,0,16751000,Issued
INV0000749,STU001161,HK2,2026-2027,2026-10-09,2026-11-02,22519000,11260000,0,11259000,Issued
INV0000750,STU001176,HK2,2026-2027,2026-09-07,2026-10-14,13657000,0,0,13657000,Overdue
INV0000751,STU000575,HK Hè,2025-2026,2025-11-09,2025-12-21,12592000,0,0,12592000,Paid
INV0000752,STU001332,HK2,2024-2025,2024-05-12,2024-06-25,10811000,0,0,10811000,Partially Paid
INV0000753,STU001185,HK2,2027-2028,2027-07-14,2027-09-08,23108000,11554000,0,11554000,Partially Paid
INV0000754,STU000793,HK Hè,2027-2028,2027-07-08,2027-07-28,29340000,0,0,29340000,Partially Paid
INV0000755,STU000678,HK2,2021-2022,2021-08-08,2021-09-10,23812000,0,0,23812000,Paid
INV0000756,STU001213,HK1,2022-2023,2022-01-28,2022-02-22,19425000,0,1058000,20483000,Paid
INV0000757,STU000871,HK Hè,2028-2029,2028-09-02,2028-10-19,26900000,2690000,808000,25018000,Partially Paid
INV0000758,STU000533,HK2,2028-2029,2028-08-21,2028-09-10,11198000,5599000,789000,6388000,Partially Paid
INV0000759,STU000982,HK1,2028-2029,2028-04-01,2028-04-23,21548000,0,424000,21972000,Overdue
INV0000760,STU000482,HK1,2020-2021,2020-12-29,2021-02-19,30616000,0,0,30616000,Partially Paid
INV0000761,STU000431,HK2,2027-2028,2027-03-02,2027-04-20,27658000,0,0,27658000,Paid
INV0000762,STU000417,HK Hè,2024-2025,19/08/2024,2024-10-04,25710000,2571000,0,23139000,Issued
INV0000763,STU000325,HK1,2024-2025,2024-01-05,2024-02-02,27456000,0,0,27456000,Issued
INV0000764,STU000122,HK Hè,2023-2024,2023-01-12,2023-02-02,10666000,0,0,10666000,Overdue
INV0000765,STU000882,HK2,2026-2027,2026-03-06,2026-04-15,23417000,0,0,23417000,Overdue
INV0000766,STU000681,HK1,2028-2029,2028-07-02,2028-08-26,29584000,7396000,0,22188000,Paid
INV0000767,STU001376,HK1,2025-2026,2025-09-16,2025-10-31,17695000,8848000,0,8847000,Partially Paid
INV0000768,STU000416,HK Hè,2025-2026,2025-08-11,2025-09-21,27300000,6825000,0,20475000,Issued
INV0000769,STU001275,HK1,2023-2024,2023-06-03,2023-07-21,20443000,0,0,20443000,Overdue
INV0000770,STU000953,HK Hè,2026-2027,2026-05-21,2026-07-20,23639000,11820000,0,11819000,Overdue
INV0000771,STU001149,HK Hè,2026-2027,2026-03-29,2026-05-14,28054000,0,0,28054000,Partially Paid
INV0000772,STU000899,HK1,2026-2027,2026-04-22,2026-06-09,13515000,0,0,13515000,Overdue
INV0000773,STU000562,HK2,2026-2027,2026-09-08,2026-10-15,20267000,5067000,0,15200000,Paid
INV0000774,STU001110,HK1,2022-2023,2022-08-19,2022-09-11,28755000,0,0,28755000,Partially Paid
INV0000775,STU001421,HK2,2028-2029,2028-07-28,2028-09-20,15159000,0,0,15159000,Issued
INV0000776,STU001456,HK Hè,2020-2021,2020-08-24,2020-10-09,15178000,1518000,0,13660000,Partially Paid
INV0000777,STU001241,HK1,2023-2024,2023-10-07,2023-11-16,31221000,0,0,31221000,Issued
INV0000778,STU000451,HK2,2024-2025,2024-05-17,2024-06-29,8055000,0,0,8055000,Overdue
INV0000779,STU000271,HK1,2021-2022,2021-07-21,2021-09-12,27982000,0,0,27982000,Overdue
INV0000780,STU000660,HK Hè,2021-2022,2021-07-02,2021-08-29,20570000,2057000,0,18513000,Overdue
INV0000781,STU000988,HK1,2022-2023,2022-04-01,2022-04-23,23973000,11986000,1341000,13328000,Overdue
INV0000782,STU000990,HK Hè,2030-2031,2030-01-18,2030-03-13,31094000,0,0,31094000,Overdue
INV0000783,STU000621,HK1,2021-2022,2021-08-03,2021-09-10,23276000,2328000,0,20948000,Overdue
INV0000784,STU001079,HK2,2027-2028,2027-02-03,2027-03-03,23466000,5866000,657000,18257000,Issued
INV0000785,STU000502,HK2,2025-2026,2025-02-20,2025-03-16,26293000,0,0,26293000,Overdue
INV0000786,STU001194,HK1,2022-2023,2022-08-24,2022-09-30,15653000,7826000,532000,8359000,Paid
INV0000787,STU000843,HK Hè,2026-2027,2026-07-06,2026-08-28,10319000,0,0,10319000,Overdue
INV0000788,STU000103,HK1,2025-2026,2025-10-14,2025-11-14,9801000,4900000,0,4901000,Issued
INV0000789,STU001235,HK Hè,2024-2025,2024-05-08,2024-06-09,10031000,0,0,10031000,Overdue
INV0000790,STU000021,HK Hè,2025-2026,2025-07-31,2025-09-24,27967000,13984000,954000,14937000,Partially Paid
INV0000791,STU000245,HK1,2027-2028,2027-10-22,2027-12-16,18926000,1893000,0,17033000,Issued
INV0000792,STU000825,HK1,2025-2026,2025-08-24,2025-10-11,10499000,0,0,10499000,Paid
INV0000793,STU000305,HK Hè,2026-2027,2026-12-22,2027-02-04,25870000,0,0,25870000,Issued
INV0000794,STU000366,HK1,2028-2029,2028-08-30,2028-09-21,13707000,0,0,13707000,Partially Paid
INV0000795,STU000071,HK Hè,2022-2023,31/07/2022,2022-09-18,31933000,3193000,646000,29386000,Issued
INV0000796,STU000242,HK Hè,2029-2030,2029-05-25,2029-06-20,16286000,1629000,0,14657000,Overdue
INV0000797,STU000895,HK Hè,2025-2026,2025-01-07,2025-02-05,27753000,13876000,752000,14629000,Paid
INV0000798,STU000649,HK Hè,2025-2026,2025-10-03,2025-11-13,9962000,0,0,9962000,Overdue
INV0000799,STU000813,HK Hè,2025-2026,2025-12-25,2026-02-19,14846000,0,797000,15643000,Partially Paid
INV0000800,STU000809,HK2,2025-2026,2025-10-24,22/12/2025,9507000,0,0,9507000,Paid
INV0000801,STU000456,HK1,2028-2029,2028-05-09,2028-06-13,24993000,12496000,1398000,13895000,Issued
INV0000802,STU000216,HK Hè,2024-2025,2024-08-18,2024-10-12,28327000,0,0,28327000,Paid
INV0000803,STU001257,HK1,2023-2024,2023-04-01,2023-04-28,28176000,0,0,28176000,Paid
INV0000804,STU000712,HK1,2027-2028,2027-01-21,2027-03-15,20253000,5063000,1191000,16381000,Paid
INV0000805,STU000957,HK1,2021-2022,2021-09-26,2021-10-30,18604000,1860000,0,16744000,Issued
INV0000806,STU000352,HK2,2025-2026,2025-09-09,2025-10-04,11416000,2854000,0,8562000,Paid
INV0000807,STU001259,HK2,2030-2031,2030-02-06,2030-03-02,20020000,2002000,0,18018000,Issued
INV0000808,STU000986,HK2,2022-2023,2022-02-12,2022-03-16,23266000,2327000,1128000,22067000,Overdue
INV0000809,STU001037,HK1,2024-2025,2024-12-10,2025-01-22,24978000,0,457000,25435000,Paid
INV0000810,STU001074,HK1,2025-2026,2025-05-04,2025-06-13,21551000,2155000,0,19396000,Overdue
INV0000811,STU001286,HK2,2025-2026,2025-04-06,2025-04-26,27174000,6794000,0,20380000,Issued
INV0000812,STU000885,HK1,2027-2028,2027-11-20,2028-01-18,34152000,8538000,0,25614000,Paid
INV0000813,STU000672,HK2,2028-2029,2028-10-05,2028-11-01,25375000,12688000,0,12687000,Partially Paid
INV0000814,STU001204,HK2,2024-2025,2024-01-14,2024-02-18,18132000,0,0,18132000,Issued
INV0000815,STU000745,HK Hè,2023-2024,2023-09-07,2023-10-31,30502000,15251000,0,15251000,Overdue
INV0000816,STU000107,HK1,2027-2028,2027-12-23,2028-02-08,23803000,5951000,0,17852000,Paid
INV0000817,STU000440,HK1,2024-2025,2024-07-27,2024-09-25,17149000,0,0,17149000,Issued
INV0000818,STU000481,HK2,2021-2022,2021-09-13,2021-11-11,28597000,0,0,28597000,Paid
INV0000819,STU000210,HK1,2020-2021,2020-06-21,2020-08-14,19538000,4884000,475000,15129000,Paid
INV0000820,STU000882,HK Hè,2026-2027,2026-03-17,2026-04-23,12618000,1262000,0,11356000,Partially Paid
INV0000821,STU000522,HK Hè,2027-2028,2027-11-05,2027-12-17,9194000,4597000,0,4597000,Partially Paid
INV0000822,STU000900,HK Hè,2020-2021,2020-01-07,2020-02-29,29721000,0,0,29721000,Partially Paid
INV0000823,STU000752,HK1,2023-2024,2023-12-31,2024-02-03,30141000,7535000,0,22606000,Overdue
INV0000824,STU001329,HK2,2023-2024,2023-07-05,2023-08-05,22687000,5672000,0,17015000,Issued
INV0000825,STU000648,HK Hè,2026-2027,2026-03-18,2026-05-04,12071000,3018000,0,9053000,Partially Paid
INV0000826,STU000853,HK2,2022-2023,2022-11-04,2022-12-19,20228000,2023000,0,18205000,Partially Paid
INV0000827,STU001216,HK2,2026-2027,2026-04-01,2026-05-24,29290000,0,0,29290000,Paid
INV0000828,STU000867,HK2,2024-2025,2024-06-14,2024-07-13,17687000,0,0,17687000,Paid
INV0000829,STU001140,HK2,2025-2026,2025-10-14,2025-11-13,31743000,0,0,31743000,Paid
INV0000830,STU001457,HK1,2023-2024,2023-07-07,2023-08-17,18544000,4636000,643000,14551000,Paid
INV0000831,STU000279,HK2,2026-2027,2026-06-06,2026-07-20,22580000,11290000,0,11290000,Issued
INV0000832,STU000507,HK2,2023-2024,2023-04-13,2023-05-08,33330000,0,0,33330000,Overdue
INV0000833,STU001283,HK2,2026-2027,2026-02-07,2026-03-04,10632000,5316000,0,5316000,Issued
INV0000834,STU000194,HK2,2025-2026,2025-06-17,2025-07-21,30041000,0,0,30041000,Overdue
INV0000835,STU001181,HK1,2022-2023,2022-03-01,2022-04-15,33660000,0,199000,33859000,Partially Paid
INV0000836,STU000810,HK Hè,2024-2025,2024-04-04,2024-05-11,32977000,3298000,451000,30130000,Overdue
INV0000837,STU000060,HK2,2024-2025,2024-06-24,2024-08-02,32920000,0,0,32920000,Overdue
INV0000838,STU000343,HK1,2020-2021,2020-05-21,2020-07-13,24982000,0,1164000,26146000,Partially Paid
INV0000839,STU001239,HK Hè,2025-2026,2025-08-12,2025-09-29,19551000,1955000,0,17596000,Issued
INV0000840,STU000991,HK Hè,2023-2024,2023-04-09,2023-05-10,14084000,7042000,885000,7927000,Partially Paid
INV0000841,STU001247,HK1,2025-2026,2025-09-15,2025-10-26,18187000,0,0,18187000,Overdue
INV0000842,STU001097,HK2,2023-2024,2023-11-27,2023-12-30,31466000,0,0,31466000,Overdue
INV0000843,STU000441,HK1,2023-2024,2023-04-16,2023-06-04,13822000,1382000,0,12440000,Overdue
INV0000844,STU001450,HK Hè,2027-2028,2027-12-13,2028-01-16,8871000,0,0,8871000,Paid
INV0000845,STU000267,HK1,2022-2023,2022-09-05,2022-09-27,19343000,0,1440000,20783000,Partially Paid
INV0000846,STU001288,HK1,2023-2024,2023-12-19,2024-01-30,21134000,0,248000,21382000,Issued
INV0000847,STU000694,HK Hè,2021-2022,2021-03-31,2021-05-07,34328000,0,0,34328000,Partially Paid
INV0000848,STU000249,HK Hè,2028-2029,2028-02-26,2028-04-05,25461000,12730000,0,12731000,Partially Paid
INV0000849,STU001159,HK Hè,2027-2028,2027-01-07,2027-02-15,34588000,0,0,34588000,Paid
INV0000850,STU000486,HK2,2025-2026,2025-06-30,2025-08-13,21239000,10620000,0,10619000,Paid
INV0000851,STU000035,HK1,2027-2028,2027-03-09,2027-04-17,15417000,3854000,754000,12317000,Issued
INV0000852,STU001437,HK Hè,2022-2023,2022-08-03,2022-08-27,13633000,0,0,13633000,Partially Paid
INV0000853,STU000955,HK1,2026-2027,2026-06-16,2026-08-06,25503000,12752000,0,12751000,Issued
INV0000854,STU001352,HK1,2023-2024,2023-04-24,2023-05-15,12726000,0,0,12726000,Issued
INV0000855,STU000206,HK1,2022-2023,2022-10-24,2022-11-28,17964000,0,0,17964000,Paid
INV0000856,STU000972,HK Hè,2029-2030,2029-07-08,2029-08-30,34299000,17150000,0,17149000,Partially Paid
INV0000857,STU000519,HK2,2026-2027,2026-09-13,2026-10-14,30643000,0,0,30643000,Issued
INV0000858,STU000376,HK Hè,2021-2022,2021-10-02,2021-10-28,10296000,2574000,0,7722000,Overdue
INV0000859,STU000739,HK2,2027-2028,2027-03-26,2027-04-26,31907000,0,0,31907000,Partially Paid
INV0000860,STU001408,HK1,2021-2022,2021-08-20,2021-09-17,12358000,0,0,12358000,Issued
INV0000861,STU001245,HK1,2030-2031,2030-07-18,2030-08-22,24864000,0,0,24864000,Partially Paid
INV0000862,STU000019,HK1,2028-2029,2028-11-23,2029-01-08,24264000,6066000,0,18198000,Partially Paid
INV0000863,STU000327,HK Hè,2026-2027,2026-12-26,08/02/2027,9628000,4814000,0,4814000,Partially Paid
INV0000864,STU000135,HK1,2025-2026,26/07/2025,2025-08-25,15661000,3915000,1305000,13051000,Issued
INV0000865,STU000254,HK1,2026-2027,2026-03-28,2026-05-20,28031000,7008000,0,21023000,Partially Paid
INV0000866,STU001001,HK Hè,2023-2024,2023-10-20,2023-11-29,17939000,0,0,17939000,Overdue
INV0000867,STU000772,HK2,2028-2029,2028-11-02,2028-12-13,29318000,7330000,182000,22170000,Overdue
INV0000868,STU001134,HK2,2022-2023,2022-11-07,2022-12-29,29700000,2970000,0,26730000,Partially Paid
INV0000869,STU000175,HK1,2027-2028,2027-03-26,2027-05-23,15616000,0,541000,16157000,Paid
INV0000870,STU001284,HK Hè,2026-2027,2026-02-06,2026-03-25,8517000,4258000,0,4259000,Paid
INV0000871,STU001133,HK Hè,2025-2026,2025-07-09,2025-07-29,27995000,0,1324000,29319000,Paid
INV0000872,STU000264,HK2,2025-2026,2025-08-28,2025-09-28,15552000,3888000,536000,12200000,Overdue
INV0000873,STU000713,HK2,2027-2028,2027-06-21,2027-07-12,30278000,15139000,0,15139000,Partially Paid
INV0000874,STU000875,HK1,2024-2025,2024-04-27,2024-06-26,27025000,6756000,0,20269000,Overdue
INV0000875,STU000282,HK2,2024-2025,2024-02-15,2024-04-09,15736000,7868000,1349000,9217000,Overdue
INV0000876,STU001436,HK2,2024-2025,2024-09-11,27/10/2024,9825000,0,0,9825000,Paid
INV0000877,STU000928,HK1,2021-2022,2021-07-31,2021-09-15,30170000,0,1459000,31629000,Overdue
INV0000878,STU000880,HK2,2027-2028,2027-04-21,2027-06-19,31714000,0,0,31714000,Paid
INV0000879,STU000423,HK1,2025-2026,2025-10-08,2025-11-12,28611000,0,0,28611000,Overdue
INV0000880,STU000425,HK1,2024-2025,2024-05-10,2024-06-11,16369000,1637000,0,14732000,Issued
INV0000881,STU001420,HK Hè,2023-2024,2023-11-30,2023-12-21,17829000,0,509000,18338000,Partially Paid
INV0000882,STU000238,HK1,2026-2027,2026-03-18,2026-04-11,10293000,0,0,10293000,Overdue
INV0000883,STU001189,HK2,2024-2025,2024-06-12,2024-07-08,29262000,0,0,29262000,Issued
INV0000884,STU001140,HK2,2026-2027,2026-05-08,2026-06-26,16005000,4001000,0,12004000,Overdue
INV0000885,STU000718,HK Hè,2026-2027,2026-09-08,2026-09-29,23463000,0,0,23463000,Partially Paid
INV0000886,STU000516,HK2,2024-2025,2024-08-21,2024-09-21,15029000,1503000,1231000,14757000,Partially Paid
INV0000887,STU001120,HK2,2026-2027,2026-02-13,13/03/2026,19336000,0,0,19336000,Paid
INV0000888,STU001023,HK1,2023-2024,2023-10-30,2023-12-03,31192000,0,998000,32190000,Overdue
INV0000889,STU001393,HK2,2026-2027,2026-02-10,2026-03-15,20734000,0,700000,21434000,Issued
INV0000890,STU001146,HK2,2027-2028,2027-10-23,2027-12-22,14293000,7146000,122000,7269000,Overdue
INV0000891,STU001016,HK Hè,2028-2029,2028-06-01,2028-07-08,25558000,6390000,0,19168000,Overdue
INV0000892,STU000919,HK2,2025-2026,2025-04-15,2025-05-23,30391000,3039000,0,27352000,Paid
INV0000893,STU000660,HK2,2024-2025,2024-03-14,2024-04-19,26939000,0,923000,27862000,Overdue
INV0000894,STU001104,HK1,2024-2025,2024-11-20,2024-12-10,8845000,4422000,0,4423000,Partially Paid
INV0000895,STU000663,HK2,2024-2025,2024-10-12,2024-11-01,21203000,10602000,0,10601000,Overdue
INV0000896,STU000954,HK2,2027-2028,2027-07-07,2027-09-03,25936000,0,0,25936000,Partially Paid
INV0000897,STU001211,HK2,2024-2025,2024-03-22,2024-04-21,16965000,0,0,16965000,Partially Paid
INV0000898,STU000554,HK1,2020-2021,2020-07-21,2020-09-17,15437000,7718000,930000,8649000,Partially Paid
INV0000899,STU000432,HK2,2028-2029,2028-02-14,2028-03-09,16836000,8418000,0,8418000,Overdue
INV0000900,STU001152,HK Hè,2022-2023,2022-07-02,2022-08-09,17981000,4495000,0,13486000,Overdue
INV0000901,STU000838,HK2,2022-2023,2022-07-17,2022-09-01,24887000,0,0,24887000,Partially Paid
INV0000902,STU000317,HK Hè,2023-2024,2023-01-02,2023-02-15,8673000,0,0,8673000,Issued
INV0000903,STU001037,HK2,2025-2026,2025-07-28,07/09/2025,27531000,0,0,27531000,Paid
INV0000904,STU000456,HK Hè,2024-2025,2024-08-26,2024-10-21,29993000,0,239000,30232000,Issued
INV0000905,STU001186,HK Hè,2023-2024,2023-12-20,21/01/2024,30194000,0,954000,31148000,Overdue
INV0000906,STU000815,HK1,2024-2025,2024-02-08,2024-03-13,17115000,8558000,667000,9224000,Paid
INV0000907,STU000859,HK2,2024-2025,2024-08-29,2024-10-04,9433000,0,0,9433000,Overdue
INV0000908,STU001030,HK2,2027-2028,2027-04-17,2027-05-27,11735000,0,0,11735000,Paid
INV0000909,STU000213,HK2,2027-2028,2027-07-29,2027-08-19,19372000,4843000,0,14529000,Paid
INV0000910,STU000269,HK Hè,2027-2028,2027-06-02,2027-06-30,16624000,0,0,16624000,Partially Paid
INV0000911,STU001446,HK Hè,2021-2022,2021-01-05,2021-02-22,25872000,6468000,1094000,20498000,Partially Paid
INV0000912,STU000737,HK2,2024-2025,2024-04-19,2024-05-26,16970000,0,0,16970000,Overdue
INV0000913,STU000341,HK1,2023-2024,2023-07-26,2023-08-31,32387000,8097000,0,24290000,Partially Paid
INV0000914,STU001268,HK1,2021-2022,2021-04-29,2021-06-15,15292000,3823000,1020000,12489000,Partially Paid
INV0000915,STU001488,HK1,2020-2021,2020-02-03,2020-04-03,24399000,2440000,0,21959000,Overdue
INV0000916,STU000579,HK2,2025-2026,2025-02-03,2025-02-28,16980000,0,1345000,18325000,Paid
INV0000917,STU001312,HK Hè,2028-2029,2028-02-27,2028-04-16,27445000,0,1019000,28464000,Issued
INV0000918,STU000259,HK Hè,2027-2028,2027-07-19,2027-09-15,25692000,12846000,0,12846000,Paid
INV0000919,STU001145,HK Hè,2025-2026,2025-04-26,29/05/2025,12230000,0,0,12230000,Partially Paid
INV0000920,STU001203,HK Hè,2026-2027,2026-10-21,2026-11-25,12302000,0,0,12302000,Paid
INV0000921,STU001306,HK1,2027-2028,2027-03-25,2027-04-24,9104000,0,1173000,10277000,Overdue
INV0000922,STU000716,HK Hè,2023-2024,2023-08-09,2023-09-20,23157000,5789000,1112000,18480000,Paid
INV0000923,STU001079,HK2,2024-2025,2024-05-24,2024-06-18,33030000,3303000,813000,30540000,Overdue
INV0000924,STU001113,HK1,2022-2023,2022-02-26,2022-03-29,32845000,0,0,32845000,Partially Paid
INV0000925,STU001434,HK Hè,2025-2026,2025-03-01,2025-04-23,34113000,0,0,34113000,Paid
INV0000926,STU001365,HK1,2025-2026,18/04/2025,2025-06-13,23994000,0,0,23994000,Partially Paid
INV0000927,STU000421,HK1,2025-2026,2025-11-11,2025-12-05,12530000,3132000,0,9398000,Issued
INV0000928,STU000179,HK1,2026-2027,2026-07-12,2026-08-18,12571000,0,0,12571000,Partially Paid
INV0000929,STU000792,HK Hè,2025-2026,2025-12-12,2026-01-02,30217000,7554000,0,22663000,Issued
INV0000930,STU001386,HK2,2025-2026,2025-04-16,2025-06-13,23041000,0,0,23041000,Issued
INV0000931,STU000054,HK2,2019-2020,2019-09-21,2019-10-16,17391000,0,0,17391000,Partially Paid
INV0000932,STU000313,HK1,2022-2023,2022-10-13,2022-11-29,27411000,0,0,27411000,Partially Paid
INV0000933,STU000664,HK Hè,2024-2025,2024-05-05,2024-06-05,12991000,0,0,12991000,Paid
INV0000934,STU000848,HK2,2026-2027,2026-04-10,2026-06-02,21295000,0,0,21295000,Partially Paid
INV0000935,STU000283,HK1,2026-2027,19/03/2026,2026-04-29,9039000,2260000,1032000,7811000,Overdue
INV0000936,STU000791,HK Hè,2025-2026,2025-03-28,2025-05-02,13187000,0,0,13187000,Overdue
INV0000937,STU000811,HK1,2027-2028,2027-05-30,2027-07-19,32378000,0,193000,32571000,Paid
INV0000938,STU001205,HK Hè,2027-2028,2027-10-14,2027-11-27,24593000,12296000,0,12297000,Paid
INV0000939,STU000631,HK1,2020-2021,2020-04-06,2020-06-02,8747000,875000,0,7872000,Issued
INV0000940,STU000821,HK1,2023-2024,2023-01-28,2023-03-20,9356000,936000,0,8420000,Overdue
INV0000941,STU000635,HK2,2024-2025,2024-09-21,2024-10-28,31760000,0,0,31760000,Paid
INV0000942,STU001483,HK1,2026-2027,2026-02-07,2026-03-01,29324000,2932000,127000,26519000,Issued
INV0000943,STU000372,HK2,2028-2029,2028-10-13,2028-12-09,16100000,8050000,0,8050000,Overdue
INV0000944,STU000812,HK1,2026-2027,2026-11-02,2026-12-10,20685000,0,0,20685000,Issued
INV0000945,STU001114,HK1,2025-2026,2025-12-22,2026-02-15,9934000,2484000,0,7450000,Overdue
INV0000946,STU000909,HK2,2025-2026,2025-11-14,2025-12-21,16501000,0,0,16501000,Partially Paid
INV0000947,STU000516,HK Hè,2020-2021,2020-11-25,2021-01-04,33583000,0,0,33583000,Partially Paid
INV0000948,STU001354,HK Hè,2022-2023,2022-01-04,2022-02-06,20782000,0,694000,21476000,Issued
INV0000949,STU000480,HK Hè,2024-2025,2024-10-11,2024-10-31,12960000,1296000,0,11664000,Overdue
INV0000950,STU000302,HK1,2029-2030,2029-12-19,2030-01-17,22788000,2279000,0,20509000,Issued
INV0000951,STU000992,HK Hè,2026-2027,21/04/2026,2026-06-07,24031000,0,0,24031000,Issued
INV0000952,STU001092,HK2,2026-2027,28/02/2026,2026-04-26,22768000,0,0,22768000,Partially Paid
INV0000953,STU000012,HK Hè,2023-2024,2023-01-12,2023-02-16,34124000,0,107000,34231000,Partially Paid
INV0000954,STU001471,HK Hè,2026-2027,2026-03-01,2026-04-23,22511000,11256000,0,11255000,Paid
INV0000955,STU001014,HK2,2028-2029,2028-12-01,2029-01-07,27948000,13974000,0,13974000,Paid
INV0000956,STU000355,HK2,2026-2027,2026-10-18,15/12/2026,11546000,5773000,0,5773000,Overdue
INV0000957,STU000306,HK2,2022-2023,2022-07-27,2022-09-15,12685000,0,0,12685000,Overdue
INV0000958,STU001395,HK2,2023-2024,2023-12-29,2024-02-13,23473000,0,0,23473000,Paid
INV0000959,STU000439,HK1,2021-2022,2021-09-24,2021-11-06,19066000,0,772000,19838000,Partially Paid
INV0000960,STU000999,HK2,2028-2029,2028-09-25,2028-10-21,32177000,0,0,32177000,Issued
INV0000961,STU001176,HK2,2026-2027,2026-10-13,2026-11-23,22892000,2289000,0,20603000,Paid
INV0000962,STU000155,HK Hè,2026-2027,2026-07-28,2026-09-26,19099000,1910000,0,17189000,Paid
INV0000963,STU001403,HK1,2020-2021,2020-06-26,2020-08-09,13587000,1359000,1312000,13540000,Paid
INV0000964,STU000220,HK1,2023-2024,2023-06-12,2023-07-30,29012000,0,581000,29593000,Partially Paid
INV0000965,STU001381,HK1,2025-2026,2025-02-21,2025-04-04,14541000,0,0,14541000,Issued
INV0000966,STU000680,HK2,2025-2026,2025-09-15,2025-11-05,11811000,0,0,11811000,Partially Paid
INV0000967,STU001460,HK2,2021-2022,2021-02-19,2021-04-13,12411000,0,0,12411000,Overdue
INV0000968,STU000272,HK1,2022-2023,2022-08-22,2022-09-22,9714000,0,0,9714000,Partially Paid
INV0000969,STU001230,HK Hè,2022-2023,2022-01-28,2022-03-12,13501000,0,0,13501000,Partially Paid
INV0000970,STU000116,HK2,2024-2025,2024-06-27,2024-08-08,26802000,2680000,1474000,25596000,Overdue
INV0000971,STU001213,HK1,2023-2024,2023-02-07,2023-03-17,19818000,1982000,0,17836000,Partially Paid
INV0000972,STU000799,HK2,2020-2021,2020-06-03,2020-06-26,20081000,0,0,20081000,Overdue
INV0000973,STU000640,HK1,2027-2028,2027-01-27,2027-03-28,32392000,0,0,32392000,Paid
INV0000974,STU001223,HK1,2025-2026,2025-12-01,2026-01-24,28650000,0,0,28650000,Overdue
INV0000975,STU001100,HK Hè,2024-2025,2024-03-05,2024-04-01,16141000,0,0,16141000,Paid
INV0000976,STU001036,HK1,2022-2023,2022-07-20,2022-08-27,30506000,3051000,1312000,28767000,Paid
INV0000977,STU001132,HK1,2028-2029,2028-05-13,2028-06-10,15044000,0,0,15044000,Paid
INV0000978,STU000281,HK Hè,2026-2027,2026-01-09,2026-01-29,26967000,13484000,1354000,14837000,Paid
INV0000979,STU001002,HK Hè,2022-2023,2022-01-31,2022-03-19,22225000,11112000,857000,11970000,Overdue
INV0000980,STU000234,HK2,2026-2027,2026-11-11,2026-12-15,29689000,7422000,370000,22637000,Partially Paid
INV0000981,STU000602,HK Hè,2028-2029,2028-04-14,2028-05-31,24378000,2438000,1457000,23397000,Paid
INV0000982,STU000689,HK1,2028-2029,2028-12-18,2029-01-26,26451000,0,0,26451000,Overdue
INV0000983,STU000307,HK Hè,2028-2029,2028-08-07,2028-09-29,34562000,0,0,34562000,Issued
INV0000984,STU001096,HK2,2030-2031,2030-06-19,2030-08-14,10877000,0,0,10877000,Partially Paid
INV0000985,STU001391,HK1,2027-2028,2027-07-19,2027-08-09,26426000,0,0,26426000,Issued
INV0000986,STU001206,HK Hè,2027-2028,2027-12-02,2028-01-18,26039000,0,1402000,27441000,Partially Paid
INV0000987,STU000405,HK2,2026-2027,2026-05-04,17/06/2026,27970000,0,721000,28691000,Issued
INV0000988,STU001016,HK1,2028-2029,2028-04-05,2028-05-19,14955000,0,0,14955000,Paid
INV0000989,STU001375,HK1,2027-2028,14/02/2027,2027-03-11,25274000,0,0,25274000,Paid
INV0000990,STU000505,HK1,2023-2024,2023-04-20,2023-06-19,27986000,13993000,801000,14794000,Paid
INV0000991,STU001204,HK Hè,2021-2022,2021-07-23,2021-08-23,8269000,0,389000,8658000,Partially Paid
INV0000992,STU000127,HK1,2027-2028,2027-08-20,2027-10-18,14998000,0,0,14998000,Paid
INV0000993,STU000746,HK1,2026-2027,2026-06-03,2026-07-22,10842000,0,0,10842000,Paid
INV0000994,STU000610,HK2,2025-2026,2025-12-16,2026-02-01,18191000,4548000,0,13643000,Overdue
INV0000995,STU001425,HK2,2023-2024,2023-06-24,2023-08-17,29858000,14929000,740000,15669000,Issued
INV0000996,STU000481,HK1,2021-2022,2021-12-15,2022-01-15,21038000,2104000,0,18934000,Paid
INV0000997,STU001458,HK2,2020-2021,2020-11-09,2020-12-25,12029000,0,0,12029000,Overdue
INV0000998,STU001156,HK1,2028-2029,2028-01-10,2028-03-05,33463000,3346000,133000,30250000,Paid
INV0000999,STU000925,HK2,2024-2025,2024-03-08,2024-04-27,13498000,1350000,0,12148000,Partially Paid
INV0001000,STU001202,HK Hè,2024-2025,2024-02-18,2024-03-22,22272000,11136000,0,11136000,Partially Paid
INV0001001,STU000498,HK Hè,2020-2021,2020-12-16,2021-01-28,29928000,7482000,195000,22641000,Issued
INV0001002,STU001123,HK1,2027-2028,2027-07-04,2027-08-12,20270000,2027000,163000,18406000,Overdue
INV0001003,STU000714,HK Hè,2026-2027,2026-05-04,2026-05-29,32669000,0,1049000,33718000,Paid
INV0001004,STU000565,HK Hè,2022-2023,2022-10-29,2022-11-20,33768000,8442000,0,25326000,Overdue
INV0001005,STU000725,HK1,2027-2028,2027-07-16,2027-08-28,34890000,0,153000,35043000,Issued
INV0001006,STU000501,HK1,2025-2026,2025-09-19,2025-11-08,28161000,0,0,28161000,Paid
INV0001007,STU001406,HK2,2026-2027,2026-04-08,2026-05-25,15338000,3834000,460000,11964000,Paid
INV0001008,STU000088,HK1,2025-2026,2025-04-09,2025-05-24,8143000,0,0,8143000,Issued
INV0001009,STU000085,HK2,2022-2023,2022-04-18,08/06/2022,32528000,0,0,32528000,Issued
INV0001010,STU001240,HK1,2027-2028,2027-09-26,2027-11-08,20312000,10156000,363000,10519000,Paid
INV0001011,STU000323,HK2,2027-2028,2027-01-16,2027-02-18,20226000,2023000,0,18203000,Overdue
INV0001012,STU000917,HK1,2021-2022,2021-03-24,2021-05-05,24859000,0,773000,25632000,Issued
INV0001013,STU001331,HK2,2022-2023,2022-11-09,2022-12-15,14560000,7280000,0,7280000,Overdue
INV0001014,STU000177,HK2,2026-2027,2026-08-15,2026-09-06,10551000,1055000,0,9496000,Partially Paid
INV0001015,STU000399,HK1,2029-2030,2029-06-24,2029-07-14,22843000,2284000,0,20559000,Paid
INV0001016,STU001090,HK Hè,2025-2026,2025-01-27,2025-03-17,19805000,0,1190000,20995000,Partially Paid
INV0001017,STU000455,HK2,2026-2027,2026-01-17,2026-03-04,22180000,0,1384000,23564000,Paid
INV0001018,STU001226,HK1,2027-2028,2027-04-01,2027-04-27,25593000,12796000,0,12797000,Partially Paid
INV0001019,STU000082,HK2,2027-2028,2027-05-18,2027-07-14,8484000,0,0,8484000,Partially Paid
INV0001020,STU000741,HK Hè,2027-2028,2027-02-02,2027-03-06,29501000,0,0,29501000,Partially Paid
INV0001021,STU000015,HK Hè,2027-2028,2027-08-31,2027-10-16,33726000,16863000,0,20552000,Paid
INV0001022,STU000656,HK2,2023-2024,2023-01-08,2023-03-02,28052000,0,0,28052000,Issued
INV0001023,STU000559,HK2,2024-2025,2024-02-16,2024-04-13,30857000,7714000,0,23143000,Issued
INV0001024,STU000094,HK2,2025-2026,2025-07-22,2025-09-04,10802000,2700000,0,8102000,Paid
INV0001025,STU001405,HK1,2025-2026,2025-08-14,15/09/2025,34452000,8613000,0,25839000,Overdue
INV0001026,STU001173,HK1,2025-2026,2025-10-22,2025-11-15,26932000,6733000,0,20199000,Partially Paid
INV0001027,STU000447,HK2,2025-2026,2025-08-28,2025-10-20,27976000,0,0,27976000,Paid
INV0001028,STU001486,HK Hè,2023-2024,2023-11-08,2023-12-08,33089000,0,0,33089000,Overdue
INV0001029,STU000039,HK1,2024-2025,2024-11-29,2025-01-18,16990000,0,1092000,18082000,Paid
INV0001030,STU000498,HK1,2022-2023,2022-06-12,2022-07-07,17276000,0,0,17276000,Issued
INV0001031,STU000448,HK Hè,2023-2024,2023-07-12,04/08/2023,9590000,4795000,0,4795000,Partially Paid
INV0001032,STU000989,HK Hè,2029-2030,2029-02-25,2029-04-06,28138000,0,0,28138000,Overdue
INV0001033,STU001191,HK2,2026-2027,2026-01-10,2026-03-06,16523000,4131000,0,12392000,Overdue
INV0001034,STU000944,HK1,2026-2027,2026-08-11,2026-10-04,16676000,4169000,970000,13477000,Paid
INV0001035,STU000652,HK Hè,2028-2029,2028-11-03,2028-11-26,13149000,0,0,13149000,Partially Paid
INV0001036,STU000262,HK Hè,2026-2027,2026-10-29,2026-11-25,21582000,5396000,1426000,17612000,Overdue
INV0001037,STU000539,HK2,2025-2026,2025-09-07,2025-10-08,28539000,2854000,0,25685000,Issued
INV0001038,STU000369,HK Hè,2029-2030,2029-12-17,2030-02-06,15504000,3876000,0,11628000,Overdue
INV0001039,STU001388,HK2,2025-2026,2025-05-30,2025-07-20,20989000,0,0,20989000,Paid
INV0001040,STU000239,HK Hè,2022-2023,2022-03-18,2022-04-28,18884000,0,0,18884000,Partially Paid
INV0001041,STU001406,HK1,2023-2024,2023-07-19,2023-08-23,12577000,0,0,12577000,Issued
INV0001042,STU000248,HK2,2023-2024,2023-08-02,2023-09-13,28796000,14398000,0,14398000,Paid
INV0001043,STU000516,HK Hè,2020-2021,2020-04-30,2020-05-25,19008000,9504000,0,9504000,Overdue
INV0001044,STU000359,HK2,2027-2028,13/12/2027,2028-01-08,29410000,0,0,29410000,Issued
INV0001045,STU001448,HK Hè,2022-2023,2022-10-07,2022-11-13,29607000,7402000,0,22205000,Partially Paid
INV0001046,STU000106,HK1,2022-2023,2022-09-11,2022-10-13,30148000,3015000,983000,28116000,Issued
INV0001047,STU000087,HK Hè,2029-2030,2029-02-27,2029-03-25,17964000,4491000,0,13473000,Overdue
INV0001048,STU000945,HK1,2026-2027,2026-10-21,2026-11-14,27295000,6824000,0,20471000,Issued
INV0001049,STU000776,HK1,2021-2022,2021-03-08,2021-04-04,14201000,3550000,842000,11493000,Issued
INV0001050,STU000530,HK2,2024-2025,2024-11-06,2025-01-02,13608000,0,0,13608000,Partially Paid
INV0001051,STU000180,HK1,2028-2029,2028-08-12,2028-09-01,16037000,8018000,0,8019000,Overdue
INV0001052,STU001138,HK Hè,2026-2027,2026-09-24,2026-11-03,18551000,9276000,0,9275000,Issued
INV0001053,STU001465,HK1,2024-2025,2024-10-03,2024-10-23,9708000,2427000,0,7281000,Paid
INV0001054,STU001158,HK Hè,2025-2026,2025-08-28,2025-10-21,13858000,3464000,0,10394000,Overdue
INV0001055,STU000908,HK1,2023-2024,2023-12-20,2024-02-10,22332000,2233000,0,20099000,Paid
INV0001056,STU001169,HK Hè,2028-2029,2028-07-04,2028-08-23,24614000,0,0,24614000,Overdue
INV0001057,STU000056,HK2,2029-2030,2029-03-24,2029-05-19,34114000,3411000,0,30703000,Partially Paid
INV0001058,STU000904,HK1,2027-2028,2027-11-24,2027-12-26,17208000,1721000,444000,15931000,Issued
INV0001059,STU001135,HK Hè,2026-2027,2026-07-12,2026-09-08,22247000,11124000,904000,12027000,Overdue
INV0001060,STU001419,HK2,2027-2028,2027-12-06,2028-01-06,13461000,0,303000,13764000,Paid
INV0001061,STU000703,HK1,2022-2023,2022-12-23,2023-02-20,22916000,5729000,0,17187000,Paid
INV0001062,STU000202,HK1,2027-2028,2027-08-23,2027-09-29,25776000,6444000,0,19332000,Paid
INV0001063,STU001344,HK Hè,2021-2022,2021-05-16,2021-07-15,31801000,0,0,31801000,Paid
INV0001064,STU001326,HK2,2024-2025,2024-09-09,2024-10-19,8614000,2154000,0,6460000,Paid
INV0001065,STU000236,HK1,2025-2026,2025-10-06,2025-11-06,24299000,12150000,0,12149000,Partially Paid
INV0001066,STU001126,HK1,2024-2025,2024-07-14,2024-09-07,24547000,0,252000,24799000,Issued
INV0001067,STU000924,HK Hè,2028-2029,2028-07-04,2028-08-17,18859000,4715000,0,14144000,Issued
INV0001068,STU000493,HK2,2027-2028,2027-02-25,2027-04-14,32916000,0,0,32916000,Partially Paid
INV0001069,STU001160,HK Hè,2024-2025,2024-02-15,2024-04-14,31057000,7764000,0,23293000,Partially Paid
INV0001070,STU000022,HK2,2027-2028,2027-11-08,2027-12-23,14423000,7212000,0,7211000,Partially Paid
INV0001071,STU000002,HK1,2021-2022,2021-01-21,2021-02-22,30153000,7538000,0,22615000,Issued
INV0001072,STU000545,HK2,2028-2029,2028-08-28,2028-10-07,28478000,0,0,28478000,Issued
INV0001073,STU000977,HK2,2023-2024,2023-01-15,2023-02-06,19710000,0,0,19710000,Partially Paid
INV0001074,STU000668,HK Hè,2022-2023,2022-11-18,2022-12-11,32539000,0,973000,33512000,Issued
INV0001075,STU000666,HK2,2027-2028,2027-01-10,2027-02-01,30246000,3025000,155000,27376000,Issued
INV0001076,STU001451,HK1,2023-2024,2023-09-01,2023-10-12,18304000,1830000,0,16474000,Overdue
INV0001077,STU001040,HK1,2026-2027,2026-07-05,2026-09-02,27478000,0,1371000,28849000,Issued
INV0001078,STU000840,HK2,2026-2027,2026-03-14,2026-04-08,27874000,2787000,0,25087000,Paid
INV0001079,STU000890,HK1,2024-2025,2024-09-14,2024-10-05,18672000,0,390000,19062000,Issued
INV0001080,STU000833,HK1,2022-2023,2022-11-07,2022-12-11,10433000,0,1479000,11912000,Issued
INV0001081,STU001211,HK Hè,2026-2027,2026-07-01,2026-08-16,24540000,12270000,0,12270000,Overdue
INV0001082,STU001027,HK2,2022-2023,2022-09-04,2022-09-27,16138000,4034000,0,12104000,Overdue
INV0001083,STU000962,HK2,2021-2022,2021-05-25,2021-06-26,31953000,3195000,0,28758000,Partially Paid
INV0001084,STU000962,HK Hè,2023-2024,2023-09-14,2023-10-12,18552000,0,0,18552000,Partially Paid
INV0001085,STU001344,HK2,2024-2025,2024-11-03,2024-12-01,19583000,0,0,19583000,Partially Paid
INV0001086,STU001303,HK Hè,2027-2028,2027-08-11,2027-09-22,19481000,0,0,19481000,Overdue
INV0001087,STU000548,HK Hè,2028-2029,2028-10-12,2028-12-11,14866000,1487000,1158000,14537000,Issued
INV0001088,STU000495,HK1,2027-2028,2027-01-18,2027-03-02,33537000,3354000,0,30183000,Partially Paid
INV0001089,STU000608,HK2,2025-2026,2025-11-22,2025-12-31,16827000,8414000,0,8413000,Overdue
INV0001090,STU001260,HK Hè,2022-2023,2022-05-28,2022-07-05,26390000,0,1282000,27672000,Overdue
INV0001091,STU001472,HK1,2024-2025,2024-09-04,2024-10-19,33066000,8266000,0,24800000,Partially Paid
INV0001092,STU000237,HK Hè,2027-2028,2027-08-15,2027-09-15,9295000,0,0,9295000,Issued
INV0001093,STU000993,HK Hè,2023-2024,2023-04-18,2023-05-11,9605000,960000,0,8645000,Overdue
INV0001094,STU000784,HK Hè,2024-2025,2024-11-25,2025-01-17,21480000,0,0,21480000,Overdue
INV0001095,STU000108,HK Hè,2023-2024,2023-06-14,2023-07-17,29748000,2975000,0,26773000,Paid
INV0001096,STU000805,HK2,2024-2025,2024-11-05,2024-12-02,33926000,0,0,33926000,Overdue
INV0001097,STU000584,HK2,2026-2027,2026-05-12,2026-06-05,25741000,0,0,25741000,Partially Paid
INV0001098,STU000187,HK2,2029-2030,2029-02-14,2029-04-03,8928000,2232000,0,6696000,Paid
INV0001099,STU001153,HK Hè,2022-2023,2022-02-22,2022-03-22,13180000,0,0,13180000,Paid
INV0001100,STU000856,HK2,2023-2024,2023-02-23,2023-03-22,8194000,4097000,0,4097000,Issued
INV0001101,STU001246,HK1,2029-2030,2029-09-13,2029-10-22,8966000,0,0,8966000,Issued
INV0001102,STU001393,HK2,2027-2028,2027-05-13,2027-06-05,31911000,0,0,31911000,Issued
INV0001103,STU000444,HK2,2029-2030,2029-01-05,2029-02-03,9829000,0,0,9829000,Paid
INV0001104,STU001368,HK Hè,2024-2025,2024-06-01,2024-06-30,34386000,0,0,34386000,Overdue
INV0001105,STU000240,HK1,2026-2027,2026-05-06,2026-06-11,31830000,15915000,0,15915000,Issued
INV0001106,STU000262,HK1,2026-2027,2026-10-02,2026-11-25,12223000,3056000,898000,10065000,Paid
INV0001107,STU000308,HK2,2020-2021,2020-10-05,2020-11-13,28065000,0,0,28065000,Issued
INV0001108,STU001014,HK Hè,2025-2026,2025-04-14,20/05/2025,14357000,1436000,745000,13666000,Issued
INV0001109,STU000606,HK1,2024-2025,2024-05-23,2024-06-24,13665000,6832000,835000,7668000,Partially Paid
INV0001110,STU000280,HK1,2028-2029,2028-11-30,2029-01-17,13798000,0,0,13798000,Partially Paid
INV0001111,STU001418,HK1,2026-2027,2026-12-28,2027-02-20,29957000,0,0,29957000,Paid
INV0001112,STU001280,HK2,2026-2027,2026-09-29,2026-11-19,25443000,0,0,25443000,Paid
INV0001113,STU001076,HK1,2020-2021,2020-05-20,2020-06-16,12106000,0,0,12106000,Paid
INV0001114,STU000118,HK1,2026-2027,2026-11-16,2026-12-25,31363000,0,302000,31665000,Partially Paid
INV0001115,STU000459,HK Hè,2030-2031,2030-01-14,2030-03-07,8080000,0,1407000,9487000,Issued
INV0001116,STU000242,HK Hè,2025-2026,2025-04-30,2025-06-01,22771000,0,0,22771000,Overdue
INV0001117,STU000404,HK Hè,2029-2030,2029-02-03,2029-03-19,31890000,3189000,552000,29253000,Overdue
INV0001118,STU000988,HK1,2024-2025,2024-09-02,2024-10-09,19662000,0,0,19662000,Paid
INV0001119,STU000661,HK1,2026-2027,2026-04-23,2026-05-16,11770000,2942000,0,8828000,Paid
INV0001120,STU000760,HK1,2021-2022,2021-12-09,2022-02-03,32388000,0,0,32388000,Partially Paid
INV0001121,STU001381,HK2,2022-2023,2022-11-06,2022-12-14,8655000,2164000,0,10437000,Issued
INV0001122,STU000621,HK1,2022-2023,2022-11-20,2022-12-17,12167000,1217000,0,10950000,Paid
INV0001123,STU000258,HK Hè,2023-2024,2023-04-27,2023-06-07,26948000,0,0,26948000,Partially Paid
INV0001124,STU000628,HK1,2026-2027,2026-08-27,2026-10-22,14239000,3560000,984000,11663000,Paid
INV0001125,STU001413,HK Hè,2027-2028,2027-02-02,2027-03-08,22725000,0,0,22725000,Issued
INV0001126,STU001082,HK1,2025-2026,2025-07-08,2025-08-02,12350000,1235000,0,11115000,Partially Paid
INV0001127,STU000105,HK Hè,2027-2028,2027-08-06,2027-09-27,25345000,6336000,0,19009000,Issued
INV0001128,STU000738,HK1,2025-2026,2025-04-26,2025-05-18,28119000,0,163000,28282000,Partially Paid
INV0001129,STU000144,HK1,2021-2022,2021-07-15,2021-08-15,20036000,0,0,20036000,Issued
INV0001130,STU000680,HK1,2023-2024,2023-11-26,2023-12-19,22691000,0,753000,23444000,Overdue
INV0001131,STU001244,HK2,2022-2023,2022-04-20,2022-05-17,24055000,6014000,0,18041000,Partially Paid
INV0001132,STU000385,HK2,2024-2025,2024-08-11,2024-09-30,22971000,0,0,22971000,Issued
INV0001133,STU001091,HK2,2022-2023,2022-01-04,27/02/2022,17238000,1724000,0,15514000,Paid
INV0001134,STU000480,HK1,2026-2027,2026-12-28,2027-02-21,27956000,13978000,0,13978000,Partially Paid
INV0001135,STU000270,HK1,2020-2021,2020-12-03,2021-01-09,24663000,0,0,24663000,Issued
INV0001136,STU001001,HK Hè,2021-2022,26/12/2021,22/02/2022,9790000,4895000,0,4895000,Partially Paid
INV0001137,STU000408,HK2,2025-2026,2025-12-25,2026-02-09,28224000,0,0,28224000,Issued
INV0001138,STU000285,HK Hè,2023-2024,2023-10-04,2023-11-19,25547000,0,285000,25832000,Paid
INV0001139,STU001051,HK Hè,2026-2027,2026-02-05,2026-03-08,17517000,0,0,17517000,Paid
INV0001140,STU001182,HK1,2025-2026,2025-01-13,2025-03-04,19682000,1968000,525000,18239000,Paid
INV0001141,STU001310,HK1,2024-2025,2024-03-22,2024-04-19,26989000,6747000,1495000,21737000,Overdue
INV0001142,STU000436,HK1,2023-2024,2023-04-15,2023-05-30,26138000,6534000,0,19604000,Issued
INV0001143,STU000514,HK1,2025-2026,2025-11-25,2026-01-24,26757000,6689000,0,20068000,Paid
INV0001144,STU001244,HK2,2024-2025,2024-08-30,2024-09-22,22774000,0,0,22774000,Paid
INV0001145,STU001261,HK2,2022-2023,2022-03-10,2022-04-11,10847000,0,0,10847000,Overdue
INV0001146,STU001356,HK Hè,2023-2024,2023-07-14,2023-09-09,21696000,0,0,21696000,Paid
INV0001147,STU000507,HK1,2023-2024,2023-01-10,2023-03-08,30211000,7553000,588000,23246000,Overdue
INV0001148,STU000374,HK1,2023-2024,2023-01-10,2023-02-01,9301000,0,564000,9865000,Issued
INV0001149,STU000019,HK1,2025-2026,2025-11-21,2026-01-19,12784000,1278000,0,11506000,Issued
INV0001150,STU000841,HK2,2025-2026,2025-12-01,2026-01-12,18814000,0,244000,19058000,Overdue
INV0001151,STU000591,HK1,2026-2027,2026-03-08,2026-03-30,16552000,1655000,0,14897000,Partially Paid
INV0001152,STU000398,HK Hè,2029-2030,2029-08-15,2029-09-08,21591000,10796000,0,10795000,Issued
INV0001153,STU001096,HK Hè,2025-2026,2025-08-18,2025-09-21,10395000,2599000,0,7796000,Issued
INV0001154,STU000209,HK Hè,2023-2024,2023-02-20,2023-04-20,16396000,8198000,0,8198000,Paid
INV0001155,STU000806,HK2,2025-2026,2025-02-20,2025-03-25,17012000,1701000,0,15311000,Partially Paid
INV0001156,STU001244,HK2,2020-2021,2020-12-08,2021-01-02,32861000,0,0,32861000,Partially Paid
INV0001157,STU001431,HK1,2027-2028,2027-12-07,2028-01-04,33458000,8364000,0,25094000,Paid
INV0001158,STU001150,HK1,2028-2029,2028-04-10,2028-05-01,22513000,11256000,0,11257000,Partially Paid
INV0001159,STU001242,HK1,2022-2023,2022-11-21,2023-01-08,13733000,0,0,13733000,Paid
INV0001160,STU001136,HK2,2024-2025,2024-09-03,2024-10-15,21449000,10724000,0,10725000,Overdue
INV0001161,STU000708,HK Hè,2023-2024,2023-01-21,2023-03-20,34529000,0,0,34529000,Paid
INV0001162,STU001170,HK1,2022-2023,2022-08-01,2022-08-24,8887000,0,0,8887000,Overdue
INV0001163,STU001488,HK1,2021-2022,2021-05-27,2021-07-04,11294000,0,0,11294000,Paid
INV0001164,STU001133,HK2,2026-2027,2026-07-19,2026-08-29,30272000,15136000,0,15136000,Partially Paid
INV0001165,STU000384,HK1,2024-2025,2024-02-16,2024-03-10,20665000,2066000,0,18599000,Overdue
INV0001166,STU000437,HK Hè,2026-2027,2026-02-05,2026-03-04,18496000,9248000,0,9248000,Partially Paid
INV0001167,STU000889,HK Hè,2026-2027,2026-06-14,2026-07-11,32125000,3212000,0,28913000,Overdue
INV0001168,STU000229,HK2,2027-2028,2027-05-27,2027-07-19,23186000,2319000,0,20867000,Overdue
INV0001169,STU000777,HK Hè,2022-2023,2022-03-10,2022-04-25,9679000,2420000,989000,8248000,Overdue
INV0001170,STU001064,HK1,2026-2027,2026-04-05,2026-05-15,15274000,0,0,15274000,Overdue
INV0001171,STU000386,HK Hè,2023-2024,2023-02-06,2023-03-15,16303000,1630000,0,14673000,Partially Paid
INV0001172,STU000754,HK1,2023-2024,2023-02-06,2023-03-27,20028000,0,1323000,21351000,Issued
INV0001173,STU001456,HK Hè,2024-2025,2024-10-04,2024-11-01,23623000,0,814000,24437000,Overdue
INV0001174,STU000960,HK Hè,2020-2021,2020-03-13,2020-04-17,30834000,0,419000,31253000,Issued
INV0001175,STU000505,HK1,2021-2022,2021-03-08,2021-04-11,17842000,4460000,0,13382000,Issued
INV0001176,STU000239,HK Hè,2022-2023,2022-09-30,2022-11-13,11588000,0,1493000,13081000,Partially Paid
INV0001177,STU000728,HK2,2023-2024,2023-05-11,2023-06-24,34276000,3428000,198000,31046000,Partially Paid
INV0001178,STU001408,HK1,2024-2025,2024-12-26,2025-02-06,34635000,0,165000,34800000,Issued
INV0001179,STU000936,HK1,2028-2029,2028-09-22,2028-11-13,8590000,859000,575000,8306000,Issued
INV0001180,STU001417,HK2,2027-2028,2027-01-01,2027-01-27,13486000,3372000,1221000,11335000,Partially Paid
INV0001181,STU001361,HK1,2028-2029,2028-10-15,2028-11-24,26289000,13144000,501000,13646000,Paid
INV0001182,STU001140,HK Hè,2027-2028,2027-06-23,2027-07-15,11274000,0,0,11274000,Partially Paid
INV0001183,STU000339,HK Hè,2026-2027,2026-03-26,2026-05-23,34856000,0,0,34856000,Issued
INV0001184,STU001220,HK1,2023-2024,2023-03-05,2023-04-02,21920000,0,0,21920000,Issued
INV0001185,STU000380,HK2,2022-2023,2022-02-27,2022-04-03,18849000,0,0,18849000,Partially Paid
INV0001186,STU001036,HK Hè,2023-2024,2023-08-12,2023-10-09,12375000,1238000,0,11137000,Overdue
INV0001187,STU000065,HK Hè,2028-2029,2028-11-03,2028-12-15,21047000,0,0,21047000,Issued
INV0001188,STU000024,HK2,2030-2031,2030-02-26,2030-03-31,25395000,0,0,25395000,Issued
INV0001189,STU000766,HK2,2024-2025,03/12/2024,2025-01-09,21028000,10514000,0,10514000,Paid
INV0001190,STU000114,HK Hè,2023-2024,2023-01-14,2023-02-28,23079000,0,772000,23851000,Issued
INV0001191,STU000308,HK2,2021-2022,2021-04-08,2021-05-08,30406000,15203000,0,15203000,Paid
INV0001192,STU000595,HK2,2023-2024,2023-10-16,2023-11-17,32694000,16347000,0,16347000,Overdue
INV0001193,STU000081,HK1,2024-2025,2024-02-06,2024-03-10,31926000,7982000,0,23944000,Issued
INV0001194,STU001170,HK1,2022-2023,2022-05-13,2022-06-20,9033000,0,0,12334000,Partially Paid
INV0001195,STU001063,HK Hè,2027-2028,2027-03-06,2027-04-08,34837000,17418000,0,17419000,Issued
INV0001196,STU000695,HK1,2026-2027,2026-05-06,2026-06-04,22054000,11027000,0,11027000,Overdue
INV0001197,STU000858,HK2,2023-2024,2023-07-30,2023-09-03,31178000,15589000,0,15589000,Partially Paid
INV0001198,STU001282,HK1,2020-2021,2020-05-10,2020-05-30,9141000,0,0,9141000,Paid
INV0001199,STU000543,HK Hè,2022-2023,2022-06-17,2022-07-11,21660000,0,0,21660000,Paid
INV0001200,STU001383,HK1,2028-2029,2028-05-19,2028-06-16,22234000,0,0,22234000,Partially Paid
INV0001201,STU000548,HK1,2027-2028,2027-08-15,2027-10-06,30428000,15214000,0,15214000,Overdue
INV0001202,STU000193,HK Hè,2022-2023,2022-08-18,2022-09-17,15869000,0,744000,16613000,Overdue
INV0001203,STU000804,HK Hè,2026-2027,2026-07-17,2026-08-25,12714000,3178000,877000,10413000,Paid
INV0001204,STU000734,HK Hè,2025-2026,2025-02-17,2025-04-05,21391000,5348000,0,16043000,Overdue
INV0001205,STU000168,HK Hè,2025-2026,2025-12-23,2026-01-23,11163000,0,0,11163000,Overdue
INV0001206,STU000493,HK2,2026-2027,2026-02-24,2026-03-29,14326000,3582000,0,10744000,Overdue
INV0001207,STU000682,HK1,2025-2026,2025-07-23,2025-09-01,11182000,0,0,11182000,Overdue
INV0001208,STU000132,HK Hè,2027-2028,2027-11-04,2027-12-18,34422000,0,0,34422000,Paid
INV0001209,STU000214,HK2,2024-2025,09/04/2024,2024-05-13,31083000,7771000,0,23312000,Overdue
INV0001210,STU001455,HK1,2023-2024,2023-06-28,2023-08-23,10076000,1008000,0,9068000,Paid
INV0001211,STU000760,HK2,2021-2022,04/05/2021,2021-06-22,34623000,0,856000,35479000,Issued
INV0001212,STU001471,HK Hè,2023-2024,2023-07-24,2023-09-11,16645000,4161000,528000,13012000,Overdue
INV0001213,STU000845,HK2,2025-2026,2025-01-15,2025-03-05,34472000,0,0,34472000,Partially Paid
INV0001214,STU001174,HK2,2025-2026,2025-02-04,2025-02-28,21282000,0,0,21282000,Issued
INV0001215,STU001176,HK1,2026-2027,2026-05-19,2026-06-09,10091000,0,0,10091000,Issued
INV0001216,STU000716,HK1,2022-2023,2022-02-17,2022-04-11,27817000,0,0,27817000,Issued
INV0001217,STU000094,HK Hè,2025-2026,2025-05-27,2025-06-18,32869000,0,0,32869000,Partially Paid
INV0001218,STU000477,HK Hè,2030-2031,2030-02-09,2030-03-16,34426000,17213000,0,17213000,Issued
INV0001219,STU000563,HK Hè,2025-2026,2025-06-04,2025-07-07,10143000,1014000,143000,9272000,Paid
INV0001220,STU000906,HK2,2022-2023,2022-10-12,2022-12-04,31362000,7840000,0,23522000,Overdue
INV0001221,STU000650,HK1,2022-2023,2022-02-15,2022-03-08,34192000,0,0,34192000,Overdue
INV0001222,STU000682,HK1,2022-2023,2022-11-21,2023-01-08,16191000,0,0,16191000,Issued
INV0001223,STU000610,HK1,2025-2026,2025-08-17,2025-10-15,16645000,4161000,0,12484000,Issued
INV0001224,STU001459,HK1,2024-2025,2024-06-23,2024-07-21,30971000,0,0,30971000,Paid
INV0001225,STU000759,HK1,2025-2026,2025-05-15,2025-06-30,33756000,0,657000,34413000,Overdue
INV0001226,STU000582,HK1,2022-2023,2022-11-03,2022-12-09,25215000,0,1395000,26610000,Overdue
INV0001227,STU000948,HK1,2028-2029,2028-02-20,2028-04-16,21257000,0,0,21257000,Issued
INV0001228,STU000640,HK Hè,2029-2030,2029-08-07,2029-09-02,12957000,0,0,12957000,Paid
INV0001229,STU000395,HK2,2025-2026,2025-08-30,2025-10-05,24917000,0,0,24917000,Paid
INV0001230,STU000788,HK2,2026-2027,2026-04-03,2026-05-06,23690000,0,0,23690000,Paid
INV0001231,STU000578,HK1,2027-2028,2027-07-16,2027-09-09,9574000,2394000,999000,8179000,Partially Paid
INV0001232,STU001046,HK Hè,2025-2026,2025-02-28,2025-04-01,9868000,2467000,0,7401000,Overdue
INV0001233,STU000510,HK2,2025-2026,2025-10-13,2025-11-18,29862000,2986000,0,26876000,Issued
INV0001234,STU001340,HK2,2027-2028,2027-02-07,2027-03-24,23629000,5907000,0,17722000,Partially Paid
INV0001235,STU000290,HK Hè,2024-2025,2024-07-25,2024-09-08,20890000,5222000,0,15668000,Partially Paid
INV0001236,STU000982,HK2,2027-2028,2027-04-04,2027-05-19,10003000,0,752000,10755000,Issued
INV0001237,STU000238,HK1,2022-2023,2022-04-19,2022-05-22,8126000,0,673000,8799000,Issued
INV0001238,STU000183,HK2,2026-2027,2026-01-07,2026-02-26,15302000,7651000,0,7651000,Overdue
INV0001239,STU000722,HK Hè,2027-2028,2027-09-21,26/10/2027,11915000,0,0,11915000,Partially Paid
INV0001240,STU001143,HK Hè,2026-2027,04/12/2026,08/01/2027,11652000,0,0,11652000,Partially Paid
INV0001241,STU000568,HK Hè,2027-2028,2027-01-26,2027-03-20,20311000,0,1197000,21508000,Paid
INV0001242,STU000611,HK Hè,2023-2024,2023-02-20,2023-04-02,10690000,2672000,0,8018000,Overdue
INV0001243,STU000742,HK Hè,2024-2025,2024-02-06,2024-03-06,23380000,0,0,23380000,Issued
INV0001244,STU000734,HK2,2022-2023,2022-12-18,2023-01-11,25392000,0,0,25392000,Partially Paid
INV0001245,STU000519,HK2,2027-2028,2027-09-06,2027-11-03,25917000,0,0,25917000,Partially Paid
INV0001246,STU000651,HK Hè,2022-2023,2022-10-12,2022-12-09,20867000,5217000,0,15650000,Paid
INV0001247,STU000628,HK2,2027-2028,2027-10-30,2027-12-11,33974000,8494000,1074000,26554000,Overdue
INV0001248,STU000406,HK1,2023-2024,2023-02-17,2023-03-31,30134000,0,0,30134000,Overdue
INV0001249,STU000299,HK2,2026-2027,2026-06-20,2026-08-10,8552000,0,0,8552000,Overdue
INV0001250,STU000058,HK2,2027-2028,2027-01-08,2027-02-15,9235000,2309000,0,6926000,Issued
INV0001251,STU001019,HK Hè,2023-2024,2023-04-23,2023-06-11,17377000,8688000,0,8689000,Overdue
INV0001252,STU000864,HK Hè,2022-2023,2022-12-03,2023-01-13,27582000,0,0,27582000,Issued
INV0001253,STU001259,HK1,2028-2029,2028-02-27,10/04/2028,12822000,3206000,0,9616000,Paid
INV0001254,STU000822,HK1,2027-2028,2027-08-01,2027-09-04,17174000,1717000,524000,15981000,Paid
INV0001255,STU001474,HK1,2020-2021,2020-11-23,2021-01-21,24573000,0,0,24573000,Paid
INV0001256,STU001270,HK Hè,2027-2028,2027-03-21,2027-04-27,34738000,0,0,34738000,Overdue
INV0001257,STU001052,HK1,2028-2029,2028-08-13,2028-09-26,26784000,0,0,26784000,Overdue
INV0001258,STU001192,HK1,2023-2024,2023-06-04,2023-06-27,8665000,0,827000,9492000,Overdue
INV0001259,STU001467,HK Hè,2021-2022,07/11/2021,2022-01-06,26689000,0,0,26689000,Paid
INV0001260,STU000574,HK1,2023-2024,2023-07-02,2023-08-18,9163000,2291000,1011000,7883000,Partially Paid
INV0001261,STU000180,HK2,2024-2025,15/12/2024,2025-01-16,21391000,0,172000,21563000,Partially Paid
INV0001262,STU000712,HK2,2023-2024,2023-11-30,2024-01-12,19613000,9806000,0,9807000,Overdue
INV0001263,STU000600,HK2,2024-2025,2024-05-08,2024-06-11,14772000,0,0,14772000,Partially Paid
INV0001264,STU000911,HK1,2027-2028,2027-09-03,2027-11-02,8487000,0,0,8487000,Partially Paid
INV0001265,STU000831,HK Hè,2024-2025,2024-11-04,2024-12-26,9800000,0,0,9800000,Paid
INV0001266,STU000311,HK Hè,2023-2024,2023-12-19,2024-02-01,25852000,2585000,1237000,24504000,Overdue
INV0001267,STU000387,HK2,2024-2025,2024-03-22,2024-05-03,31199000,3120000,0,28079000,Overdue
INV0001268,STU000356,HK1,2027-2028,2027-02-06,2027-03-05,22900000,0,0,22900000,Paid
INV0001269,STU000842,HK2,2021-2022,2021-01-08,2021-02-01,33447000,0,0,33447000,Paid
INV0001270,STU000177,HK Hè,2024-2025,2024-03-12,2024-04-30,10189000,1019000,0,9170000,Partially Paid
INV0001271,STU001297,HK Hè,2024-2025,2024-05-20,2024-07-13,9727000,0,0,9727000,Overdue
INV0001272,STU000227,HK1,2028-2029,2028-12-11,2029-01-27,32442000,16221000,0,16221000,Partially Paid
INV0001273,STU000820,HK Hè,2019-2020,2019-11-17,2020-01-03,23856000,0,0,23856000,Issued
INV0001274,STU000560,HK Hè,2028-2029,2028-11-16,2028-12-24,8268000,0,0,8268000,Partially Paid
INV0001275,STU000712,HK Hè,2024-2025,2024-11-29,2025-01-22,9671000,0,0,9671000,Overdue
INV0001276,STU000981,HK1,2026-2027,2026-04-03,2026-05-15,27446000,0,0,27446000,Partially Paid
INV0001277,STU000418,HK2,2021-2022,2021-02-23,2021-03-23,29291000,2929000,0,26362000,Overdue
INV0001278,STU000126,HK1,2025-2026,2025-11-02,2025-12-23,18384000,0,1378000,19762000,Issued
INV0001279,STU000575,HK1,2022-2023,2022-01-28,2022-03-25,31887000,0,0,31887000,Partially Paid
INV0001280,STU000422,HK Hè,2022-2023,2022-04-13,2022-06-10,13424000,0,0,13424000,Issued
INV0001281,STU000043,HK2,2025-2026,2025-10-08,2025-11-30,27198000,13599000,0,13599000,Issued
INV0001282,STU000254,HK2,2026-2027,2026-11-10,2026-12-23,20849000,0,0,20849000,Partially Paid
INV0001283,STU000525,HK1,2024-2025,2024-10-15,2024-12-05,17744000,8872000,0,8872000,Overdue
INV0001284,STU001401,HK Hè,2026-2027,2026-06-08,2026-07-20,8148000,0,0,8148000,Overdue
INV0001285,STU001248,HK2,2026-2027,2026-11-13,2027-01-05,34777000,17388000,0,17389000,Issued
INV0001286,STU001479,HK1,2025-2026,2025-08-21,2025-10-02,22929000,11464000,927000,12392000,Issued
INV0001287,STU001079,HK1,2023-2024,2023-08-03,2023-09-09,23822000,5956000,0,17866000,Issued
INV0001288,STU001074,HK Hè,2026-2027,2026-12-08,2026-12-30,18397000,4599000,0,13798000,Overdue
INV0001289,STU000355,HK1,2025-2026,2025-12-06,2026-02-01,9116000,2279000,680000,7517000,Overdue
INV0001290,STU001169,HK2,2026-2027,2026-02-14,2026-03-16,25786000,6446000,0,19340000,Issued
INV0001291,STU001320,HK Hè,2025-2026,2025-12-10,2026-01-22,14033000,1403000,0,12630000,Partially Paid
INV0001292,STU000467,HK1,2023-2024,2023-11-16,12/12/2023,27429000,2743000,0,24686000,Issued
INV0001293,STU000069,HK Hè,2022-2023,2022-11-09,2022-12-17,27172000,6793000,415000,20794000,Paid
INV0001294,STU001096,HK2,2027-2028,2027-08-06,2027-09-09,32866000,0,0,32866000,Partially Paid
INV0001295,STU000697,HK1,2024-2025,2024-06-13,2024-07-31,11698000,2924000,0,8774000,Paid
INV0001296,STU000988,HK1,2025-2026,17/02/2025,2025-03-23,13637000,6818000,1214000,8033000,Paid
INV0001297,STU001298,HK Hè,2024-2025,2024-11-15,2024-12-09,24253000,2425000,0,21828000,Overdue
INV0001298,STU001400,HK Hè,2027-2028,2027-07-27,2027-09-20,34720000,0,0,34720000,Overdue
INV0001299,STU000028,HK2,2027-2028,2027-02-20,2027-03-25,26665000,2666000,0,23999000,Paid
INV0001300,STU000919,HK Hè,2022-2023,2022-04-02,2022-04-27,32947000,0,0,32947000,Paid
INV0001301,STU000494,HK1,2027-2028,2027-02-26,2027-04-15,19212000,1921000,0,17291000,Partially Paid
INV0001302,STU000123,HK Hè,2028-2029,2028-02-14,04/04/2028,17537000,4384000,0,13153000,Partially Paid
INV0001303,STU000124,HK Hè,2023-2024,2023-05-19,2023-06-14,18963000,0,0,18963000,Paid
INV0001304,STU000016,HK2,2023-2024,2023-04-19,2023-06-17,31315000,3132000,0,28183000,Partially Paid
INV0001305,STU001482,HK Hè,2022-2023,2022-10-03,2022-10-27,27564000,13782000,0,13782000,Issued
INV0001306,STU001356,HK Hè,2025-2026,2025-12-12,2026-02-01,33465000,0,0,33465000,Issued
INV0001307,STU000583,HK Hè,2027-2028,2027-11-01,2027-12-14,17610000,1761000,0,15849000,Issued
INV0001308,STU001288,HK1,2025-2026,2025-03-12,2025-05-02,23228000,0,0,23228000,Paid
INV0001309,STU000220,HK1,2021-2022,2021-11-16,2022-01-15,13135000,0,0,13135000,Paid
INV0001310,STU000744,HK1,2024-2025,2024-11-28,2024-12-19,28019000,14010000,0,14009000,Issued
INV0001311,STU000143,HK2,2025-2026,2025-07-22,2025-08-16,9046000,0,0,9046000,Partially Paid
INV0001312,STU001134,HK2,2024-2025,2024-01-17,2024-03-17,25787000,12894000,856000,13749000,Paid
INV0001313,STU000053,HK2,2024-2025,2024-05-15,2024-06-30,17661000,0,0,17661000,Partially Paid
INV0001314,STU001235,HK2,2023-2024,2023-09-04,2023-09-25,28772000,2877000,0,25895000,Partially Paid
INV0001315,STU000526,HK2,2024-2025,2024-01-21,2024-03-18,14298000,0,425000,14723000,Paid
INV0001316,STU000828,HK Hè,2028-2029,2028-01-06,2028-02-06,8616000,2154000,0,6462000,Overdue
INV0001317,STU000292,HK Hè,2026-2027,2026-01-06,2026-01-26,10477000,5238000,132000,5371000,Issued
INV0001318,STU000603,HK2,2024-2025,2024-04-06,2024-05-05,33437000,0,1163000,34600000,Partially Paid
INV0001319,STU000276,HK1,2023-2024,2023-10-18,2023-12-09,12295000,0,0,12295000,Issued
INV0001320,STU001363,HK2,2026-2027,2026-07-12,2026-08-08,23948000,0,0,23948000,Paid
INV0001321,STU001248,HK1,2029-2030,2029-11-23,2029-12-24,33109000,16554000,0,16555000,Issued
INV0001322,STU000511,HK Hè,2024-2025,2024-10-11,2024-11-28,22339000,0,0,22339000,Overdue
INV0001323,STU000748,HK1,2023-2024,2023-05-23,2023-07-17,14356000,0,0,14356000,Overdue
INV0001324,STU000750,HK1,2027-2028,2027-08-28,2027-09-17,31195000,0,0,31195000,Paid
INV0001325,STU000297,HK1,2024-2025,2024-12-03,2025-01-09,32447000,0,0,32447000,Issued
INV0001326,STU000046,HK Hè,2021-2022,2021-10-06,2021-11-22,31243000,3124000,0,28119000,Overdue
INV0001327,STU000141,HK Hè,2022-2023,2022-03-18,2022-05-12,13874000,0,1389000,15263000,Overdue
INV0001328,STU000141,HK2,2021-2022,2021-07-19,2021-08-09,10052000,5026000,0,5026000,Overdue
INV0001329,STU000340,HK Hè,2025-2026,2025-08-30,2025-10-22,34386000,0,0,34386000,Overdue
INV0001330,STU000281,HK Hè,2028-2029,2028-07-27,2028-08-18,17270000,0,0,17270000,Issued
INV0001331,STU000883,HK2,2028-2029,2028-01-15,2028-03-04,22410000,0,0,22410000,Overdue
INV0001332,STU001140,HK2,2027-2028,2027-09-30,2027-10-21,34266000,17133000,0,17133000,Overdue
INV0001333,STU000644,HK2,2025-2026,2025-03-25,2025-04-20,31179000,0,0,31179000,Overdue
INV0001334,STU000864,HK2,2020-2021,2020-08-27,2020-10-12,26448000,6612000,0,19836000,Paid
INV0001335,STU001320,HK1,2027-2028,2027-04-25,2027-06-13,10810000,5405000,264000,5669000,Issued
INV0001336,STU000909,HK1,2028-2029,2028-10-27,2028-11-23,34062000,0,0,34062000,Paid
INV0001337,STU001466,HK1,2026-2027,2026-07-14,2026-08-04,9557000,4778000,0,4779000,Paid
INV0001338,STU001002,HK2,2022-2023,2022-11-25,2022-12-30,17815000,4454000,0,13361000,Partially Paid
INV0001339,STU000233,HK1,2019-2020,2019-10-05,19/11/2019,22119000,5530000,0,16589000,Partially Paid
INV0001340,STU001138,HK2,2023-2024,2023-01-19,2023-02-08,25748000,0,789000,26537000,Issued
INV0001341,STU000901,HK1,2023-2024,2023-07-24,2023-08-20,10798000,1080000,0,9718000,Overdue
INV0001342,STU000722,HK Hè,2026-2027,2026-09-11,2026-10-21,16456000,8228000,0,8228000,Partially Paid
INV0001343,STU001450,HK Hè,2026-2027,2026-02-15,2026-04-09,13977000,3494000,607000,11090000,Partially Paid
INV0001344,STU000397,HK Hè,2027-2028,2027-05-06,2027-06-14,13461000,1346000,0,12115000,Partially Paid
INV0001345,STU001169,HK1,2024-2025,2024-06-04,2024-07-07,33965000,0,1179000,35144000,Paid
INV0001346,STU000277,HK1,2026-2027,2026-06-15,2026-08-09,10547000,1055000,0,9492000,Overdue
INV0001347,STU000002,HK2,2023-2024,2023-08-14,2023-09-21,8134000,0,1428000,9562000,Partially Paid
INV0001348,STU000892,HK Hè,2022-2023,2022-08-15,2022-10-05,27280000,2728000,0,24552000,Issued
INV0001349,STU000711,HK1,2027-2028,2027-12-22,2028-02-11,17534000,0,664000,18198000,Overdue
INV0001350,STU000967,HK1,2019-2020,2019-10-17,2019-11-29,23785000,0,929000,24714000,Partially Paid
INV0001351,STU000908,HK1,2023-2024,2023-12-18,2024-01-17,17191000,0,790000,17981000,Paid
INV0001352,STU000884,HK1,2025-2026,2025-08-09,08/10/2025,15670000,0,125000,15795000,Issued
INV0001353,STU000561,HK2,2028-2029,2028-06-01,2028-07-28,23351000,0,0,23351000,Overdue
INV0001354,STU000422,HK Hè,2021-2022,2021-07-08,2021-08-19,18540000,4635000,0,13905000,Issued
INV0001355,STU000428,HK1,2025-2026,2025-08-13,2025-09-23,34359000,3436000,0,30923000,Overdue
INV0001356,STU000688,HK2,2021-2022,2021-11-01,2021-12-30,31501000,15750000,0,15751000,Overdue
INV0001357,STU001285,HK1,2027-2028,2027-09-15,2027-10-26,18081000,0,0,18081000,Paid
INV0001358,STU001354,HK1,2022-2023,2022-01-03,2022-01-29,26300000,0,0,26300000,Paid
INV0001359,STU001488,HK Hè,2020-2021,2020-01-02,2020-02-16,17898000,4474000,0,13424000,Overdue
INV0001360,STU000748,HK2,2026-2027,2026-08-14,2026-09-03,27026000,0,1263000,28289000,Issued
INV0001361,STU000634,HK Hè,2024-2025,2024-11-05,2024-12-31,26650000,13325000,1422000,14747000,Paid
INV0001362,STU000520,HK2,2026-2027,2026-11-07,2026-12-20,29384000,7346000,0,22038000,Overdue
INV0001363,STU001086,HK1,2020-2021,2020-11-11,2021-01-07,32188000,8047000,0,24141000,Overdue
INV0001364,STU000194,HK2,2026-2027,2026-04-22,2026-06-19,34608000,17304000,0,17304000,Partially Paid
INV0001365,STU000199,HK1,2024-2025,2024-05-03,2024-06-17,11736000,0,454000,12190000,Paid
INV0001366,STU001360,HK1,2023-2024,2023-05-13,2023-06-20,13519000,1352000,0,12167000,Issued
INV0001367,STU000585,HK1,2025-2026,2025-11-20,2026-01-15,13512000,1351000,1022000,13183000,Paid
INV0001368,STU000388,HK2,2026-2027,2026-06-07,2026-07-06,18396000,9198000,0,9198000,Overdue
INV0001369,STU000694,HK1,2021-2022,2021-08-26,2021-10-25,28444000,7111000,0,21333000,Partially Paid
INV0001370,STU001379,HK1,2024-2025,2024-06-17,2024-07-24,10366000,5183000,0,5183000,Partially Paid
INV0001371,STU000585,HK2,2024-2025,2024-01-19,2024-02-29,18956000,9478000,0,9478000,Issued
INV0001372,STU000687,HK Hè,2023-2024,2023-10-15,10/11/2023,16090000,4022000,0,12068000,Issued
INV0001373,STU000935,HK Hè,2024-2025,2024-12-24,2025-01-25,21971000,5493000,0,16478000,Paid
INV0001374,STU001111,HK1,2024-2025,2024-02-12,2024-03-11,22849000,5712000,0,17137000,Overdue
INV0001375,STU000268,HK1,2024-2025,2024-04-24,2024-05-15,14597000,0,0,14597000,Overdue
INV0001376,STU000818,HK2,2029-2030,2029-03-26,29/04/2029,31187000,0,0,31187000,Paid
INV0001377,STU001186,HK Hè,2027-2028,2027-06-20,2027-07-31,27665000,6916000,1366000,22115000,Issued
INV0001378,STU000850,HK Hè,2022-2023,2022-05-04,2022-06-06,11699000,0,251000,11950000,Overdue
INV0001379,STU000870,HK2,2026-2027,2026-05-11,2026-06-07,15956000,0,0,15956000,Partially Paid
INV0001380,STU001389,HK1,2029-2030,2029-12-20,2030-02-16,12519000,0,0,12519000,Paid
INV0001381,STU000120,HK2,2028-2029,2028-11-26,2028-12-29,29086000,0,0,29086000,Paid
INV0001382,STU001457,HK Hè,2025-2026,2025-01-29,2025-03-14,26224000,0,515000,26739000,Paid
INV0001383,STU001340,HK Hè,2029-2030,2029-11-07,2029-11-27,18877000,4719000,793000,14951000,Overdue
INV0001384,STU000159,HK Hè,2022-2023,2022-08-23,2022-09-12,25755000,0,0,25755000,Paid
INV0001385,STU001004,HK1,2024-2025,2024-02-10,2024-03-29,11351000,0,0,11351000,Issued
INV0001386,STU001391,HK2,2025-2026,2025-07-23,2025-09-11,34602000,3460000,0,31871000,Partially Paid
INV0001387,STU000112,HK Hè,2024-2025,2024-05-05,2024-06-08,8425000,4212000,0,4213000,Overdue
INV0001388,STU000922,HK Hè,2025-2026,17/12/2025,2026-02-11,20535000,10268000,0,10267000,Paid
INV0001389,STU000502,HK2,2023-2024,2023-10-22,2023-12-10,27166000,13583000,0,13583000,Overdue
INV0001390,STU001004,HK Hè,2026-2027,2026-05-13,2026-06-21,14661000,0,0,14661000,Partially Paid
INV0001391,STU000246,HK1,2023-2024,2023-08-13,2023-10-12,27582000,0,0,27582000,Partially Paid
INV0001392,STU001281,HK2,2024-2025,2024-02-23,2024-04-17,31058000,0,0,31058000,Paid
INV0001393,STU001471,HK Hè,2023-2024,23/10/2023,2023-12-12,13606000,1361000,0,14511000,Paid
INV0001394,STU000155,HK1,2023-2024,2023-09-24,2023-11-13,22292000,0,1276000,23568000,Partially Paid
INV0001395,STU000260,HK2,2023-2024,2023-04-08,2023-05-08,34062000,3406000,0,30656000,Issued
INV0001396,STU000648,HK2,2027-2028,2027-12-02,2028-01-19,11606000,0,0,11606000,Overdue
INV0001397,STU000881,HK2,2023-2024,2023-07-31,2023-09-01,10733000,5366000,0,5367000,Paid
INV0001398,STU000958,HK Hè,2028-2029,2028-11-02,2028-12-24,14677000,0,959000,15636000,Partially Paid
INV0001399,STU000893,HK1,2027-2028,2027-03-17,2027-05-08,26739000,2674000,0,24065000,Overdue
INV0001400,STU001275,HK2,2022-2023,2022-03-05,2022-04-07,10268000,2567000,1175000,8876000,Paid
INV0001401,STU000016,HK Hè,2022-2023,2022-03-21,2022-04-22,32378000,0,1169000,33547000,Paid
INV0001402,STU000035,HK1,2026-2027,2026-02-27,2026-04-25,34942000,8736000,799000,27005000,Overdue
INV0001403,STU000982,HK1,2026-2027,2026-06-08,2026-07-18,14130000,7065000,1113000,8178000,Issued
INV0001404,STU001344,HK2,2021-2022,2021-01-05,2021-02-16,31367000,0,0,31367000,Issued
INV0001405,STU000382,HK Hè,2025-2026,2025-07-25,2025-08-16,27947000,2795000,577000,25729000,Issued
INV0001406,STU000819,HK1,2025-2026,2025-08-15,2025-10-04,11214000,0,1299000,12513000,Overdue
INV0001407,STU000488,HK1,2027-2028,2027-09-02,2027-10-27,28282000,2828000,0,25454000,Overdue
INV0001408,STU000621,HK1,2025-2026,2025-02-15,2025-03-23,28197000,0,0,28197000,Paid
INV0001409,STU000179,HK1,2024-2025,2024-06-29,2024-07-31,23688000,0,0,23688000,Partially Paid
INV0001410,STU000556,HK1,2019-2020,2019-12-13,2020-01-07,14860000,0,987000,15847000,Partially Paid
INV0001411,STU000493,HK2,2025-2026,2025-10-11,2025-12-08,30216000,7554000,0,22662000,Paid
INV0001412,STU001174,HK Hè,2026-2027,2026-06-21,2026-07-20,21696000,0,0,21696000,Overdue
INV0001413,STU000109,HK2,2026-2027,2026-08-05,2026-09-30,29020000,7255000,823000,22588000,Paid
INV0001414,STU000922,HK2,2026-2027,2026-09-23,2026-10-25,31208000,3121000,0,28087000,Paid
INV0001415,STU001435,HK1,2024-2025,2024-03-06,2024-04-15,17919000,0,1076000,18995000,Paid
INV0001416,STU000467,HK Hè,2023-2024,05/07/2023,2023-07-26,20176000,0,0,20176000,Issued
INV0001417,STU001419,HK2,2026-2027,2026-03-09,2026-03-29,22976000,0,0,22976000,Overdue
INV0001418,STU000331,HK1,2021-2022,2021-12-31,2022-02-13,22196000,2220000,264000,20240000,Issued
INV0001419,STU000863,HK2,2023-2024,2023-12-21,15/02/2024,27671000,0,238000,27909000,Paid
INV0001420,STU000212,HK2,2024-2025,2024-11-24,2025-01-17,18184000,9092000,0,9092000,Partially Paid
INV0001421,STU000465,HK1,2024-2025,2024-06-30,2024-08-11,12923000,1292000,469000,12100000,Paid
INV0001422,STU000743,HK2,2020-2021,2020-06-16,2020-07-22,31481000,0,0,31481000,Paid
INV0001423,STU000812,HK Hè,2027-2028,2027-12-22,2028-01-17,25158000,2516000,0,22642000,Overdue
INV0001424,STU000083,HK1,2023-2024,2023-01-26,2023-03-14,21896000,0,0,21896000,Partially Paid
INV0001425,STU000299,HK2,2025-2026,2025-10-26,2025-11-15,20621000,2062000,0,18559000,Paid
INV0001426,STU000874,HK2,2022-2023,2022-06-19,2022-07-30,24273000,0,0,24273000,Issued
INV0001427,STU000707,HK Hè,2025-2026,2025-07-30,2025-09-27,20618000,0,0,20618000,Overdue
INV0001428,STU000969,HK2,2025-2026,2025-08-27,2025-10-22,13416000,6708000,0,6708000,Overdue
INV0001429,STU000947,HK2,2022-2023,2022-11-13,2023-01-03,15768000,3942000,0,11826000,Overdue
INV0001430,STU000860,HK1,2024-2025,2024-02-26,10/04/2024,34639000,8660000,0,25979000,Overdue
INV0001431,STU000830,HK Hè,2027-2028,2027-03-09,2027-05-01,18495000,0,1334000,19829000,Overdue
INV0001432,STU000891,HK Hè,2024-2025,2024-11-22,2025-01-06,24489000,2449000,0,22040000,Partially Paid
INV0001433,STU001295,HK Hè,2026-2027,2026-10-09,2026-11-09,29132000,14566000,0,14566000,Paid
INV0001434,STU000038,HK Hè,2022-2023,2022-03-03,2022-04-16,14796000,0,0,14796000,Overdue
INV0001435,STU000866,HK Hè,2025-2026,2025-08-16,2025-10-12,15624000,0,1002000,16626000,Issued
INV0001436,STU000424,HK2,2028-2029,2028-12-09,2029-01-22,34567000,0,1307000,35874000,Partially Paid
INV0001437,STU000729,HK Hè,2022-2023,2022-09-12,2022-10-27,24547000,0,332000,24879000,Partially Paid
INV0001438,STU001371,HK2,2024-2025,2024-05-24,2024-06-29,26382000,2638000,603000,24347000,Overdue
INV0001439,STU001293,HK Hè,2021-2022,2021-01-19,2021-03-20,31986000,3199000,0,28787000,Partially Paid
INV0001440,STU000254,HK2,2025-2026,2025-08-07,2025-08-30,18236000,1824000,0,16412000,Paid
INV0001441,STU000121,HK1,2021-2022,2021-10-24,2021-12-05,16337000,0,0,16337000,Paid
INV0001442,STU000229,HK1,2025-2026,2025-03-04,2025-03-27,9015000,902000,0,8113000,Partially Paid
INV0001443,STU000453,HK1,2024-2025,2024-09-04,2024-11-03,9566000,0,0,9566000,Partially Paid
INV0001444,STU001345,HK Hè,2028-2029,2028-05-13,2028-07-10,13586000,0,0,13586000,Issued
INV0001445,STU000473,HK1,2029-2030,2029-12-07,2030-01-12,34029000,3403000,0,30626000,Paid
INV0001446,STU000989,HK2,2029-2030,2029-02-15,2029-03-07,29820000,7455000,0,22365000,Overdue
INV0001447,STU000400,HK1,2026-2027,2026-01-19,2026-02-14,19599000,4900000,1356000,16055000,Paid
INV0001448,STU000232,HK1,2021-2022,2021-10-25,2021-11-16,18308000,4577000,1131000,14862000,Overdue
INV0001449,STU000413,HK1,2027-2028,2027-01-20,2027-03-02,20537000,2054000,0,18483000,Paid
INV0001450,STU000072,HK1,2025-2026,2025-03-26,2025-05-17,24782000,12391000,0,12391000,Partially Paid
INV0001451,STU000496,HK Hè,2026-2027,2026-09-28,2026-11-18,12732000,1273000,0,11459000,Overdue
INV0001452,STU000488,HK Hè,2028-2029,2028-02-08,2028-03-08,8454000,0,0,8454000,Overdue
INV0001453,STU001085,HK2,2026-2027,2026-06-02,2026-07-09,21698000,0,440000,22138000,Paid
INV0001454,STU000846,HK1,2024-2025,2024-06-18,2024-07-28,24235000,0,0,24235000,Partially Paid
INV0001455,STU000611,HK2,2021-2022,2021-03-13,2021-05-04,28146000,2815000,654000,25985000,Issued
INV0001456,STU000252,HK2,2022-2023,2022-09-10,02/10/2022,8051000,0,0,8051000,Paid
INV0001457,STU000609,HK2,2026-2027,2026-10-04,2026-11-19,22368000,0,0,22368000,Paid
INV0001458,STU000991,HK1,2026-2027,2026-03-31,2026-05-06,22384000,11192000,0,11192000,Issued
INV0001459,STU000508,HK1,2025-2026,2025-06-12,2025-08-02,17113000,0,0,17113000,Paid
INV0001460,STU000510,HK1,2026-2027,2026-01-17,2026-02-22,27094000,0,1034000,28128000,Overdue
INV0001461,STU000682,HK Hè,2022-2023,2022-06-14,2022-08-11,14401000,0,0,14401000,Paid
INV0001462,STU000794,HK2,2025-2026,2025-01-12,2025-02-19,26979000,0,1379000,28358000,Paid
INV0001463,STU000382,HK Hè,2024-2025,2024-05-23,2024-07-04,23547000,2355000,0,21192000,Paid
INV0001464,STU000755,HK Hè,2023-2024,2023-05-31,2023-06-26,13359000,0,290000,13649000,Partially Paid
INV0001465,STU000416,HK Hè,2024-2025,2024-10-09,2024-12-02,9880000,0,0,9880000,Paid
INV0001466,STU000911,HK Hè,2029-2030,2029-10-05,2029-11-07,34498000,17249000,0,17249000,Partially Paid
INV0001467,STU000548,HK2,2025-2026,2025-10-11,2025-11-26,30240000,7560000,364000,23044000,Partially Paid
INV0001468,STU000377,HK Hè,2024-2025,2024-12-22,2025-02-09,10258000,0,0,10258000,Paid
INV0001469,STU000429,HK2,2021-2022,2021-11-02,05/12/2021,17540000,4385000,0,13155000,Issued
INV0001470,STU001461,HK Hè,2024-2025,2024-10-30,2024-12-05,16212000,1621000,0,14591000,Issued
INV0001471,STU000410,HK2,2028-2029,2028-10-14,2028-11-19,25434000,6358000,0,19076000,Partially Paid
INV0001472,STU000823,HK Hè,2025-2026,2025-04-28,2025-05-19,10005000,5002000,0,5003000,Issued
INV0001473,STU000280,HK2,2026-2027,28/10/2026,2026-12-01,16290000,1629000,0,14661000,Issued
INV0001474,STU000313,HK Hè,2024-2025,2024-11-28,2025-01-14,31185000,0,0,31185000,Paid
INV0001475,STU000208,HK1,2025-2026,2025-03-13,2025-05-12,8639000,0,0,8639000,Issued
INV0001476,STU000553,HK1,2025-2026,2025-06-21,2025-07-15,28877000,2888000,0,25989000,Issued
INV0001477,STU001352,HK1,2020-2021,31/12/2020,2021-01-30,21659000,10830000,0,10829000,Overdue
INV0001478,STU000461,HK2,2028-2029,2028-07-22,2028-09-04,33518000,0,0,33518000,Partially Paid
INV0001479,STU001190,HK Hè,2024-2025,2024-11-14,2025-01-02,9478000,0,0,9478000,Paid
INV0001480,STU001017,HK2,2025-2026,2025-12-16,2026-02-05,20722000,5180000,607000,16149000,Overdue
INV0001481,STU001273,HK Hè,2021-2022,2021-03-22,2021-05-21,30899000,3090000,1149000,28958000,Issued
INV0001482,STU000680,HK1,2028-2029,2028-05-10,2028-06-15,9371000,0,0,9371000,Paid
INV0001483,STU000112,HK Hè,2024-2025,2024-04-08,2024-05-03,31692000,7923000,204000,23973000,Partially Paid
INV0001484,STU000760,HK1,2021-2022,2021-03-02,2021-04-16,28322000,0,436000,28758000,Paid
INV0001485,STU001215,HK2,2023-2024,2023-01-09,2023-02-04,27733000,0,399000,28132000,Issued
INV0001486,STU001395,HK Hè,2023-2024,2023-10-12,2023-11-15,10021000,5010000,0,5011000,Partially Paid
INV0001487,STU000273,HK1,2024-2025,2024-10-22,2024-12-06,29285000,2928000,0,26357000,Partially Paid
INV0001488,STU001218,HK1,2024-2025,2024-11-12,2024-12-24,15786000,1579000,0,14207000,Partially Paid
INV0001489,STU000116,HK1,2023-2024,2023-11-28,2024-01-23,21702000,0,0,21702000,Issued
INV0001490,STU000047,HK1,2021-2022,2021-11-14,2021-12-08,19306000,0,0,19306000,Overdue
INV0001491,STU000739,HK1,2028-2029,2028-05-05,2028-06-02,30916000,0,0,30916000,Paid
INV0001492,STU001136,HK1,2027-2028,2027-05-23,2027-07-21,11358000,2840000,0,8518000,Overdue
INV0001493,STU000878,HK2,2028-2029,2028-01-11,2028-02-10,9180000,918000,234000,8496000,Overdue
INV0001494,STU000650,HK1,2024-2025,2024-03-10,2024-04-10,16195000,0,1074000,17269000,Paid
INV0001495,STU000560,HK Hè,2028-2029,2028-09-02,2028-09-29,12963000,0,987000,13950000,Overdue
INV0001496,STU001449,HK2,2030-2031,2030-04-30,04/06/2030,33929000,3393000,0,30536000,Partially Paid
INV0001497,STU000073,HK Hè,2024-2025,2024-09-23,2024-10-16,28224000,0,0,28224000,Overdue
INV0001498,STU001344,HK1,2023-2024,2023-02-28,2023-04-01,32489000,16244000,0,16245000,Partially Paid
INV0001499,STU001061,HK2,2025-2026,2025-12-19,2026-02-11,16922000,1692000,0,15230000,Issued
INV0001500,STU000655,HK1,2024-2025,2024-07-30,2024-09-26,28648000,0,0,28648000,Paid
INV0001501,STU001209,HK Hè,2027-2028,2027-04-24,2027-05-18,30146000,0,0,30146000,Issued
INV0001502,STU000358,HK Hè,2023-2024,2023-08-24,2023-09-21,25153000,0,0,25153000,Partially Paid
INV0001503,STU001266,HK2,2023-2024,2023-09-17,2023-11-05,25144000,2514000,0,22630000,Partially Paid
INV0001504,STU000741,HK Hè,2027-2028,2027-01-14,2027-03-01,21190000,0,0,21190000,Issued
INV0001505,STU000365,HK1,2026-2027,2026-02-20,2026-03-19,14298000,3574000,0,10724000,Issued
INV0001506,STU000103,HK1,2023-2024,2023-05-29,14/07/2023,31280000,7820000,0,23460000,Partially Paid
INV0001507,STU000964,HK Hè,2026-2027,2026-01-05,2026-02-04,15056000,0,0,15056000,Paid
INV0001508,STU000564,HK1,2026-2027,2026-04-07,2026-06-03,8426000,2106000,0,6320000,Paid
INV0001509,STU000505,HK Hè,2025-2026,2025-10-27,02/12/2025,29917000,0,0,29917000,Issued
INV0001510,STU001374,HK Hè,2024-2025,2024-08-09,2024-09-17,8151000,815000,0,7336000,Paid
INV0001511,STU001348,HK Hè,2022-2023,2022-09-06,2022-10-16,27844000,0,0,27844000,Paid
INV0001512,STU000462,HK2,2027-2028,20/06/2027,2027-07-28,12109000,0,0,12109000,Paid
INV0001513,STU000006,HK Hè,2024-2025,2024-05-10,2024-06-16,11726000,2932000,676000,9470000,Overdue
INV0001514,STU001348,HK1,2022-2023,2022-06-06,2022-07-06,25529000,12764000,0,12765000,Issued
INV0001515,STU000666,HK Hè,2024-2025,2024-09-05,2024-10-10,17919000,0,1311000,19230000,Partially Paid
INV0001516,STU000655,HK1,2026-2027,2026-11-25,2026-12-21,13806000,6903000,0,6903000,Paid
INV0001517,STU000021,HK2,2022-2023,10/09/2022,2022-10-02,16377000,8188000,0,8189000,Issued
INV0001518,STU000466,HK2,2024-2025,2024-07-25,2024-09-19,14035000,3509000,461000,10987000,Issued
INV0001519,STU001267,HK1,2029-2030,2029-01-10,2029-02-09,16716000,4179000,613000,13150000,Issued
INV0001520,STU001250,HK Hè,2030-2031,2030-01-03,2030-02-08,8342000,2086000,0,6256000,Overdue
INV0001521,STU001236,HK Hè,2027-2028,2027-08-04,2027-09-17,14482000,3620000,0,10862000,Issued
INV0001522,STU000624,HK Hè,2024-2025,2024-04-02,2024-05-17,13502000,6751000,0,6751000,Overdue
INV0001523,STU000345,HK1,2023-2024,2023-12-10,2024-01-12,16538000,0,0,16538000,Partially Paid
INV0001524,STU001210,HK1,2022-2023,23/07/2022,2022-09-19,8208000,2052000,0,6156000,Overdue
INV0001525,STU000317,HK2,2021-2022,2021-04-06,2021-05-23,25829000,0,1144000,26973000,Paid
INV0001526,STU000945,HK2,2025-2026,2025-10-23,2025-11-20,26977000,13488000,0,13489000,Overdue
INV0001527,STU001452,HK Hè,2025-2026,2025-10-07,2025-11-22,16563000,8282000,0,8281000,Paid
INV0001528,STU000613,HK2,2022-2023,2022-05-22,2022-06-24,9189000,0,0,9189000,Partially Paid
INV0001529,STU000085,HK1,2024-2025,2024-06-05,2024-08-02,13313000,0,0,13313000,Partially Paid
INV0001530,STU001151,HK1,2029-2030,2029-10-21,2029-11-12,14299000,0,0,14299000,Issued
INV0001531,STU000348,HK1,2024-2025,2024-09-07,2024-10-29,13640000,0,1358000,14998000,Paid
INV0001532,STU000605,HK2,2026-2027,2026-04-02,2026-05-19,27386000,0,1181000,28567000,Issued
INV0001533,STU000970,HK1,2024-2025,2024-10-29,2024-12-09,29088000,0,462000,29550000,Paid
INV0001534,STU000544,HK2,2027-2028,2027-04-06,2027-05-12,11694000,0,0,11694000,Partially Paid
INV0001535,STU000291,HK1,2020-2021,2020-06-28,2020-08-07,21282000,0,1158000,22440000,Issued
INV0001536,STU001158,HK Hè,2026-2027,2026-01-25,2026-02-26,13488000,0,0,13488000,Paid
INV0001537,STU000087,HK2,2029-2030,2029-06-05,2029-07-07,9316000,0,0,9316000,Overdue
INV0001538,STU000918,HK1,2027-2028,2027-09-09,2027-11-06,32944000,16472000,0,16472000,Issued
INV0001539,STU000170,HK2,2023-2024,2023-03-17,2023-04-17,26231000,13116000,0,13115000,Issued
INV0001540,STU000704,HK Hè,2021-2022,02/08/2021,2021-09-01,8648000,2162000,0,6486000,Partially Paid
INV0001541,STU001428,HK1,2023-2024,2023-09-17,2023-11-11,19070000,9535000,0,9535000,Paid
INV0001542,STU000773,HK Hè,2027-2028,2027-07-13,2027-08-03,22845000,0,0,22845000,Partially Paid
INV0001543,STU000774,HK Hè,2025-2026,2025-10-08,2025-10-28,34087000,0,0,34087000,Overdue
INV0001544,STU000396,HK2,2022-2023,2022-07-09,2022-08-17,9948000,4974000,0,4974000,Overdue
INV0001545,STU001035,HK Hè,2025-2026,2025-07-15,2025-08-11,24568000,0,0,24568000,Paid
INV0001546,STU001439,HK1,2023-2024,2023-02-07,2023-03-23,26642000,2664000,1161000,25139000,Partially Paid
INV0001547,STU000412,HK2,2028-2029,2028-11-27,2028-12-23,15257000,0,370000,15627000,Paid
INV0001548,STU001453,HK Hè,2024-2025,2024-02-17,2024-03-20,16129000,0,0,16129000,Issued
INV0001549,STU001111,HK Hè,2021-2022,2021-09-12,2021-10-14,13767000,0,0,13767000,Partially Paid
INV0001550,STU001166,HK Hè,2021-2022,2021-01-20,2021-03-18,11456000,0,358000,11814000,Paid
INV0001551,STU000500,HK1,2025-2026,2025-03-29,2025-05-05,27150000,0,0,27150000,Partially Paid
INV0001552,STU000425,HK2,2024-2025,2024-04-28,09/06/2024,15960000,0,130000,16090000,Paid
INV0001553,STU000944,HK1,2024-2025,2024-01-21,2024-02-28,31376000,0,1457000,32833000,Paid
INV0001554,STU000158,HK Hè,2024-2025,2024-02-06,2024-03-07,8217000,822000,0,7395000,Paid
INV0001555,STU000595,HK2,2025-2026,2025-03-11,2025-04-28,30419000,7605000,0,22814000,Issued
INV0001556,STU000958,HK Hè,2025-2026,2025-06-06,2025-07-26,25095000,2510000,0,22585000,Issued
INV0001557,STU001050,HK Hè,2022-2023,2022-06-02,2022-07-24,21305000,0,168000,21473000,Overdue
INV0001558,STU000728,HK2,2020-2021,2020-11-20,2020-12-10,14120000,3530000,0,10590000,Issued
INV0001559,STU000555,HK2,2022-2023,2022-04-14,2022-06-04,27083000,2708000,0,24375000,Overdue
INV0001560,STU000574,HK Hè,2025-2026,2025-05-14,2025-06-11,11954000,5977000,0,5977000,Overdue
INV0001561,STU001144,HK1,2022-2023,2022-10-17,2022-11-21,24203000,2420000,0,25672000,Paid
INV0001562,STU001447,HK Hè,2023-2024,2023-09-10,2023-10-14,16428000,0,0,16428000,Overdue
INV0001563,STU001206,HK Hè,2025-2026,2025-09-11,2025-10-25,26599000,0,0,26599000,Partially Paid
INV0001564,STU001127,HK1,2024-2025,2024-06-18,2024-07-19,32893000,0,0,32893000,Paid
INV0001565,STU000115,HK1,2024-2025,2024-08-02,2024-09-28,22649000,2265000,1107000,21491000,Paid
INV0001566,STU001484,HK2,2026-2027,2026-03-04,2026-05-03,27828000,0,0,27828000,Issued
INV0001567,STU000409,HK2,2023-2024,2023-08-22,2023-10-07,23889000,0,0,23889000,Paid
INV0001568,STU001223,HK Hè,2025-2026,2025-05-25,15/07/2025,33172000,16586000,0,16586000,Partially Paid
INV0001569,STU000330,HK Hè,2022-2023,2022-02-27,2022-03-26,16803000,0,0,16803000,Paid
INV0001570,STU000036,HK2,2021-2022,2021-05-17,2021-07-01,27630000,2763000,0,24867000,Overdue
INV0001571,STU000808,HK Hè,2023-2024,2023-06-16,2023-07-14,13414000,1341000,0,12073000,Issued
INV0001572,STU000684,HK1,2022-2023,2022-06-05,2022-07-18,31140000,0,0,31140000,Issued
INV0001573,STU001337,HK2,2022-2023,2022-12-21,2023-02-12,24238000,0,0,24238000,Paid
INV0001574,STU001107,HK1,2028-2029,2028-06-13,2028-07-24,27561000,6890000,0,20671000,Partially Paid
INV0001575,STU000110,HK1,2022-2023,2022-04-02,15/05/2022,21789000,0,0,21789000,Partially Paid
INV0001576,STU001117,HK Hè,2024-2025,2024-07-10,2024-08-11,28518000,2852000,1441000,27107000,Paid
INV0001577,STU000838,HK Hè,2024-2025,2024-04-14,2024-05-14,31359000,0,0,31359000,Partially Paid
INV0001578,STU000574,HK Hè,2024-2025,10/07/2024,2024-09-04,12365000,0,0,12365000,Issued
INV0001579,STU001006,HK2,2028-2029,2028-10-21,2028-11-18,11666000,0,0,11666000,Issued
INV0001580,STU001080,HK2,2025-2026,2025-12-17,2026-02-08,22178000,0,0,22178000,Issued
INV0001581,STU001290,HK Hè,2023-2024,2023-08-30,2023-10-26,26381000,6595000,0,19786000,Overdue
INV0001582,STU000858,HK2,2024-2025,2024-07-24,2024-09-02,8238000,824000,0,7414000,Partially Paid
INV0001583,STU001043,HK1,2026-2027,2026-06-23,2026-08-20,8014000,4007000,0,4007000,Issued
INV0001584,STU000710,HK1,2022-2023,2022-09-06,2022-10-11,19212000,0,0,19212000,Paid
INV0001585,STU000551,HK1,2023-2024,2023-04-07,2023-05-05,34274000,3427000,0,30847000,Paid
INV0001586,STU000304,HK1,2026-2027,2026-12-30,2027-02-10,13441000,1344000,0,12097000,Issued
INV0001587,STU000753,HK1,2027-2028,2027-01-28,2027-03-19,15670000,7835000,0,7835000,Partially Paid
INV0001588,STU001060,HK2,2024-2025,2024-06-18,2024-08-17,33585000,0,0,33585000,Paid
INV0001589,STU000810,HK Hè,2020-2021,2020-09-11,2020-10-17,21646000,0,0,21646000,Issued
INV0001590,STU001004,HK Hè,2027-2028,2027-11-14,2028-01-10,16359000,1636000,931000,15654000,Issued
INV0001591,STU000817,HK1,2026-2027,13/05/2026,2026-06-02,13962000,6981000,0,6981000,Paid
INV0001592,STU000441,HK1,2022-2023,2022-07-15,2022-08-10,28201000,0,457000,28658000,Partially Paid
INV0001593,STU000472,HK2,2022-2023,2022-06-20,2022-07-20,22398000,2240000,0,20158000,Overdue
INV0001594,STU000020,HK2,2029-2030,2029-07-31,2029-09-28,22647000,5662000,0,16985000,Partially Paid
INV0001595,STU000079,HK1,2028-2029,2028-09-09,2028-11-07,12673000,0,1076000,13749000,Partially Paid
INV0001596,STU000676,HK2,2025-2026,2025-04-13,2025-05-04,9434000,2358000,0,7076000,Partially Paid
INV0001597,STU001079,HK Hè,2027-2028,2027-06-30,2027-08-08,28798000,0,269000,29067000,Overdue
INV0001598,STU000652,HK2,2026-2027,2026-10-04,2026-11-13,28614000,0,934000,29548000,Overdue
INV0001599,STU000368,HK1,2022-2023,2022-08-15,2022-10-14,24643000,6161000,0,18482000,Partially Paid
INV0001600,STU000757,HK1,2028-2029,2028-01-18,2028-03-13,21846000,2185000,0,19661000,Overdue
INV0001601,STU000767,HK2,2026-2027,2026-03-06,2026-04-27,16152000,4038000,0,12114000,Issued
INV0001602,STU000053,HK Hè,2021-2022,2021-06-30,2021-07-26,21738000,10869000,1287000,12156000,Partially Paid
INV0001603,STU001440,HK Hè,2022-2023,2022-06-07,2022-07-12,13925000,0,231000,14156000,Issued
INV0001604,STU000941,HK2,2023-2024,2023-09-01,2023-10-25,9642000,4821000,0,4821000,Partially Paid
INV0001605,STU001331,HK Hè,2020-2021,2020-09-19,2020-10-12,16069000,0,0,16069000,Overdue
INV0001606,STU001092,HK2,2028-2029,2028-07-29,2028-09-11,15139000,3785000,0,11354000,Paid
INV0001607,STU001233,HK Hè,2026-2027,2026-06-08,2026-07-31,16497000,4124000,0,12373000,Partially Paid
INV0001608,STU001188,HK Hè,2026-2027,2026-03-09,2026-04-04,32110000,0,166000,32276000,Issued
INV0001609,STU000402,HK Hè,2023-2024,2023-08-02,2023-08-26,30350000,15175000,0,15175000,Issued
INV0001610,STU000144,HK2,2023-2024,2023-06-29,2023-07-22,32222000,8056000,1388000,25554000,Issued
INV0001611,STU000123,HK Hè,2024-2025,2024-02-11,2024-03-24,26733000,13366000,0,13367000,Overdue
INV0001612,STU001248,HK1,2025-2026,2025-11-01,2025-11-24,28203000,0,0,28203000,Paid
INV0001613,STU000587,HK2,2023-2024,2023-08-19,16/09/2023,17172000,0,0,17172000,Overdue
INV0001614,STU001478,HK1,2024-2025,2024-06-11,2024-07-17,23192000,11596000,341000,11937000,Partially Paid
INV0001615,STU000969,HK Hè,2022-2023,2022-04-16,2022-05-19,33797000,0,1353000,35150000,Paid
INV0001616,STU000428,HK2,2024-2025,2024-05-26,2024-07-03,24368000,12184000,254000,12438000,Issued
INV0001617,STU001174,HK2,2026-2027,2026-12-09,2027-01-12,8063000,0,0,8063000,Paid
INV0001618,STU000534,HK Hè,2027-2028,2027-07-23,2027-09-06,22896000,0,0,22896000,Overdue
INV0001619,STU000152,HK Hè,2024-2025,2024-04-18,2024-05-23,24826000,12413000,644000,13057000,Overdue
INV0001620,STU000950,HK Hè,2025-2026,2025-03-23,2025-04-25,18727000,4682000,0,14045000,Issued
INV0001621,STU000652,HK1,2026-2027,2026-03-11,2026-04-26,14645000,3661000,0,10984000,Paid
INV0001622,STU001127,HK1,2020-2021,2020-09-17,2020-10-29,20421000,10210000,0,10211000,Overdue
INV0001623,STU000500,HK Hè,2024-2025,2024-08-26,2024-09-30,22610000,5652000,0,16958000,Issued
INV0001624,STU000255,HK2,2028-2029,2028-10-14,2028-11-26,32041000,0,0,32041000,Partially Paid
INV0001625,STU000101,HK2,2026-2027,2026-11-22,2027-01-08,34030000,8508000,0,25522000,Overdue
INV0001626,STU000496,HK1,2027-2028,2027-07-28,2027-08-19,14960000,0,0,14960000,Paid
INV0001627,STU001258,HK Hè,2024-2025,2024-10-08,2024-11-04,10039000,1004000,0,9035000,Partially Paid
INV0001628,STU000208,HK Hè,2022-2023,2022-11-06,2023-01-03,28295000,2830000,0,25465000,Issued
INV0001629,STU000133,HK1,2021-2022,2021-07-20,2021-09-04,10426000,2606000,0,7820000,Overdue
INV0001630,STU001429,HK2,2027-2028,2027-04-23,2027-06-08,27953000,2795000,0,25158000,Overdue
INV0001631,STU000020,HK Hè,2025-2026,2025-12-02,2026-01-07,12365000,6182000,0,6183000,Overdue
INV0001632,STU000921,HK1,2026-2027,16/09/2026,2026-11-13,13397000,3349000,0,10048000,Overdue
INV0001633,STU000939,HK2,2019-2020,2019-12-05,2020-01-30,34828000,0,0,34828000,Paid
INV0001634,STU000413,HK1,2026-2027,2026-04-11,2026-05-28,13133000,0,0,13133000,Partially Paid
INV0001635,STU000081,HK2,2023-2024,2023-04-27,2023-06-14,30551000,15276000,0,15275000,Paid
INV0001636,STU001140,HK Hè,2027-2028,2027-03-29,24/04/2027,18754000,1875000,0,16879000,Overdue
INV0001637,STU001237,HK2,2029-2030,2029-07-25,2029-08-24,32073000,3207000,0,28866000,Partially Paid
INV0001638,STU000130,HK2,2025-2026,2025-10-23,2025-11-22,34376000,17188000,399000,17587000,Paid
INV0001639,STU000495,HK Hè,2027-2028,16/05/2027,2027-07-12,10499000,0,841000,11340000,Paid
INV0001640,STU001008,HK2,2028-2029,2028-04-18,2028-06-14,13487000,0,0,13487000,Issued
INV0001641,STU000919,HK1,2023-2024,2023-02-07,2023-04-06,19279000,9640000,0,9639000,Partially Paid
INV0001642,STU000050,HK Hè,2024-2025,2024-08-27,2024-09-25,21536000,5384000,174000,16326000,Overdue
INV0001643,STU000169,HK1,2022-2023,2022-11-03,2022-12-08,27293000,2729000,389000,24953000,Paid
INV0001644,STU001275,HK Hè,2021-2022,2021-01-24,2021-03-18,29641000,0,0,29641000,Paid
INV0001645,STU000407,HK Hè,2023-2024,2023-05-19,2023-06-10,25717000,6429000,0,19288000,Overdue
INV0001646,STU000697,HK2,2025-2026,2025-11-01,2025-12-06,16184000,0,0,16184000,Partially Paid
INV0001647,STU000778,HK2,2027-2028,2027-02-03,2027-03-13,11585000,0,0,11585000,Partially Paid
INV0001648,STU000303,HK Hè,2026-2027,2026-05-12,2026-06-06,29231000,0,0,29231000,Partially Paid
INV0001649,STU001263,HK1,2029-2030,2029-12-21,2030-02-15,10483000,0,0,10483000,Overdue
INV0001650,STU000045,HK Hè,2027-2028,2027-11-03,2027-12-15,25815000,0,0,25815000,Partially Paid
INV0001651,STU001184,HK1,2026-2027,2026-03-16,2026-04-30,23892000,11946000,0,11946000,Partially Paid
INV0001652,STU001277,HK1,2029-2030,2029-02-27,2029-04-05,9349000,0,0,9349000,Partially Paid
INV0001653,STU000911,HK Hè,2029-2030,2029-06-18,2029-07-23,14342000,0,0,14342000,Overdue
INV0001654,STU000269,HK1,2026-2027,2026-03-18,2026-05-09,21569000,0,0,21569000,Partially Paid
INV0001655,STU000978,HK1,2023-2024,2023-05-05,2023-06-12,18378000,0,0,18378000,Paid
INV0001656,STU001378,HK2,2028-2029,2028-02-22,2028-04-04,29642000,7410000,559000,22791000,Paid
INV0001657,STU001273,HK Hè,2021-2022,2021-04-02,2021-05-14,26721000,0,0,26721000,Overdue
INV0001658,STU000011,HK1,2024-2025,2024-10-26,2024-11-26,10331000,0,1173000,11504000,Paid
INV0001659,STU000287,HK2,2022-2023,2022-11-24,2023-01-08,34459000,0,0,34459000,Paid
INV0001660,STU001109,HK2,2025-2026,2025-01-20,2025-03-10,30666000,7666000,625000,23625000,Issued
INV0001661,STU001301,HK2,2024-2025,2024-04-12,2024-06-10,15275000,0,912000,16187000,Partially Paid
INV0001662,STU000824,HK1,2025-2026,2025-03-21,2025-05-19,18337000,1834000,1278000,17781000,Paid
INV0001663,STU000995,HK1,2029-2030,2029-01-17,2029-02-16,26273000,13136000,0,13137000,Issued
INV0001664,STU000761,HK Hè,2022-2023,2022-01-05,2022-03-06,31548000,0,1164000,32712000,Overdue
INV0001665,STU001315,HK1,2024-2025,2024-08-24,2024-10-12,24205000,12102000,0,12103000,Overdue
INV0001666,STU000235,HK2,2025-2026,2025-02-23,2025-03-21,27402000,13701000,0,13701000,Overdue
INV0001667,STU001232,HK2,2023-2024,2023-11-18,2023-12-24,29757000,14878000,0,14879000,Overdue
INV0001668,STU001463,HK2,2022-2023,2022-07-12,2022-08-03,33459000,8365000,0,25094000,Paid
INV0001669,STU001386,HK2,2021-2022,2021-01-06,2021-02-14,18705000,4676000,1385000,15414000,Paid
INV0001670,STU000364,HK2,2023-2024,2023-10-03,2023-11-04,24262000,0,0,24262000,Partially Paid
INV0001671,STU000537,HK Hè,2025-2026,2025-07-18,2025-08-13,10535000,2634000,0,7901000,Overdue
INV0001672,STU000232,HK2,2024-2025,2024-08-31,2024-09-24,31535000,0,0,31535000,Issued
INV0001673,STU000594,HK1,2025-2026,2025-08-10,2025-10-07,11381000,1138000,0,10243000,Overdue
INV0001674,STU000090,HK Hè,2025-2026,2025-07-15,2025-08-11,24202000,12101000,0,12101000,Issued
INV0001675,STU000803,HK Hè,2023-2024,2023-03-25,13/05/2023,25623000,0,0,25623000,Partially Paid
INV0001676,STU000756,HK1,2021-2022,2021-05-20,2021-06-13,22698000,5674000,0,17024000,Paid
INV0001677,STU000514,HK2,2029-2030,03/12/2029,2030-01-03,27160000,0,0,27160000,Partially Paid
INV0001678,STU001471,HK2,2023-2024,2023-07-12,2023-09-05,14116000,7058000,306000,7364000,Partially Paid
INV0001679,STU000591,HK1,2028-2029,2028-11-27,2029-01-17,8823000,882000,0,7941000,Overdue
INV0001680,STU000654,HK2,2028-2029,2028-02-07,2028-03-04,18036000,0,1302000,19338000,Issued
INV0001681,STU000153,HK2,2020-2021,2020-02-02,2020-03-03,27690000,6922000,0,20768000,Issued
INV0001682,STU000828,HK Hè,2027-2028,2027-07-23,2027-08-22,13770000,0,0,13770000,Issued
INV0001683,STU000629,HK Hè,2025-2026,2025-09-19,2025-11-10,23041000,0,486000,23527000,Issued
INV0001684,STU000719,HK Hè,2022-2023,2022-11-22,2022-12-24,16205000,1620000,0,14585000,Partially Paid
INV0001685,STU001357,HK1,2027-2028,2027-05-28,2027-07-09,27095000,13548000,0,13547000,Overdue
INV0001686,STU000157,HK1,2028-2029,2028-08-15,2028-09-23,30732000,3073000,0,28497000,Overdue
INV0001687,STU001086,HK1,2023-2024,2023-10-14,2023-12-06,8478000,0,0,8478000,Paid
INV0001688,STU000563,HK2,2026-2027,2026-05-05,2026-06-15,25408000,6352000,1065000,20121000,Overdue
INV0001689,STU001007,HK1,2023-2024,2023-08-28,2023-10-09,19526000,9763000,1346000,11109000,Partially Paid
INV0001690,STU001280,HK Hè,2025-2026,2025-11-08,2025-11-30,13975000,6988000,815000,7802000,Paid
INV0001691,STU000523,HK2,2024-2025,2024-02-22,2024-04-03,10681000,1068000,0,9613000,Paid
INV0001692,STU000044,HK2,2023-2024,2023-08-01,2023-09-06,27176000,2718000,0,24458000,Overdue
INV0001693,STU000594,HK1,2024-2025,2024-07-19,2024-08-10,21571000,5393000,0,16178000,Issued
INV0001694,STU000263,HK Hè,2025-2026,2025-07-24,2025-09-04,24587000,6147000,0,18440000,Partially Paid
INV0001695,STU001356,HK2,2025-2026,2025-03-22,2025-05-11,19899000,0,0,19899000,Partially Paid
INV0001696,STU000098,HK2,2022-2023,2022-10-08,2022-12-04,10351000,0,0,10351000,Partially Paid
INV0001697,STU001178,HK Hè,2025-2026,2025-02-07,2025-03-23,16468000,0,0,16468000,Paid
INV0001698,STU000368,HK2,2022-2023,2022-11-07,2023-01-03,14621000,0,0,14621000,Overdue
INV0001699,STU000641,HK Hè,2026-2027,2026-11-17,2027-01-15,15897000,7948000,0,7949000,Partially Paid
INV0001700,STU001317,HK1,2028-2029,2028-07-17,2028-08-06,16897000,8448000,0,8449000,Overdue
INV0001701,STU000996,HK2,2028-2029,2028-04-02,2028-05-29,33805000,3380000,0,30425000,Partially Paid
INV0001702,STU000054,HK1,2024-2025,2024-05-15,2024-06-29,15262000,0,0,15262000,Issued
INV0001703,STU000460,HK Hè,2022-2023,19/11/2022,2022-12-10,24713000,12356000,0,12357000,Overdue
INV0001704,STU001374,HK2,2027-2028,2027-01-21,2027-03-17,14402000,0,0,14402000,Partially Paid
INV0001705,STU000324,HK2,2020-2021,2020-10-26,2020-11-23,24103000,0,0,24103000,Partially Paid
INV0001706,STU000520,HK1,2026-2027,2026-04-14,2026-05-25,28434000,0,0,28434000,Paid
INV0001707,STU001155,HK Hè,2025-2026,2025-02-27,2025-03-25,17402000,0,0,17402000,Issued
INV0001708,STU000011,HK Hè,2026-2027,2026-03-08,2026-03-30,31182000,7796000,0,23386000,Partially Paid
INV0001709,STU000923,HK1,2023-2024,2023-05-23,2023-06-30,34862000,0,0,34862000,Paid
INV0001710,STU000296,HK1,2025-2026,2025-11-26,2026-01-10,25721000,0,0,25721000,Partially Paid
INV0001711,STU000607,HK2,2022-2023,2022-02-09,2022-04-09,22936000,0,0,22936000,Overdue
INV0001712,STU000095,HK1,2025-2026,11/05/2025,2025-06-15,10469000,0,0,10469000,Issued
INV0001713,STU001364,HK1,2027-2028,2027-01-23,2027-03-05,26863000,0,552000,27415000,Issued
INV0001714,STU000069,HK Hè,2025-2026,2025-04-01,2025-05-16,18034000,0,0,18034000,Issued
INV0001715,STU001263,HK2,2029-2030,2029-07-29,2029-09-17,32729000,3273000,1253000,30709000,Issued
INV0001716,STU000655,HK Hè,2024-2025,2024-04-14,2024-05-23,25719000,6430000,0,19289000,Paid
INV0001717,STU000878,HK1,2028-2029,2028-08-30,2028-10-13,25640000,0,0,25640000,Partially Paid
INV0001718,STU000994,HK2,2028-2029,2028-08-26,2028-10-13,11815000,1182000,206000,10839000,Overdue
INV0001719,STU001419,HK1,2024-2025,2024-11-30,2024-12-22,28265000,7066000,0,21199000,Partially Paid
INV0001720,STU001182,HK Hè,2026-2027,2026-12-04,2026-12-30,12501000,0,0,12501000,Paid
INV0001721,STU001135,HK1,2026-2027,2026-03-17,2026-04-17,20445000,0,0,20445000,Paid
INV0001722,STU000959,HK1,2027-2028,11/10/2027,2027-11-14,23044000,0,0,23044000,Overdue
INV0001723,STU001191,HK2,2027-2028,2027-09-22,2027-10-29,11005000,0,0,11005000,Overdue
INV0001724,STU001013,HK Hè,2027-2028,07/09/2027,2027-10-29,20689000,5172000,0,15517000,Issued
INV0001725,STU000079,HK Hè,2026-2027,2026-12-19,2027-01-13,28693000,0,0,28693000,Paid
INV0001726,STU000915,HK2,2022-2023,2022-04-21,2022-05-25,10077000,0,0,10077000,Paid
INV0001727,STU000781,HK Hè,2023-2024,2023-05-16,2023-06-30,28137000,14068000,0,14069000,Overdue
INV0001728,STU001251,HK Hè,2022-2023,2022-03-28,2022-05-01,13849000,0,0,13849000,Issued
INV0001729,STU001441,HK Hè,2025-2026,2025-12-24,2026-02-22,31565000,0,0,31565000,Partially Paid
INV0001730,STU001357,HK Hè,2027-2028,2027-08-08,2027-09-16,24501000,12250000,0,12251000,Issued
INV0001731,STU000487,HK2,2025-2026,2025-05-12,2025-07-06,30980000,15490000,0,15490000,Paid
INV0001732,STU001029,HK Hè,2025-2026,2025-07-08,2025-08-22,27580000,0,437000,28017000,Partially Paid
INV0001733,STU000091,HK Hè,2029-2030,2029-01-17,2029-03-16,21632000,5408000,0,16224000,Partially Paid
INV0001734,STU001208,HK Hè,2029-2030,2029-08-14,2029-09-21,23017000,2302000,0,20715000,Partially Paid
INV0001735,STU000346,HK2,2024-2025,2024-12-15,2025-01-28,23586000,2359000,0,21227000,Overdue
INV0001736,STU001132,HK2,2029-2030,2029-02-04,2029-04-01,27622000,0,0,27622000,Issued
INV0001737,STU000875,HK1,2024-2025,2024-12-12,2025-01-15,8725000,2181000,0,9134000,Partially Paid
INV0001738,STU000347,HK1,2025-2026,2025-08-29,2025-10-14,20207000,2021000,0,18186000,Overdue
INV0001739,STU000374,HK Hè,2023-2024,2023-02-09,2023-03-16,30526000,0,0,30526000,Partially Paid
INV0001740,STU000945,HK2,2025-2026,2025-09-17,2025-11-16,16602000,4150000,0,12452000,Overdue
INV0001741,STU000726,HK1,2021-2022,2021-04-26,2021-05-21,30794000,7698000,0,23096000,Issued
INV0001742,STU001116,HK1,2028-2029,2028-08-13,2028-09-24,11730000,0,0,11730000,Partially Paid
INV0001743,STU000399,HK2,2025-2026,2025-05-17,2025-06-23,19480000,0,0,19480000,Partially Paid
INV0001744,STU000110,HK1,2021-2022,2021-08-11,2021-10-10,27435000,6859000,0,20576000,Paid
INV0001745,STU000526,HK2,2024-2025,2024-10-07,2024-11-12,9681000,4840000,0,4841000,Partially Paid
INV0001746,STU000514,HK1,2027-2028,2027-11-23,2028-01-18,30294000,0,1296000,31590000,Overdue
INV0001747,STU001202,HK Hè,2023-2024,2023-04-20,2023-06-10,17055000,1706000,0,15349000,Overdue
INV0001748,STU001365,HK2,2022-2023,2022-04-03,29/04/2022,13729000,6864000,0,6865000,Paid
INV0001749,STU000068,HK2,2021-2022,2021-09-28,2021-10-21,11623000,0,0,11623000,Partially Paid
INV0001750,STU000522,HK2,2025-2026,2025-08-28,2025-09-20,20380000,0,0,20380000,Paid
INV0001751,STU000136,HK Hè,2026-2027,2026-05-01,2026-06-18,17258000,0,447000,17705000,Issued
INV0001752,STU000414,HK Hè,2025-2026,2025-05-29,2025-06-30,28636000,0,0,28636000,Overdue
INV0001753,STU000618,HK1,2023-2024,2023-07-17,2023-08-15,16969000,0,1120000,18089000,Overdue
INV0001754,STU001301,HK2,2023-2024,2023-10-27,2023-12-02,24498000,12249000,0,12249000,Paid
INV0001755,STU000924,HK2,2027-2028,2027-02-25,2027-04-12,30978000,15489000,0,15489000,Overdue
INV0001756,STU001422,HK1,2024-2025,2024-05-28,2024-07-15,23409000,0,847000,24256000,Paid
INV0001757,STU000386,HK2,2022-2023,2022-04-02,2022-05-07,12308000,0,0,12308000,Issued
INV0001758,STU001263,HK Hè,2027-2028,2027-02-04,2027-02-28,31049000,7762000,1470000,24757000,Partially Paid
INV0001759,STU001301,HK1,2028-2029,2028-01-06,2028-02-10,26840000,13420000,0,13420000,Issued
INV0001760,STU001173,HK2,2025-2026,07/03/2025,2025-03-29,28286000,0,936000,29222000,Issued
INV0001761,STU001032,HK2,2023-2024,2023-07-30,2023-09-27,28121000,14060000,0,14061000,Overdue
INV0001762,STU000360,HK1,2025-2026,2025-01-21,2025-02-20,27764000,0,0,27764000,Partially Paid
INV0001763,STU000540,HK1,2029-2030,2029-03-17,2029-04-09,9694000,2424000,0,7270000,Overdue
INV0001764,STU001482,HK Hè,2024-2025,2024-12-09,2025-01-06,26318000,2632000,0,23686000,Overdue
INV0001765,STU000461,HK1,2024-2025,2024-04-15,2024-05-17,14596000,0,0,14596000,Paid
INV0001766,STU001392,HK Hè,2024-2025,2024-07-21,2024-08-16,33278000,0,0,33278000,Issued
INV0001767,STU001280,HK1,2027-2028,2027-06-08,2027-07-07,16884000,8442000,0,8442000,Issued
INV0001768,STU001335,HK2,2027-2028,2027-09-26,2027-11-17,12336000,0,0,12336000,Overdue
INV0001769,STU001171,HK1,2026-2027,2026-11-02,2026-12-23,20766000,5192000,1124000,16698000,Issued
INV0001770,STU001182,HK2,2027-2028,2027-01-12,2027-03-13,12674000,0,0,12674000,Paid
INV0001771,STU000016,HK Hè,2024-2025,2024-08-23,2024-10-21,27232000,0,0,27232000,Issued
INV0001772,STU000986,HK Hè,2022-2023,2022-07-16,2022-09-05,22428000,2243000,0,20185000,Paid
INV0001773,STU001020,HK2,2021-2022,2021-02-18,2021-04-16,32302000,16151000,714000,16865000,Partially Paid
INV0001774,STU001422,HK2,2021-2022,2021-11-15,2022-01-07,33614000,0,0,33614000,Overdue
INV0001775,STU000211,HK Hè,2025-2026,2025-08-10,10/09/2025,14163000,1416000,1432000,14179000,Issued
INV0001776,STU001444,HK Hè,2022-2023,2022-02-01,2022-03-26,18912000,4728000,189000,14373000,Partially Paid
INV0001777,STU001175,HK Hè,2023-2024,07/04/2023,2023-05-20,24889000,2489000,0,22400000,Overdue
INV0001778,STU000528,HK Hè,2025-2026,2025-07-06,2025-07-27,24119000,0,0,24119000,Overdue
INV0001779,STU000282,HK1,2026-2027,2026-12-11,2027-01-03,14538000,1454000,0,14656000,Paid
INV0001780,STU000662,HK2,2023-2024,2023-03-30,01/05/2023,16149000,1615000,651000,15185000,Issued
INV0001781,STU001004,HK Hè,2025-2026,2025-08-29,2025-10-15,20359000,10180000,0,10179000,Partially Paid
INV0001782,STU000578,HK Hè,2024-2025,2024-05-16,2024-06-20,32707000,0,0,32707000,Partially Paid
INV0001783,STU000608,HK1,2022-2023,2022-11-21,2022-12-13,21147000,10574000,1476000,12049000,Issued
INV0001784,STU000700,HK2,2025-2026,2025-12-13,2026-01-10,12766000,1277000,0,11489000,Partially Paid
INV0001785,STU000463,HK2,2025-2026,2025-03-10,2025-04-06,33459000,0,0,33459000,Overdue
INV0001786,STU000019,HK1,2027-2028,2027-06-01,2027-07-18,28981000,0,0,28981000,Issued
INV0001787,STU000439,HK1,2022-2023,2022-06-30,2022-08-09,12170000,0,982000,13152000,Overdue
INV0001788,STU001131,HK1,2019-2020,2019-12-13,2020-01-04,34944000,8736000,0,26208000,Overdue
INV0001789,STU000883,HK2,2026-2027,2026-02-14,2026-04-08,33127000,8282000,0,24845000,Overdue
INV0001790,STU000708,HK1,2023-2024,2023-01-26,2023-02-20,34702000,8676000,0,26026000,Issued
INV0001791,STU000087,HK2,2027-2028,2027-01-03,2027-02-07,21709000,10854000,0,10855000,Overdue
INV0001792,STU000489,HK Hè,2025-2026,2025-11-01,2025-12-27,32349000,3235000,0,29114000,Overdue
INV0001793,STU001462,HK2,2026-2027,2026-09-08,2026-09-30,16983000,1698000,220000,15505000,Overdue
INV0001794,STU000214,HK1,2026-2027,2026-08-28,2026-10-01,16710000,0,0,16710000,Overdue
INV0001795,STU000615,HK1,2028-2029,2028-08-12,2028-10-07,22683000,2268000,755000,21170000,Paid
INV0001796,STU000373,HK2,2025-2026,2025-08-29,2025-10-12,15438000,7719000,0,7719000,Paid
INV0001797,STU001198,HK Hè,2026-2027,2026-02-07,2026-03-19,33949000,8487000,0,25462000,Overdue
INV0001798,STU000499,HK Hè,2022-2023,2022-09-17,2022-11-12,33549000,0,0,33549000,Paid
INV0001799,STU000730,HK Hè,2020-2021,2020-04-27,2020-05-22,8210000,0,673000,8883000,Paid
INV0001800,STU001275,HK1,2021-2022,2021-12-04,2022-01-16,24474000,12237000,0,12237000,Issued
INV0001801,STU000230,HK1,2026-2027,2026-09-28,2026-10-18,25953000,0,0,25953000,Partially Paid
INV0001802,STU001284,HK1,2026-2027,2026-04-03,2026-05-16,10865000,0,0,10865000,Paid
INV0001803,STU000484,HK1,2021-2022,13/06/2021,2021-07-26,9511000,2378000,0,7133000,Overdue
INV0001804,STU000123,HK Hè,2026-2027,2026-01-16,2026-02-20,9123000,0,137000,9260000,Paid
INV0001805,STU001444,HK Hè,2023-2024,2023-03-30,2023-05-12,15439000,0,0,15439000,Partially Paid
INV0001806,STU000488,HK1,2029-2030,2029-06-23,2029-07-30,27279000,0,394000,27673000,Overdue
INV0001807,STU000517,HK1,2023-2024,2023-07-03,2023-08-07,12435000,0,606000,13041000,Overdue
INV0001808,STU000906,HK2,2021-2022,2021-03-08,2021-05-06,14351000,0,0,14351000,Paid
INV0001809,STU001121,HK1,2023-2024,2023-06-01,2023-07-21,22731000,2273000,0,20458000,Overdue
INV0001810,STU001422,HK Hè,2024-2025,2024-04-11,2024-05-27,31871000,3187000,0,28684000,Issued
INV0001811,STU000712,HK1,2027-2028,2027-11-29,2028-01-21,22761000,5690000,1363000,18434000,Overdue
INV0001812,STU000594,HK Hè,2028-2029,2028-06-03,2028-07-18,22479000,0,0,22479000,Overdue
INV0001813,STU001454,HK2,2024-2025,2024-02-07,2024-04-02,11481000,5740000,0,5741000,Partially Paid
INV0001814,STU000512,HK Hè,2024-2025,2024-03-20,2024-05-02,14960000,7480000,0,7480000,Overdue
INV0001815,STU001074,HK2,2026-2027,2026-03-29,2026-04-18,9591000,0,0,9591000,Overdue
INV0001816,STU000133,HK1,2023-2024,2023-12-08,2024-01-15,26765000,0,1191000,27956000,Overdue
INV0001817,STU000872,HK1,2021-2022,2021-09-16,2021-10-28,12748000,3187000,932000,10493000,Paid
INV0001818,STU000935,HK Hè,2027-2028,2027-01-20,2027-03-03,13297000,0,514000,13811000,Partially Paid
INV0001819,STU000235,HK Hè,2024-2025,2024-05-17,2024-07-10,22474000,0,0,22474000,Paid
INV0001820,STU000313,HK1,2024-2025,2024-11-05,2024-11-29,24998000,6250000,0,18748000,Partially Paid
INV0001821,STU000174,HK2,2022-2023,2022-11-06,2022-12-13,17960000,0,0,17960000,Issued
INV0001822,STU000298,HK2,2024-2025,2024-04-05,2024-05-10,8225000,822000,0,7403000,Issued
INV0001823,STU000516,HK1,2020-2021,2020-04-03,2020-05-08,17539000,4385000,1281000,14435000,Paid
INV0001824,STU000633,HK1,2026-2027,2026-01-06,27/01/2026,9326000,0,0,9326000,Partially Paid
INV0001825,STU000232,HK Hè,2025-2026,2025-10-11,2025-11-07,14703000,0,0,14703000,Paid
INV0001826,STU000174,HK1,2025-2026,2025-09-07,2025-10-22,16522000,8261000,0,8261000,Partially Paid
INV0001827,STU000135,HK2,2025-2026,2025-08-31,2025-10-03,10217000,1022000,0,9195000,Partially Paid
INV0001828,STU000605,HK1,2024-2025,2024-02-15,2024-04-12,25909000,0,0,25909000,Overdue
INV0001829,STU000264,HK1,2025-2026,2025-07-04,2025-08-07,33168000,0,0,33168000,Partially Paid
INV0001830,STU001380,HK2,2021-2022,2021-11-25,24/01/2022,25748000,6437000,0,19311000,Partially Paid
INV0001831,STU000898,HK2,2024-2025,2024-10-28,2024-11-30,18479000,1848000,0,16631000,Issued
INV0001832,STU000045,HK1,2025-2026,2025-07-19,2025-09-09,22924000,2292000,0,20632000,Paid
INV0001833,STU000800,HK1,2027-2028,2027-01-11,2027-03-06,31956000,0,0,31956000,Paid
INV0001834,STU001377,HK Hè,2027-2028,2027-03-03,2027-04-11,34597000,17298000,1288000,18587000,Issued
INV0001835,STU000400,HK Hè,2026-2027,2026-07-03,2026-07-24,8880000,0,241000,9121000,Paid
INV0001836,STU000748,HK2,2022-2023,2022-08-09,2022-08-31,20386000,10193000,0,10193000,Paid
INV0001837,STU000908,HK Hè,2026-2027,2026-02-17,2026-03-14,12751000,1275000,0,11476000,Paid
INV0001838,STU000329,HK1,2026-2027,2026-02-21,2026-04-15,19004000,0,0,19004000,Issued
INV0001839,STU001466,HK1,2026-2027,2026-11-28,2027-01-13,8268000,2067000,0,6201000,Paid
INV0001840,STU001221,HK2,2023-2024,09/04/2023,2023-05-27,26489000,0,0,26489000,Overdue
INV0001841,STU001059,HK Hè,2025-2026,2025-01-01,2025-02-12,21207000,0,0,21207000,Overdue
INV0001842,STU000559,HK Hè,2022-2023,2022-02-15,2022-03-13,17047000,0,0,17047000,Issued
INV0001843,STU001230,HK1,2021-2022,2021-07-11,2021-08-24,9299000,0,0,9299000,Overdue
INV0001844,STU001429,HK1,2023-2024,02/04/2023,2023-05-29,12508000,3127000,0,9381000,Overdue
INV0001845,STU000620,HK Hè,2021-2022,2021-11-09,2021-12-15,31960000,0,1479000,33439000,Partially Paid
INV0001846,STU001438,HK2,2024-2025,2024-02-26,2024-04-16,30351000,7588000,0,22763000,Paid
INV0001847,STU000983,HK2,2024-2025,2024-12-11,2025-01-14,34823000,0,231000,35054000,Issued
INV0001848,STU000750,HK1,2027-2028,2027-05-17,2027-06-06,12133000,0,0,12133000,Overdue
INV0001849,STU001043,HK1,2026-2027,2026-07-31,2026-09-10,16042000,0,1027000,17069000,Paid
INV0001850,STU001073,HK1,2028-2029,2028-08-01,2028-09-13,13495000,0,0,13495000,Issued
INV0001851,STU000569,HK2,2025-2026,2025-06-21,2025-08-17,15076000,0,0,15076000,Paid
INV0001852,STU000411,HK2,2026-2027,2026-04-04,2026-05-30,13542000,0,0,13542000,Overdue
INV0001853,STU001134,HK2,2025-2026,2025-10-15,2025-11-28,20542000,5136000,1204000,16610000,Partially Paid
INV0001854,STU001403,HK Hè,2023-2024,2023-02-18,2023-03-13,17274000,0,0,17274000,Paid
INV0001855,STU000673,HK2,2023-2024,2023-02-01,2023-03-20,12976000,6488000,0,6488000,Issued
INV0001856,STU001278,HK Hè,2027-2028,2027-10-12,2027-11-24,28123000,0,0,28123000,Partially Paid
INV0001857,STU001030,HK2,2028-2029,2028-12-27,2029-01-26,28040000,14020000,0,14020000,Issued
INV0001858,STU001119,HK2,2027-2028,2027-10-27,2027-11-17,11055000,0,0,11055000,Paid
INV0001859,STU000126,HK1,2024-2025,2024-08-28,2024-10-14,15357000,1536000,0,13821000,Paid
INV0001860,STU001168,HK Hè,2025-2026,2025-02-24,2025-04-14,21234000,0,0,21234000,Partially Paid
INV0001861,STU000771,HK1,2024-2025,2024-05-04,2024-06-26,28061000,2806000,0,25255000,Paid
INV0001862,STU001260,HK Hè,2022-2023,2022-10-25,2022-11-14,24820000,6205000,186000,18801000,Issued
INV0001863,STU000398,HK2,2027-2028,2027-10-31,2027-11-23,16538000,4134000,0,12404000,Overdue
INV0001864,STU001396,HK Hè,2025-2026,2025-04-17,2025-06-11,28890000,0,0,28890000,Issued
INV0001865,STU000696,HK1,2021-2022,2021-10-29,2021-12-21,30917000,0,756000,31673000,Issued
INV0001866,STU001060,HK2,2025-2026,2025-11-16,2025-12-24,11819000,1182000,558000,11195000,Issued
INV0001867,STU000994,HK1,2026-2027,2026-02-07,2026-03-15,28345000,14172000,0,14173000,Partially Paid
INV0001868,STU000953,HK Hè,2024-2025,2024-10-16,2024-11-24,27648000,0,156000,27804000,Issued
INV0001869,STU000116,HK1,2024-2025,2024-04-24,2024-06-19,32467000,0,337000,32804000,Paid
INV0001870,STU000865,HK Hè,2022-2023,2022-02-21,2022-03-28,18942000,0,0,18942000,Paid
INV0001871,STU000747,HK Hè,2026-2027,2026-09-03,2026-10-31,11539000,0,1036000,12575000,Overdue
INV0001872,STU000113,HK2,2021-2022,2021-05-13,2021-07-03,29941000,0,0,29941000,Paid
INV0001873,STU000207,HK Hè,2029-2030,2029-01-20,2029-03-18,27368000,0,0,27368000,Partially Paid
INV0001874,STU001008,HK1,2028-2029,2028-07-25,2028-09-20,24177000,2418000,0,21759000,Issued
INV0001875,STU001174,HK2,2026-2027,2026-11-04,2027-01-03,25882000,2588000,0,23294000,Paid
INV0001876,STU001298,HK Hè,2024-2025,2024-03-28,2024-05-25,15079000,0,0,15079000,Issued
INV0001877,STU001357,HK2,2027-2028,2027-03-10,2027-04-13,22566000,0,0,22566000,Issued
INV0001878,STU001175,HK2,2024-2025,2024-11-28,2024-12-29,21853000,0,0,21853000,Issued
INV0001879,STU000334,HK1,2023-2024,2023-01-16,2023-02-28,32293000,0,389000,32682000,Partially Paid
INV0001880,STU000818,HK1,2026-2027,2026-03-05,2026-05-03,34041000,17020000,0,17021000,Paid
INV0001881,STU000247,HK Hè,2021-2022,2021-12-11,2022-01-19,16890000,0,0,16890000,Partially Paid
INV0001882,STU001038,HK1,2021-2022,2021-09-24,2021-10-24,8714000,0,0,8714000,Issued
INV0001883,STU000982,HK Hè,2026-2027,2026-06-17,2026-07-19,33951000,8488000,0,25463000,Partially Paid
INV0001884,STU001236,HK2,2025-2026,2025-12-21,2026-01-30,12447000,6224000,0,6223000,Overdue
INV0001885,STU000831,HK1,2024-2025,2024-10-16,2024-11-23,12500000,0,696000,13196000,Paid
INV0001886,STU000878,HK2,2027-2028,2027-12-21,19/02/2028,32235000,0,0,32235000,Partially Paid
INV0001887,STU001388,HK2,2025-2026,2025-08-03,2025-09-22,15901000,0,1140000,17041000,Paid
INV0001888,STU000413,HK2,2025-2026,2025-02-18,2025-03-27,17275000,4319000,0,12956000,Issued
INV0001889,STU000889,HK Hè,2027-2028,2027-12-16,2028-01-25,14597000,0,0,14597000,Issued
INV0001890,STU001375,HK2,2026-2027,2026-12-16,2027-02-10,19595000,4899000,0,14696000,Issued
INV0001891,STU000664,HK1,2025-2026,2025-08-17,2025-10-11,11200000,0,0,11200000,Paid
INV0001892,STU000739,HK1,2025-2026,2025-12-13,2026-01-22,20258000,0,0,20258000,Paid
INV0001893,STU001192,HK Hè,2023-2024,2023-09-18,2023-10-24,26876000,0,0,26876000,Paid
INV0001894,STU001413,HK1,2027-2028,2027-08-07,2027-09-01,8122000,0,0,8122000,Overdue
INV0001895,STU000636,HK1,2023-2024,2023-07-10,2023-09-08,8417000,0,294000,8711000,Overdue
INV0001896,STU000376,HK Hè,2023-2024,2023-12-07,2024-01-14,24681000,6170000,0,18511000,Overdue
INV0001897,STU001138,HK1,2023-2024,2023-08-20,17/09/2023,24044000,0,0,24044000,Partially Paid
INV0001898,STU001327,HK2,2021-2022,2021-07-08,2021-08-10,25825000,12912000,0,12913000,Partially Paid
INV0001899,STU000115,HK Hè,2024-2025,2024-12-11,2025-02-06,25518000,12759000,0,12759000,Overdue
INV0001900,STU000542,HK1,2024-2025,2024-05-17,2024-07-06,29275000,2928000,0,26347000,Paid
INV0001901,STU000892,HK1,2024-2025,2024-02-18,2024-03-17,10120000,5060000,0,5060000,Paid
INV0001902,STU000739,HK1,2027-2028,2027-07-03,2027-07-30,19142000,4786000,0,14356000,Partially Paid
INV0001903,STU000162,HK1,2023-2024,2023-09-12,2023-10-30,33466000,8366000,1490000,26590000,Partially Paid
INV0001904,STU001342,HK1,2024-2025,2024-07-08,2024-08-16,31279000,15640000,0,15639000,Issued
INV0001905,STU000842,HK2,2020-2021,2020-09-21,2020-10-30,19115000,0,0,19115000,Overdue
INV0001906,STU000482,HK1,2024-2025,2024-07-02,2024-08-30,19977000,0,0,19977000,Issued
INV0001907,STU001387,HK1,2026-2027,2026-07-02,2026-08-03,22783000,0,0,22783000,Overdue
INV0001908,STU001076,HK Hè,2024-2025,2024-01-26,2024-02-23,23139000,0,0,23139000,Overdue
INV0001909,STU000859,HK2,2021-2022,2021-11-13,2021-12-03,29464000,14732000,550000,15282000,Paid
INV0001910,STU000067,HK Hè,2026-2027,2026-03-31,2026-05-13,26456000,0,0,26456000,Issued
INV0001911,STU001312,HK Hè,2025-2026,2025-03-28,2025-04-26,27660000,0,0,27660000,Issued
INV0001912,STU000352,HK2,2024-2025,2024-09-07,2024-09-30,8570000,2142000,0,6428000,Partially Paid
INV0001913,STU000837,HK1,2025-2026,2025-02-06,2025-03-09,34284000,0,0,34284000,Issued
INV0001914,STU001132,HK1,2028-2029,2028-02-21,2028-04-18,11973000,2993000,0,8980000,Paid
INV0001915,STU000057,HK2,2027-2028,2027-04-25,2027-06-09,15341000,0,0,15341000,Partially Paid
INV0001916,STU000158,HK Hè,2024-2025,2024-05-10,2024-07-02,12721000,0,0,12721000,Partially Paid
INV0001917,STU000040,HK1,2026-2027,2026-05-26,2026-07-22,8800000,2200000,0,6600000,Issued
INV0001918,STU000036,HK Hè,2022-2023,2022-10-13,2022-11-10,14798000,0,0,14798000,Issued
INV0001919,STU000551,HK2,2023-2024,2023-01-16,2023-03-06,15682000,3920000,0,11762000,Issued
INV0001920,STU000976,HK1,2027-2028,2027-11-11,2027-12-20,17554000,0,0,17554000,Paid
INV0001921,STU000908,HK2,2026-2027,2026-07-22,2026-08-11,19404000,0,0,19404000,Issued
INV0001922,STU000400,HK1,2028-2029,2028-01-27,2028-02-22,29452000,0,0,29452000,Issued
INV0001923,STU000746,HK Hè,2027-2028,2027-01-22,2027-03-08,8707000,0,0,8707000,Overdue
INV0001924,STU000276,HK Hè,2023-2024,2023-12-06,2024-01-31,24409000,0,0,24409000,Partially Paid
INV0001925,STU000498,HK1,2024-2025,2024-10-27,2024-12-26,29453000,2945000,0,26508000,Overdue
INV0001926,STU001034,HK1,2026-2027,2026-03-24,2026-04-28,15520000,3880000,0,11640000,Partially Paid
INV0001927,STU000401,HK1,2024-2025,2024-10-22,2024-12-21,19427000,0,0,19427000,Issued
INV0001928,STU000932,HK Hè,2029-2030,2029-03-01,2029-03-23,19339000,0,0,19339000,Paid
INV0001929,STU001195,HK Hè,2027-2028,2027-08-01,2027-09-13,8900000,0,0,8900000,Overdue
INV0001930,STU000821,HK Hè,2022-2023,2022-03-10,02/04/2022,22918000,0,0,22918000,Issued
INV0001931,STU001480,HK2,2025-2026,2025-03-02,16/04/2025,21799000,2180000,295000,19914000,Paid
INV0001932,STU000692,HK Hè,2027-2028,2027-09-30,2027-11-15,18844000,0,0,18844000,Issued
INV0001933,STU001189,HK2,2022-2023,2022-06-24,2022-08-08,10774000,0,888000,11662000,Partially Paid
INV0001934,STU000608,HK2,2025-2026,2025-02-21,2025-03-26,10141000,0,0,10141000,Issued
INV0001935,STU001155,HK Hè,2022-2023,2022-12-20,2023-01-14,28105000,0,0,28105000,Partially Paid
INV0001936,STU000244,HK1,2023-2024,2023-03-20,2023-05-16,14465000,0,596000,15061000,Partially Paid
INV0001937,STU000589,HK1,2028-2029,20/11/2028,2028-12-10,23141000,11570000,0,11571000,Partially Paid
INV0001938,STU000263,HK Hè,2021-2022,2021-05-25,2021-07-13,16080000,0,0,16080000,Overdue
INV0001939,STU000633,HK1,2025-2026,2025-01-05,2025-02-07,26916000,0,0,26916000,Overdue
INV0001940,STU000068,HK2,2026-2027,2026-04-18,2026-05-18,26955000,0,0,26955000,Issued
INV0001941,STU000207,HK2,2028-2029,2028-08-05,2028-08-29,19594000,0,283000,19877000,Partially Paid
INV0001942,STU001068,HK Hè,2022-2023,2022-06-21,2022-07-14,24719000,0,0,24719000,Paid
INV0001943,STU000013,HK1,2026-2027,2026-12-19,2027-01-15,20193000,0,1300000,21493000,Overdue
INV0001944,STU000115,HK1,2028-2029,2028-03-19,2028-04-20,9045000,2261000,0,6784000,Overdue
INV0001945,STU000868,HK2,2025-2026,2025-09-07,2025-10-26,25475000,0,0,25475000,Partially Paid
INV0001946,STU000148,HK2,2026-2027,16/06/2026,2026-07-26,27056000,0,1374000,28430000,Partially Paid
INV0001947,STU000981,HK2,2023-2024,2023-02-03,2023-03-31,29772000,0,513000,30285000,Partially Paid
INV0001948,STU000980,HK1,2026-2027,2026-04-26,19/06/2026,25488000,0,0,25488000,Partially Paid
INV0001949,STU001000,HK2,2026-2027,2026-08-13,2026-09-14,19677000,4919000,1353000,16111000,Partially Paid
INV0001950,STU000573,HK1,2026-2027,2026-03-10,01/04/2026,17000000,1700000,0,15300000,Paid
INV0001951,STU001297,HK Hè,2022-2023,2022-06-02,2022-07-30,23090000,0,0,23090000,Paid
INV0001952,STU000414,HK2,2023-2024,2023-12-29,2024-02-02,30248000,0,0,30248000,Overdue
INV0001953,STU000648,HK1,2025-2026,2025-06-29,2025-08-27,11185000,0,0,11185000,Overdue
INV0001954,STU001180,HK Hè,2022-2023,2022-12-05,2022-12-31,29900000,14950000,969000,15919000,Overdue
INV0001955,STU000160,HK2,2021-2022,2021-11-03,2021-12-22,29420000,14710000,0,14710000,Partially Paid
INV0001956,STU001072,HK Hè,2021-2022,2021-03-13,2021-04-02,12811000,1281000,693000,12223000,Paid
INV0001957,STU001211,HK2,2024-2025,2024-11-07,2024-12-09,22685000,2268000,0,20417000,Paid
INV0001958,STU000605,HK Hè,2021-2022,2021-10-06,2021-12-03,10033000,0,0,10033000,Overdue
INV0001959,STU000183,HK2,2027-2028,2027-11-01,2027-12-17,12323000,0,325000,12648000,Overdue
INV0001960,STU000702,HK Hè,2023-2024,2023-02-17,2023-03-30,15473000,0,920000,16393000,Partially Paid
INV0001961,STU000669,HK1,2025-2026,17/11/2025,2026-01-06,28191000,0,0,28191000,Overdue
INV0001962,STU001349,HK Hè,2023-2024,2023-12-20,2024-02-11,30723000,0,0,30723000,Overdue
INV0001963,STU001264,HK2,2026-2027,2026-06-12,2026-07-19,15380000,0,0,15380000,Paid
INV0001964,STU001261,HK2,2023-2024,2023-07-26,2023-08-24,20648000,5162000,931000,16417000,Overdue
INV0001965,STU001004,HK Hè,2028-2029,2028-03-07,2028-04-24,18013000,9006000,1487000,10494000,Partially Paid
INV0001966,STU001270,HK1,2027-2028,2027-11-25,2027-12-25,27456000,0,0,27456000,Issued
INV0001967,STU000090,HK1,2028-2029,03/10/2028,2028-11-27,25317000,0,0,25317000,Issued
INV0001968,STU000070,HK2,2022-2023,2022-01-30,2022-03-09,24945000,0,0,24945000,Issued
INV0001969,STU000406,HK1,2021-2022,2021-06-18,2021-08-02,17686000,0,719000,18405000,Paid
INV0001970,STU001327,HK1,2022-2023,2022-01-25,2022-02-21,32925000,0,0,32925000,Overdue
INV0001971,STU000103,HK2,2021-2022,2021-11-07,2021-12-12,21739000,2174000,0,19565000,Paid
INV0001972,STU001414,HK1,2028-2029,2028-02-08,2028-03-02,28381000,0,1388000,29769000,Partially Paid
INV0001973,STU000977,HK2,2023-2024,2023-03-25,2023-05-08,26754000,6688000,0,20066000,Issued
INV0001974,STU000673,HK2,2022-2023,2022-05-15,2022-06-14,16196000,0,0,16196000,Partially Paid
INV0001975,STU001471,HK1,2025-2026,2025-08-30,2025-10-27,22029000,11014000,0,11015000,Partially Paid
INV0001976,STU000485,HK Hè,2024-2025,2024-12-04,2025-01-01,18755000,9378000,0,9377000,Issued
INV0001977,STU000042,HK2,2026-2027,2026-08-02,2026-09-25,24594000,2459000,0,22135000,Paid
INV0001978,STU000751,HK1,2025-2026,2025-06-09,2025-07-28,15525000,0,0,15525000,Issued
INV0001979,STU000003,HK Hè,2023-2024,2023-11-26,2024-01-05,14471000,1447000,0,13024000,Partially Paid
INV0001980,STU000008,HK Hè,2026-2027,2026-11-13,2026-12-24,20292000,0,0,20292000,Paid
INV0001981,STU001250,HK1,2029-2030,2029-01-05,2029-02-15,30888000,15444000,0,16075000,Overdue
INV0001982,STU000609,HK1,2029-2030,2029-03-03,2029-05-01,23588000,11794000,0,11794000,Paid
INV0001983,STU000780,HK Hè,2028-2029,2028-06-21,2028-07-29,20391000,0,430000,20821000,Partially Paid
INV0001984,STU001377,HK2,2026-2027,2026-05-26,2026-07-01,24932000,0,1029000,25961000,Overdue
INV0001985,STU000980,HK Hè,2025-2026,2025-03-18,2025-04-26,32093000,0,366000,32459000,Paid
INV0001986,STU000511,HK1,2020-2021,27/11/2020,2020-12-25,10145000,0,0,10145000,Issued
INV0001987,STU000878,HK Hè,2028-2029,2028-10-16,2028-11-26,8109000,4054000,0,4055000,Overdue
INV0001988,STU000390,HK2,2023-2024,2023-06-21,2023-08-17,8288000,0,0,8288000,Overdue
INV0001989,STU000818,HK Hè,2029-2030,2029-09-20,2029-10-12,28699000,0,0,28699000,Paid
INV0001990,STU000719,HK Hè,2024-2025,2024-02-15,2024-03-16,12803000,6402000,531000,6932000,Overdue
INV0001991,STU000548,HK1,2026-2027,2026-11-19,2026-12-09,22709000,0,0,22709000,Partially Paid
INV0001992,STU001272,HK2,2023-2024,2023-03-19,2023-04-14,12510000,1251000,0,11259000,Paid
INV0001993,STU001074,HK1,2024-2025,2024-05-20,2024-06-09,23140000,0,0,23140000,Issued
INV0001994,STU000278,HK1,2021-2022,2021-03-24,2021-05-23,25093000,2509000,0,22584000,Paid
INV0001995,STU001264,HK2,2023-2024,2023-09-17,2023-11-06,22183000,11092000,0,11091000,Paid
INV0001996,STU000293,HK1,2028-2029,2028-10-19,2028-12-08,21234000,2123000,901000,20012000,Partially Paid
INV0001997,STU001003,HK Hè,2029-2030,2029-09-27,2029-11-06,28609000,0,0,28609000,Paid
INV0001998,STU000195,HK2,2025-2026,2025-11-18,19/12/2025,10840000,0,0,10840000,Partially Paid
INV0001999,STU000220,HK2,2021-2022,2021-06-02,2021-07-04,32663000,0,0,32663000,Paid
INV0002000,STU000196,HK2,2028-2029,2028-06-19,2028-08-16,24067000,12034000,265000,12298000,Overdue
INV0002001,STU000826,HK Hè,2024-2025,2024-10-21,2024-12-10,32385000,8096000,0,24289000,Issued
INV0002002,STU001418,HK1,2024-2025,2024-08-19,2024-09-17,13757000,0,0,13757000,Partially Paid
INV0002003,STU000799,HK1,2021-2022,2021-10-05,2021-11-27,13932000,3483000,0,10449000,Paid
INV0002004,STU001468,HK Hè,2025-2026,2025-07-17,2025-08-10,13921000,0,0,13921000,Overdue
INV0002005,STU000330,HK2,2022-2023,2022-01-24,2022-03-04,25197000,0,0,25197000,Partially Paid
INV0002006,STU000772,HK2,2025-2026,2025-12-01,2026-01-04,34630000,3463000,0,31167000,Issued
INV0002007,STU000764,HK Hè,2027-2028,2027-06-06,2027-08-05,12393000,0,0,12393000,Partially Paid
INV0002008,STU001486,HK2,2023-2024,2023-02-24,2023-04-08,14736000,1474000,506000,13768000,Overdue
INV0002009,STU000579,HK2,2022-2023,2022-02-15,2022-04-09,10802000,5401000,0,5401000,Partially Paid
INV0002010,STU001128,HK1,2027-2028,2027-01-27,2027-02-20,11954000,1195000,0,10759000,Partially Paid
INV0002011,STU000051,HK1,2021-2022,2021-12-10,2022-01-24,21154000,5288000,0,15866000,Paid
INV0002012,STU000598,HK1,2026-2027,2026-03-13,2026-04-11,23916000,0,0,23916000,Partially Paid
INV0002013,STU000317,HK1,2021-2022,2021-03-15,2021-04-12,29401000,14700000,0,14701000,Partially Paid
INV0002014,STU000859,HK2,2024-2025,2024-11-28,2025-01-26,32603000,0,0,32603000,Partially Paid
INV0002015,STU000892,HK2,2023-2024,2023-04-05,2023-05-05,10191000,0,660000,10851000,Overdue
INV0002016,STU000336,HK2,2021-2022,2021-12-26,2022-02-06,33966000,3397000,0,30569000,Paid
INV0002017,STU000331,HK Hè,2024-2025,2024-05-30,2024-07-20,9848000,4924000,0,4924000,Issued
INV0002018,STU000143,HK1,2027-2028,2027-11-22,2027-12-29,32998000,0,730000,33728000,Overdue
INV0002019,STU001053,HK1,2026-2027,2026-09-08,2026-10-28,23510000,5878000,0,17632000,Paid
INV0002020,STU000770,HK Hè,2024-2025,2024-09-06,2024-09-28,30019000,3002000,0,27017000,Partially Paid
INV0002021,STU001441,HK2,2025-2026,2025-08-11,2025-10-06,15334000,7667000,0,7667000,Overdue
INV0002022,STU001221,HK1,2024-2025,2024-04-16,2024-06-01,12123000,0,519000,12642000,Issued
INV0002023,STU000569,HK1,2025-2026,2025-12-13,2026-02-10,15195000,7598000,0,7597000,Partially Paid
INV0002024,STU001418,HK2,2026-2027,2026-07-10,2026-09-04,31751000,7938000,1481000,25294000,Paid
INV0002025,STU000963,HK2,2027-2028,2027-10-03,2027-11-09,34802000,3480000,0,31322000,Partially Paid
INV0002026,STU000218,HK2,2029-2030,2029-01-06,2029-02-11,12431000,3108000,0,9323000,Issued
INV0002027,STU000048,HK1,2023-2024,2023-03-20,2023-05-18,20877000,0,0,20877000,Issued
INV0002028,STU000755,HK Hè,2023-2024,2023-03-11,2023-05-04,25097000,6274000,1291000,20114000,Paid
INV0002029,STU000177,HK2,2023-2024,2023-07-04,2023-08-08,11205000,0,0,11205000,Partially Paid
INV0002030,STU001070,HK Hè,2024-2025,2024-01-15,2024-02-05,11704000,0,0,11704000,Issued
INV0002031,STU000248,HK Hè,2024-2025,2024-10-28,2024-11-29,23123000,11562000,0,11561000,Partially Paid
INV0002032,STU000324,HK2,2022-2023,2022-05-17,2022-06-14,25866000,0,0,25866000,Partially Paid
INV0002033,STU000451,HK Hè,2022-2023,2022-10-29,2022-11-25,31244000,0,0,31244000,Overdue
INV0002034,STU000395,HK Hè,2023-2024,2023-04-11,2023-06-09,31748000,0,0,31748000,Overdue
INV0002035,STU000831,HK2,2024-2025,2024-07-22,2024-08-11,22422000,11211000,0,11211000,Overdue
INV0002036,STU001200,HK Hè,2026-2027,2026-06-26,2026-07-30,32985000,0,970000,33955000,Partially Paid
INV0002037,STU001367,HK Hè,2023-2024,2023-07-10,2023-08-30,16987000,1699000,1296000,16584000,Issued
INV0002038,STU001136,HK2,2025-2026,2025-05-06,2025-07-04,32679000,8170000,0,24509000,Paid
INV0002039,STU000879,HK Hè,2026-2027,2026-01-30,2026-02-23,24022000,6006000,0,18016000,Partially Paid
INV0002040,STU000386,HK Hè,2021-2022,2021-08-02,2021-09-25,24908000,0,0,24908000,Issued
INV0002041,STU000111,HK Hè,2026-2027,2026-08-23,27/09/2026,32938000,0,0,32938000,Overdue
INV0002042,STU001091,HK2,2022-2023,2022-01-06,2022-01-31,29170000,2917000,0,26253000,Overdue
INV0002043,STU000851,HK1,2025-2026,2025-08-29,2025-09-25,19445000,4861000,745000,15329000,Partially Paid
INV0002044,STU001204,HK Hè,2023-2024,2023-01-21,2023-03-19,9180000,918000,0,8262000,Paid
INV0002045,STU000064,HK Hè,2025-2026,2025-08-18,2025-09-10,20722000,10361000,0,10361000,Overdue
INV0002046,STU000814,HK2,2025-2026,2025-02-11,2025-03-05,32389000,16194000,276000,16471000,Paid
INV0002047,STU001059,HK2,2026-2027,2026-09-10,2026-11-07,13765000,0,880000,14645000,Issued
INV0002048,STU000632,HK Hè,2024-2025,2024-08-21,2024-10-17,21763000,0,0,24821000,Issued
INV0002049,STU000386,HK2,2023-2024,2023-10-23,2023-11-16,16849000,0,0,16849000,Partially Paid
INV0002050,STU000748,HK1,2022-2023,2022-02-28,2022-03-20,10125000,1012000,0,9113000,Paid
INV0002051,STU000695,HK2,2027-2028,2027-01-27,2027-03-27,27583000,0,0,27583000,Overdue
INV0002052,STU000289,HK2,2027-2028,2027-02-09,2027-03-27,21233000,5308000,0,15925000,Issued
INV0002053,STU001441,HK Hè,2022-2023,2022-12-22,2023-02-18,18651000,0,140000,18791000,Paid
INV0002054,STU000834,HK Hè,2023-2024,2023-04-11,2023-06-09,9848000,4924000,0,4924000,Partially Paid
INV0002055,STU000574,HK1,2022-2023,2022-05-30,2022-07-17,15590000,1559000,0,14031000,Issued
INV0002056,STU000362,HK2,2027-2028,2027-12-09,2028-01-06,10068000,0,249000,10317000,Partially Paid
INV0002057,STU001307,HK1,2029-2030,2029-02-16,2029-03-17,33115000,0,958000,35239000,Paid
INV0002058,STU001286,HK Hè,2022-2023,2022-11-28,2022-12-31,9845000,984000,644000,9505000,Issued
INV0002059,STU000374,HK2,2025-2026,2025-11-13,10/12/2025,11599000,2900000,0,11943000,Paid
INV0002060,STU001167,HK1,2027-2028,2027-01-30,2027-02-25,11260000,0,0,11260000,Paid
INV0002061,STU000873,HK Hè,2021-2022,2021-07-25,2021-09-09,31526000,7882000,0,23644000,Overdue
INV0002062,STU001475,HK2,2024-2025,2024-03-26,2024-04-29,15125000,1512000,0,13613000,Paid
INV0002063,STU000430,HK2,2027-2028,2027-03-25,2027-05-05,20604000,10302000,0,10302000,Overdue
INV0002064,STU001054,HK2,2027-2028,2027-04-11,2027-05-24,20331000,0,201000,20532000,Issued
INV0002065,STU000516,HK Hè,2022-2023,31/08/2022,2022-10-10,14958000,0,0,14958000,Partially Paid
INV0002066,STU001077,HK2,2024-2025,2024-03-25,2024-04-19,27347000,0,0,27347000,Paid
INV0002067,STU000220,HK Hè,2022-2023,2022-12-21,2023-02-15,20294000,0,626000,20920000,Issued
INV0002068,STU001268,HK2,2022-2023,2022-12-02,2023-01-18,17780000,4445000,0,13335000,Issued
INV0002069,STU000910,HK Hè,2024-2025,2024-12-02,2025-01-08,24407000,6102000,483000,18788000,Paid
INV0002070,STU000577,HK Hè,2024-2025,2024-02-01,2024-03-21,21295000,5324000,0,15971000,Issued
INV0002071,STU000302,HK1,2028-2029,2028-06-16,2028-07-14,27724000,6931000,0,20793000,Issued
INV0002072,STU001244,HK2,2020-2021,2020-12-02,2021-01-28,18719000,1872000,0,16847000,Partially Paid
INV0002073,STU000513,HK Hè,2024-2025,2024-05-20,2024-06-18,29494000,2949000,0,26545000,Partially Paid
INV0002074,STU000749,HK1,2022-2023,2022-12-09,2023-01-01,16303000,0,0,16303000,Paid
INV0002075,STU000941,HK2,2021-2022,2021-03-05,2021-04-01,8612000,861000,0,7751000,Overdue
INV0002076,STU000944,HK1,2027-2028,2027-05-07,2027-06-13,34838000,8710000,0,26128000,Overdue
INV0002077,STU000167,HK2,2026-2027,2026-09-23,2026-11-04,28414000,0,957000,29371000,Issued
INV0002078,STU001464,HK2,2027-2028,2027-10-23,2027-11-16,28129000,7032000,449000,21546000,Issued
INV0002079,STU000835,HK1,2022-2023,2022-05-10,2022-06-25,29955000,0,0,29955000,Partially Paid
INV0002080,STU000909,HK Hè,2028-2029,2028-03-27,2028-04-30,32362000,3236000,0,29126000,Paid
INV0002081,STU000091,HK Hè,2025-2026,2025-06-21,2025-07-13,27561000,0,0,27561000,Overdue
INV0002082,STU001488,HK2,2020-2021,2020-09-28,2020-10-21,13637000,3409000,0,10228000,Issued
INV0002083,STU001016,HK1,2025-2026,2025-03-28,2025-04-19,8881000,4440000,0,4441000,Overdue
INV0002084,STU000453,HK1,2022-2023,2022-06-13,2022-07-29,32096000,0,0,32096000,Paid
INV0002085,STU000513,HK Hè,2027-2028,2027-10-18,2027-11-12,30399000,15200000,0,15199000,Partially Paid
INV0002086,STU000403,HK Hè,2025-2026,2025-02-18,2025-03-10,14597000,0,0,14597000,Paid
INV0002087,STU000772,HK1,2027-2028,2027-04-21,2027-05-11,20086000,0,0,20086000,Issued
INV0002088,STU000129,HK Hè,2024-2025,29/06/2024,2024-07-25,18755000,1876000,0,16879000,Partially Paid
INV0002089,STU000484,HK1,2025-2026,2025-12-20,2026-02-04,14434000,0,0,14434000,Paid
INV0002090,STU001067,HK2,2025-2026,2025-09-06,2025-10-02,29842000,0,0,29842000,Partially Paid
INV0002091,STU000001,HK Hè,2021-2022,2021-10-25,2021-12-06,9008000,0,0,9008000,Partially Paid
INV0002092,STU000665,HK Hè,2024-2025,2024-11-13,2024-12-30,8093000,4046000,817000,4864000,Issued
INV0002093,STU001021,HK1,2023-2024,2023-11-26,2024-01-11,26548000,6637000,0,19911000,Overdue
INV0002094,STU001253,HK Hè,2024-2025,2024-11-28,2024-12-19,18193000,0,0,18193000,Issued
INV0002095,STU001397,HK1,2021-2022,2021-11-21,2021-12-18,9517000,4758000,0,7553000,Issued
INV0002096,STU000038,HK Hè,2023-2024,2023-10-28,2023-11-17,27306000,0,0,27306000,Partially Paid
INV0002097,STU000276,HK Hè,2025-2026,2025-04-06,2025-06-03,13005000,0,0,13005000,Partially Paid
INV0002098,STU001253,HK Hè,2025-2026,2025-04-09,2025-05-09,22601000,0,0,22601000,Partially Paid
INV0002099,STU000102,HK2,2024-2025,2024-10-10,2024-12-08,20721000,0,0,20721000,Partially Paid
INV0002100,STU000278,HK2,2022-2023,2022-10-18,2022-12-01,20015000,5004000,0,15011000,Partially Paid
INV0002101,STU001056,HK1,2024-2025,2024-05-22,2024-07-13,9388000,0,0,9388000,Overdue
INV0002102,STU000055,HK2,2021-2022,2021-08-06,2021-10-01,32896000,16448000,0,16448000,Overdue
INV0002103,STU001198,HK2,2022-2023,2022-05-03,2022-06-20,12622000,1262000,0,11360000,Paid
INV0002104,STU001455,HK1,2025-2026,2025-08-23,2025-09-15,32597000,0,853000,33450000,Issued
INV0002105,STU001269,HK2,2025-2026,2025-07-29,2025-09-19,22951000,2295000,0,20656000,Partially Paid
INV0002106,STU000512,HK1,2027-2028,2027-04-29,2027-05-22,14130000,1413000,858000,13575000,Paid
INV0002107,STU001017,HK Hè,2025-2026,2025-06-19,2025-07-22,15451000,0,0,15451000,Overdue
INV0002108,STU000045,HK1,2025-2026,2025-08-17,2025-09-28,9394000,2348000,0,7046000,Paid
INV0002109,STU001427,HK Hè,2026-2027,2026-06-17,2026-08-15,29683000,0,0,29683000,Overdue
INV0002110,STU000515,HK2,2022-2023,2022-01-02,2022-02-28,29922000,0,0,29922000,Overdue
INV0002111,STU000187,HK2,2029-2030,2029-04-03,2029-05-30,27845000,0,0,27845000,Partially Paid
INV0002112,STU000781,HK Hè,2023-2024,2023-12-25,2024-01-14,25623000,0,0,25623000,Issued
INV0002113,STU001076,HK2,2022-2023,2022-08-04,2022-10-01,22063000,11032000,0,11031000,Issued
INV0002114,STU001093,HK1,2027-2028,2027-12-03,2028-01-25,31757000,0,0,31757000,Paid
INV0002115,STU000354,HK2,2019-2020,2019-12-19,2020-01-18,18360000,4590000,0,13770000,Partially Paid
INV0002116,STU000146,HK2,2026-2027,2026-01-31,2026-03-24,29524000,7381000,0,22143000,Partially Paid
INV0002117,STU000803,HK1,2021-2022,2021-09-16,2021-10-16,20388000,2039000,0,18349000,Overdue
INV0002118,STU001408,HK2,2023-2024,2023-01-24,2023-02-26,8896000,2224000,0,6672000,Issued
INV0002119,STU001148,HK Hè,2023-2024,2023-04-11,2023-05-09,31963000,7991000,0,23972000,Partially Paid
INV0002120,STU000172,HK1,2024-2025,2024-01-12,2024-03-11,23276000,0,0,23276000,Partially Paid
INV0002121,STU001193,HK2,2023-2024,2023-01-09,2023-01-29,14148000,0,0,14148000,Overdue
INV0002122,STU001284,HK Hè,2027-2028,2027-03-23,2027-05-11,30684000,0,254000,30938000,Issued
INV0002123,STU000406,HK1,2021-2022,2021-09-02,2021-10-25,16527000,0,0,16527000,Overdue
INV0002124,STU000792,HK2,2026-2027,2026-07-25,2026-09-22,31629000,15814000,0,15815000,Issued
INV0002125,STU000466,HK Hè,2025-2026,2025-03-05,2025-04-11,22068000,2207000,0,19861000,Overdue
INV0002126,STU000578,HK Hè,2027-2028,2027-01-23,2027-02-20,15023000,0,0,15023000,Issued
INV0002127,STU000011,HK1,2025-2026,2025-05-10,2025-06-04,23004000,5751000,0,17253000,Partially Paid
INV0002128,STU001105,HK Hè,2022-2023,2022-11-15,2023-01-09,10521000,0,538000,11059000,Issued
INV0002129,STU000487,HK1,2025-2026,2025-07-11,2025-08-24,25307000,0,0,25307000,Paid
INV0002130,STU001213,HK Hè,2021-2022,2021-11-23,2022-01-18,19783000,0,0,19783000,Paid
INV0002131,STU000349,HK2,2025-2026,2025-12-10,2026-01-05,12426000,0,1256000,13682000,Issued
INV0002132,STU001252,HK1,2023-2024,2023-05-10,2023-06-21,22504000,5626000,0,16878000,Issued
INV0002133,STU000124,HK Hè,2019-2020,2019-11-28,2020-01-02,30872000,3087000,0,27785000,Overdue
INV0002134,STU000844,HK2,2022-2023,2022-02-27,2022-04-05,21692000,0,0,21692000,Issued
INV0002135,STU000186,HK1,2027-2028,2027-11-25,2027-12-20,24928000,6232000,0,18696000,Paid
INV0002136,STU000026,HK Hè,2023-2024,2023-06-11,2023-07-30,27111000,13556000,0,13555000,Overdue
INV0002137,STU000430,HK2,2028-2029,2028-08-10,2028-09-23,8163000,816000,1127000,8474000,Partially Paid
INV0002138,STU000207,HK1,2026-2027,2026-09-13,2026-10-13,11327000,5664000,986000,6649000,Overdue
INV0002139,STU001184,HK Hè,2027-2028,2027-06-16,2027-07-21,18733000,9366000,0,9367000,Overdue
INV0002140,STU000829,HK2,2022-2023,2022-12-28,2023-01-17,25962000,12981000,0,12981000,Paid
INV0002141,STU000493,HK1,2026-2027,2026-10-20,2026-12-14,22195000,2220000,0,19975000,Overdue
INV0002142,STU001293,HK1,2023-2024,2023-03-08,2023-04-02,33590000,3359000,0,30231000,Overdue
INV0002143,STU000534,HK Hè,2026-2027,2026-06-15,2026-07-11,21605000,5401000,580000,16784000,Issued
INV0002144,STU000322,HK1,2025-2026,2025-01-19,2025-02-22,34013000,0,874000,34887000,Issued
INV0002145,STU001120,HK1,2026-2027,2026-01-04,2026-02-20,9184000,0,1472000,10656000,Partially Paid
INV0002146,STU001292,HK1,2029-2030,2029-02-08,2029-03-24,30418000,15209000,0,15209000,Paid
INV0002147,STU000815,HK1,2024-2025,2024-06-14,2024-07-23,17488000,8744000,0,8744000,Overdue
INV0002148,STU001183,HK2,2027-2028,2027-05-31,2027-07-18,10259000,0,0,10259000,Issued
INV0002149,STU001463,HK2,2021-2022,2021-02-05,2021-03-02,33928000,0,0,33928000,Overdue
INV0002150,STU000686,HK1,2028-2029,2028-12-23,2029-01-23,8881000,2220000,1095000,7756000,Partially Paid
INV0002151,STU000294,HK1,2022-2023,2022-10-09,2022-11-16,24728000,12364000,0,12364000,Partially Paid
INV0002152,STU001396,HK1,2023-2024,2023-03-26,2023-04-25,17874000,0,0,17874000,Paid
INV0002153,STU000427,HK1,2022-2023,2022-11-08,2022-12-03,19420000,0,0,19420000,Partially Paid
INV0002154,STU001314,HK2,2023-2024,2023-04-16,2023-06-06,19300000,1930000,1420000,18790000,Issued
INV0002155,STU000850,HK Hè,2021-2022,2021-06-02,2021-06-25,16652000,4163000,0,12489000,Overdue
INV0002156,STU000137,HK1,2023-2024,2023-12-15,2024-02-02,29146000,2915000,0,26231000,Paid
INV0002157,STU001049,HK1,2021-2022,2021-04-03,2021-05-15,8228000,0,0,8228000,Issued
INV0002158,STU000909,HK Hè,2025-2026,2025-10-26,2025-12-04,15201000,1520000,0,13681000,Partially Paid
INV0002159,STU001043,HK2,2025-2026,2025-11-18,2026-01-04,13151000,0,0,13151000,Overdue
INV0002160,STU001085,HK Hè,2025-2026,2025-03-12,2025-04-22,31982000,0,0,31982000,Partially Paid
INV0002161,STU000504,HK Hè,2026-2027,2026-09-20,2026-10-16,12561000,3140000,0,9421000,Partially Paid
INV0002162,STU000496,HK Hè,2029-2030,2029-04-30,2029-05-29,12595000,6298000,0,6297000,Overdue
INV0002163,STU000824,HK2,2023-2024,2023-02-02,2023-02-23,24919000,0,0,24919000,Overdue
INV0002164,STU001461,HK2,2027-2028,2027-09-21,2027-11-01,16505000,4126000,0,12379000,Paid
INV0002165,STU000508,HK2,2027-2028,2027-09-03,2027-10-16,14920000,7460000,0,7460000,Partially Paid
INV0002166,STU000335,HK Hè,2024-2025,2024-11-01,2024-12-03,27538000,0,0,27538000,Paid
INV0002167,STU001022,HK2,2028-2029,2028-03-17,2028-04-17,17546000,0,0,17546000,Paid
INV0002168,STU000199,HK2,2025-2026,2025-03-04,2025-04-13,24546000,0,0,24546000,Paid
INV0002169,STU000571,HK2,2022-2023,2022-04-02,2022-04-26,9178000,4589000,828000,5417000,Issued
INV0002170,STU000005,HK1,2029-2030,2029-05-16,2029-06-05,28918000,2892000,143000,26169000,Issued
INV0002171,STU000365,HK1,2023-2024,2023-05-17,2023-07-11,31882000,0,0,31882000,Partially Paid
INV0002172,STU001299,HK Hè,2024-2025,2024-06-17,2024-08-04,32200000,3220000,657000,29637000,Paid
INV0002173,STU000467,HK Hè,2025-2026,2025-03-23,2025-04-16,23381000,5845000,0,17536000,Overdue
INV0002174,STU001015,HK2,2026-2027,2026-09-17,2026-11-11,22082000,5520000,0,16562000,Paid
INV0002175,STU001042,HK Hè,2023-2024,2023-07-25,2023-08-27,18097000,4524000,0,13573000,Partially Paid
INV0002176,STU001195,HK1,2023-2024,2023-12-02,2023-12-25,34037000,0,0,34037000,Paid
INV0002177,STU000913,HK Hè,2022-2023,2022-05-05,2022-05-31,11623000,2906000,0,8717000,Paid
INV0002178,STU000866,HK Hè,2024-2025,2024-09-16,2024-11-14,20614000,0,246000,20860000,Partially Paid
INV0002179,STU000258,HK2,2022-2023,2022-06-13,28/07/2022,14083000,0,267000,14350000,Paid
INV0002180,STU001446,HK2,2022-2023,2022-01-09,2022-02-05,17800000,1780000,0,16020000,Partially Paid
INV0002181,STU001383,HK2,2026-2027,2026-04-14,2026-06-02,22452000,0,0,22452000,Issued
INV0002182,STU000313,HK1,2021-2022,14/02/2021,2021-03-22,11363000,5682000,0,5681000,Issued
INV0002183,STU001070,HK2,2022-2023,2022-08-03,2022-08-25,32405000,0,0,32405000,Paid
INV0002184,STU000994,HK2,2026-2027,2026-11-17,2026-12-29,18106000,0,1092000,19198000,Paid
INV0002185,STU000568,HK Hè,2026-2027,2026-09-15,2026-11-06,13730000,1373000,1021000,13378000,Paid
INV0002186,STU001168,HK1,2025-2026,2025-03-24,2025-04-19,22234000,0,302000,22536000,Issued
INV0002187,STU000738,HK Hè,2025-2026,2025-10-14,2025-12-09,19667000,0,959000,20626000,Issued
INV0002188,STU000834,HK1,2024-2025,2024-08-18,2024-09-11,8840000,884000,119000,8075000,Partially Paid
INV0002189,STU000691,HK1,2027-2028,2027-05-26,2027-07-08,32385000,3238000,0,29147000,Paid
INV0002190,STU000105,HK1,2028-2029,2028-10-17,2028-12-04,34629000,3463000,0,31166000,Overdue
INV0002191,STU000495,HK2,2027-2028,2027-03-04,2027-04-01,23140000,2314000,0,20826000,Overdue
INV0002192,STU000571,HK2,2020-2021,2020-11-05,2020-12-29,23812000,0,246000,24058000,Partially Paid
INV0002193,STU001346,HK2,2024-2025,2024-03-08,2024-04-25,21157000,0,301000,21458000,Partially Paid
INV0002194,STU000602,HK2,2027-2028,2027-08-17,2027-09-13,27160000,6790000,0,20370000,Overdue
INV0002195,STU001016,HK2,2024-2025,2024-09-13,2024-10-24,9585000,0,0,9585000,Paid
INV0002196,STU000070,HK Hè,2021-2022,2021-10-08,2021-11-05,17463000,1746000,0,15717000,Paid
INV0002197,STU000106,HK Hè,2023-2024,2023-08-13,2023-09-16,29312000,14656000,515000,15171000,Issued
INV0002198,STU001343,HK1,2024-2025,2024-05-24,2024-06-29,12805000,1280000,0,11525000,Overdue
INV0002199,STU001213,HK2,2022-2023,2022-08-30,2022-10-20,31506000,15753000,1299000,17052000,Partially Paid
INV0002200,STU000586,HK Hè,2022-2023,2022-07-18,2022-09-07,15135000,7568000,0,7567000,Partially Paid
INV0002201,STU001050,HK Hè,2024-2025,22/01/2024,2024-03-08,24729000,0,0,24729000,Overdue
INV0002202,STU001410,HK1,2023-2024,31/03/2023,2023-04-21,27684000,0,0,27684000,Partially Paid
INV0002203,STU000448,HK1,2022-2023,2022-02-19,2022-03-24,32813000,0,0,32813000,Issued
INV0002204,STU000865,HK1,2025-2026,2025-09-15,2025-10-26,30970000,7742000,0,23228000,Paid
INV0002205,STU000383,HK Hè,2027-2028,2027-08-28,2027-09-17,32344000,16172000,713000,16885000,Partially Paid
INV0002206,STU000309,HK2,2028-2029,2028-12-07,2029-01-30,13021000,0,0,13021000,Paid
INV0002207,STU000401,HK2,2022-2023,2022-10-27,2022-12-21,30703000,7676000,0,23027000,Issued
INV0002208,STU000208,HK Hè,2025-2026,2025-02-01,2025-03-06,23247000,2325000,101000,21023000,Issued
INV0002209,STU000095,HK Hè,2026-2027,2026-08-19,2026-10-02,13072000,3268000,1051000,10855000,Paid
INV0002210,STU000402,HK Hè,2025-2026,2025-11-17,2026-01-10,15579000,1558000,0,14021000,Paid
INV0002211,STU000682,HK1,2025-2026,2025-04-13,2025-06-11,26087000,0,0,26087000,Overdue
INV0002212,STU000825,HK1,2022-2023,2022-07-22,2022-09-02,23763000,2376000,0,21387000,Overdue
INV0002213,STU001352,HK Hè,2022-2023,2022-01-14,2022-02-17,33403000,16702000,0,16701000,Overdue
INV0002214,STU001072,HK Hè,2022-2023,2022-02-08,2022-03-18,23456000,0,0,23456000,Paid
INV0002215,STU000652,HK2,2026-2027,2026-09-20,2026-10-21,26928000,0,0,26928000,Overdue
INV0002216,STU000590,HK2,2026-2027,2026-07-27,2026-08-30,11176000,0,0,11176000,Overdue
INV0002217,STU000859,HK1,2023-2024,2023-04-13,2023-05-19,33638000,8410000,0,25228000,Partially Paid
INV0002218,STU001188,HK1,2024-2025,2024-10-07,2024-11-18,19495000,0,0,19495000,Paid
INV0002219,STU000370,HK Hè,2024-2025,2024-05-10,2024-07-04,26552000,0,0,26552000,Issued
INV0002220,STU001303,HK1,2024-2025,2024-11-05,2024-12-23,12893000,6446000,0,6447000,Issued
INV0002221,STU000446,HK Hè,2024-2025,2024-09-28,2024-11-24,18384000,0,0,18384000,Paid
INV0002222,STU000480,HK Hè,2025-2026,2025-09-22,2025-10-25,18042000,4510000,0,13532000,Paid
INV0002223,STU000867,HK2,2026-2027,2026-07-30,2026-09-16,21402000,0,0,21402000,Partially Paid
INV0002224,STU001146,HK Hè,2026-2027,2026-06-15,2026-08-07,25070000,0,0,25070000,Partially Paid
INV0002225,STU000377,HK1,2024-2025,2024-12-26,2025-01-20,16922000,1692000,0,15230000,Paid
INV0002226,STU000055,HK Hè,2021-2022,21/10/2021,2021-11-28,25238000,12619000,696000,13315000,Partially Paid
INV0002227,STU000168,HK2,2027-2028,2027-11-14,2027-12-12,12339000,3085000,0,9254000,Partially Paid
INV0002228,STU000855,HK Hè,2020-2021,2020-12-21,2021-01-15,32119000,3212000,0,28907000,Partially Paid
INV0002229,STU001297,HK1,2025-2026,2025-05-28,2025-06-18,32483000,16242000,0,16241000,Partially Paid
INV0002230,STU000549,HK1,2025-2026,2025-05-21,2025-06-19,25200000,2520000,0,22680000,Partially Paid
INV0002231,STU001074,HK2,2026-2027,2026-05-13,2026-06-04,29244000,2924000,0,26320000,Partially Paid
INV0002232,STU000569,HK Hè,2026-2027,2026-12-02,2027-01-07,23481000,0,0,23481000,Issued
INV0002233,STU001351,HK2,2023-2024,2023-09-28,2023-11-19,30487000,3049000,0,27438000,Issued
INV0002234,STU000593,HK1,2021-2022,2021-10-06,2021-11-30,18018000,4504000,371000,13885000,Partially Paid
INV0002235,STU000975,HK Hè,2027-2028,2027-07-20,2027-08-31,34924000,3492000,0,31432000,Issued
INV0002236,STU001334,HK1,2025-2026,2025-06-11,2025-07-27,31204000,3120000,0,28084000,Issued
INV0002237,STU001202,HK Hè,2022-2023,2022-10-06,2022-10-31,28076000,0,0,28076000,Paid
INV0002238,STU000855,HK2,2022-2023,2022-12-05,2023-01-23,23124000,0,327000,23451000,Partially Paid
INV0002239,STU001349,HK2,2021-2022,2021-12-05,2022-01-13,9421000,942000,0,8479000,Partially Paid
INV0002240,STU000585,HK Hè,2025-2026,2025-12-10,2026-02-03,23340000,0,0,23340000,Partially Paid
INV0002241,STU000198,HK1,2023-2024,2023-02-22,2023-03-25,9089000,0,0,9089000,Partially Paid
INV0002242,STU000544,HK1,2027-2028,2027-01-18,2027-02-08,8878000,888000,0,7990000,Partially Paid
INV0002243,STU000489,HK Hè,2026-2027,2026-09-06,2026-10-21,12309000,3077000,0,9232000,Issued
INV0002244,STU000495,HK2,2027-2028,2027-11-27,2028-01-19,8908000,4454000,0,4454000,Partially Paid
INV0002245,STU000267,HK2,2023-2024,2023-10-31,2023-12-16,31042000,0,0,31042000,Paid
INV0002246,STU000205,HK2,2028-2029,2028-08-07,2028-09-18,21490000,0,0,21490000,Paid
INV0002247,STU001035,HK Hè,2026-2027,2026-08-29,2026-09-20,32193000,8048000,1406000,25551000,Paid
INV0002248,STU001342,HK1,2026-2027,2026-02-02,2026-03-08,23324000,0,0,23324000,Partially Paid
INV0002249,STU001208,HK2,2026-2027,2026-06-29,2026-08-11,24089000,6022000,0,18067000,Issued
INV0002250,STU000172,HK1,2026-2027,2026-09-02,2026-10-22,8707000,0,0,8707000,Issued
INV0002251,STU001224,HK1,2022-2023,2022-05-07,2022-07-03,18174000,0,0,18174000,Partially Paid
INV0002252,STU000627,HK2,2025-2026,2025-09-14,2025-10-14,25199000,0,0,25199000,Issued
INV0002253,STU001437,HK Hè,2021-2022,2021-05-20,2021-07-14,10348000,2587000,0,7761000,Paid
INV0002254,STU001215,HK1,2021-2022,2021-07-15,2021-09-10,13930000,6965000,0,6965000,Partially Paid
INV0002255,STU001374,HK1,2023-2024,2023-10-12,2023-11-30,10620000,0,0,10620000,Partially Paid
INV0002256,STU000329,HK2,2029-2030,2029-02-19,2029-03-27,25919000,12960000,0,12959000,Issued
INV0002257,STU000177,HK Hè,2024-2025,2024-10-02,2024-11-02,9049000,0,542000,9591000,Overdue
INV0002258,STU000604,HK2,2026-2027,2026-07-09,2026-08-14,25234000,2523000,0,22711000,Issued
INV0002259,STU000328,HK Hè,2026-2027,2026-01-17,15/02/2026,18491000,0,0,18491000,Paid
INV0002260,STU001448,HK Hè,2023-2024,2023-02-14,2023-04-09,26905000,0,0,26905000,Overdue
INV0002261,STU001161,HK2,2025-2026,2025-10-30,24/12/2025,17863000,8932000,1488000,10419000,Issued
INV0002262,STU000555,HK1,2023-2024,2023-05-31,2023-06-26,26411000,2641000,0,23770000,Overdue
INV0002263,STU001190,HK1,2024-2025,2024-04-27,2024-05-24,15965000,3991000,0,11974000,Paid
INV0002264,STU000603,HK Hè,2026-2027,2026-05-03,2026-06-27,13456000,1346000,0,12110000,Issued
INV0002265,STU000997,HK1,2025-2026,2025-09-28,2025-10-18,9386000,4693000,0,4693000,Issued
INV0002266,STU001482,HK Hè,2022-2023,2022-05-25,2022-07-20,15841000,3960000,1139000,13020000,Partially Paid
INV0002267,STU001192,HK Hè,2020-2021,2020-02-03,2020-03-11,33546000,8386000,0,25160000,Issued
INV0002268,STU001011,HK2,2030-2031,2030-06-12,2030-07-20,34735000,0,0,38716000,Partially Paid
INV0002269,STU000574,HK2,2026-2027,2026-09-11,2026-10-17,22591000,2259000,0,20332000,Partially Paid
INV0002270,STU001433,HK Hè,2022-2023,2022-08-16,2022-09-13,14280000,0,0,14280000,Partially Paid
INV0002271,STU000810,HK1,2023-2024,2023-08-10,2023-09-05,34559000,8640000,0,25919000,Partially Paid
INV0002272,STU000357,HK Hè,2022-2023,2022-05-21,2022-07-20,32440000,0,0,32440000,Issued
INV0002273,STU000855,HK2,2020-2021,2020-06-17,2020-07-17,9264000,0,811000,10075000,Overdue
INV0002274,STU001375,HK2,2027-2028,2027-07-20,2027-08-15,22570000,0,0,22570000,Overdue
INV0002275,STU000635,HK Hè,2025-2026,2025-05-27,2025-07-17,13153000,3288000,0,9865000,Issued
INV0002276,STU000699,HK1,2023-2024,2023-09-03,2023-10-13,29848000,0,0,29848000,Overdue
INV0002277,STU000463,HK2,2027-2028,2027-09-07,2027-09-29,10731000,0,0,10731000,Paid
INV0002278,STU001006,HK Hè,2027-2028,2027-10-08,2027-11-23,13140000,0,0,13140000,Issued
INV0002279,STU000525,HK Hè,2023-2024,2023-10-03,2023-11-16,26671000,6668000,0,20003000,Issued
INV0002280,STU000226,HK1,2023-2024,2023-02-22,2023-03-17,14496000,7248000,0,7248000,Partially Paid
INV0002281,STU001432,HK1,2025-2026,2025-08-17,2025-09-23,31773000,0,700000,32473000,Issued
INV0002282,STU001333,HK2,2024-2025,2024-02-13,2024-03-14,8745000,874000,0,7871000,Partially Paid
INV0002283,STU001339,HK Hè,2026-2027,2026-04-22,2026-06-02,26220000,6555000,0,19665000,Partially Paid
INV0002284,STU000215,HK1,2026-2027,2026-05-16,2026-06-07,21738000,2174000,0,19564000,Partially Paid
INV0002285,STU000325,HK Hè,2024-2025,2024-09-17,2024-11-11,24451000,0,0,24451000,Partially Paid
INV0002286,STU001257,HK2,2024-2025,2024-09-16,2024-11-04,18346000,0,827000,19173000,Issued
INV0002287,STU001350,HK Hè,2025-2026,2025-04-23,2025-05-26,12937000,1294000,0,11643000,Partially Paid
INV0002288,STU000386,HK2,2020-2021,2020-10-28,2020-12-23,21631000,0,0,21631000,Partially Paid
INV0002289,STU000246,HK Hè,2025-2026,2025-09-05,2025-09-28,9939000,0,0,9939000,Overdue
INV0002290,STU000514,HK1,2026-2027,2026-06-02,2026-07-18,8438000,0,0,8438000,Issued
INV0002291,STU000714,HK1,2024-2025,2024-02-04,2024-03-13,19454000,9727000,0,9727000,Overdue
INV0002292,STU000729,HK1,2023-2024,2023-05-08,2023-06-17,8545000,854000,243000,7934000,Paid
INV0002293,STU000338,HK1,2025-2026,15/12/2025,2026-02-13,16729000,8364000,0,9025000,Issued
INV0002294,STU001176,HK1,2026-2027,2026-01-27,2026-03-23,13472000,1347000,916000,13041000,Issued
INV0002295,STU000513,HK Hè,2027-2028,2027-08-04,2027-09-04,29894000,0,0,29894000,Partially Paid
INV0002296,STU000977,HK1,2026-2027,2026-05-24,2026-07-08,14865000,7432000,0,7433000,Paid
INV0002297,STU000595,HK Hè,2025-2026,2025-03-18,2025-04-13,24123000,2412000,0,21711000,Partially Paid
INV0002298,STU000675,HK Hè,2023-2024,2023-07-04,2023-08-14,23882000,2388000,0,21494000,Paid
INV0002299,STU000749,HK2,2025-2026,2025-07-18,2025-08-11,17584000,1758000,0,15826000,Paid
INV0002300,STU000526,HK Hè,2025-2026,2025-06-01,2025-06-23,10812000,5406000,0,5406000,Issued
INV0002301,STU000477,HK1,2030-2031,2030-03-28,2030-04-28,34219000,17110000,0,17109000,Partially Paid
INV0002302,STU000921,HK2,2026-2027,2026-10-12,2026-11-21,14529000,3632000,0,10897000,Overdue
INV0002303,STU001250,HK Hè,2027-2028,2027-02-22,2027-03-24,18308000,0,583000,18891000,Overdue
INV0002304,STU000651,HK Hè,2025-2026,2025-09-17,2025-10-23,23599000,0,0,23599000,Overdue
INV0002305,STU000370,HK2,2023-2024,2023-07-21,10/08/2023,19512000,9756000,655000,10411000,Partially Paid
INV0002306,STU000867,HK Hè,2026-2027,2026-05-18,2026-06-27,15630000,7815000,0,7815000,Overdue
INV0002307,STU000424,HK2,2028-2029,2028-06-09,2028-07-12,28951000,14476000,0,14475000,Overdue
INV0002308,STU001331,HK Hè,2020-2021,2020-07-10,2020-08-31,31346000,7836000,0,23510000,Issued
INV0002309,STU000772,HK2,2027-2028,2027-05-11,2027-06-29,32554000,0,853000,33407000,Issued
INV0002310,STU000062,HK1,2020-2021,2020-05-03,2020-06-14,19367000,1937000,1293000,18723000,Issued
INV0002311,STU001210,HK2,2025-2026,2025-12-28,2026-01-17,26407000,2641000,0,23766000,Partially Paid
INV0002312,STU000162,HK1,2023-2024,2023-10-22,2023-12-18,9170000,0,1445000,10615000,Overdue
INV0002313,STU001049,HK Hè,2024-2025,2024-03-02,2024-04-12,27681000,0,0,27681000,Partially Paid
INV0002314,STU001170,HK2,2023-2024,28/11/2023,2024-01-19,10159000,0,0,10159000,Paid
INV0002315,STU000511,HK2,2020-2021,2020-10-07,2020-11-11,29955000,0,1120000,31075000,Issued
INV0002316,STU000432,HK2,2026-2027,2026-03-05,2026-05-03,32810000,16405000,0,16405000,Paid
INV0002317,STU000358,HK Hè,2021-2022,2021-10-10,2021-11-02,10074000,0,0,10074000,Partially Paid
INV0002318,STU001164,HK2,2026-2027,2026-03-04,2026-04-22,10730000,0,0,10730000,Issued
INV0002319,STU000387,HK Hè,2025-2026,2025-12-24,2026-01-31,16853000,1685000,0,15168000,Overdue
INV0002320,STU000122,HK1,2020-2021,2020-05-06,2020-06-21,19809000,1981000,883000,18711000,Paid
INV0002321,STU000347,HK2,2027-2028,2027-06-26,2027-07-30,28239000,2824000,0,25415000,Overdue
INV0002322,STU000681,HK1,2025-2026,2025-06-23,2025-08-16,19963000,4991000,1127000,16099000,Partially Paid
INV0002323,STU000127,HK1,2026-2027,2026-01-23,2026-03-19,22631000,5658000,0,16973000,Issued
INV0002324,STU001126,HK2,2022-2023,2022-10-17,20/11/2022,19012000,1901000,0,17111000,Partially Paid
INV0002325,STU000657,HK Hè,2030-2031,2030-03-02,2030-04-25,25781000,12890000,1337000,14228000,Issued
INV0002326,STU001119,HK Hè,2029-2030,2029-08-27,2029-10-21,34761000,8690000,0,26071000,Overdue
INV0002327,STU001091,HK Hè,2026-2027,2026-05-12,2026-06-18,10632000,0,301000,10933000,Paid
INV0002328,STU001376,HK1,2028-2029,2028-11-14,2028-12-10,10342000,0,1307000,11649000,Issued
INV0002329,STU000210,HK2,2022-2023,2022-10-01,2022-11-16,26680000,0,896000,27576000,Partially Paid
INV0002330,STU000679,HK Hè,2026-2027,2026-03-11,2026-04-18,15026000,7513000,0,7513000,Issued
INV0002331,STU000587,HK2,2027-2028,2027-11-26,2027-12-26,10796000,0,0,10796000,Issued
INV0002332,STU000611,HK2,2022-2023,2022-06-04,2022-07-10,15081000,0,412000,15493000,Partially Paid
INV0002333,STU000177,HK2,2024-2025,2024-07-01,2024-08-20,32699000,3270000,0,29429000,Issued
INV0002334,STU000029,HK1,2024-2025,2024-08-21,2024-10-13,29150000,0,0,29150000,Overdue
INV0002335,STU001083,HK2,2029-2030,2029-09-07,11/10/2029,15287000,7644000,0,7643000,Partially Paid
INV0002336,STU000975,HK2,2027-2028,2027-03-18,2027-04-16,24493000,0,0,24493000,Overdue
INV0002337,STU001152,HK2,2023-2024,2023-08-11,2023-09-03,12728000,3182000,0,9546000,Overdue
INV0002338,STU000205,HK1,2027-2028,2027-12-11,2028-02-07,13462000,0,0,13462000,Paid
INV0002339,STU000715,HK2,2026-2027,2026-09-21,2026-10-30,14572000,1457000,0,13115000,Overdue
INV0002340,STU000070,HK Hè,2021-2022,2021-05-06,2021-06-30,32022000,8006000,0,24016000,Issued
INV0002341,STU000479,HK2,2027-2028,2027-02-17,2027-03-22,27944000,6986000,0,20958000,Paid
INV0002342,STU000697,HK1,2027-2028,2027-02-15,2027-04-01,9672000,967000,0,8705000,Issued
INV0002343,STU000610,HK Hè,2023-2024,2023-05-17,2023-07-05,12016000,3004000,0,9012000,Issued
INV0002344,STU001470,HK Hè,2026-2027,2026-05-28,2026-07-06,11475000,2869000,0,8606000,Partially Paid
INV0002345,STU001313,HK2,2024-2025,2024-09-26,2024-11-25,33234000,3323000,0,29911000,Overdue
INV0002346,STU000032,HK Hè,2023-2024,2023-03-17,2023-05-13,24710000,12355000,0,12355000,Paid
INV0002347,STU000540,HK1,2028-2029,2028-02-10,09/03/2028,30002000,15001000,0,15001000,Paid
INV0002348,STU000243,HK2,2024-2025,2024-02-26,2024-04-24,14495000,0,331000,14826000,Overdue
INV0002349,STU001336,HK2,2023-2024,2023-03-23,2023-05-15,24809000,12404000,1430000,13835000,Overdue
INV0002350,STU000791,HK2,2025-2026,2025-10-04,2025-11-30,18550000,1855000,0,16695000,Partially Paid
INV0002351,STU000234,HK1,2022-2023,2022-02-19,2022-04-02,31947000,7987000,0,23960000,Issued
INV0002352,STU000437,HK2,2027-2028,2027-12-05,2028-01-29,30989000,7747000,0,23242000,Partially Paid
INV0002353,STU000239,HK2,2024-2025,2024-07-26,2024-08-27,19363000,9682000,0,9681000,Paid
INV0002354,STU001105,HK1,2023-2024,2023-01-24,2023-03-09,17661000,0,1207000,18868000,Partially Paid
INV0002355,STU000906,HK2,2023-2024,2023-06-02,2023-08-01,26284000,0,0,26284000,Partially Paid
INV0002356,STU000217,HK1,2022-2023,2022-06-04,2022-07-18,14899000,0,1459000,16358000,Issued
INV0002357,STU000729,HK2,2025-2026,2025-05-07,2025-05-30,33123000,8281000,0,24842000,Paid
INV0002358,STU001305,HK2,2026-2027,2026-02-26,2026-04-18,21643000,10822000,0,10821000,Issued
INV0002359,STU000476,HK1,2023-2024,2023-09-18,2023-11-13,15553000,0,0,15553000,Partially Paid
INV0002360,STU001350,HK2,2025-2026,22/10/2025,2025-12-08,26821000,0,596000,27417000,Overdue
INV0002361,STU001260,HK1,2022-2023,2022-10-10,2022-11-03,25032000,0,0,25032000,Partially Paid
INV0002362,STU001377,HK2,2026-2027,2026-01-01,2026-02-15,25374000,0,0,25374000,Issued
INV0002363,STU000368,HK Hè,2022-2023,2022-06-29,2022-07-28,10701000,0,0,10701000,Overdue
INV0002364,STU001101,HK2,2029-2030,2029-05-23,2029-07-05,34403000,8601000,890000,26692000,Partially Paid
INV0002365,STU001064,HK2,2025-2026,2025-09-08,2025-10-26,11578000,5789000,0,5789000,Partially Paid
INV0002366,STU000159,HK2,2025-2026,2025-11-28,2026-01-03,16697000,0,0,16697000,Paid
INV0002367,STU000142,HK1,2026-2027,2026-02-27,28/04/2026,33489000,16744000,0,16745000,Issued
INV0002368,STU001084,HK1,2025-2026,2025-07-14,2025-08-31,33279000,0,0,33279000,Issued
INV0002369,STU000281,HK1,2027-2028,2027-09-22,2027-11-18,30665000,7666000,0,22999000,Overdue
INV0002370,STU000909,HK2,2026-2027,2026-04-22,2026-05-23,19009000,4752000,1134000,15391000,Paid
INV0002371,STU001363,HK2,2026-2027,2026-09-11,2026-10-23,31391000,7848000,220000,23763000,Issued
INV0002372,STU000975,HK Hè,2027-2028,2027-09-14,2027-10-09,24383000,0,0,24383000,Overdue
INV0002373,STU000692,HK2,2026-2027,2026-12-01,2026-12-21,31176000,15588000,0,15588000,Overdue
INV0002374,STU001193,HK2,2022-2023,2022-06-17,2022-07-20,21717000,2172000,0,19545000,Partially Paid
INV0002375,STU000934,HK1,2025-2026,2025-06-08,2025-08-05,11046000,0,0,11046000,Issued
INV0002376,STU000726,HK2,2022-2023,2022-10-15,2022-11-07,29568000,0,0,29568000,Issued
INV0002377,STU000624,HK Hè,2022-2023,2022-08-20,2022-09-10,10398000,0,0,10398000,Overdue
INV0002378,STU000129,HK Hè,2023-2024,2023-03-04,2023-04-21,11046000,5523000,1137000,6660000,Partially Paid
INV0002379,STU000451,HK1,2022-2023,2022-04-08,2022-05-29,20855000,10428000,0,10427000,Overdue
INV0002380,STU001132,HK1,2029-2030,2029-07-07,01/08/2029,17471000,0,0,17471000,Partially Paid
INV0002381,STU001142,HK Hè,2022-2023,2022-09-18,2022-10-30,25815000,0,0,25815000,Issued
INV0002382,STU000161,HK Hè,2027-2028,2027-03-10,2027-04-18,9875000,988000,0,8887000,Partially Paid
INV0002383,STU001209,HK2,2027-2028,2027-06-22,2027-07-18,16773000,0,0,16773000,Partially Paid
INV0002384,STU000655,HK Hè,2025-2026,2025-02-24,2025-03-23,15944000,3986000,239000,12197000,Partially Paid
INV0002385,STU001294,HK1,2026-2027,2026-03-15,2026-04-15,28237000,0,0,28237000,Overdue
INV0002386,STU000962,HK Hè,2023-2024,2023-02-17,2023-03-17,25319000,0,580000,25899000,Issued
INV0002387,STU000404,HK Hè,2027-2028,2027-10-21,2027-11-18,29557000,14778000,0,14779000,Partially Paid
INV0002388,STU000643,HK1,2025-2026,2025-05-01,2025-06-01,33441000,3344000,0,30097000,Issued
INV0002389,STU000340,HK1,2026-2027,2026-02-08,2026-03-22,28619000,2862000,0,25757000,Paid
INV0002390,STU001178,HK2,2021-2022,2021-03-02,2021-04-21,9970000,0,0,9970000,Paid
INV0002391,STU000928,HK Hè,2021-2022,2021-02-15,2021-04-09,27053000,2705000,1293000,25641000,Issued
INV0002392,STU001358,HK2,2023-2024,2023-08-31,2023-09-29,8800000,4400000,0,4400000,Issued
INV0002393,STU000504,HK1,2030-2031,2030-03-12,2030-05-11,13901000,0,0,13901000,Partially Paid
INV0002394,STU000093,HK Hè,2026-2027,2026-05-11,2026-07-09,30462000,15231000,0,15231000,Issued
INV0002395,STU000779,HK1,2021-2022,2021-09-22,2021-10-27,34844000,0,0,34844000,Overdue
INV0002396,STU000646,HK Hè,2022-2023,2022-08-21,2022-09-15,28427000,0,711000,29138000,Issued
INV0002397,STU000384,HK1,2027-2028,2027-08-25,2027-10-09,18992000,0,0,18992000,Overdue
INV0002398,STU000513,HK1,2024-2025,2024-02-01,2024-03-13,31411000,0,0,31411000,Issued
INV0002399,STU001417,HK Hè,2025-2026,2025-03-30,2025-05-12,31471000,0,515000,31986000,Partially Paid
INV0002400,STU000930,HK2,2021-2022,2021-12-02,2022-01-05,16944000,0,967000,17911000,Partially Paid
INV0002401,STU000112,HK1,2026-2027,2026-02-14,2026-03-29,12583000,0,0,12583000,Paid
INV0002402,STU000102,HK Hè,2024-2025,2024-04-13,2024-06-05,13728000,6864000,0,6864000,Partially Paid
INV0002403,STU000493,HK1,2024-2025,2024-08-13,2024-09-09,11644000,2911000,0,8733000,Partially Paid
INV0002404,STU001018,HK Hè,2026-2027,2026-04-20,2026-05-25,11857000,2964000,607000,9500000,Paid
INV0002405,STU000816,HK2,2025-2026,2025-12-31,2026-02-22,15950000,7975000,0,7975000,Issued
INV0002406,STU000267,HK1,2023-2024,2023-02-06,2023-03-26,24262000,12131000,0,12131000,Issued
INV0002407,STU000851,HK2,2025-2026,2025-10-19,2025-11-21,22965000,5741000,0,17224000,Partially Paid
INV0002408,STU000770,HK Hè,2026-2027,2026-05-30,2026-06-28,29395000,2940000,0,26455000,Paid
INV0002409,STU000834,HK2,2026-2027,2026-10-09,2026-12-04,15038000,0,0,15038000,Paid
INV0002410,STU000363,HK2,2024-2025,2024-08-15,2024-10-05,33529000,3353000,0,30176000,Paid
INV0002411,STU001258,HK Hè,2027-2028,2027-01-27,2027-03-28,19933000,0,0,19933000,Partially Paid
INV0002412,STU000427,HK1,2024-2025,2024-07-30,25/09/2024,15683000,7842000,0,7841000,Paid
INV0002413,STU000967,HK Hè,2021-2022,2021-08-16,2021-09-27,27497000,2750000,0,24747000,Partially Paid
INV0002414,STU001405,HK1,2023-2024,2023-08-01,2023-09-22,26466000,13233000,288000,13521000,Partially Paid
INV0002415,STU000452,HK1,2024-2025,2024-10-02,2024-11-15,14447000,3612000,0,10835000,Overdue
INV0002416,STU001029,HK1,2025-2026,2025-12-14,2026-02-07,34605000,3460000,0,31145000,Overdue
INV0002417,STU000307,HK2,2027-2028,2027-09-30,2027-11-06,12643000,1264000,471000,11850000,Overdue
INV0002418,STU000620,HK Hè,2021-2022,2021-04-22,2021-06-09,19313000,9656000,0,9657000,Partially Paid
INV0002419,STU001468,HK1,2024-2025,2024-03-22,2024-04-24,21428000,0,0,21428000,Overdue
INV0002420,STU001320,HK2,2024-2025,2024-12-23,2025-02-06,16600000,8300000,1472000,9772000,Overdue
INV0002421,STU000422,HK2,2023-2024,2023-05-19,14/07/2023,22954000,11477000,0,11477000,Partially Paid
INV0002422,STU000516,HK1,2021-2022,2021-03-01,2021-04-07,10201000,0,309000,10510000,Paid
INV0002423,STU000017,HK2,2025-2026,2025-09-21,2025-10-22,30695000,7674000,0,23021000,Issued
INV0002424,STU000903,HK2,2026-2027,2026-07-16,2026-09-03,19811000,1981000,0,17830000,Issued
INV0002425,STU001290,HK Hè,2023-2024,2023-04-25,2023-06-06,9250000,0,0,9250000,Issued
INV0002426,STU000279,HK2,2028-2029,2028-01-23,2028-03-15,21260000,10630000,0,10630000,Partially Paid
INV0002427,STU000701,HK1,2022-2023,2022-12-07,2023-01-13,25493000,0,524000,26017000,Issued
INV0002428,STU001106,HK1,2025-2026,2025-01-21,2025-02-21,22237000,0,0,22237000,Overdue
INV0002429,STU000957,HK Hè,2021-2022,2021-08-29,2021-10-15,34605000,3460000,0,31145000,Paid
INV0002430,STU001252,HK1,2025-2026,2025-06-20,2025-07-29,11743000,0,0,11743000,Issued
INV0002431,STU000437,HK Hè,2025-2026,2025-01-03,2025-02-12,19749000,1975000,0,17774000,Paid
INV0002432,STU000542,HK Hè,2023-2024,2023-06-15,2023-07-24,29668000,0,0,29668000,Issued
INV0002433,STU000517,HK Hè,2025-2026,2025-01-09,2025-02-03,8186000,2046000,0,6140000,Issued
INV0002434,STU000644,HK1,2029-2030,2029-02-13,2029-04-08,23425000,2342000,0,21083000,Paid
INV0002435,STU000041,HK2,2027-2028,2027-05-14,2027-07-05,23858000,2386000,0,21472000,Partially Paid
INV0002436,STU000747,HK2,2027-2028,2027-03-28,2027-04-29,29529000,0,0,29529000,Paid
INV0002437,STU000528,HK2,2023-2024,2023-11-26,2024-01-04,33252000,8313000,1149000,26088000,Issued
INV0002438,STU000433,HK Hè,2025-2026,2025-01-28,2025-02-26,34288000,8572000,0,25716000,Paid
INV0002439,STU000506,HK2,2025-2026,2025-05-19,2025-07-02,22117000,11058000,1365000,12424000,Issued
INV0002440,STU000211,HK Hè,2029-2030,2029-07-25,2029-09-03,24790000,2479000,0,22311000,Partially Paid
INV0002441,STU000998,HK1,2026-2027,2026-02-25,2026-04-11,21780000,5445000,0,16335000,Partially Paid
INV0002442,STU001016,HK Hè,2026-2027,20/10/2026,2026-12-16,26944000,0,482000,27426000,Overdue
INV0002443,STU001421,HK2,2027-2028,2027-05-07,2027-06-08,22492000,0,165000,22657000,Issued
INV0002444,STU001422,HK Hè,2023-2024,2023-04-09,2023-05-13,22116000,2212000,0,19904000,Overdue
INV0002445,STU000893,HK Hè,2024-2025,2024-09-11,2024-10-09,17759000,0,0,17759000,Paid
INV0002446,STU000156,HK2,2024-2025,2024-07-18,2024-08-28,22684000,0,0,22684000,Overdue
INV0002447,STU001161,HK Hè,2024-2025,2024-10-08,2024-11-10,23776000,0,0,23776000,Paid
INV0002448,STU000086,HK2,2024-2025,2024-11-14,2024-12-17,9655000,2414000,0,7241000,Paid
INV0002449,STU001450,HK Hè,2027-2028,2027-10-04,2027-10-31,30412000,3041000,0,27371000,Overdue
INV0002450,STU000050,HK2,2021-2022,2021-12-28,2022-02-18,32594000,0,614000,33208000,Paid
INV0002451,STU001423,HK Hè,2024-2025,2024-05-17,2024-06-28,22605000,0,446000,23051000,Overdue
INV0002452,STU000564,HK Hè,2026-2027,2026-11-22,30/12/2026,11176000,1118000,0,10058000,Issued
INV0002453,STU000162,HK2,2022-2023,2022-05-25,2022-07-14,18776000,0,385000,19161000,Overdue
INV0002454,STU001073,HK Hè,2026-2027,2026-05-26,2026-07-14,34389000,0,0,34389000,Overdue
INV0002455,STU000479,HK Hè,2023-2024,2023-02-18,2023-03-18,15054000,0,0,15054000,Paid
INV0002456,STU000146,HK Hè,2025-2026,2025-05-21,2025-06-14,8249000,4124000,0,4125000,Partially Paid
INV0002457,STU000243,HK Hè,2026-2027,2026-06-16,12/08/2026,11109000,0,0,11109000,Partially Paid
INV0002458,STU000293,HK Hè,2027-2028,2027-04-26,2027-06-24,10190000,0,0,10190000,Paid
INV0002459,STU000486,HK Hè,2027-2028,06/12/2027,2028-01-05,30038000,7510000,0,22528000,Partially Paid
INV0002460,STU001162,HK Hè,2020-2021,2020-12-07,2021-01-29,8095000,0,0,8095000,Overdue
INV0002461,STU001322,HK Hè,2025-2026,2025-11-15,23/12/2025,13520000,6760000,0,6760000,Paid
INV0002462,STU000174,HK2,2025-2026,2025-12-30,27/02/2026,23284000,0,0,23284000,Partially Paid
INV0002463,STU001300,HK2,2025-2026,2025-07-03,2025-08-16,8441000,0,1023000,9464000,Overdue
INV0002464,STU000385,HK Hè,2024-2025,2024-02-27,2024-04-04,20586000,2059000,1336000,19863000,Overdue
INV0002465,STU000026,HK2,2024-2025,2024-11-05,2024-12-11,16418000,0,0,16418000,Paid
INV0002466,STU000523,HK2,2021-2022,2021-01-25,2021-03-16,27238000,0,0,27238000,Partially Paid
INV0002467,STU000069,HK Hè,2022-2023,2022-11-09,2022-12-17,32666000,16333000,0,16333000,Issued
INV0002468,STU000445,HK1,2024-2025,2024-01-19,2024-02-21,13869000,6934000,0,6935000,Partially Paid
INV0002469,STU000043,HK2,2024-2025,2024-10-16,2024-12-02,16600000,1660000,580000,15520000,Paid
INV0002470,STU000603,HK Hè,2025-2026,2025-08-25,2025-09-25,25100000,0,321000,25421000,Issued
INV0002471,STU000229,HK2,2024-2025,2024-11-18,2025-01-08,31487000,7872000,1477000,25092000,Issued
INV0002472,STU001281,HK Hè,2023-2024,2023-09-24,2023-10-16,15530000,7765000,0,7765000,Paid
INV0002473,STU001078,HK1,2020-2021,2020-07-24,2020-09-06,9488000,949000,167000,8706000,Overdue
INV0002474,STU000618,HK2,2026-2027,2026-01-09,2026-02-04,32653000,16326000,0,16327000,Issued
INV0002475,STU000693,HK2,2026-2027,2026-03-01,2026-04-03,17472000,0,0,17472000,Overdue
INV0002476,STU001320,HK Hè,2025-2026,2025-07-24,2025-08-30,18748000,4687000,0,14061000,Overdue
INV0002477,STU001039,HK Hè,2026-2027,2026-09-01,2026-10-09,17937000,0,0,17937000,Overdue
INV0002478,STU000914,HK Hè,2026-2027,2026-03-19,2026-04-30,32974000,0,0,32974000,Issued
INV0002479,STU000978,HK Hè,2023-2024,2023-01-28,2023-03-04,9167000,0,0,9167000,Issued
INV0002480,STU000556,HK Hè,2022-2023,2022-06-20,2022-07-17,13883000,1388000,0,12495000,Issued
INV0002481,STU001112,HK Hè,2029-2030,2029-06-15,2029-07-06,22716000,2272000,0,20444000,Paid
INV0002482,STU000712,HK1,2025-2026,2025-05-15,2025-06-19,21257000,2126000,0,19131000,Issued
INV0002483,STU000238,HK2,2022-2023,2022-05-11,2022-06-04,9564000,0,0,9564000,Overdue
INV0002484,STU001258,HK Hè,2028-2029,2028-07-27,2028-09-04,27587000,0,0,27587000,Paid
INV0002485,STU000303,HK1,2025-2026,2025-03-16,2025-04-26,19000000,1900000,0,17100000,Paid
INV0002486,STU000055,HK1,2023-2024,2023-07-12,2023-09-04,34453000,3445000,0,31008000,Issued
INV0002487,STU000967,HK1,2020-2021,2020-04-20,2020-05-31,14938000,7469000,0,7469000,Issued
INV0002488,STU000444,HK2,2029-2030,29/03/2029,2029-05-26,14736000,3684000,0,11052000,Partially Paid
INV0002489,STU000614,HK1,2022-2023,2022-02-17,2022-04-15,26282000,0,0,26282000,Issued
INV0002490,STU000875,HK Hè,2026-2027,2026-08-09,2026-09-20,24367000,6092000,0,18275000,Paid
INV0002491,STU000963,HK Hè,2025-2026,2025-03-10,2025-05-08,23504000,0,0,23504000,Paid
INV0002492,STU001044,HK1,2025-2026,2025-10-03,2025-11-30,28061000,2806000,0,25255000,Overdue
INV0002493,STU000491,HK1,2024-2025,2024-02-15,2024-03-10,33602000,16801000,0,16801000,Issued
INV0002494,STU000107,HK Hè,2026-2027,2026-10-28,2026-12-03,9672000,0,0,9672000,Paid
INV0002495,STU001124,HK2,2026-2027,2026-07-15,2026-08-14,29047000,0,0,29047000,Overdue
INV0002496,STU000177,HK Hè,2024-2025,2024-09-21,2024-11-06,20126000,0,1243000,21369000,Issued
INV0002497,STU000123,HK1,2024-2025,2024-08-07,2024-09-24,24702000,6176000,0,18526000,Issued
INV0002498,STU000839,HK2,2022-2023,2022-07-31,2022-09-01,8617000,0,0,8617000,Partially Paid
INV0002499,STU000512,HK Hè,2028-2029,2028-01-13,2028-02-10,33835000,0,0,33835000,Partially Paid
INV0002500,STU001168,HK Hè,2025-2026,2025-12-11,2026-02-08,22598000,0,0,22598000,Issued
INV0002501,STU000678,HK1,2021-2022,2021-03-27,2021-05-10,12456000,1246000,0,11210000,Partially Paid
INV0002502,STU000606,HK1,2023-2024,2023-02-25,2023-04-03,32214000,0,1461000,33675000,Paid
INV0002503,STU000473,HK2,2030-2031,2030-06-03,2030-07-10,18011000,1801000,1284000,17494000,Paid
INV0002504,STU001154,HK Hè,2027-2028,2027-12-03,2028-01-23,17971000,4493000,0,13478000,Paid
INV0002505,STU000622,HK Hè,2025-2026,2025-01-05,2025-03-04,24085000,0,0,24085000,Partially Paid
INV0002506,STU000597,HK Hè,2025-2026,2025-01-30,2025-03-09,9854000,0,1483000,11337000,Partially Paid
INV0002507,STU000273,HK Hè,2021-2022,2021-11-18,2021-12-11,29587000,14794000,0,14793000,Paid
INV0002508,STU001107,HK2,2025-2026,2025-12-02,2026-01-23,26679000,0,0,26679000,Partially Paid
INV0002509,STU000494,HK Hè,2027-2028,2027-03-21,2027-05-02,13987000,1399000,0,12588000,Paid
INV0002510,STU000116,HK1,2021-2022,2021-03-05,2021-04-16,32391000,16196000,0,16195000,Paid
INV0002511,STU000613,HK Hè,2025-2026,2025-10-17,2025-11-27,28727000,7182000,0,21545000,Overdue
INV0002512,STU000508,HK2,2027-2028,2027-12-25,2028-01-21,34621000,0,0,34621000,Paid
INV0002513,STU000320,HK2,2025-2026,2025-12-19,2026-01-23,22553000,0,1418000,23971000,Paid
INV0002514,STU000727,HK1,2025-2026,2025-06-08,2025-07-20,21035000,2104000,0,18931000,Overdue
INV0002515,STU000960,HK1,2022-2023,2022-09-22,2022-10-28,25228000,0,1223000,26451000,Partially Paid
INV0002516,STU000465,HK1,2025-2026,2025-03-10,2025-04-23,28218000,2822000,0,25396000,Overdue
INV0002517,STU000120,HK2,2025-2026,2025-05-19,2025-07-14,10669000,0,0,10669000,Paid
INV0002518,STU000404,HK1,2028-2029,08/10/2028,2028-11-05,14953000,7476000,633000,8110000,Issued
INV0002519,STU001237,HK1,2025-2026,2025-06-04,2025-07-23,21072000,0,0,21072000,Overdue
INV0002520,STU001145,HK1,2024-2025,2024-08-30,2024-09-29,23172000,5793000,1048000,18427000,Issued
INV0002521,STU000359,HK Hè,2024-2025,2024-10-29,2024-11-30,10720000,0,0,10720000,Partially Paid
INV0002522,STU001465,HK1,2025-2026,2025-05-10,2025-06-22,27410000,2741000,0,24669000,Issued
INV0002523,STU000150,HK2,2028-2029,2028-02-09,2028-04-03,10071000,2518000,0,7553000,Issued
INV0002524,STU001286,HK2,2021-2022,2021-12-13,2022-01-25,19673000,0,0,19673000,Overdue
INV0002525,STU001161,HK2,2025-2026,06/06/2025,2025-08-04,13848000,0,662000,14510000,Paid
INV0002526,STU001459,HK2,2025-2026,2025-09-27,2025-11-02,19652000,0,0,19652000,Overdue
INV0002527,STU000359,HK2,2028-2029,19/06/2028,2028-08-17,24899000,12450000,0,12449000,Partially Paid
INV0002528,STU000151,HK Hè,2023-2024,2023-01-28,2023-02-21,12819000,0,0,12819000,Overdue
INV0002529,STU000760,HK Hè,2022-2023,2022-09-16,2022-11-10,26464000,0,0,26464000,Partially Paid
INV0002530,STU000174,HK Hè,2023-2024,2023-12-31,2024-01-25,26439000,0,462000,26901000,Partially Paid
INV0002531,STU000137,HK Hè,2021-2022,2021-02-13,2021-03-30,16833000,8416000,0,8417000,Overdue
INV0002532,STU001339,HK1,2025-2026,2025-05-11,2025-07-05,30722000,7680000,0,23042000,Overdue
INV0002533,STU000056,HK1,2029-2030,2029-04-22,2029-06-02,8769000,0,801000,9570000,Partially Paid
INV0002534,STU001397,HK2,2024-2025,2024-04-14,2024-06-04,32253000,16126000,0,16127000,Partially Paid
INV0002535,STU001070,HK Hè,2021-2022,2021-12-25,2022-02-20,22006000,11003000,0,11003000,Overdue
INV0002536,STU000408,HK Hè,2027-2028,2027-10-13,2027-12-02,33900000,8475000,0,25425000,Partially Paid
INV0002537,STU000264,HK2,2021-2022,2021-04-19,2021-05-10,29846000,0,0,29846000,Partially Paid
INV0002538,STU000417,HK2,2022-2023,2022-12-28,2023-01-27,23671000,0,0,23671000,Partially Paid
INV0002539,STU000809,HK Hè,2027-2028,2027-11-15,2027-12-20,15441000,1544000,0,13897000,Issued
INV0002540,STU001449,HK Hè,2029-2030,2029-07-14,2029-08-10,25660000,0,0,25660000,Issued
INV0002541,STU000267,HK Hè,2026-2027,2026-08-20,19/09/2026,30070000,15035000,0,15035000,Overdue
INV0002542,STU001171,HK Hè,2030-2031,2030-05-17,2030-07-14,18179000,0,0,18179000,Overdue
INV0002543,STU000549,HK1,2027-2028,2027-04-14,2027-05-28,8483000,848000,0,7635000,Partially Paid
INV0002544,STU000625,HK1,2025-2026,2025-09-12,2025-10-11,18602000,1860000,0,16742000,Overdue
INV0002545,STU000232,HK1,2023-2024,2023-08-10,2023-08-30,25888000,12944000,0,12944000,Paid
INV0002546,STU001172,HK2,2026-2027,2026-01-11,2026-02-10,32450000,8112000,903000,25241000,Partially Paid
INV0002547,STU000960,HK1,2024-2025,2024-01-13,2024-02-27,28108000,0,0,28108000,Partially Paid
INV0002548,STU000968,HK1,2027-2028,2027-07-11,2027-08-19,24510000,12255000,0,12255000,Partially Paid
INV0002549,STU000117,HK1,2026-2027,2026-07-05,2026-08-25,22298000,0,0,22298000,Paid
INV0002550,STU000823,HK2,2022-2023,2022-08-11,2022-09-12,26185000,6546000,0,19639000,Issued
INV0002551,STU000436,HK1,2023-2024,2023-11-14,2024-01-06,31426000,0,0,31426000,Overdue
INV0002552,STU000932,HK Hè,2027-2028,2027-04-29,2027-06-14,29444000,0,1203000,30647000,Issued
INV0002553,STU000614,HK1,2023-2024,2023-11-01,2023-12-31,21292000,2129000,0,19163000,Issued
INV0002554,STU000676,HK2,2022-2023,2022-03-29,2022-05-10,13344000,3336000,0,10008000,Issued
INV0002555,STU000238,HK1,2025-2026,2025-09-25,2025-11-16,29851000,14926000,104000,15029000,Issued
INV0002556,STU001060,HK Hè,2024-2025,2024-09-06,2024-10-06,25681000,12840000,0,12841000,Issued
INV0002557,STU001357,HK Hè,2025-2026,01/03/2025,2025-04-17,15226000,0,966000,16192000,Paid
INV0002558,STU000683,HK1,2025-2026,2025-09-10,2025-10-16,8616000,2154000,124000,6586000,Partially Paid
INV0002559,STU000961,HK2,2026-2027,2026-12-03,2027-02-01,28274000,0,0,28274000,Overdue
INV0002560,STU000164,HK1,2027-2028,2027-03-20,2027-05-05,24909000,6227000,0,18682000,Partially Paid
INV0002561,STU001339,HK1,2023-2024,2023-03-27,2023-05-20,17772000,1777000,0,15995000,Partially Paid
INV0002562,STU000904,HK2,2026-2027,2026-09-25,2026-10-26,30182000,0,0,30182000,Partially Paid
INV0002563,STU000549,HK1,2026-2027,2026-04-17,2026-06-07,30459000,15230000,0,15229000,Issued
INV0002564,STU000689,HK Hè,2027-2028,2027-07-22,2027-09-04,14147000,1415000,0,12732000,Issued
INV0002565,STU001169,HK1,2025-2026,21/11/2025,2026-01-01,34607000,17304000,0,17303000,Issued
INV0002566,STU000202,HK1,2024-2025,2024-09-11,2024-11-02,32414000,0,0,32414000,Partially Paid
INV0002567,STU000743,HK1,2023-2024,2023-01-07,2023-01-31,32931000,0,1248000,34179000,Issued
INV0002568,STU000110,HK Hè,2020-2021,2020-05-31,2020-07-15,30448000,0,1411000,31859000,Paid
INV0002569,STU000286,HK2,2024-2025,2024-12-05,2025-01-20,16380000,4095000,1272000,13557000,Overdue
INV0002570,STU000289,HK2,2025-2026,2025-08-23,2025-09-13,32004000,0,0,32004000,Paid
INV0002571,STU000611,HK2,2022-2023,2022-05-24,2022-07-04,25036000,2504000,0,22532000,Paid
INV0002572,STU000359,HK Hè,2028-2029,2028-06-10,2028-07-04,28921000,2892000,0,26029000,Issued
INV0002573,STU000647,HK1,2025-2026,2025-04-16,2025-05-25,13488000,0,0,13488000,Paid
INV0002574,STU001413,HK Hè,2030-2031,2030-03-02,2030-04-12,21739000,0,0,21739000,Partially Paid
INV0002575,STU000093,HK Hè,2027-2028,2027-06-19,2027-08-06,12364000,6182000,0,6182000,Overdue
INV0002576,STU000018,HK Hè,2024-2025,30/03/2024,2024-04-19,23141000,11570000,0,11571000,Partially Paid
INV0002577,STU001040,HK2,2026-2027,2026-08-22,2026-09-14,16800000,0,904000,17704000,Issued
INV0002578,STU000354,HK2,2019-2020,2019-12-22,2020-01-22,31455000,0,0,31455000,Issued
INV0002579,STU000547,HK Hè,2027-2028,2027-08-03,2027-10-01,24031000,2403000,0,21628000,Issued
INV0002580,STU000937,HK Hè,2025-2026,2025-04-27,2025-05-29,18606000,0,0,18606000,Paid
INV0002581,STU000760,HK1,2020-2021,2020-12-14,2021-01-20,22796000,0,157000,22953000,Paid
INV0002582,STU001082,HK2,2026-2027,2026-10-18,2026-11-07,12632000,1263000,0,11369000,Paid
INV0002583,STU001379,HK1,2025-2026,2025-01-28,2025-03-16,24759000,2476000,0,22283000,Overdue
INV0002584,STU000873,HK2,2022-2023,2022-06-07,2022-07-15,11541000,2885000,0,8656000,Overdue
INV0002585,STU001160,HK2,2023-2024,22/11/2023,2024-01-14,17285000,1728000,0,15557000,Overdue
INV0002586,STU000232,HK2,2023-2024,2023-06-11,2023-07-28,27215000,0,0,27215000,Paid
INV0002587,STU001455,HK1,2024-2025,2024-09-12,2024-10-15,15484000,0,0,15484000,Paid
INV0002588,STU000132,HK Hè,2028-2029,2028-07-03,2028-08-21,11312000,0,0,11312000,Paid
INV0002589,STU000132,HK1,2026-2027,2026-08-23,2026-10-09,28495000,2850000,710000,26355000,Partially Paid
INV0002590,STU001224,HK Hè,2023-2024,2023-01-19,2023-02-10,10304000,0,0,10304000,Partially Paid
INV0002591,STU000389,HK Hè,2025-2026,2025-03-08,2025-04-16,14709000,0,0,14709000,Paid
INV0002592,STU000710,HK2,2024-2025,2024-02-13,2024-03-27,8778000,4389000,0,4389000,Paid
INV0002593,STU000801,HK2,2023-2024,2023-06-14,2023-07-18,19809000,0,0,19809000,Paid
INV0002594,STU000912,HK Hè,2029-2030,2029-12-02,2029-12-25,27523000,0,0,27523000,Overdue
INV0002595,STU000300,HK2,2025-2026,2025-03-14,2025-05-03,16339000,0,0,16339000,Paid
INV0002596,STU000350,HK Hè,2029-2030,2029-11-15,2029-12-18,29353000,7338000,806000,22821000,Overdue
INV0002597,STU000416,HK2,2026-2027,2026-11-27,2026-12-19,29121000,0,0,29121000,Issued
INV0002598,STU000631,HK Hè,2021-2022,2021-05-27,2021-06-18,18803000,4701000,0,14102000,Paid
INV0002599,STU001063,HK Hè,2026-2027,2026-10-02,2026-11-04,13471000,0,0,13471000,Overdue
INV0002600,STU000420,HK1,2025-2026,2025-10-24,2025-11-24,14370000,0,0,14574000,Paid
INV0002601,STU000895,HK1,2023-2024,2023-09-22,2023-10-14,16077000,0,0,16077000,Partially Paid
INV0002602,STU001325,HK2,2027-2028,03/10/2027,2027-10-24,14379000,3595000,0,10784000,Issued
INV0002603,STU000975,HK2,2025-2026,2025-06-18,2025-07-29,11137000,5568000,524000,6093000,Paid
INV0002604,STU001023,HK1,2025-2026,2025-04-29,2025-06-19,24365000,0,0,24365000,Issued
INV0002605,STU000133,HK Hè,2021-2022,2021-04-01,2021-05-12,14544000,0,1118000,15662000,Overdue
INV0002606,STU001091,HK1,2022-2023,2022-09-25,2022-10-29,14257000,0,0,14257000,Issued
INV0002607,STU000952,HK1,2022-2023,2022-07-16,2022-08-24,17401000,1740000,0,15661000,Overdue
INV0002608,STU001387,HK1,2024-2025,2024-04-19,2024-05-20,30769000,15384000,0,15385000,Issued
INV0002609,STU001446,HK1,2024-2025,2024-09-16,2024-11-07,20561000,0,0,20561000,Overdue
INV0002610,STU001385,HK1,2028-2029,2028-04-18,2028-05-30,20133000,0,0,20133000,Partially Paid
INV0002611,STU001056,HK2,2025-2026,2025-09-16,2025-10-27,10333000,0,0,10333000,Issued
INV0002612,STU000043,HK1,2023-2024,2023-12-12,2024-02-03,27079000,0,101000,27180000,Paid
INV0002613,STU000695,HK1,2024-2025,2024-08-12,2024-09-27,18156000,1816000,0,16340000,Paid
INV0002614,STU001409,HK2,2024-2025,2024-11-09,2024-12-19,13072000,0,0,13072000,Overdue
INV0002615,STU000816,HK2,2021-2022,27/12/2021,2022-01-31,19508000,9754000,0,9754000,Paid
INV0002616,STU000811,HK Hè,2024-2025,2024-11-18,2024-12-31,26158000,0,1427000,27585000,Overdue
INV0002617,STU000489,HK Hè,2023-2024,2023-01-05,2023-02-10,8855000,2214000,0,6641000,Paid
INV0002618,STU000885,HK1,2026-2027,2026-01-31,2026-03-30,18721000,1872000,0,16849000,Paid
INV0002619,STU001313,HK1,2022-2023,2022-03-28,2022-05-10,11044000,0,0,11044000,Partially Paid
INV0002620,STU000910,HK2,2027-2028,2027-03-17,2027-05-08,13771000,0,0,13771000,Paid
INV0002621,STU001286,HK2,2024-2025,2024-01-09,2024-02-13,24617000,2462000,1022000,23177000,Issued
INV0002622,STU001142,HK1,2023-2024,2023-11-19,2023-12-11,20912000,0,1013000,21925000,Partially Paid
INV0002623,STU001142,HK Hè,2024-2025,2024-09-29,2024-11-04,14155000,0,0,14155000,Issued
INV0002624,STU000898,HK2,2021-2022,2021-10-02,2021-11-25,8887000,4444000,0,4443000,Overdue
INV0002625,STU000452,HK1,2027-2028,2027-01-16,2027-02-13,25327000,0,0,25327000,Partially Paid
INV0002626,STU001429,HK Hè,2024-2025,2024-03-29,2024-05-03,25176000,0,0,25176000,Issued
INV0002627,STU000308,HK Hè,2022-2023,2022-12-09,2023-01-21,28946000,0,928000,31168000,Partially Paid
INV0002628,STU001315,HK1,2026-2027,2026-10-25,2026-12-22,34167000,0,985000,35152000,Overdue
INV0002629,STU000303,HK2,2025-2026,2025-09-15,2025-11-03,28037000,0,0,28037000,Partially Paid
INV0002630,STU001388,HK1,2025-2026,2025-12-07,2026-01-10,12528000,0,0,12528000,Overdue
INV0002631,STU001155,HK1,2021-2022,2021-12-20,2022-01-12,28434000,0,0,28434000,Paid
INV0002632,STU000575,HK1,2022-2023,2022-09-22,2022-11-15,27855000,2786000,0,25069000,Overdue
INV0002633,STU001265,HK2,2026-2027,2026-04-14,2026-05-13,15910000,0,0,15910000,Partially Paid
INV0002634,STU001478,HK1,2027-2028,2027-09-15,2027-10-22,28933000,0,0,28933000,Overdue
INV0002635,STU000668,HK2,2022-2023,2022-11-02,2022-12-03,21550000,0,0,21550000,Issued
INV0002636,STU000997,HK2,2024-2025,2024-10-25,2024-11-28,19029000,9514000,0,9515000,Issued
INV0002637,STU000115,HK1,2026-2027,2026-03-05,2026-04-11,9278000,0,130000,9408000,Paid
INV0002638,STU001176,HK1,2026-2027,2026-11-07,2026-12-23,17836000,4459000,0,13377000,Issued
INV0002639,STU000020,HK1,2027-2028,2027-02-27,2027-04-09,19639000,0,0,19639000,Overdue
INV0002640,STU000051,HK1,2024-2025,2024-03-20,2024-05-06,22812000,0,0,22812000,Issued
INV0002641,STU000590,HK Hè,2029-2030,2029-08-14,2029-09-27,13769000,0,0,13769000,Overdue
INV0002642,STU000667,HK2,2021-2022,2021-02-20,2021-04-19,22873000,0,0,22873000,Partially Paid
INV0002643,STU000341,HK Hè,2023-2024,2023-05-08,2023-06-14,13213000,1321000,0,11892000,Paid
INV0002644,STU000945,HK Hè,2026-2027,2026-02-19,2026-03-14,28824000,2882000,0,25942000,Paid
INV0002645,STU001443,HK2,2026-2027,2026-01-16,2026-03-11,31042000,15521000,352000,15873000,Partially Paid
INV0002646,STU000211,HK Hè,2027-2028,2027-12-29,2028-02-06,28057000,0,1109000,29166000,Partially Paid
INV0002647,STU001324,HK1,2023-2024,2023-11-30,2024-01-09,32902000,0,0,32902000,Overdue
INV0002648,STU001292,HK2,2025-2026,2025-10-06,2025-10-26,30103000,15052000,0,15051000,Issued
INV0002649,STU000836,HK1,2027-2028,2027-12-31,2028-02-08,14108000,0,284000,16825000,Overdue
INV0002650,STU000196,HK Hè,2023-2024,2023-11-26,2024-01-14,27703000,6926000,0,20777000,Issued
INV0002651,STU001257,HK2,2026-2027,2026-12-18,2027-01-08,11561000,5780000,0,5781000,Partially Paid
INV0002652,STU000058,HK1,2026-2027,2026-11-17,2027-01-04,32873000,0,0,32873000,Paid
INV0002653,STU000483,HK2,2021-2022,2021-07-12,2021-08-03,10196000,1020000,0,9176000,Overdue
INV0002654,STU000991,HK Hè,2026-2027,10/03/2026,2026-05-01,11814000,5907000,0,5907000,Issued
INV0002655,STU001063,HK1,2027-2028,2027-04-13,2027-06-09,20411000,0,0,20411000,Overdue
INV0002656,STU000770,HK Hè,2026-2027,2026-09-27,2026-10-19,34122000,3412000,0,30710000,Overdue
INV0002657,STU000472,HK1,2022-2023,2022-01-02,2022-02-15,27642000,13821000,118000,13939000,Paid
INV0002658,STU000004,HK1,2026-2027,2026-10-06,2026-11-16,29334000,2933000,0,26401000,Issued
INV0002659,STU000404,HK Hè,2025-2026,2025-01-22,2025-03-12,27349000,0,0,27349000,Overdue
INV0002660,STU000973,HK2,2024-2025,2024-12-30,2025-02-27,9880000,0,0,9880000,Overdue
INV0002661,STU001305,HK2,2027-2028,2027-11-28,2027-12-18,8182000,0,0,8182000,Issued
INV0002662,STU000025,HK1,2025-2026,2025-12-30,2026-01-31,17898000,0,0,17898000,Partially Paid
INV0002663,STU001449,HK Hè,2028-2029,2028-02-10,22/03/2028,30582000,15291000,1379000,16670000,Issued
INV0002664,STU001282,HK1,2024-2025,2024-10-28,2024-12-10,23631000,11816000,843000,12658000,Paid
INV0002665,STU000339,HK1,2022-2023,2022-05-28,2022-07-09,11765000,5882000,324000,6207000,Paid
INV0002666,STU000818,HK Hè,2027-2028,2027-02-13,2027-03-16,28659000,0,1069000,29728000,Issued
INV0002667,STU000949,HK2,2024-2025,2024-11-11,2024-12-27,34067000,0,266000,34333000,Partially Paid
INV0002668,STU001006,HK1,2027-2028,2027-12-29,2028-01-28,18485000,9242000,1238000,10481000,Partially Paid
INV0002669,STU000388,HK1,2027-2028,2027-04-14,2027-05-30,31109000,0,0,31109000,Issued
INV0002670,STU000199,HK2,2024-2025,2024-02-12,2024-03-24,27708000,0,0,27708000,Paid
INV0002671,STU000948,HK Hè,2024-2025,2024-12-24,2025-01-13,10119000,5060000,0,5059000,Partially Paid
INV0002672,STU000575,HK Hè,2022-2023,2022-10-15,2022-11-18,13566000,3392000,0,10174000,Issued
INV0002673,STU000364,HK2,2020-2021,2020-10-30,2020-12-02,12050000,0,0,12050000,Paid
INV0002674,STU000663,HK2,2025-2026,2025-05-03,2025-06-19,10100000,0,0,10100000,Paid
INV0002675,STU001379,HK Hè,2027-2028,2027-06-15,2027-08-09,28226000,7056000,0,21170000,Issued
INV0002676,STU000754,HK2,2026-2027,2026-01-11,2026-03-06,25749000,0,0,25749000,Paid
INV0002677,STU001301,HK Hè,2028-2029,2028-01-22,2028-02-26,23723000,0,0,23723000,Partially Paid
INV0002678,STU000489,HK2,2027-2028,2027-07-09,2027-08-12,30833000,7708000,0,23125000,Overdue
INV0002679,STU001021,HK2,2026-2027,2026-02-23,2026-03-27,9692000,4846000,0,4846000,Overdue
INV0002680,STU000799,HK Hè,2021-2022,2021-05-08,2021-06-18,17303000,1730000,673000,16246000,Partially Paid
INV0002681,STU000399,HK2,2026-2027,2026-12-02,2027-01-27,30656000,0,336000,30992000,Partially Paid
INV0002682,STU000198,HK Hè,2023-2024,2023-01-02,2023-02-20,24779000,12390000,1188000,13577000,Partially Paid
INV0002683,STU001031,HK2,2022-2023,2022-12-25,2023-01-17,13766000,0,307000,14073000,Partially Paid
INV0002684,STU001226,HK2,2028-2029,2028-07-10,2028-07-31,21584000,5396000,129000,16317000,Paid
INV0002685,STU000275,HK Hè,2025-2026,19/10/2025,2025-11-12,14626000,7313000,1265000,8578000,Overdue
INV0002686,STU001164,HK2,2026-2027,2026-06-26,2026-08-20,21732000,5433000,0,16299000,Paid
INV0002687,STU000900,HK1,2021-2022,2021-02-25,2021-03-26,24065000,2406000,0,21659000,Overdue
INV0002688,STU000353,HK1,2020-2021,2020-10-08,2020-11-15,15590000,0,0,15590000,Overdue
INV0002689,STU000663,HK Hè,2020-2021,2020-09-24,2020-11-16,10175000,0,0,10175000,Partially Paid
INV0002690,STU000658,HK Hè,2028-2029,2028-03-28,2028-05-15,30441000,15220000,0,15221000,Paid
INV0002691,STU000724,HK1,2026-2027,2026-09-17,2026-10-27,28123000,7031000,0,21092000,Overdue
INV0002692,STU001063,HK2,2026-2027,2026-10-20,09/12/2026,34730000,0,0,34730000,Issued
INV0002693,STU000406,HK1,2022-2023,2022-05-13,2022-07-08,31516000,0,0,31516000,Paid
INV0002694,STU001350,HK Hè,2026-2027,2026-09-10,2026-10-17,13162000,0,0,13162000,Paid
INV0002695,STU000744,HK2,2022-2023,2022-10-24,2022-12-05,12967000,0,0,12967000,Issued
INV0002696,STU000624,HK1,2023-2024,2023-04-25,2023-06-15,21783000,10892000,1012000,11903000,Paid
INV0002697,STU001041,HK Hè,2025-2026,2025-08-19,2025-09-08,34186000,0,486000,34672000,Overdue
INV0002698,STU001113,HK2,2022-2023,2022-05-15,2022-07-11,14869000,0,0,18141000,Paid
INV0002699,STU001152,HK1,2024-2025,2024-01-27,2024-03-09,9129000,0,0,9129000,Overdue
INV0002700,STU001345,HK Hè,2025-2026,2025-10-27,21/12/2025,33479000,16740000,0,16739000,Overdue
INV0002701,STU000497,HK Hè,2027-2028,2027-10-06,2027-10-29,12961000,0,0,12961000,Partially Paid
INV0002702,STU001029,HK1,2026-2027,16/11/2026,2026-12-09,28722000,14361000,0,14361000,Paid
INV0002703,STU001180,HK1,2021-2022,2021-12-28,2022-01-26,31071000,0,0,31071000,Issued
INV0002704,STU001461,HK Hè,2027-2028,2027-12-28,2028-02-17,11104000,0,0,11104000,Paid
INV0002705,STU000734,HK1,2025-2026,2025-07-21,2025-09-15,8098000,0,1428000,9526000,Overdue
INV0002706,STU001344,HK1,2021-2022,2021-02-28,2021-04-10,19825000,4956000,0,14869000,Partially Paid
INV0002707,STU000924,HK Hè,2026-2027,2026-05-19,2026-07-17,33650000,0,0,33650000,Partially Paid
INV0002708,STU000516,HK1,2021-2022,2021-03-22,2021-04-13,34988000,0,0,34988000,Partially Paid
INV0002709,STU000090,HK1,2026-2027,2026-04-30,2026-06-16,11779000,0,0,11779000,Paid
INV0002710,STU000463,HK1,2024-2025,2024-11-22,2025-01-08,13492000,1349000,0,12143000,Partially Paid
INV0002711,STU000093,HK1,2028-2029,2028-03-10,2028-04-21,13138000,3284000,780000,10634000,Overdue
INV0002712,STU001474,HK Hè,2022-2023,2022-02-24,16/03/2022,28211000,0,749000,28960000,Issued
INV0002713,STU000196,HK Hè,2026-2027,2026-11-13,2026-12-09,21149000,0,830000,21979000,Paid
INV0002714,STU000112,HK2,2025-2026,2025-07-14,2025-08-18,19768000,0,0,19768000,Paid
INV0002715,STU001454,HK2,2026-2027,2026-08-11,2026-10-07,26045000,0,0,26045000,Paid
INV0002716,STU000056,HK2,2027-2028,2027-03-18,2027-05-08,13271000,0,0,13271000,Issued
INV0002717,STU001099,HK1,2028-2029,2028-04-19,2028-06-04,30884000,15442000,0,15442000,Issued
INV0002718,STU000667,HK1,2021-2022,2021-11-12,2021-12-23,30623000,0,0,30623000,Issued
INV0002719,STU000838,HK Hè,2020-2021,2020-06-19,2020-08-13,9391000,0,0,9391000,Issued
INV0002720,STU001096,HK1,2027-2028,2027-03-18,2027-04-19,13533000,6766000,0,6767000,Issued
INV0002721,STU000009,HK2,2019-2020,2019-12-13,2020-01-11,9147000,2287000,540000,7400000,Overdue
INV0002722,STU001237,HK Hè,2027-2028,2027-08-19,2027-09-23,33632000,3363000,0,30269000,Paid
INV0002723,STU000651,HK2,2023-2024,2023-02-15,2023-03-21,34963000,0,0,34963000,Issued
INV0002724,STU001247,HK1,2026-2027,2026-07-16,2026-09-12,14826000,0,0,14826000,Paid
INV0002725,STU000041,HK1,2026-2027,2026-08-25,2026-09-18,34473000,0,649000,35122000,Paid
INV0002726,STU000629,HK1,2025-2026,2025-05-05,2025-06-25,31047000,3105000,885000,28827000,Overdue
INV0002727,STU001353,HK2,2026-2027,2026-07-14,2026-08-13,23598000,0,0,23598000,Paid
INV0002728,STU001457,HK1,2024-2025,2024-05-16,17/06/2024,29922000,0,0,29922000,Issued
INV0002729,STU001051,HK2,2026-2027,2026-07-20,2026-08-09,14608000,0,0,14608000,Issued
INV0002730,STU000454,HK2,2023-2024,2023-04-12,2023-05-26,17014000,1701000,0,15313000,Paid
INV0002731,STU000134,HK2,2024-2025,2024-03-01,2024-04-05,12618000,0,0,12618000,Paid
INV0002732,STU000322,HK1,2027-2028,2027-04-13,2027-05-13,15469000,1547000,0,13922000,Issued
INV0002733,STU000535,HK1,2027-2028,26/02/2027,2027-03-28,22430000,2243000,0,20187000,Partially Paid
INV0002734,STU000369,HK1,2029-2030,2029-05-19,2029-06-28,25620000,6405000,678000,19893000,Overdue
INV0002735,STU000304,HK Hè,2026-2027,2026-10-24,2026-11-17,24144000,0,0,24144000,Partially Paid
INV0002736,STU001053,HK2,2029-2030,2029-11-26,2029-12-31,17735000,1774000,0,15961000,Issued
INV0002737,STU000604,HK1,2026-2027,2026-07-23,2026-09-11,27276000,2728000,0,24548000,Issued
INV0002738,STU000889,HK2,2030-2031,2030-04-12,2030-05-22,33751000,16876000,579000,17454000,Overdue
INV0002739,STU000003,HK1,2025-2026,2025-02-03,2025-03-02,10010000,1001000,431000,9440000,Partially Paid
INV0002740,STU001126,HK1,2020-2021,2020-09-19,2020-11-02,8534000,0,0,8534000,Issued
INV0002741,STU000310,HK2,2025-2026,2025-09-26,2025-10-29,31941000,7985000,0,23956000,Paid
INV0002742,STU000926,HK1,2023-2024,2023-08-22,2023-10-09,34444000,0,0,34444000,Paid
INV0002743,STU001273,HK1,2024-2025,2024-04-18,2024-06-17,19348000,0,1186000,20534000,Overdue
INV0002744,STU000558,HK Hè,2027-2028,2027-01-24,2027-02-28,34957000,0,0,34957000,Issued
INV0002745,STU000300,HK1,2027-2028,2027-07-26,2027-08-24,15020000,0,0,15020000,Paid
INV0002746,STU000388,HK1,2027-2028,2027-10-06,2027-10-26,34128000,0,0,34128000,Paid
INV0002747,STU000918,HK2,2026-2027,2026-04-10,10/05/2026,25962000,6490000,0,19472000,Partially Paid
INV0002748,STU000313,HK2,2021-2022,2021-10-20,2021-12-12,28381000,0,0,28381000,Partially Paid
INV0002749,STU001221,HK2,2026-2027,2026-01-22,2026-02-19,33070000,0,0,33070000,Partially Paid
INV0002750,STU000230,HK2,2023-2024,2023-12-23,2024-01-14,9587000,0,0,9587000,Partially Paid
INV0002751,STU000793,HK1,2025-2026,2025-11-26,2026-01-03,33583000,0,0,33583000,Paid
INV0002752,STU000645,HK2,2021-2022,2021-12-18,2022-01-24,22498000,0,0,22498000,Paid
INV0002753,STU000974,HK1,2029-2030,2029-08-03,2029-09-24,30004000,3000000,0,27004000,Paid
INV0002754,STU001099,HK1,2027-2028,2027-02-22,2027-03-27,12468000,0,519000,12987000,Paid
INV0002755,STU000270,HK Hè,2024-2025,2024-07-02,2024-08-29,14408000,1441000,0,12967000,Partially Paid
INV0002756,STU000626,HK Hè,2025-2026,2025-08-09,2025-09-21,23417000,0,0,23417000,Paid
INV0002757,STU001391,HK2,2024-2025,2024-11-04,10/12/2024,13567000,0,0,13567000,Paid
INV0002758,STU000797,HK Hè,2023-2024,2023-10-18,2023-12-15,10082000,5041000,0,5041000,Issued
INV0002759,STU000753,HK Hè,2025-2026,2025-11-11,2025-12-19,11164000,2791000,0,8373000,Partially Paid
INV0002760,STU000554,HK Hè,2021-2022,2021-04-28,2021-06-01,23443000,2344000,0,21099000,Overdue
INV0002761,STU001082,HK1,2026-2027,2026-07-09,2026-09-04,12023000,1202000,0,10821000,Issued
INV0002762,STU001217,HK2,2026-2027,2026-03-15,2026-04-24,11503000,5752000,0,5751000,Overdue
INV0002763,STU000690,HK Hè,2023-2024,2023-03-25,2023-04-17,18516000,1852000,0,16664000,Partially Paid
INV0002764,STU000269,HK Hè,2027-2028,2027-12-30,2028-02-01,34203000,0,0,34203000,Partially Paid
INV0002765,STU000012,HK2,2022-2023,2022-05-28,2022-07-17,8552000,0,0,8552000,Issued
INV0002766,STU001075,HK2,2025-2026,2025-05-17,2025-07-13,9234000,4617000,0,4617000,Paid
INV0002767,STU000725,HK2,2025-2026,2025-07-04,2025-08-02,22605000,0,0,22605000,Paid
INV0002768,STU000828,HK2,2026-2027,2026-09-10,2026-09-30,20407000,0,572000,20979000,Overdue
INV0002769,STU000580,HK Hè,2024-2025,2024-03-01,2024-04-05,24203000,0,611000,24814000,Partially Paid
INV0002770,STU000883,HK1,2026-2027,2026-08-19,2026-09-12,25290000,0,0,25290000,Overdue
INV0002771,STU001139,HK Hè,2025-2026,2025-08-25,2025-10-17,31128000,0,1059000,32187000,Overdue
INV0002772,STU000029,HK Hè,2021-2022,2021-06-01,2021-07-14,31428000,7857000,0,23571000,Issued
INV0002773,STU000064,HK2,2025-2026,2025-02-14,2025-04-14,20133000,0,0,20133000,Paid
INV0002774,STU000367,HK2,2024-2025,2024-09-10,2024-10-01,17543000,0,1099000,18642000,Partially Paid
INV0002775,STU000558,HK2,2027-2028,2027-02-12,2027-03-13,34602000,0,1392000,35994000,Overdue
INV0002776,STU000607,HK2,2021-2022,2021-03-04,2021-04-30,18964000,4741000,273000,14496000,Issued
INV0002777,STU001186,HK Hè,2026-2027,2026-12-14,2027-02-08,31457000,7864000,0,23593000,Paid
INV0002778,STU000726,HK1,2021-2022,2021-09-12,2021-10-27,21755000,0,0,21755000,Paid
INV0002779,STU000612,HK2,2025-2026,2025-10-29,2025-11-28,16993000,4248000,0,12745000,Paid
INV0002780,STU001128,HK1,2025-2026,2025-06-10,2025-07-14,9134000,0,0,9134000,Partially Paid
INV0002781,STU000970,HK Hè,2024-2025,2024-11-26,2025-01-23,13039000,0,797000,13836000,Overdue
INV0002782,STU001345,HK1,2028-2029,2028-02-21,2028-03-22,8862000,0,691000,9553000,Partially Paid
INV0002783,STU001011,HK1,2025-2026,2025-10-14,2025-12-06,23861000,5965000,0,17896000,Issued
INV0002784,STU000416,HK2,2028-2029,2028-12-10,2029-01-13,18602000,9301000,456000,9757000,Paid
INV0002785,STU000312,HK1,2024-2025,2024-04-21,2024-05-27,8612000,0,0,8612000,Paid
INV0002786,STU000507,HK2,2021-2022,27/10/2021,2021-11-29,19200000,9600000,0,9600000,Paid
INV0002787,STU001455,HK1,2025-2026,2025-11-11,2026-01-05,22549000,0,0,22549000,Issued
INV0002788,STU000178,HK2,2024-2025,2024-05-11,2024-06-07,8542000,4271000,0,4271000,Overdue
INV0002789,STU000885,HK2,2025-2026,2025-08-19,2025-10-09,9630000,4815000,857000,5672000,Issued
INV0002790,STU000143,HK Hè,2025-2026,2025-11-23,2025-12-31,12122000,0,0,12122000,Overdue
INV0002791,STU000073,HK2,2022-2023,2022-03-04,2022-04-15,32604000,3260000,131000,29475000,Issued
INV0002792,STU001197,HK2,2026-2027,2026-07-23,13/09/2026,17613000,0,0,17613000,Issued
INV0002793,STU000808,HK Hè,2026-2027,2026-08-29,2026-10-26,26538000,13269000,0,13269000,Issued
INV0002794,STU001128,HK2,2023-2024,2023-12-17,2024-01-27,25878000,2588000,1258000,24548000,Issued
INV0002795,STU001326,HK2,2022-2023,2022-09-04,2022-10-08,18188000,0,0,18188000,Issued
INV0002796,STU000839,HK2,2026-2027,2026-11-12,2026-12-15,23588000,2359000,0,21229000,Overdue
INV0002797,STU000351,HK2,2024-2025,2024-12-08,2025-01-02,28606000,14303000,0,14303000,Partially Paid
INV0002798,STU000405,HK Hè,2026-2027,2026-02-22,25/03/2026,34385000,17192000,0,17193000,Overdue
INV0002799,STU001190,HK2,2026-2027,2026-02-10,2026-03-27,24743000,2474000,0,22269000,Partially Paid
INV0002800,STU000825,HK1,2024-2025,2024-04-28,2024-06-16,34871000,3487000,0,31384000,Issued
INV0002801,STU001117,HK2,2023-2024,2023-04-12,2023-05-04,18870000,9435000,0,9435000,Issued
INV0002802,STU000552,HK2,2023-2024,2023-08-06,2023-09-09,24494000,12247000,0,12247000,Partially Paid
INV0002803,STU000546,HK1,2026-2027,2026-03-17,2026-05-16,12022000,0,0,12022000,Issued
INV0002804,STU000791,HK1,2028-2029,2028-06-01,2028-07-01,23612000,0,0,23612000,Issued
INV0002805,STU000863,HK Hè,2024-2025,2024-04-12,2024-06-08,34703000,0,0,34703000,Issued
INV0002806,STU000133,HK2,2022-2023,2022-10-15,2022-11-29,14489000,0,0,14489000,Issued
INV0002807,STU001258,HK2,2024-2025,2024-11-29,2025-01-20,22030000,11015000,0,11015000,Partially Paid
INV0002808,STU000536,HK Hè,2022-2023,2022-10-20,2022-12-15,28495000,14248000,0,14247000,Issued
INV0002809,STU001479,HK2,2024-2025,2024-11-23,2024-12-15,29570000,0,0,29570000,Overdue
INV0002810,STU000238,HK Hè,2023-2024,2023-05-17,2023-06-17,31143000,0,0,31143000,Paid
INV0002811,STU000396,HK Hè,2026-2027,2026-10-17,2026-12-05,25189000,0,0,25189000,Paid
INV0002812,STU001318,HK Hè,2027-2028,2027-07-28,2027-08-21,10759000,0,0,10759000,Paid
INV0002813,STU000205,HK2,2027-2028,2027-01-25,2027-03-07,32632000,16316000,0,16316000,Issued
INV0002814,STU000746,HK1,2029-2030,2029-04-02,2029-05-13,32087000,0,0,32087000,Paid
INV0002815,STU001256,HK1,2025-2026,2025-02-05,2025-03-18,22060000,0,1084000,23144000,Partially Paid
INV0002816,STU000300,HK2,2025-2026,2025-12-24,2026-02-20,24862000,0,0,24862000,Overdue
INV0002817,STU001059,HK2,2028-2029,2028-03-19,2028-05-07,32773000,0,0,32773000,Paid
INV0002818,STU000738,HK1,2029-2030,2029-10-09,2029-11-02,9787000,0,0,9787000,Issued
INV0002819,STU000160,HK Hè,2021-2022,2021-10-24,2021-11-26,29775000,7444000,0,22331000,Overdue
INV0002820,STU000949,HK Hè,2024-2025,2024-01-28,2024-03-03,12525000,6262000,0,6263000,Overdue
INV0002821,STU000355,HK2,2023-2024,2023-03-15,2023-05-12,26849000,0,0,26849000,Paid
INV0002822,STU000242,HK Hè,2028-2029,2028-09-13,2028-10-25,17729000,1773000,0,15956000,Partially Paid
INV0002823,STU000035,HK1,2025-2026,2025-06-26,2025-08-16,16680000,4170000,102000,12612000,Partially Paid
INV0002824,STU000252,HK1,2020-2021,2020-12-03,2020-12-31,15073000,0,1411000,16484000,Paid
INV0002825,STU000773,HK1,2026-2027,2026-08-09,2026-09-05,24375000,0,0,24375000,Partially Paid
INV0002826,STU000251,HK Hè,2027-2028,2027-01-04,2027-01-24,12924000,0,0,12924000,Issued
INV0002827,STU001467,HK1,2025-2026,23/03/2025,2025-05-22,32854000,0,916000,33770000,Paid
INV0002828,STU000555,HK2,2026-2027,2026-04-02,2026-05-24,13439000,3360000,0,10079000,Paid
INV0002829,STU000996,HK1,2027-2028,2027-02-18,2027-03-27,28129000,2813000,243000,25559000,Paid
INV0002830,STU000452,HK Hè,2025-2026,2025-03-27,2025-04-22,33995000,0,0,33995000,Partially Paid
INV0002831,STU000810,HK Hè,2022-2023,2022-07-24,2022-09-10,15551000,0,870000,16421000,Overdue
INV0002832,STU000146,HK1,2024-2025,2024-12-29,2025-02-13,26534000,13267000,1129000,14396000,Partially Paid
INV0002833,STU000526,HK2,2024-2025,2024-08-10,2024-09-02,14464000,0,0,14464000,Paid
INV0002834,STU000775,HK2,2024-2025,2024-02-15,2024-03-18,18680000,1868000,107000,16919000,Partially Paid
INV0002835,STU000046,HK2,2023-2024,2023-07-21,2023-08-13,19859000,9930000,0,9929000,Overdue
INV0002836,STU001361,HK Hè,2025-2026,2025-08-28,2025-09-17,17496000,1750000,1171000,16917000,Issued
INV0002837,STU001411,HK Hè,2025-2026,2025-02-20,2025-04-02,14547000,7274000,401000,7674000,Partially Paid
INV0002838,STU000929,HK1,2024-2025,2024-02-18,2024-04-14,26141000,0,0,26141000,Paid
INV0002839,STU000268,HK1,2026-2027,16/01/2026,2026-02-09,34462000,0,132000,34594000,Issued
INV0002840,STU001268,HK2,2025-2026,2025-01-04,2025-02-04,21947000,0,0,21947000,Partially Paid
INV0002841,STU001421,HK1,2025-2026,2025-02-01,2025-03-13,16164000,1616000,0,14548000,Issued
INV0002842,STU001006,HK Hè,2027-2028,2027-05-15,2027-07-13,16206000,4052000,0,12154000,Paid
INV0002843,STU000349,HK2,2025-2026,2025-02-07,2025-03-26,14849000,0,0,14849000,Partially Paid
INV0002844,STU000277,HK Hè,2025-2026,2025-10-13,2025-11-15,18624000,4656000,0,13968000,Partially Paid
INV0002845,STU000591,HK1,2026-2027,2026-11-12,2026-12-06,11616000,0,0,11616000,Partially Paid
INV0002846,STU000687,HK1,2022-2023,2022-07-17,2022-09-07,34318000,0,0,34318000,Issued
INV0002847,STU001142,HK Hè,2024-2025,2024-05-02,2024-06-05,13995000,0,0,13995000,Paid
INV0002848,STU001275,HK Hè,2023-2024,2023-03-13,2023-04-26,21183000,10592000,0,10591000,Paid
INV0002849,STU001323,HK2,2023-2024,2023-07-18,2023-09-14,25444000,2544000,532000,23432000,Paid
INV0002850,STU000432,HK1,2029-2030,2029-04-05,2029-05-27,12593000,1259000,0,11334000,Partially Paid
INV0002851,STU000728,HK2,2023-2024,2023-05-08,2023-06-30,11201000,5600000,0,5601000,Overdue
INV0002852,STU000444,HK2,2026-2027,02/06/2026,2026-07-23,24846000,2485000,0,22361000,Issued
INV0002853,STU000858,HK2,2023-2024,2023-10-02,2023-10-27,25633000,12816000,1056000,13873000,Paid
INV0002854,STU000485,HK1,2025-2026,2025-05-13,2025-06-11,32985000,3298000,0,29687000,Paid
INV0002855,STU000711,HK2,2027-2028,2027-02-22,2027-03-21,31209000,0,0,31209000,Overdue
INV0002856,STU000734,HK Hè,2024-2025,2024-11-04,2024-12-25,30323000,15162000,127000,15288000,Issued
INV0002857,STU000785,HK2,2020-2021,2020-11-19,2020-12-13,31023000,0,0,31023000,Paid
INV0002858,STU001326,HK Hè,2025-2026,2025-01-15,2025-03-06,15464000,1546000,0,13918000,Partially Paid
INV0002859,STU001347,HK2,2027-2028,2027-02-28,2027-04-29,14336000,7168000,0,7168000,Partially Paid
INV0002860,STU000212,HK Hè,2024-2025,2024-04-27,2024-05-22,29804000,14902000,0,14902000,Overdue
INV0002861,STU000764,HK Hè,2025-2026,2025-01-23,2025-03-03,14947000,1495000,118000,13570000,Partially Paid
INV0002862,STU000699,HK2,2022-2023,2022-07-20,2022-09-18,16732000,4183000,0,12549000,Overdue
INV0002863,STU001121,HK1,2023-2024,2023-09-05,2023-10-13,26145000,2614000,0,23531000,Paid
INV0002864,STU000046,HK Hè,2023-2024,2023-04-16,2023-05-06,15301000,0,0,15301000,Overdue
INV0002865,STU001410,HK2,2024-2025,2024-08-23,2024-10-14,26017000,2602000,0,23415000,Overdue
INV0002866,STU001259,HK Hè,2028-2029,2028-06-16,2028-07-13,34404000,3440000,0,30964000,Partially Paid
INV0002867,STU001172,HK Hè,2025-2026,2025-04-12,2025-05-03,31159000,0,0,31159000,Overdue
INV0002868,STU000313,HK Hè,2025-2026,2025-08-26,2025-09-21,33263000,0,0,33263000,Overdue
INV0002869,STU001101,HK Hè,2027-2028,2027-03-06,2027-03-31,9554000,0,0,9554000,Partially Paid
INV0002870,STU001453,HK1,2023-2024,2023-04-02,2023-05-12,15428000,0,0,15428000,Paid
INV0002871,STU000084,HK1,2025-2026,2025-09-08,2025-10-23,10534000,2634000,0,7900000,Overdue
INV0002872,STU000548,HK Hè,2026-2027,2026-10-28,2026-11-20,30142000,3014000,0,27128000,Issued
INV0002873,STU001258,HK Hè,2028-2029,2028-04-01,2028-05-02,10564000,0,174000,10738000,Issued
INV0002874,STU001466,HK2,2024-2025,2024-07-21,2024-08-18,16433000,8216000,0,8217000,Overdue
INV0002875,STU000181,HK Hè,2025-2026,2025-10-11,2025-11-20,10526000,0,0,10526000,Paid
INV0002876,STU000775,HK Hè,2023-2024,2023-12-31,2024-02-16,33187000,3319000,0,29868000,Partially Paid
INV0002877,STU001437,HK Hè,2022-2023,2022-07-24,2022-08-30,13283000,0,0,13283000,Overdue
INV0002878,STU000466,HK2,2025-2026,2025-11-05,2025-12-25,16914000,8457000,0,8457000,Issued
INV0002879,STU000339,HK1,2023-2024,2023-06-07,2023-06-29,26980000,2698000,0,24282000,Overdue
INV0002880,STU000891,HK Hè,2023-2024,2023-04-04,2023-05-30,19305000,1930000,1192000,18567000,Overdue
INV0002881,STU000232,HK1,2025-2026,2025-05-19,2025-06-30,34158000,0,0,34158000,Overdue
INV0002882,STU000393,HK Hè,2027-2028,2027-01-11,2027-03-08,19308000,1931000,0,17377000,Overdue
INV0002883,STU000990,HK Hè,2029-2030,2029-01-28,2029-02-27,26664000,13332000,789000,14121000,Partially Paid
INV0002884,STU001071,HK2,2022-2023,2022-10-28,2022-12-05,25631000,0,0,25631000,Overdue
INV0002885,STU000255,HK2,2028-2029,2028-09-24,20/11/2028,14096000,1410000,243000,12929000,Partially Paid
INV0002886,STU000286,HK Hè,2025-2026,2025-05-25,2025-06-20,31031000,3103000,1301000,29229000,Partially Paid
INV0002887,STU000331,HK Hè,2023-2024,2023-05-02,29/05/2023,33753000,0,0,33753000,Partially Paid
INV0002888,STU000257,HK1,2025-2026,2025-01-15,2025-02-09,21597000,5399000,956000,17154000,Paid
INV0002889,STU000875,HK Hè,2025-2026,2025-04-19,2025-05-17,16207000,1621000,740000,15326000,Issued
INV0002890,STU000879,HK1,2025-2026,2025-11-19,2026-01-12,12936000,1294000,0,11642000,Paid
INV0002891,STU001418,HK Hè,2026-2027,2026-11-14,2026-12-12,23311000,2331000,0,20980000,Partially Paid
INV0002892,STU001213,HK Hè,2025-2026,2025-07-14,2025-09-02,34073000,8518000,0,25555000,Overdue
INV0002893,STU000033,HK2,2027-2028,2027-07-24,2027-09-13,33124000,0,0,33124000,Overdue
INV0002894,STU001247,HK2,2024-2025,2024-08-08,2024-08-31,20131000,0,179000,20310000,Partially Paid
INV0002895,STU000298,HK1,2024-2025,2024-06-18,2024-07-31,20035000,5009000,626000,15652000,Overdue
INV0002896,STU000752,HK2,2027-2028,2027-02-19,2027-04-09,26207000,13104000,0,13103000,Partially Paid
INV0002897,STU000384,HK2,2025-2026,2025-02-17,2025-03-13,9425000,2356000,1285000,8354000,Paid
INV0002898,STU000071,HK2,2024-2025,2024-02-21,2024-04-05,12812000,0,0,12812000,Overdue
INV0002899,STU000124,HK Hè,2023-2024,2023-10-02,2023-11-18,18018000,9009000,0,9009000,Issued
INV0002900,STU000605,HK2,2024-2025,2024-06-21,2024-08-18,29366000,7342000,0,22024000,Partially Paid
INV0002901,STU000121,HK Hè,2025-2026,2025-12-20,2026-01-20,19421000,9710000,376000,10087000,Issued
INV0002902,STU000842,HK1,2021-2022,2021-12-18,2022-01-15,15930000,0,0,15930000,Issued
INV0002903,STU000564,HK Hè,2028-2029,2028-10-03,2028-10-28,9244000,0,0,9244000,Issued
INV0002904,STU001441,HK2,2026-2027,2026-03-23,2026-05-07,19162000,0,0,19162000,Issued
INV0002905,STU001369,HK Hè,2026-2027,2026-01-06,2026-02-27,27022000,13511000,0,13511000,Partially Paid
INV0002906,STU001213,HK1,2021-2022,2021-12-10,01/02/2022,17045000,0,1192000,18237000,Overdue
INV0002907,STU001302,HK Hè,2024-2025,2024-09-24,2024-11-22,24252000,12126000,0,12126000,Partially Paid
INV0002908,STU001482,HK Hè,2023-2024,2023-01-13,2023-02-27,10035000,0,438000,10473000,Overdue
INV0002909,STU000353,HK2,2022-2023,27/05/2022,2022-07-18,24203000,2420000,749000,22532000,Overdue
INV0002910,STU000367,HK2,2023-2024,2023-10-12,2023-11-04,15751000,1575000,552000,14728000,Paid
INV0002911,STU000375,HK1,2024-2025,2024-08-30,2024-10-05,8610000,0,161000,8771000,Issued
INV0002912,STU000160,HK2,2021-2022,2021-06-28,2021-08-17,17683000,1768000,0,15915000,Issued
INV0002913,STU000987,HK Hè,2024-2025,2024-04-06,2024-05-29,24984000,0,0,24984000,Issued
INV0002914,STU000014,HK Hè,2028-2029,2028-09-01,2028-09-23,27742000,2774000,0,24968000,Partially Paid
INV0002915,STU000514,HK1,2029-2030,2029-07-06,2029-08-05,23957000,5989000,0,17968000,Overdue
INV0002916,STU001342,HK2,2025-2026,2025-09-12,2025-10-16,15888000,0,616000,16504000,Paid
INV0002917,STU000471,HK2,2026-2027,2026-03-09,2026-03-30,22557000,11278000,0,11279000,Overdue
INV0002918,STU001269,HK Hè,2024-2025,2024-04-06,2024-04-28,29755000,2976000,380000,27159000,Issued
INV0002919,STU000710,HK1,2023-2024,2023-03-04,2023-04-11,24884000,0,0,24884000,Overdue
INV0002920,STU000424,HK1,2026-2027,2026-08-26,2026-10-07,29340000,0,0,29340000,Paid
INV0002921,STU000076,HK2,2022-2023,2022-05-05,2022-06-19,8596000,2149000,1228000,7675000,Paid
INV0002922,STU000431,HK1,2024-2025,2024-03-27,2024-05-07,20247000,0,0,20247000,Partially Paid
INV0002923,STU000268,HK2,2021-2022,2021-11-25,2021-12-24,8007000,0,0,8007000,Overdue
INV0002924,STU000825,HK2,2023-2024,2023-02-08,2023-03-27,12611000,1261000,745000,12095000,Issued
INV0002925,STU000682,HK2,2024-2025,2024-04-24,2024-05-28,29279000,0,0,29279000,Paid
INV0002926,STU001464,HK Hè,2028-2029,2028-07-19,2028-09-07,19133000,0,0,19133000,Overdue
INV0002927,STU001478,HK Hè,2027-2028,2027-11-14,2028-01-13,19663000,9832000,0,9831000,Overdue
INV0002928,STU001438,HK Hè,2026-2027,2026-06-20,2026-08-11,21513000,2151000,0,19362000,Paid
INV0002929,STU000421,HK1,2025-2026,2025-03-28,2025-05-03,13199000,3300000,0,9899000,Overdue
INV0002930,STU000437,HK1,2024-2025,2024-08-24,2024-10-23,20716000,0,0,20716000,Paid
INV0002931,STU001186,HK2,2027-2028,2027-05-07,2027-06-28,10272000,2568000,0,7704000,Overdue
INV0002932,STU000103,HK Hè,2025-2026,2025-08-11,2025-09-19,11466000,5733000,299000,6032000,Partially Paid
INV0002933,STU001419,HK Hè,2027-2028,20/10/2027,2027-12-13,16050000,8025000,0,8025000,Partially Paid
INV0002934,STU000856,HK2,2024-2025,2024-06-06,2024-06-27,31445000,7861000,0,23584000,Paid
INV0002935,STU001186,HK2,2023-2024,2023-02-20,2023-04-01,8737000,0,1224000,9961000,Paid
INV0002936,STU000019,HK2,2029-2030,2029-04-28,2029-06-13,13405000,0,0,13405000,Partially Paid
INV0002937,STU000320,HK1,2025-2026,2025-05-02,2025-06-25,21381000,10690000,108000,10799000,Paid
INV0002938,STU000600,HK2,2022-2023,2022-07-04,2022-08-17,33426000,3343000,0,30083000,Issued
INV0002939,STU001336,HK2,2023-2024,2023-08-09,2023-10-02,15906000,1591000,0,14315000,Paid
INV0002940,STU000012,HK1,2024-2025,2024-07-23,2024-09-14,18325000,4581000,0,13744000,Overdue
INV0002941,STU000070,HK Hè,2021-2022,2021-01-02,2021-02-01,19975000,4994000,0,14981000,Partially Paid
INV0002942,STU001408,HK2,2022-2023,2022-01-19,2022-02-28,10764000,0,0,10764000,Paid
INV0002943,STU000023,HK2,2026-2027,2026-12-20,2027-02-13,16491000,8246000,0,8245000,Paid
INV0002944,STU000246,HK Hè,2024-2025,2024-11-04,2024-12-25,13813000,0,0,13813000,Paid
INV0002945,STU000832,HK Hè,2027-2028,2027-11-23,2028-01-05,21818000,5454000,0,16364000,Paid
INV0002946,STU000467,HK1,2026-2027,2026-04-10,2026-05-07,21924000,10962000,0,10962000,Paid
INV0002947,STU000049,HK Hè,2024-2025,2024-11-11,2025-01-01,29491000,2949000,0,26542000,Issued
INV0002948,STU001368,HK1,2024-2025,2024-12-28,2025-02-20,20584000,5146000,0,15438000,Issued
INV0002949,STU000859,HK Hè,2023-2024,2023-05-13,2023-06-04,20411000,0,0,20411000,Issued
INV0002950,STU000049,HK1,2022-2023,2022-12-16,2023-02-14,8398000,0,0,8398000,Partially Paid
INV0002951,STU000988,HK2,2025-2026,2025-10-08,2025-11-07,28035000,2804000,0,25231000,Overdue
INV0002952,STU000355,HK Hè,2024-2025,2024-06-17,2024-07-22,26970000,13485000,1071000,14556000,Paid
INV0002953,STU000926,HK2,2025-2026,2025-01-23,2025-03-16,21492000,0,0,21492000,Issued
INV0002954,STU001156,HK1,2027-2028,2027-04-10,2027-06-09,9364000,936000,0,8428000,Paid
INV0002955,STU000024,HK Hè,2027-2028,2027-12-29,2028-02-07,24061000,0,0,24061000,Issued
INV0002956,STU000239,HK2,2022-2023,2022-06-25,21/08/2022,20530000,0,0,20530000,Issued
INV0002957,STU001118,HK2,2026-2027,2026-07-02,2026-08-01,12764000,3191000,0,9573000,Issued
INV0002958,STU000345,HK2,2026-2027,2026-12-23,2027-01-20,29986000,14993000,0,14993000,Issued
INV0002959,STU000700,HK2,2028-2029,2028-06-13,2028-07-16,25407000,6352000,0,19055000,Partially Paid
INV0002960,STU000246,HK1,2025-2026,2025-02-08,2025-03-25,25491000,6373000,0,19118000,Partially Paid
INV0002961,STU000288,HK Hè,2024-2025,2024-12-15,2025-02-02,18793000,1879000,0,16914000,Issued
INV0002962,STU001411,HK Hè,2026-2027,2026-01-04,2026-01-30,28173000,14086000,0,14087000,Issued
INV0002963,STU001372,HK1,2025-2026,2025-08-06,2025-09-16,14582000,1458000,974000,14098000,Overdue
INV0002964,STU001051,HK1,2026-2027,2026-10-16,2026-12-01,12526000,3132000,1373000,10767000,Partially Paid
INV0002965,STU001447,HK Hè,2022-2023,2022-05-11,2022-06-03,18605000,0,0,18605000,Partially Paid
INV0002966,STU001147,HK1,2023-2024,2023-05-21,2023-06-25,24109000,12054000,0,12055000,Issued
INV0002967,STU001057,HK1,2025-2026,2025-02-28,2025-04-25,28811000,0,0,28811000,Overdue
INV0002968,STU001249,HK2,2026-2027,2026-02-06,2026-03-21,14627000,1463000,0,13164000,Partially Paid
INV0002969,STU000702,HK Hè,2026-2027,2026-03-03,2026-03-23,31264000,15632000,0,15632000,Issued
INV0002970,STU000265,HK Hè,2021-2022,2021-04-18,2021-06-09,8077000,0,0,8077000,Paid
INV0002971,STU000501,HK1,2023-2024,2023-08-30,2023-10-27,15902000,0,0,15902000,Partially Paid
INV0002972,STU001065,HK1,2021-2022,2021-03-09,2021-04-30,14367000,0,0,14367000,Paid
INV0002973,STU001409,HK Hè,2025-2026,2025-12-27,2026-02-25,9529000,953000,0,8576000,Issued
INV0002974,STU000187,HK2,2026-2027,2026-01-04,2026-01-30,13387000,0,0,13387000,Issued
INV0002975,STU000444,HK2,2027-2028,2027-10-18,2027-12-15,29336000,0,0,29336000,Partially Paid
INV0002976,STU001322,HK1,2024-2025,2024-08-23,2024-09-23,30457000,0,1269000,31726000,Partially Paid
INV0002977,STU001271,HK1,2022-2023,2022-05-22,2022-07-04,26152000,0,800000,29373000,Issued
INV0002978,STU001047,HK Hè,2023-2024,07/02/2023,2023-04-02,12876000,0,0,12876000,Overdue
INV0002979,STU001285,HK1,2026-2027,2026-05-05,2026-07-02,22530000,0,250000,22780000,Overdue
INV0002980,STU000993,HK1,2025-2026,2025-07-13,2025-08-13,14033000,7016000,0,7017000,Issued
INV0002981,STU000489,HK1,2024-2025,05/09/2024,2024-10-31,23603000,0,0,23603000,Overdue
INV0002982,STU000428,HK2,2027-2028,2027-05-12,2027-06-08,14730000,0,0,14730000,Paid
INV0002983,STU000713,HK Hè,2024-2025,2024-12-27,2025-01-30,27551000,0,0,27551000,Overdue
INV0002984,STU000373,HK1,2025-2026,2025-07-12,2025-08-26,9117000,4558000,0,4559000,Issued
INV0002985,STU000186,HK2,2025-2026,2025-08-09,2025-09-07,11148000,5574000,0,5574000,Issued
INV0001478,STU000461,HK2,2028-2029,2028-07-22,2028-09-04,33518000,0,0,33518000,Partially Paid
INV0001653,STU000911,HK Hè,2029-2030,2029-06-18,2029-07-23,14342000,0,0,14342000,Overdue
INV0002490,STU000875,HK Hè,2026-2027,2026-08-09,2026-09-20,24367000,6092000,0,18275000,Paid
INV0001850,STU001073,HK1,2028-2029,2028-08-01,2028-09-13,13495000,0,0,13495000,Issued
INV0000703,STU000455,HK Hè,2026-2027,2026-08-07,11/09/2026,26876000,2688000,0,24188000,Partially Paid
INV0001818,STU000935,HK Hè,2027-2028,2027-01-20,2027-03-03,13297000,0,514000,13811000,Partially Paid
INV0001717,STU000878,HK1,2028-2029,2028-08-30,2028-10-13,25640000,0,0,25640000,Partially Paid
INV0002552,STU000932,HK Hè,2027-2028,2027-04-29,2027-06-14,29444000,0,1203000,30647000,Issued
INV0000639,STU001400,HK1,2028-2029,2028-12-19,2029-01-09,18191000,0,0,18191000,Overdue
INV0002486,STU000055,HK1,2023-2024,2023-07-12,2023-09-04,34453000,3445000,0,31008000,Issued
INV0002675,STU001379,HK Hè,2027-2028,2027-06-15,2027-08-09,28226000,7056000,0,21170000,Issued
INV0002792,STU001197,HK2,2026-2027,2026-07-23,13/09/2026,17613000,0,0,17613000,Issued
INV0000337,STU000826,HK2,2023-2024,2023-03-08,01/04/2023,20163000,5041000,0,15122000,Partially Paid
INV0000413,STU001479,HK Hè,2026-2027,2026-12-30,2027-02-08,21029000,10514000,1312000,11827000,Issued
INV0000223,STU001444,HK2,2021-2022,2021-12-21,2022-02-03,22336000,0,387000,22723000,Partially Paid
