Student_ID,Full_Name,Date_Of_Birth,Gender,Email,Phone,Department_ID,Major,Enrollment_Date,Status,Dropout_Date,total_invoices_count,total_tuition_billed,total_tuition_paid,total_remaining_debt,scholarship_total,late_fee_total,total_payments_count,successful_payments_count,failed_payments_count,avg_payment_amount,payment_completion_rate,payment_failure_rate,has_overdue_debt,target_is_dropped_out,target_high_debt_risk
STU000001,Cô Bảo Dương,2004-06-01,Male,johntran@example.com,0299864207,DEP001,Công nghệ thông tin,2020-07-29,Active,,2,26672000,24908000,9008000,1817000,1313000,2,2,0,12454000.0,0.9338632,0.0,1,0,0
STU000002,Lâm Thị Vũ,2005-07-15,Male,odang@example.org,037293271,DEP001,Công nghệ thông tin,2019-10-29,Active,,3,60454000,54800000,28864000,10680000,1428000,4,4,0,13700000.0,0.90647435,0.0,1,0,0
STU000003,Duyên Đặng,2007-05-26,Female,imai@example.net,0598839134,DEP011,Truyền thông,2022-04-17,Suspended,,3,33300000,25232000,10424000,2448000,431000,4,4,0,6308000.0,0.7577177,0.0,1,0,0
STU000004,Khoa Đặng,2006-08-06,Female,johnmai@example.net,089550880,DEP006,Ngoại ngữ,2023-03-15,Graduated,,1,26401000,8374000,18027000,2933000,0,1,1,0,8374000.0,0.31718495,0.0,1,0,0
STU000005,Duyên Đặng,1998-09-02,Other,tvu@example.net,0772463451,DEP009,Công nghệ sinh học,2024-09-21,Active,,1,26169000,0,26169000,2892000,143000,0,0,0,0.0,0.0,0.0,1,0,0
STU000006,Tú Phú Trần,2006-11-15,Male,jane26@example.com,0065935807,DEP009,Công nghệ sinh học,2020-10-19,Active,,1,9470000,0,9470000,2932000,676000,0,0,0,0.0,0.0,0.0,1,0,0
STU000007,Bà Chi Hoàng,2005-05-11,Male,jane58@example.org,084108114,DEP011,Truyền thông,2023-11-10,Active,,0,0,0,0,0,0,0,0,0,0.0,1.0,0.0,0,0,0
STU000008,Minh Đức Đặng,1998-08-19,Other,dvu@example.org,026099100,DEP003,Quản trị kinh doanh,2022-11-08,Suspended,,2,40790000,30839000,20292000,0,301000,2,2,0,15419500.0,0.75604314,0.0,1,0,0
STU000009,Bảo Tấn Nguyễn,1999-06-19,Male,avu@example.com,072368829,DEP005,Luật,2019-12-07,Active,,2,34405000,27380000,7400000,5287000,540000,2,2,0,13690000.0,0.7958146,0.0,1,0,0
STU000010,Chị Nhật Lê,2001-04-21,Male,rduong@example.org,0451985872,DEP008,Kỹ thuật xây dựng,2025-06-15,Graduated,,2,38060000,76010000,10317000,13399000,0,4,4,0,19002500.0,1.9971098,0.0,1,0,0
STU000011,An Đức Trần,2003-02-21,Male,janele@example.net,019497011,DEP008,Kỹ thuật xây dựng,2021-05-23,Active,,4,63462000,45520000,35543000,13547000,2036000,5,5,0,9104000.0,0.7172796,0.0,1,0,0
STU000012,Lâm Hải Nguyễn,2007-02-20,Other,duongjohn@example.net,013160948,DEP003,Quản trị kinh doanh,2020-05-31,Active,,3,56527000,69058000,22296000,4581000,107000,3,3,0,23019334.0,1.2216817,0.0,1,0,0
STU000013,Khoa Thị Trần,1999-09-28,Other,john72@example.net,0148802926,DEP003,Quản trị kinh doanh,2025-06-28,Active,,2,31886000,16555000,15331000,0,2625000,2,2,0,8277500.0,0.51919335,0.0,1,0,0
STU000014,Nhật Đức Dương,2004-06-10,Male,janenguyen@example.org,0098379192,DEP001,Công nghệ thông tin,2024-11-20,Active,,1,24968000,13963000,11005000,2774000,0,1,1,0,13963000.0,0.5592358,0.0,1,0,0
STU000015,Phương Lê,2007-07-23,Male,janeduong@example.com,0903295451,DEP005,Luật,2024-10-20,Dropped Out,2026-10-24,1,16863000,15522000,1341000,16863000,0,2,2,0,7761000.0,0.9204768,0.0,1,1,0
STU000016,Hồng Nguyễn,1999-05-29,Other,upham@example.com,008902993,DEP009,Công nghệ sinh học,2021-11-25,Suspended,,4,99184000,97333000,51542000,3132000,1169000,5,5,0,19466600.0,0.9813377,0.0,1,0,0
STU000017,Quý Cô Bảo Dương,2003-03-13,Male,johnduong@example.com,0035790308,DEP010,Chưa phân ngành,2022-03-04,Graduated,,1,23021000,12672000,10349000,7674000,0,1,1,0,12672000.0,0.55045396,0.0,1,0,0
STU000018,Thảo Lê,2006-07-24,Other,jane90@example.net,0518957717,DEP001,Công nghệ thông tin,2023-06-16,Active,,1,11571000,17437000,0,11570000,0,2,2,0,8718500.0,1.506957,0.0,0,0,0
STU000019,Cô An Lê,2000-12-21,Female,john94@example.com,050639308,DEP011,Truyền thông,2025-05-24,Active,,5,80732000,45271000,51751000,7344000,0,2,2,0,22635500.0,0.56075656,0.0,1,0,0
STU000020,Anh Trọng Nguyễn,2004-08-11,Male,dangjohn@example.net,018880193,DEP010,Du lịch - Khách sạn,2025-08-13,Active,,3,42807000,73326000,6183000,11844000,0,6,6,0,12221000.0,1.7129441,0.0,1,0,0
STU000021,Hưng Đức Vũ,2004-12-06,Female,johntran@example.net,013247305,DEP012,Khoa học dữ liệu,2022-04-16,Active,,2,23126000,23008000,723000,22172000,954000,3,3,0,7669333.5,0.99489754,0.0,1,0,0
STU000022,Trọng Đức Phạm,2006-04-22,Female,jane60@example.net,069088426,DEP004,Kinh tế,2025-05-28,Active,,1,7211000,0,7211000,7212000,0,0,0,0,0.0,0.0,0.0,1,0,0
STU000023,Bác Trung Đặng,2007-02-24,Male,gduong@example.net,0263466006,DEP009,Công nghệ sinh học,2023-03-18,Active,,2,22453000,12040000,10413000,8246000,0,1,1,0,12040000.0,0.5362312,0.0,1,0,0
STU000024,Hoàng Thế Trần,2004-05-13,Female,johnbui@example.net,097312805,DEP009,Công nghệ sinh học,2025-05-05,Active,,2,49456000,36498000,24061000,0,0,2,2,0,18249000.0,0.7379893,0.0,1,0,0
STU000025,Cô Hải Hoàng,2001-05-30,Other,john47@example.net,0670835926,DEP011,Truyền thông,2025-07-25,Suspended,,3,32431000,3431000,29000000,14532000,0,1,1,0,3431000.0,0.10579384,0.0,1,0,0
STU000026,Chị Chi Mai,2005-08-20,Other,tmai@example.net,0218470921,DEP012,Khoa học dữ liệu,2021-03-12,Dropped Out,2022-09-16,2,29973000,0,29973000,13556000,0,1,0,0,13044000.0,0.0,0.0,1,1,0
STU000027,Dũng Mai,2002-08-13,Male,vhoang@example.net,039702694,DEP008,Kỹ thuật xây dựng,2021-04-15,Active,,1,21131000,20446000,685000,2348000,0,1,1,0,20446000.0,0.9675832,0.0,1,0,0
STU000028,Hồng Nguyễn,1998-12-23,Female,janepham@example.org,014030964,DEP005,Luật,2023-10-04,Graduated,,3,65748000,34233000,31515000,8112000,0,5,3,1,14902400.0,0.5206698,0.2,1,0,1
STU000029,Anh Khoa Phạm,1999-02-25,Female,hoangjohn@example.org,0242266650,DEP012,Khoa học dữ liệu,2020-10-15,Active,,3,68695000,14484000,54211000,7857000,1436000,2,2,0,7242000.0,0.21084504,0.0,1,0,0
STU000030,Hương Đặng,2002-05-02,Female,jane36@example.net,0407193852,DEP006,Ngoại ngữ,2021-03-23,Graduated,,0,0,0,0,0,0,0,0,0,0.0,1.0,0.0,0,0,0
STU000031,Lâm Hoàng,2001-07-19,Other,cdang@example.org,026231070,DEP011,Truyền thông,2019-10-22,Graduated,,0,0,0,0,0,0,0,0,0,0.0,1.0,0.0,0,0,0
STU000032,Kim Quang Vũ,2001-09-26,Other,adang@example.org,0386337986,DEP012,Khoa học dữ liệu,2022-03-29,Graduated,,1,12355000,9905000,2450000,12355000,0,1,1,0,9905000.0,0.8016997,0.0,1,0,0
STU000033,Nhật Bùi,2001-10-30,Female,janevu@example.net,0287501002,DEP001,Công nghệ thông tin,2024-09-26,Graduated,,2,42836000,42048000,1853000,3237000,0,3,3,0,14016000.0,0.9816043,0.0,1,0,0
STU000034,Linh Dương,2002-02-26,Other,janehoang@example.net,006507975,DEP010,Du lịch - Khách sạn,2023-02-13,Active,,1,20780000,17165000,3615000,0,0,1,1,0,17165000.0,0.82603467,0.0,1,0,0
STU000035,Quý Cô An Nguyễn,1998-04-30,Other,nguyenjohn@example.org,0058603064,DEP004,Kinh tế,2025-03-25,Active,,3,51934000,13188000,38746000,16760000,1655000,1,1,0,13188000.0,0.2539377,0.0,1,0,0
STU000036,Chị Duyên Trần,2001-10-14,Other,hoangjohn@example.net,0240506127,DEP002,Tài chính - Kế toán,2020-10-09,Graduated,,2,39665000,35521000,9977000,2763000,0,5,3,0,13090000.0,0.89552504,0.0,1,0,0
STU000037,Anh Châu Nguyễn,2001-05-06,Female,duongjohn@example.org,084031941,DEP009,Công nghệ sinh học,2022-06-10,Dropped Out,2024-01-16,2,34121000,45529000,0,5182000,968000,8,5,1,11425500.0,1.3343395,0.125,0,1,0
STU000038,Cô Vi Bùi,2006-05-05,Other,jane13@example.net,0955334853,DEP004,Kinh tế,2021-07-17,Active,,2,42102000,39393000,14796000,0,0,4,2,1,14332250.0,0.93565625,0.25,1,0,0
STU000039,Trọng Thế Mai,2004-08-06,Female,duongjane@example.com,0868321913,DEP010,Du lịch - Khách sạn,2020-10-24,Active,,2,25035000,12408000,12627000,2318000,1092000,1,1,0,12408000.0,0.49562612,0.0,1,0,0
STU000040,Quang Vũ,1998-02-18,Other,john44@example.com,0246343458,DEP008,Kỹ thuật xây dựng,2023-05-04,Suspended,,2,31928000,5648000,26280000,10643000,0,1,1,0,5648000.0,0.17689802,0.0,1,0,0
STU000041,Hạnh Nguyễn,2006-09-21,Female,janeduong@example.net,046357394,DEP008,Kỹ thuật xây dựng,2022-06-11,Dropped Out,2023-05-29,2,56594000,74051000,975000,2386000,649000,4,4,0,18512750.0,1.3084602,0.0,1,1,0
STU000042,Bà Hồng Trần,2003-09-30,Male,buijane@example.com,0279173073,DEP003,Quản trị kinh doanh,2021-12-19,Active,,3,54594000,55519000,33736000,12350000,2788000,4,4,0,13879750.0,1.0169432,0.0,1,0,0
STU000043,Bác Vũ Nguyễn,1999-08-20,Female,jane21@example.com,070987439,DEP010,Du lịch - Khách sạn,2021-02-25,Active,,4,68085000,17178000,50907000,19187000,681000,2,2,0,8589000.0,0.25230226,0.0,1,0,0
STU000044,Nhiên Xuân Trần,2001-11-21,Male,duongjohn@example.com,0756219736,DEP008,Kỹ thuật xây dựng,2021-01-03,Active,,3,69060000,13597000,55463000,2718000,0,3,2,1,7203333.5,0.19688676,0.33333334,1,0,1
STU000045,Huy Thế Dương,2003-02-09,Male,dangjohn@example.com,0727509375,DEP010,Du lịch - Khách sạn,2023-08-05,Suspended,,3,53493000,116564000,7046000,4640000,0,10,7,2,16323300.0,2.1790514,0.2,1,0,0
STU000046,Dũng Tấn Dương,1999-04-15,Male,cpham@example.com,0582260648,DEP007,Kỹ thuật điện,2019-12-10,Active,,3,53349000,25128000,28221000,13054000,0,2,2,0,12564000.0,0.47101164,0.0,1,0,0
STU000047,An Thế Hoàng,2007-04-05,Male,sbui@example.org,028663268,DEP006,Ngoại ngữ,2021-01-21,Active,,3,67198000,86708000,5921000,3000000,0,6,6,0,14451333.0,1.290336,0.0,1,0,0
STU000048,Thành Bảo Đặng,2003-01-02,Male,ynguyen@example.net,0349740865,DEP010,Du lịch - Khách sạn,2023-01-22,Active,,1,20877000,0,20877000,0,0,0,0,0,0.0,0.0,0.0,1,0,0
STU000049,Hà Hoàng,2007-01-06,Male,john56@example.com,0400814586,DEP002,Tài chính - Kế toán,2020-10-22,Dropped Out,2021-08-06,2,34940000,13195000,26542000,2949000,0,2,2,0,6597500.0,0.3776474,0.0,1,1,0
STU000050,Anh Minh Nguyễn,2007-02-08,Other,janele@example.org,069183967,DEP001,Công nghệ thông tin,2020-01-16,Active,,2,49534000,64693000,3682000,5384000,788000,4,4,0,16173250.0,1.3060322,0.0,1,0,0
STU000051,Yến Trần,1998-12-20,Female,jane06@example.com,099257744,DEP001,Công nghệ thông tin,2020-05-11,Active,,2,38678000,24694000,15866000,5288000,0,2,2,0,12347000.0,0.6384508,0.0,1,0,0
STU000052,Châu Đức Hoàng,2003-10-02,Female,nduong@example.org,0996931235,DEP011,Truyền thông,2019-08-11,Active,,0,0,0,0,0,0,0,0,0,0.0,1.0,0.0,0,0,0
STU000053,Dũng Lê,1999-05-10,Female,pvu@example.net,064410908,DEP010,Du lịch - Khách sạn,2019-12-26,Dropped Out,2021-04-02,2,29817000,10907000,18910000,10869000,1287000,2,2,0,5453500.0,0.36579803,0.0,1,1,0
STU000054,Quý Cô Lâm Trần,2003-09-29,Other,btran@example.com,088374470,DEP003,Chưa phân ngành,2019-09-01,Active,,2,32653000,14806000,17847000,0,0,1,1,0,14806000.0,0.4534346,0.0,1,0,0
STU000055,Quý Cô Bảo Bùi,2007-04-19,Female,tranjane@example.net,027456486,DEP001,Công nghệ thông tin,2021-04-28,Active,,4,90179000,53604000,40103000,32512000,2118000,4,4,0,13401000.0,0.59441775,0.0,1,0,0
STU000056,Quý Ông Khoa Vũ,2002-04-06,Female,jane76@example.com,098852826,DEP010,Du lịch - Khách sạn,2025-09-10,Active,,5,83618000,62351000,24037000,3411000,1282000,6,5,0,11526833.0,0.74566483,0.0,1,0,0
STU000057,Duyên Trần,2006-09-13,Other,johnmai@example.org,079714091,DEP012,Khoa học dữ liệu,2022-09-11,Active,,2,33148000,0,33148000,1978000,0,0,0,0,0.0,0.0,0.0,1,0,0
STU000058,Ngọc Hoàng,1999-10-24,Other,john61@example.net,0047354918,DEP004,Kinh tế,2024-03-21,Dropped Out,2024-11-10,2,39799000,48814000,2334000,2309000,0,3,3,0,16271333.0,1.2265133,0.0,1,1,0
STU000059,Thành Mai Bảo Trần,2004-11-14,Male,jane91@example.org,0447256094,DEP001,Công nghệ thông tin,2021-10-09,Active,,0,0,0,0,0,0,0,0,0,0.0,1.0,0.0,0,0,0
STU000060,Phúc Hoàng,2007-10-04,Other,john79@example.net,046289961,DEP010,Du lịch - Khách sạn,2021-02-06,Graduated,,2,41431000,14169000,32920000,8510000,0,2,2,0,7084500.0,0.3419903,0.0,1,0,0
STU000061,Quang Thị Hoàng,2003-02-16,Female,vujane@example.org,0003571399,DEP003,Quản trị kinh doanh,2021-08-09,Active,,0,0,0,0,0,0,0,0,0,0.0,1.0,0.0,0,0,0
STU000062,Cô Dương Nguyễn,2006-09-24,Male,wnguyen@example.net,0560436537,DEP003,Quản trị kinh doanh,2019-08-30,Active,,1,18723000,0,18723000,1937000,1293000,0,0,0,0.0,0.0,0.0,1,0,0
STU000063,Bà Lâm Mai,1998-11-02,Other,johnle@example.org,018603062,DEP010,Du lịch - Khách sạn,2023-04-10,Active,,1,4076000,0,4076000,4076000,0,0,0,0,0.0,0.0,0.0,1,0,0
STU000064,Hà Vũ,2000-04-29,Other,phamjane@example.com,000925205,DEP001,Công nghệ thông tin,2023-12-11,Active,,3,54691000,64253000,5324000,10361000,0,5,5,0,12850600.0,1.1748368,0.0,1,0,0
STU000065,Vân Mai,2004-03-19,Other,john57@example.net,036649735,DEP008,Kỹ thuật xây dựng,2025-09-04,Graduated,,2,55117000,108904000,21047000,0,831000,5,4,0,24721800.0,1.9758695,0.0,1,0,0
STU000066,Mai Mai,2005-03-05,Other,jane10@example.org,019025653,DEP001,Công nghệ thông tin,2021-05-24,Active,,0,0,0,0,0,0,0,0,0,0.0,1.0,0.0,0,0,0
STU000067,Vi Phạm,1999-10-15,Other,dangjohn@example.org,056774508,DEP012,Khoa học dữ liệu,2021-12-18,Graduated,,1,26456000,0,26456000,0,0,0,0,0,0.0,0.0,0.0,1,0,0
STU000068,Anh Dương,2004-07-18,Male,buijohn@example.org,012501809,DEP007,Kỹ thuật điện,2021-06-16,Graduated,,2,38578000,32491000,6097000,0,0,3,3,0,10830333.0,0.8422158,0.0,1,0,0
STU000069,Hồng Nguyễn,2007-06-08,Female,johnnguyen@example.com,0108180521,DEP012,Khoa học dữ liệu,2020-10-20,Graduated,,3,55161000,28072000,27089000,23126000,415000,3,3,0,9357333.0,0.5089103,0.0,1,0,0
STU000070,Bảo Bảo Lê,2003-08-07,Other,janebui@example.net,0234363687,DEP001,Công nghệ thông tin,2020-02-20,Active,,6,116898000,41327000,75571000,26952000,621000,3,3,0,13775667.0,0.35353044,0.0,1,0,0
STU000071,Bác Hưng Trần,1998-03-20,Female,tranjohn@example.com,085451979,DEP001,Chưa phân ngành,2021-11-12,Active,,2,42198000,0,42198000,3193000,646000,0,0,0,0.0,0.0,0.0,1,0,0
STU000072,Khoa Bùi,2007-03-26,Other,vtran@example.org,0097923971,DEP003,Quản trị kinh doanh,2022-08-17,Active,,2,23810000,11391000,12419000,22441000,1368000,1,1,0,11391000.0,0.47841242,0.0,1,0,0
STU000073,Quang Xuân Bùi,2007-07-15,Other,jane12@example.net,016479254,DEP001,Công nghệ thông tin,2019-11-20,Active,,2,57699000,0,57699000,3260000,131000,0,0,0,0.0,0.0,0.0,1,0,0
STU000074,Quý Ông Nhiên Mai,2004-05-26,Female,jane26@example.net,049383892,DEP002,Tài chính - Kế toán,2025-07-06,Graduated,,1,16751000,4606000,12145000,1861000,0,1,1,0,4606000.0,0.27496865,0.0,1,0,0
STU000075,Cô Nhật Nguyễn,1999-07-04,Other,snguyen@example.org,0178286181,DEP008,Kỹ thuật xây dựng,2025-02-18,Active,,0,0,0,0,0,0,0,0,0,0.0,1.0,0.0,0,0,0
STU000076,Hạnh Lê,2000-05-27,Other,tranjohn@example.org,096897233,DEP002,Tài chính - Kế toán,2020-04-10,Active,,1,7675000,13562000,0,2149000,1228000,4,3,0,5223000.0,1.7670358,0.0,0,0,0
STU000077,Anh Tú Hoàng,1998-05-10,Female,maijohn@example.net,0828147669,DEP005,Luật,2022-06-07,Active,,2,49338000,18865000,32253000,1898000,0,3,2,0,8960333.0,0.38236248,0.0,1,0,0
STU000078,Bảo Trần,2000-08-23,Other,hdang@example.com,0679241401,DEP012,Khoa học dữ liệu,2021-09-21,Graduated,,2,49664000,0,49664000,1991000,0,0,0,0,0.0,0.0,0.0,1,0,0
STU000079,Nhiên Nguyễn,2005-08-09,Female,uvu@example.com,0348763391,DEP001,Công nghệ thông tin,2025-09-07,Graduated,,2,42442000,36824000,5618000,0,1076000,2,2,0,18412000.0,0.86763114,0.0,1,0,0
STU000080,Phương Mai Mai,2006-10-28,Other,jane69@example.com,0714487440,DEP011,Truyền thông,2021-10-19,Active,,0,0,0,0,0,0,0,0,0,0.0,1.0,0.0,0,0,0
STU000081,Cô Thành Lê,2007-03-04,Male,jane96@example.com,0190632289,DEP001,Công nghệ thông tin,2023-02-08,Active,,3,61840000,25851000,35989000,30798000,0,3,2,1,15363000.0,0.4180304,0.33333334,1,0,1
STU000082,Vân Vũ,1998-04-11,Male,janeduong@example.org,0091467968,DEP011,Truyền thông,2025-04-30,Dropped Out,2027-02-09,1,8484000,7459000,1025000,0,0,1,1,0,7459000.0,0.87918437,0.0,1,1,0
STU000083,Quý Cô Bảo Phạm,2005-01-14,Male,johnle@example.net,016145925,DEP010,Du lịch - Khách sạn,2022-03-18,Active,,2,37357000,14764000,22593000,0,1495000,1,1,0,14764000.0,0.39521375,0.0,1,0,0
STU000084,Cô Lan Mai,2007-05-16,Other,sduong@example.com,0311586826,DEP005,Luật,2022-11-25,Active,,1,7900000,6867000,1033000,2634000,0,2,2,0,3433500.0,0.8692405,0.0,1,0,0
STU000085,Bác Quang Đặng,2005-05-19,Other,maijane@example.net,0277113748,DEP003,Quản trị kinh doanh,2020-05-02,Suspended,,2,45841000,19731000,32528000,0,0,2,2,0,9865500.0,0.43042254,0.0,1,0,0
STU000086,An Bùi,2000-06-20,Male,john42@example.org,023648399,DEP011,Truyền thông,2020-10-22,Graduated,,1,7241000,3584000,3657000,2414000,0,1,1,0,3584000.0,0.49495926,0.0,1,0,0
STU000087,Anh Nhiên Đặng,1998-02-28,Female,janetran@example.com,022244232,DEP005,Luật,2024-07-09,Active,,4,49637000,66080000,10070000,15345000,0,8,8,0,8260000.0,1.331265,0.0,1,0,0
STU000088,Hải Thế Trần,2007-10-21,Other,ndang@example.com,0779647815,DEP006,Ngoại ngữ,2025-03-24,Dropped Out,2026-01-20,1,8143000,11375000,0,0,0,2,2,0,5687500.0,1.3969053,0.0,0,1,0
STU000089,An Bùi,2002-08-14,Female,johntran@example.org,0449307842,DEP012,Khoa học dữ liệu,2025-03-12,Active,,0,0,0,0,0,0,0,0,0,0.0,1.0,0.0,0,0,0
STU000090,Trung Đức Bùi,2004-07-11,Male,jane25@example.net,020349613,DEP001,Công nghệ thông tin,2024-04-19,Graduated,,5,99550000,32704000,74815000,12101000,2279000,6,4,1,12625000.0,0.32851833,0.16666667,1,0,1
STU000091,Chị Thảo Bùi,1999-11-04,Female,john85@example.com,0859146377,DEP011,Truyền thông,2025-04-08,Active,,2,43785000,4400000,39385000,5408000,0,1,1,0,4400000.0,0.10049104,0.0,1,0,0
STU000092,Phúc Tấn Lê,2001-09-08,Female,tle@example.org,0448721981,DEP008,Kỹ thuật xây dựng,2023-08-16,Active,,0,0,0,0,0,0,0,0,0,0.0,1.0,0.0,0,0,0
STU000093,Bà Bảo Vũ,2000-01-21,Female,bbui@example.com,0190947036,DEP008,Kỹ thuật xây dựng,2025-04-22,Dropped Out,2025-12-08,3,32047000,12683000,19364000,24697000,780000,2,2,0,6341500.0,0.39576247,0.0,1,1,0
STU000094,Bà Kim Mai,2002-04-24,Male,nguyenjane@example.org,0261926730,DEP004,Kinh tế,2022-10-21,Active,,2,40971000,19528000,21443000,2700000,0,3,2,1,14085000.0,0.47662982,0.33333334,1,0,1
STU000095,Phúc Tấn Bùi,1999-08-29,Female,duongjane@example.net,0380939559,DEP001,Công nghệ thông tin,2024-02-21,Suspended,,3,45834000,31088000,35365000,3268000,1051000,4,3,0,9759250.0,0.6782738,0.0,1,0,0
STU000096,Chị Dương Hoàng,2005-08-29,Other,vujohn@example.net,0426668472,DEP002,Tài chính - Kế toán,2021-07-22,Active,,2,36186000,13855000,22331000,18713000,171000,1,1,0,13855000.0,0.3828829,0.0,1,0,0
STU000097,Bảo Hoàng,2000-01-02,Other,phamjane@example.net,015761097,DEP010,Chưa phân ngành,2024-09-11,Active,,0,0,0,0,0,0,0,0,0,0.0,1.0,0.0,0,0,0
STU000098,Anh Mai,2004-09-02,Male,phamjohn@example.org,078904029,DEP011,Truyền thông,2020-03-21,Active,,1,10351000,0,10351000,0,0,0,0,0,0.0,0.0,0.0,1,0,0
STU000099,Quý Cô Hồng Phạm,2001-01-23,Female,pbui@example.net,0662808021,DEP001,Công nghệ thông tin,2023-01-27,Active,,1,11696000,10760000,936000,3898000,0,1,1,0,10760000.0,0.91997266,0.0,1,0,0
STU000100,Yến Trần,1998-08-23,Other,dvu@example.net,063962335,DEP010,Du lịch - Khách sạn,2023-10-10,Active,,2,43691000,50170000,13069000,0,0,3,3,0,16723333.0,1.1482915,0.0,1,0,0
STU000101,Ông Quang Hoàng,1999-06-01,Female,tranjohn@example.net,0265409638,DEP004,Kinh tế,2023-05-27,Active,,1,25522000,0,25522000,8508000,0,0,0,0,0.0,0.0,0.0,1,0,0
STU000102,Nam Hữu Lê,2002-11-03,Other,vujane@example.com,0468835855,DEP004,Kinh tế,2021-01-01,Active,,2,27585000,0,27585000,6864000,0,1,0,1,6484000.0,0.0,1.0,1,0,1
STU000103,Bác Nhiên Trần,2001-01-22,Other,hoangjane@example.com,0703015697,DEP012,Khoa học dữ liệu,2021-08-04,Active,,4,53958000,9488000,44470000,20627000,299000,1,1,0,9488000.0,0.17584047,0.0,1,0,0
STU000104,Khoa Hoàng Trần,1998-11-11,Female,yduong@example.net,0685122984,DEP008,Kỹ thuật xây dựng,2020-01-10,Dropped Out,2020-10-10,2,42564000,28954000,14348000,14348000,0,2,2,0,14477000.0,0.68024623,0.0,1,1,0
STU000105,Bác Huy Hoàng,2001-09-22,Other,jane37@example.net,031047730,DEP006,Ngoại ngữ,2025-02-14,Graduated,,3,81307000,51655000,29652000,9799000,0,3,3,0,17218334.0,0.63530815,0.0,1,0,0
STU000106,Anh Nhiên Đặng,2003-01-06,Male,fbui@example.net,0774665273,DEP007,Kỹ thuật điện,2021-11-18,Active,,2,43287000,4990000,38297000,17671000,1498000,1,1,0,4990000.0,0.115277104,0.0,1,0,0
STU000107,Anh Hữu Mai,2000-11-08,Other,janedang@example.net,035715592,DEP003,Quản trị kinh doanh,2023-12-19,Suspended,,2,27524000,37234000,9672000,5951000,0,3,3,0,12411333.0,1.3527831,0.0,1,0,0
STU000108,Trung Vũ,1998-02-20,Male,lejane@example.com,0328931373,DEP011,Truyền thông,2019-10-21,Active,,1,26773000,20083000,6690000,2975000,0,1,1,0,20083000.0,0.7501214,0.0,1,0,0
STU000109,Thành Đức Bùi,2002-07-08,Male,pdang@example.org,082770406,DEP005,Luật,2021-12-23,Active,,2,48041000,7796000,40245000,15739000,823000,1,1,0,7796000.0,0.16227806,0.0,1,0,0
STU000110,Bảo Bảo Dương,2005-02-25,Other,jane49@example.org,0324123752,DEP005,Luật,2019-10-06,Active,,4,83424000,72391000,30989000,6859000,1411000,4,4,0,18097750.0,0.8677479,0.0,1,0,0
STU000111,Chị Yến Trần,2003-04-20,Male,john53@example.com,067645492,DEP001,Công nghệ thông tin,2024-05-31,Active,,2,42191000,69809000,0,8448000,804000,6,5,0,16763333.0,1.6545945,0.0,0,0,0
STU000112,Lâm Phạm,2007-07-24,Other,johnhoang@example.net,0177998484,DEP012,Chưa phân ngành,2023-01-05,Active,,7,130333000,126704000,44789000,20673000,412000,9,9,0,14078222.0,0.9721559,0.0,1,0,0
STU000113,Cô Lâm Đặng,1999-04-14,Female,john16@example.org,033226549,DEP010,Du lịch - Khách sạn,2020-04-22,Dropped Out,2020-12-12,3,64538000,41582000,34597000,1643000,699000,2,2,0,20791000.0,0.6443026,0.0,1,1,0
STU000114,Nhiên Lê,2005-02-03,Female,nguyenjane@example.com,0806126982,DEP003,Quản trị kinh doanh,2022-11-02,Active,,2,37478000,0,37478000,1514000,772000,1,0,1,3774000.0,0.0,1.0,1,0,1
STU000115,An Mai Bùi,2004-06-09,Other,janenguyen@example.net,046740341,DEP007,Kỹ thuật điện,2023-11-09,Active,,4,50442000,10269000,43658000,17285000,1237000,2,2,0,5134500.0,0.20358035,0.0,1,0,0
STU000116,Quang Phú Dương,2001-07-31,Female,mmai@example.org,0659492294,DEP012,Khoa học dữ liệu,2019-10-14,Active,,5,129282000,19926000,109356000,18876000,1811000,3,2,0,13932667.0,0.15412818,0.0,1,0,0
STU000117,Quang Tấn Phạm,1999-02-09,Female,sle@example.com,005649671,DEP007,Kỹ thuật điện,2021-12-06,Active,,2,50229000,79990000,1968000,0,0,6,5,0,15034167.0,1.5925063,0.0,1,0,0
STU000118,Phương Mai Bùi,2007-03-31,Other,nguyenjohn@example.com,0703809154,DEP001,Công nghệ thông tin,2024-11-14,Active,,2,63260000,0,63260000,0,302000,1,0,1,23614000.0,0.0,1.0,1,0,1
STU000119,Anh Nam Hoàng,2000-01-07,Male,lejohn@example.org,091531294,DEP004,Kinh tế,2025-07-08,Dropped Out,2026-09-10,0,0,0,0,0,0,0,0,0,0.0,1.0,0.0,0,1,0
STU000120,Cô An Nguyễn,2002-12-01,Male,jane02@example.net,0009030858,DEP004,Kinh tế,2024-06-07,Graduated,,4,64363000,14547000,49816000,0,375000,3,3,0,4849000.0,0.22601494,0.0,1,0,0
STU000121,Nhật Tấn Lê,2000-09-03,Other,xduong@example.com,0032320584,DEP010,Du lịch - Khách sạn,2021-07-01,Dropped Out,2022-02-06,4,56878000,48671000,19275000,15230000,376000,5,5,0,9734200.0,0.8557087,0.0,1,1,0
STU000122,Chị Hồng Hoàng,2006-05-10,Other,johnvu@example.com,0056929450,DEP002,Tài chính - Kế toán,2020-03-25,Active,,2,29377000,0,29377000,1981000,883000,0,0,0,0.0,0.0,0.0,1,0,0
STU000123,Lâm Phú Hoàng,2001-06-14,Female,maijane@example.com,099617124,DEP007,Kỹ thuật điện,2023-12-13,Graduated,,4,54306000,29566000,27263000,23926000,137000,4,3,1,9861250.0,0.5444334,0.25,1,0,1
STU000124,Quang Hoàng Nguyễn,2000-07-20,Other,phamjane@example.org,0831790161,DEP006,Ngoại ngữ,2019-09-26,Dropped Out,2020-12-31,3,55757000,32580000,29140000,12096000,0,5,3,2,15192800.0,0.58432126,0.4,1,1,1
STU000125,Minh Hoàng,2003-02-13,Other,aduong@example.net,0320400953,DEP007,Kỹ thuật điện,2022-02-16,Active,,0,0,0,0,0,0,0,0,0,0.0,1.0,0.0,0,0,0
STU000126,Cô Hà Hoàng,2002-11-21,Other,phamjohn@example.com,0538911274,DEP009,Công nghệ sinh học,2024-06-21,Active,,2,33583000,9274000,24309000,1536000,1378000,2,1,0,7504500.0,0.27615163,0.0,1,0,0
STU000127,Vân Đặng,2006-05-13,Male,janehoang@example.com,0765354540,DEP004,Kinh tế,2025-03-05,Dropped Out,2027-04-09,3,47576000,25604000,21972000,21263000,0,2,2,0,12802000.0,0.5381705,0.0,1,1,0
STU000128,Bà Hương Nguyễn,2007-03-07,Male,janehoang@example.org,0990283492,DEP009,Công nghệ sinh học,2024-09-13,Active,,1,12898000,8320000,4578000,4300000,0,1,1,0,8320000.0,0.64506125,0.0,1,0,0
STU000129,Hải Xuân Bùi,2007-06-17,Male,xdang@example.org,008754919,DEP001,Công nghệ thông tin,2020-03-13,Dropped Out,2020-10-28,3,44329000,57853000,9119000,9709000,1137000,7,6,1,8887429.0,1.3050824,0.14285715,1,1,0
STU000130,Bác Quang Vũ,2003-06-28,Other,wtran@example.com,0021142669,DEP006,Ngoại ngữ,2024-08-19,Graduated,,3,59072000,29222000,41485000,17188000,399000,4,3,0,9396000.0,0.49468446,0.0,1,0,0
STU000131,Thành Văn Đặng,2001-07-27,Male,jane43@example.com,091124729,DEP010,Du lịch - Khách sạn,2020-01-20,Active,,0,0,0,0,0,0,0,0,0,0.0,1.0,0.0,0,0,0
STU000132,An Trần,1999-11-27,Female,lejane@example.org,068459793,DEP008,Kỹ thuật xây dựng,2024-09-09,Active,,3,72089000,15670000,56419000,2850000,710000,1,1,0,15670000.0,0.2173702,0.0,1,0,0
STU000133,Chị Ngọc Vũ,2004-05-16,Male,janetran@example.net,0369500368,DEP001,Công nghệ thông tin,2019-11-18,Graduated,,4,65927000,47629000,45339000,2606000,2309000,5,5,0,9525800.0,0.7224506,0.0,1,0,0
STU000134,Hà Nguyễn,1998-12-17,Male,johnpham@example.com,048337082,DEP001,Công nghệ thông tin,2022-01-27,Dropped Out,2022-05-17,1,12618000,9318000,3300000,0,0,1,1,0,9318000.0,0.7384688,0.0,1,1,0
STU000135,Tùng Thị Vũ,2000-05-30,Male,enguyen@example.org,034597830,DEP006,Ngoại ngữ,2024-03-19,Active,,2,22246000,13352000,9195000,4937000,1305000,3,2,0,5593333.5,0.6001978,0.0,1,0,0
STU000136,Vi Mai,2000-02-18,Other,jane85@example.net,095238048,DEP007,Kỹ thuật điện,2022-11-30,Active,,1,17705000,13660000,4045000,0,447000,2,1,0,12473000.0,0.7715335,0.0,1,0,0
STU000137,Bà Hương Trần,2000-07-03,Other,john18@example.com,065128134,DEP004,Kinh tế,2020-09-27,Dropped Out,2022-09-02,2,34648000,3419000,31229000,11331000,0,1,1,0,3419000.0,0.098678134,0.0,1,1,0
STU000138,Kim Phú Phạm,2006-04-16,Male,jane51@example.org,0122290048,DEP004,Kinh tế,2021-03-30,Active,,0,0,0,0,0,0,0,0,0,0.0,1.0,0.0,0,0,0
STU000139,Quý Cô Hạnh Dương,2005-06-17,Male,jane53@example.org,0381598888,DEP006,Ngoại ngữ,2019-08-13,Active,,1,26620000,52378000,0,2958000,0,3,3,0,17459334.0,1.9676183,0.0,0,0,0
STU000140,Bà Yến Phạm,1999-07-26,Female,johnpham@example.org,043359974,DEP003,Quản trị kinh doanh,2024-08-13,Active,,1,17089000,0,17089000,17090000,0,0,0,0,0.0,0.0,0.0,1,0,0
STU000141,Hải Thế Đặng,1998-03-12,Male,jane70@example.com,0649023742,DEP001,Công nghệ thông tin,2020-03-10,Graduated,,2,20289000,11430000,8859000,5026000,1389000,2,2,0,5715000.0,0.56335944,0.0,1,0,0
STU000142,Quang Hải Bùi,2005-01-26,Male,ohoang@example.org,0729741111,DEP010,Du lịch - Khách sạn,2022-07-12,Active,,1,16745000,13620000,3125000,16744000,0,1,1,0,13620000.0,0.81337714,0.0,1,0,0
STU000143,Mai Dương,2007-04-06,Other,jane16@example.org,0983277276,DEP010,Du lịch - Khách sạn,2022-12-22,Suspended,,4,59743000,37733000,34036000,4848000,730000,9,8,0,4517222.0,0.63158864,0.0,1,0,0
STU000144,Vân Vũ,2004-09-12,Female,john31@example.com,085812759,DEP004,Kinh tế,2019-09-29,Graduated,,3,51585000,32521000,19064000,14051000,1388000,2,2,0,16260500.0,0.6304352,0.0,1,0,0
STU000145,Hưng Dương,2005-12-20,Other,jane94@example.com,0213068784,DEP008,Kỹ thuật xây dựng,2020-11-10,Active,,0,0,0,0,0,0,0,0,0,0.0,1.0,0.0,0,0,0
STU000146,Yến Vũ,2006-06-04,Male,johnvu@example.net,0021333892,DEP010,Du lịch - Khách sạn,2023-02-09,Active,,3,40664000,35548000,8042000,24772000,1129000,5,5,0,7109600.0,0.8741885,0.0,1,0,0
STU000147,Tùng Hoàng,2003-12-12,Other,unguyen@example.net,0352448409,DEP011,Truyền thông,2022-11-14,Graduated,,0,0,0,0,0,0,0,0,0,0.0,1.0,0.0,0,0,0
STU000148,Trọng Phú Bùi,2004-10-28,Female,fdang@example.com,0319367933,DEP006,Ngoại ngữ,2021-09-27,Graduated,,1,28430000,44455000,0,0,1374000,2,2,0,22227500.0,1.5636652,0.0,0,0,0
STU000149,Hạnh Nguyễn,2002-11-03,Female,john89@example.com,0788894358,DEP009,Công nghệ sinh học,2020-06-04,Graduated,,0,0,0,0,0,0,0,0,0,0.0,1.0,0.0,0,0,0
STU000150,Quý Cô Hạnh Phạm,2000-08-22,Other,john33@example.org,007193322,DEP005,Luật,2025-09-07,Dropped Out,2027-05-17,3,50248000,77377000,3310000,8758000,0,6,6,0,12896167.0,1.5399021,0.0,1,1,0
STU000151,Minh Phạm,1999-04-21,Male,johnnguyen@example.net,0406965096,DEP011,Truyền thông,2021-05-09,Active,,1,12819000,10885000,1934000,0,0,1,1,0,10885000.0,0.8491302,0.0,1,0,0
STU000152,Anh Dũng Phạm,2000-12-01,Other,fvu@example.org,037479889,DEP005,Chưa phân ngành,2022-03-13,Graduated,,4,58873000,31369000,27504000,27287000,644000,5,4,0,8626800.0,0.5328249,0.0,1,0,0
STU000153,Nhật Lê,2001-04-23,Female,otran@example.net,084360000,DEP005,Luật,2019-09-26,Dropped Out,2021-12-08,1,20768000,17057000,3711000,6922000,0,2,1,0,18108500.0,0.82131165,0.0,1,1,0
STU000154,Bà Yến Đặng,2000-12-26,Female,john06@example.com,0937648668,DEP005,Luật,2022-07-13,Graduated,,0,0,0,0,0,0,0,0,0,0.0,1.0,0.0,0,0,0
STU000155,Bảo Đức Dương,2000-10-26,Female,jane74@example.com,058803845,DEP004,Kinh tế,2022-12-19,Active,,2,40757000,30628000,10129000,1910000,1276000,3,2,0,15715667.0,0.75147825,0.0,1,0,0
STU000156,Nhật Hữu Trần,1998-08-11,Male,jane89@example.org,0537219460,DEP009,Công nghệ sinh học,2020-12-02,Active,,1,22684000,42198000,0,0,0,2,2,0,21099000.0,1.8602539,0.0,0,0,0
STU000157,Quý Ông Minh Vũ,2006-12-05,Female,cdang@example.com,092470466,DEP012,Khoa học dữ liệu,2024-04-24,Active,,1,27659000,23992000,3667000,3073000,0,1,1,0,23992000.0,0.8674211,0.0,1,0,0
STU000158,Khoa Bảo Dương,2000-08-06,Other,jane44@example.net,0557842720,DEP007,Kỹ thuật điện,2022-01-31,Active,,3,37637000,18845000,18792000,822000,0,3,3,0,6281666.5,0.5007041,0.0,1,0,0
STU000159,Nhiên Xuân Hoàng,2002-06-30,Male,jtran@example.org,009529820,DEP005,Luật,2021-11-20,Active,,2,42452000,32033000,16697000,0,0,2,2,0,16016500.0,0.7545699,0.0,1,0,0
STU000160,Kim Văn Phạm,2004-03-05,Other,john98@example.org,0441055432,DEP003,Quản trị kinh doanh,2020-02-13,Graduated,,3,52956000,17011000,35945000,23922000,0,1,1,0,17011000.0,0.32122895,0.0,1,0,0
STU000161,Bà Khoa Lê,1999-10-31,Male,jane27@example.net,079011871,DEP001,Công nghệ thông tin,2024-04-20,Active,,1,8887000,6965000,1922000,988000,0,1,1,0,6965000.0,0.783729,0.0,1,0,0
STU000162,Bác Minh Vũ,2006-03-10,Male,ovu@example.net,020679282,DEP008,Kỹ thuật xây dựng,2020-04-21,Graduated,,3,56366000,27518000,28848000,8366000,3320000,3,2,1,13286000.0,0.4882021,0.33333334,1,0,1
STU000163,Khoa Xuân Bùi,2006-04-13,Male,john36@example.net,0883384585,DEP011,Truyền thông,2019-11-11,Active,,0,0,0,0,0,0,0,0,0,0.0,1.0,0.0,0,0,0
STU000164,Khoa Quang Phạm,2006-08-19,Other,tnguyen@example.net,0815604612,DEP008,Kỹ thuật xây dựng,2022-09-25,Active,,2,41308000,37346000,13288000,6227000,0,3,3,0,12448667.0,0.90408635,0.0,1,0,0
STU000165,Chị Lâm Vũ,1998-12-26,Female,gmai@example.org,0190976815,DEP001,Công nghệ thông tin,2023-04-27,Active,,1,26010000,0,26010000,0,0,1,0,0,19214000.0,0.0,0.0,1,0,0
STU000166,Ông Quang Nguyễn,2005-12-25,Other,omai@example.com,095864791,DEP010,Du lịch - Khách sạn,2024-08-04,Active,,2,34101000,25253000,17223000,1875000,0,2,2,0,12626500.0,0.7405355,0.0,1,0,0
STU000167,Khoa Nguyễn,2003-12-14,Female,johnhoang@example.com,0089458736,DEP008,Kỹ thuật xây dựng,2023-01-01,Active,,1,29371000,0,29371000,0,957000,0,0,0,0.0,0.0,0.0,1,0,0
STU000168,Khoa Lê,2000-01-04,Other,maijane@example.org,044129999,DEP012,Khoa học dữ liệu,2025-05-27,Active,,2,20417000,0,20417000,3085000,0,1,0,0,4087000.0,0.0,0.0,1,0,0
STU000169,Huy Văn Phạm,2004-04-10,Male,fmai@example.com,026961810,DEP002,Tài chính - Kế toán,2020-12-05,Active,,2,38172000,37867000,13219000,7135000,389000,2,2,0,18933500.0,0.9920099,0.0,1,0,0
STU000170,Cô Duyên Hoàng,2002-10-24,Male,amai@example.com,0744867676,DEP006,Ngoại ngữ,2021-05-13,Active,,1,13115000,12568000,547000,13116000,0,2,2,0,6284000.0,0.958292,0.0,1,0,0
STU000171,Kim Dương,2004-09-06,Female,phamjohn@example.net,0187560005,DEP012,Khoa học dữ liệu,2020-10-31,Suspended,,1,18788000,0,18788000,6263000,0,0,0,0,0.0,0.0,0.0,1,0,0
STU000172,Hà Đức Đặng,2005-09-18,Female,dmai@example.net,0733227364,DEP004,Chưa phân ngành,2023-12-20,Graduated,,4,95042000,55006000,63367000,0,2094000,5,5,0,11001200.0,0.57875466,0.0,1,0,0
STU000173,Phúc Đức Mai,1998-02-19,Other,buijane@example.org,080475625,DEP007,Kỹ thuật điện,2022-10-16,Active,,2,48958000,52590000,16769000,16769000,0,2,2,0,26295000.0,1.0741861,0.0,1,0,0
STU000174,Chi Đặng,1998-12-06,Other,jane75@example.com,009493550,DEP006,Ngoại ngữ,2021-02-20,Suspended,,4,76406000,108313000,19241000,8261000,462000,5,5,0,21662600.0,1.4175981,0.0,1,0,0
STU000175,Hạnh Vũ,2003-05-11,Female,qle@example.net,0999147513,DEP011,Truyền thông,2024-08-03,Graduated,,1,16157000,0,16157000,0,541000,0,0,0,0.0,0.0,0.0,1,0,0
STU000176,Bác Nhiên Mai,2003-03-02,Female,jane48@example.org,0613930687,DEP012,Khoa học dữ liệu,2019-12-07,Active,,1,20993000,19453000,1540000,0,267000,2,2,0,9726500.0,0.92664224,0.0,1,0,0
STU000177,Cô Kim Hoàng,2006-08-12,Female,lpham@example.com,0442482129,DEP006,Ngoại ngữ,2023-02-02,Active,,6,90260000,29479000,65274000,5344000,1785000,7,5,2,5860428.5,0.32660094,0.2857143,1,0,1
STU000178,Châu Đức Hoàng,2007-06-11,Female,lejane@example.net,0795388508,DEP008,Kỹ thuật xây dựng,2022-01-30,Active,,2,23948000,22260000,1688000,10830000,0,3,3,0,7420000.0,0.92951393,0.0,1,0,0
STU000179,Anh Thế Bùi,2004-02-11,Male,john81@example.org,0632560753,DEP001,Công nghệ thông tin,2023-09-02,Graduated,,2,36259000,30461000,23688000,0,0,3,3,0,10153667.0,0.84009486,0.0,1,0,0
STU000180,Chị Phương Phạm,2000-10-30,Other,qmai@example.org,0837756528,DEP003,Quản trị kinh doanh,2024-04-07,Active,,2,29582000,24785000,4797000,8018000,172000,4,3,1,11075750.0,0.83784056,0.25,1,0,0
STU000181,Hoàng Xuân Dương,2004-04-26,Other,wle@example.net,024903803,DEP009,Công nghệ sinh học,2024-01-04,Active,,1,10526000,0,10526000,0,0,1,0,0,7804000.0,0.0,0.0,1,0,0
STU000182,Kim Mai Bảo Mai,2007-03-02,Male,mnguyen@example.com,0305196484,DEP007,Kỹ thuật điện,2024-03-15,Active,,0,0,0,0,0,0,0,0,0,0.0,1.0,0.0,0,0,0
STU000183,Lan Vũ,2002-09-13,Male,jane13@example.com,059436165,DEP011,Truyền thông,2025-05-25,Dropped Out,2026-10-23,2,20299000,40088000,3282000,7651000,325000,3,2,1,15869000.0,1.9748756,0.33333334,1,1,0
STU000184,Xuân Mai,2006-03-24,Female,jane95@example.com,018833947,DEP003,Quản trị kinh doanh,2024-05-02,Active,,0,0,0,0,0,0,0,0,0,0.0,1.0,0.0,0,0,0
STU000185,Vũ Bùi,2002-07-18,Male,nguyenjohn@example.net,0408240738,DEP006,Ngoại ngữ,2024-05-31,Dropped Out,2025-08-03,0,0,0,0,0,0,0,0,0,0.0,1.0,0.0,0,1,0
STU000186,Phúc Lê,2007-01-23,Other,janepham@example.com,015311865,DEP007,Kỹ thuật điện,2023-02-18,Active,,2,24270000,20620000,3650000,11806000,0,2,2,0,10310000.0,0.84960854,0.0,1,0,0
STU000187,Thành Mai Trần,1998-04-19,Other,vujohn@example.org,0769978086,DEP010,Du lịch - Khách sạn,2025-01-13,Suspended,,3,47928000,40358000,12506000,2232000,0,5,4,0,10712200.0,0.8420547,0.0,1,0,0
STU000188,Xuân Vũ,2003-12-18,Male,john28@example.com,017797173,DEP007,Kỹ thuật điện,2023-09-10,Dropped Out,2025-09-26,0,0,0,0,0,0,0,0,0,0.0,1.0,0.0,0,1,0
STU000189,Trung Trần,2007-06-06,Female,john59@example.org,066040973,DEP002,Tài chính - Kế toán,2023-02-21,Dropped Out,2025-07-21,0,0,0,0,0,0,0,0,0,0.0,1.0,0.0,0,1,0
STU000190,Anh Bảo Lê,2007-06-21,Male,dangjane@example.com,0496401829,DEP007,Kỹ thuật điện,2023-10-27,Graduated,,1,20172000,10803000,9369000,2241000,0,1,1,0,10803000.0,0.53554434,0.0,1,0,0
STU000191,Quý Cô Thành Trần,2001-03-26,Female,johndang@example.org,0878485111,DEP011,Truyền thông,2019-10-18,Active,,0,0,0,0,0,0,0,0,0,0.0,1.0,0.0,0,0,0
STU000192,Bác Nhiên Lê,2007-03-10,Female,nhoang@example.org,0413182870,DEP012,Khoa học dữ liệu,2025-06-20,Graduated,,0,0,0,0,0,0,0,0,0,0.0,1.0,0.0,0,0,0
STU000193,Mai Mai,2004-02-12,Other,vujane@example.net,0917260071,DEP008,Kỹ thuật xây dựng,2022-03-04,Active,,3,41417000,42097000,17247000,0,744000,4,3,1,11612750.0,1.0164183,0.25,1,0,1
STU000194,Hải Vũ,2007-02-25,Male,janemai@example.org,034306338,DEP003,Quản trị kinh doanh,2023-09-18,Graduated,,3,68752000,42469000,29915000,17304000,1050000,4,3,1,14993000.0,0.6177129,0.25,1,0,1
STU000195,Quý Cô Yến Dương,2003-08-18,Male,emai@example.com,045397628,DEP009,Công nghệ sinh học,2024-05-23,Active,,1,10840000,15323000,0,0,0,3,3,0,5107666.5,1.4135609,0.0,0,0,0
STU000196,Quang Mai Bảo Hoàng,2005-12-26,Male,john49@example.org,0651572678,DEP011,Truyền thông,2023-11-15,Active,,3,55054000,29795000,25259000,18960000,1095000,4,2,1,14593500.0,0.5411959,0.25,1,0,1
STU000197,Chị Yến Phạm,2002-09-27,Female,lejohn@example.com,001701952,DEP006,Ngoại ngữ,2023-10-31,Suspended,,1,7261000,7065000,196000,7260000,0,1,1,0,7065000.0,0.9730065,0.0,1,0,0
STU000198,Vũ Tấn Hoàng,2007-08-29,Female,rmai@example.org,0076092065,DEP010,Du lịch - Khách sạn,2020-12-28,Active,,3,32192000,9068000,23124000,12390000,1188000,2,1,0,8855500.0,0.2816849,0.0,1,0,0
STU000199,Quý Ông Trọng Nguyễn,2005-02-16,Female,yvu@example.com,0692600919,DEP005,Luật,2022-07-03,Active,,4,78092000,85274000,24546000,4549000,454000,8,7,0,11487625.0,1.0919684,0.0,1,0,0
STU000200,Khoa Dương,1999-08-07,Male,buijane@example.net,068635952,DEP002,Tài chính - Kế toán,2023-12-02,Active,,0,0,0,0,0,0,0,0,0,0.0,1.0,0.0,0,0,0
STU000201,Anh Dũng Mai,1999-05-23,Male,ihoang@example.net,0335174989,DEP010,Du lịch - Khách sạn,2024-06-26,Active,,0,0,0,0,0,0,0,0,0,0.0,1.0,0.0,0,0,0
STU000202,Bà Hương Đặng,2001-10-21,Other,johnnguyen@example.org,066928403,DEP004,Kinh tế,2023-08-18,Active,,4,100095000,75344000,44402000,8904000,0,5,5,0,15068800.0,0.7527249,0.0,1,0,0
STU000203,Bà Kim Hoàng,2004-01-12,Female,john76@example.net,029787160,DEP003,Quản trị kinh doanh,2023-11-19,Dropped Out,2025-12-13,0,0,0,0,0,0,0,0,0,0.0,1.0,0.0,0,1,0
STU000204,Thành Hoàng,2004-09-09,Male,wle@example.org,0426507853,DEP005,Luật,2023-01-24,Active,,0,0,0,0,0,0,0,0,0,0.0,1.0,0.0,0,0,0
STU000205,Nam Trần,1999-11-12,Female,uvu@example.org,070072731,DEP011,Truyền thông,2025-04-26,Suspended,,3,51268000,14732000,37806000,16316000,0,2,2,0,7366000.0,0.28735274,0.0,1,0,0
STU000206,Bảo Lê,2002-05-25,Male,johndang@example.net,0986914295,DEP004,Kinh tế,2020-11-28,Graduated,,1,17964000,19198000,0,0,0,2,2,0,9599000.0,1.0686929,0.0,0,0,0
STU000207,Bảo Phú Đặng,2006-01-23,Other,john06@example.org,0651590001,DEP007,Kỹ thuật điện,2025-02-05,Suspended,,3,53894000,18960000,34934000,5664000,1269000,1,1,0,18960000.0,0.3518017,0.0,1,0,0
STU000208,Anh Nhiên Nguyễn,2001-06-30,Female,utran@example.com,0774447959,DEP012,Khoa học dữ liệu,2022-02-13,Active,,4,67504000,58368000,13643000,17532000,101000,6,5,1,10294000.0,0.86465985,0.16666667,1,0,0
STU000209,Nhật Nguyễn,2006-08-10,Female,john98@example.net,078854364,DEP001,Công nghệ thông tin,2021-05-28,Active,,1,8198000,4053000,4145000,8198000,0,1,1,0,4053000.0,0.49438888,0.0,1,0,0
STU000210,Bác Nhiên Vũ,2006-10-29,Male,john75@example.net,015779808,DEP002,Tài chính - Kế toán,2020-05-09,Active,,3,70214000,26261000,43953000,7940000,1371000,4,3,1,10086250.0,0.37401372,0.25,1,0,1
STU000211,Trung Đức Lê,2001-03-16,Female,johnle@example.com,0049359853,DEP011,Truyền thông,2025-02-06,Suspended,,4,92807000,69178000,43680000,3895000,3275000,5,4,1,18641600.0,0.7453964,0.2,1,0,1
STU000212,Quang Hoàng,2002-06-26,Female,rpham@example.net,0681256254,DEP012,Khoa học dữ liệu,2023-12-17,Dropped Out,2025-08-21,3,44132000,23031000,21101000,26232000,0,3,2,0,9774667.0,0.5218662,0.0,1,1,0
STU000213,Trung Văn Bùi,2002-02-11,Other,jane14@example.org,099300220,DEP008,Kỹ thuật xây dựng,2022-11-14,Dropped Out,2024-01-27,1,14529000,3790000,10739000,4843000,0,1,1,0,3790000.0,0.26085758,0.0,1,1,0
STU000214,Quang Mai,2007-01-22,Other,jduong@example.net,043020955,DEP008,Kỹ thuật xây dựng,2023-10-20,Active,,2,40022000,18117000,21905000,7771000,0,1,1,0,18117000.0,0.45267603,0.0,1,0,0
STU000215,Cô Mai Lê,1999-09-16,Other,bdang@example.com,0909912667,DEP009,Công nghệ sinh học,2025-05-18,Graduated,,1,19564000,19059000,505000,2174000,0,1,1,0,19059000.0,0.97418725,0.0,1,0,0
STU000216,Vân Đặng,2004-05-06,Male,lvu@example.net,0509924042,DEP009,Công nghệ sinh học,2020-12-28,Active,,2,60976000,13258000,47718000,0,0,1,1,0,13258000.0,0.2174298,0.0,1,0,0
STU000217,Quý Ông Dũng Hoàng,2003-09-30,Female,john35@example.net,025499869,DEP004,Kinh tế,2022-01-10,Active,,1,16358000,13876000,2482000,0,1459000,2,2,0,6938000.0,0.84826994,0.0,1,0,0
STU000218,Yến Trần,2005-08-28,Male,john32@example.com,041034740,DEP010,Du lịch - Khách sạn,2025-03-01,Graduated,,1,9323000,4971000,4352000,3108000,0,1,1,0,4971000.0,0.53319746,0.0,1,0,0
STU000219,Thảo Vũ,1999-03-09,Other,wdang@example.net,0750014812,DEP005,Luật,2020-02-18,Dropped Out,2022-03-24,0,0,0,0,0,0,0,0,0,0.0,1.0,0.0,0,1,0
STU000220,Quý Cô Lâm Vũ,2001-10-04,Male,janenguyen@example.com,0268939280,DEP010,Du lịch - Khách sạn,2019-09-12,Active,,6,136937000,55815000,81122000,7076000,2126000,8,4,2,15745250.0,0.4075962,0.25,1,0,1
STU000221,Hồng Hoàng,1998-03-29,Other,johndang@example.com,045414226,DEP007,Kỹ thuật điện,2020-05-04,Active,,0,0,0,0,0,0,0,0,0,0.0,1.0,0.0,0,0,0
STU000222,Anh Phúc Hoàng,2000-07-03,Female,john39@example.org,028049473,DEP005,Luật,2024-10-01,Graduated,,1,21659000,13499000,8160000,2406000,0,1,1,0,13499000.0,0.6232513,0.0,1,0,0
STU000223,Cô Lâm Lê,2007-10-16,Female,pmai@example.net,0795066492,DEP005,Luật,2020-11-26,Dropped Out,2022-04-29,0,0,0,0,0,0,0,0,0,0.0,1.0,0.0,0,1,0
STU000224,Dũng Hoàng,2006-03-02,Female,gbui@example.net,046566849,DEP008,Kỹ thuật xây dựng,2020-08-17,Graduated,,0,0,0,0,0,0,0,0,0,0.0,1.0,0.0,0,0,0
STU000225,Khoa Hải Trần,1998-02-28,Other,john41@example.com,0670400129,DEP007,Kỹ thuật điện,2020-10-08,Suspended,,0,0,0,0,0,0,0,0,0,0.0,1.0,0.0,0,0,0
STU000226,Bà Yến Đặng,2003-03-24,Male,jane90@example.org,047916594,DEP012,Khoa học dữ liệu,2022-12-02,Graduated,,2,27384000,9386000,20136000,9485000,0,3,2,0,4899666.5,0.3427549,0.0,1,0,0
STU000227,Cô Mai Phạm,2007-09-20,Male,janebui@example.org,014463056,DEP006,Ngoại ngữ,2024-02-17,Graduated,,2,27693000,18187000,9506000,17401000,854000,4,2,1,8594000.0,0.6567364,0.25,1,0,0
STU000228,Thành Hoàng Hoàng,2007-10-06,Female,avu@example.net,045866003,DEP010,Du lịch - Khách sạn,2022-11-11,Suspended,,0,0,0,0,0,0,0,0,0,0.0,1.0,0.0,0,0,0
STU000229,Bác Nam Đặng,2004-12-26,Other,dbui@example.org,0947924781,DEP003,Quản trị kinh doanh,2022-12-07,Active,,4,65371000,16788000,48583000,21401000,2467000,2,2,0,8394000.0,0.2568111,0.0,1,0,0
STU000230,Mai Mai,2003-10-28,Other,qduong@example.com,0767284608,DEP007,Kỹ thuật điện,2022-11-18,Active,,2,35540000,0,35540000,0,0,1,0,0,22392000.0,0.0,0.0,1,0,0
STU000231,Quý Ông Minh Hoàng,2002-02-01,Male,johnduong@example.net,0109078202,DEP011,Truyền thông,2024-04-12,Active,,2,47790000,62768000,0,14008000,0,4,4,0,15692000.0,1.3134129,0.0,0,0,0
STU000232,Chị Thành Trần,1998-01-05,Male,jane73@example.com,040956562,DEP001,Công nghệ thông tin,2020-12-06,Active,,6,135417000,76606000,71783000,17521000,1131000,7,4,1,18254858.0,0.56570446,0.14285715,1,0,1
STU000233,Nhật Trần,2006-12-10,Female,johnpham@example.net,0462373983,DEP001,Công nghệ thông tin,2019-08-03,Active,,1,16589000,0,16589000,5530000,0,0,0,0,0.0,0.0,0.0,1,0,0
STU000234,Chi Hoàng,2004-11-05,Other,maijohn@example.com,0413292216,DEP002,Tài chính - Kế toán,2021-12-16,Active,,2,46597000,23705000,22892000,15409000,370000,3,1,1,21829334.0,0.50872374,0.33333334,1,0,1
STU000235,Nhật Đức Mai,1998-05-13,Other,wnguyen@example.org,0254121925,DEP004,Kinh tế,2020-06-13,Graduated,,2,36175000,26058000,13701000,13701000,0,2,2,0,13029000.0,0.7203317,0.0,1,0,0
STU000236,Nhật Mai Bảo Nguyễn,2006-08-01,Other,bnguyen@example.net,0776969822,DEP009,Công nghệ sinh học,2024-08-29,Graduated,,1,12149000,0,12149000,12150000,0,0,0,0,0.0,0.0,0.0,1,0,0
STU000237,Ông Phúc Bùi,2007-07-30,Other,pduong@example.org,038799808,DEP001,Công nghệ thông tin,2023-02-28,Dropped Out,2023-07-26,2,13715000,1463000,12252000,4420000,0,1,1,0,1463000.0,0.10667153,0.0,1,1,0
STU000238,Hải Trần,2002-02-19,Male,john48@example.com,086316821,DEP005,Luật,2021-12-18,Active,,5,74828000,89725000,23886000,14926000,777000,10,7,2,12508200.0,1.1990832,0.2,1,0,1
STU000239,Tùng Dương,2004-02-15,Other,ldang@example.com,066400759,DEP008,Kỹ thuật xây dựng,2021-03-14,Active,,5,88326000,131276000,19915000,12546000,1863000,6,6,0,21879334.0,1.4862667,0.0,1,0,0
STU000240,Bà Thành Phạm,2002-04-09,Male,wpham@example.net,0547543767,DEP001,Công nghệ thông tin,2022-11-26,Active,,2,33043000,27657000,15915000,15915000,0,2,2,0,13828500.0,0.83700025,0.0,1,0,0
STU000241,Chị Vi Trần,1998-07-09,Female,john35@example.com,062988082,DEP003,Quản trị kinh doanh,2021-02-24,Graduated,,1,9809000,7391000,2418000,0,0,1,1,0,7391000.0,0.7534917,0.0,1,0,0
STU000242,Bảo Hoàng Mai,1998-08-02,Male,wbui@example.com,084070265,DEP002,Tài chính - Kế toán,2025-04-14,Suspended,,3,53384000,44458000,17183000,3402000,0,6,6,0,7409666.5,0.83279634,0.0,1,0,0
STU000243,Chị Khoa Mai,2006-10-13,Male,spham@example.com,0864172541,DEP001,Công nghệ thông tin,2023-12-09,Graduated,,2,25935000,18802000,11109000,0,331000,2,2,0,9401000.0,0.7249663,0.0,1,0,0
STU000244,Linh Phạm,2000-02-22,Female,wvu@example.org,0368880958,DEP002,Tài chính - Kế toán,2023-01-08,Graduated,,2,25527000,14611000,10916000,0,596000,2,1,1,10901500.0,0.57237434,0.5,1,0,0
STU000245,Quang Vũ,1998-03-18,Male,jane41@example.org,0715838242,DEP005,Luật,2024-04-21,Graduated,,1,17033000,21340000,0,1893000,0,2,2,0,10670000.0,1.2528621,0.0,0,0,0
STU000246,Hải Văn Hoàng,1999-10-15,Male,jane15@example.org,0532580124,DEP010,Du lịch - Khách sạn,2021-08-20,Active,,4,70452000,32889000,37563000,6373000,0,3,3,0,10963000.0,0.46682847,0.0,1,0,0
STU000247,Anh Bảo Dương,2001-02-24,Male,tranjane@example.org,0813257386,DEP006,Chưa phân ngành,2019-08-03,Active,,1,16890000,13473000,3417000,0,0,1,1,0,13473000.0,0.7976909,0.0,1,0,0
STU000248,Quý Cô Khoa Bùi,2005-04-26,Other,jane16@example.com,054191443,DEP012,Khoa học dữ liệu,2023-04-05,Suspended,,4,64549000,28414000,43389000,27203000,706000,3,3,0,9471333.0,0.44019273,0.0,1,0,0
STU000249,Ánh Nguyễn,2000-11-30,Other,mtran@example.net,0188479748,DEP004,Kinh tế,2024-02-12,Active,,2,16763000,8014000,8749000,16762000,0,3,2,0,5291333.5,0.47807673,0.0,1,0,0
STU000250,Nhật Quang Phạm,2002-02-10,Male,ubui@example.net,0987492581,DEP008,Kỹ thuật xây dựng,2021-12-14,Graduated,,1,8867000,10054000,0,8866000,0,2,2,0,5027000.0,1.1338671,0.0,0,0,0
STU000251,Quý Cô Hồng Vũ,1999-03-28,Male,jle@example.com,094876648,DEP004,Kinh tế,2025-06-18,Active,,1,12924000,0,12924000,0,0,0,0,0,0.0,0.0,0.0,1,0,0
STU000252,Quý Cô Hồng Trần,2000-01-26,Female,john68@example.org,060561469,DEP004,Kinh tế,2020-06-24,Active,,2,24535000,28979000,4469000,0,1411000,5,3,0,10320800.0,1.181129,0.0,1,0,0
STU000253,Trọng Mai,2006-11-30,Male,john28@example.org,066792914,DEP007,Kỹ thuật điện,2023-08-22,Active,,0,0,0,0,0,0,0,0,0,0.0,1.0,0.0,0,0,0
STU000254,Chị Duyên Vũ,2002-03-21,Female,kmai@example.org,0862854359,DEP001,Công nghệ thông tin,2023-08-03,Active,,3,58284000,30998000,27286000,8832000,0,3,2,1,12399667.0,0.5318441,0.33333334,1,0,1
STU000255,Tùng Dương,2003-01-24,Female,john38@example.org,0303019962,DEP012,Khoa học dữ liệu,2024-03-01,Dropped Out,2025-09-25,3,63145000,56313000,31104000,3429000,243000,5,3,1,14669000.0,0.8918046,0.2,1,1,1
STU000256,Trọng Dương,2005-03-24,Other,jane78@example.com,0397206039,DEP006,Ngoại ngữ,2020-01-12,Graduated,,0,0,0,0,0,0,0,0,0,0.0,1.0,0.0,0,0,0
STU000257,Cô Thành Lê,2000-05-21,Female,hoangjane@example.org,0884640055,DEP005,Luật,2022-07-17,Active,,2,39602000,0,39602000,12882000,956000,0,0,0,0.0,0.0,0.0,1,0,0
STU000258,Nhật Trí Phạm,2006-05-11,Male,ppham@example.org,081953090,DEP006,Ngoại ngữ,2021-05-26,Active,,2,41298000,46162000,2297000,0,267000,5,4,1,13835400.0,1.1177781,0.2,1,0,0
STU000259,Bà Phương Vũ,2000-05-14,Other,jane59@example.net,0326099909,DEP007,Kỹ thuật điện,2025-08-04,Dropped Out,2026-02-17,1,12846000,0,12846000,12846000,0,0,0,0,0.0,0.0,0.0,1,1,0
STU000260,Cô Khoa Hoàng,1999-05-26,Other,lduong@example.net,009648034,DEP002,Tài chính - Kế toán,2021-06-13,Active,,2,41624000,73002000,0,3406000,0,5,5,0,14600400.0,1.7538439,0.0,0,0,0
STU000261,Hà Quang Đặng,2004-09-02,Other,john62@example.net,0587072897,DEP012,Khoa học dữ liệu,2020-01-17,Dropped Out,2022-03-29,0,0,0,0,0,0,0,0,0,0.0,1.0,0.0,0,1,0
STU000262,Bà Mai Đặng,1999-07-24,Male,jane34@example.com,0992796593,DEP001,Công nghệ thông tin,2023-11-25,Suspended,,2,27677000,4382000,23295000,8452000,2324000,1,1,0,4382000.0,0.1583264,0.0,1,0,0
STU000263,Nhật Mai Phạm,1998-05-16,Female,ybui@example.org,087047553,DEP003,Quản trị kinh doanh,2020-12-22,Active,,2,34520000,32523000,11580000,6147000,0,3,3,0,10841000.0,0.94214946,0.0,1,0,0
STU000264,Châu Thế Đặng,1999-04-20,Other,jane38@example.net,0708792689,DEP012,Khoa học dữ liệu,2020-12-02,Active,,3,75214000,95999000,12200000,3888000,536000,4,4,0,23999750.0,1.2763448,0.0,1,0,0
STU000265,Quý Cô Dương Bùi,1999-11-17,Male,jane46@example.net,0036088979,DEP009,Công nghệ sinh học,2020-01-22,Active,,1,8077000,0,8077000,0,0,0,0,0,0.0,0.0,0.0,1,0,0
STU000266,Phúc Hải Vũ,2002-08-14,Male,abui@example.org,089210977,DEP006,Ngoại ngữ,2024-10-05,Graduated,,0,0,0,0,0,0,0,0,0,0.0,1.0,0.0,0,0,0
STU000267,Quang Lê,2004-03-06,Female,jane80@example.net,062311870,DEP012,Khoa học dữ liệu,2021-09-23,Dropped Out,2023-02-27,4,78991000,40586000,38405000,27166000,1440000,2,2,0,20293000.0,0.5138054,0.0,1,1,0
STU000268,Tùng Mai Nguyễn,2000-06-27,Female,vdang@example.com,0419255180,DEP012,Khoa học dữ liệu,2021-02-16,Active,,4,64126000,13783000,50343000,2309000,132000,3,3,0,4594333.5,0.21493623,0.0,1,0,0
STU000269,Bảo Trần,2002-12-01,Female,dduong@example.org,0004596721,DEP004,Kinh tế,2023-12-01,Suspended,,3,72396000,22770000,49626000,0,0,3,3,0,7590000.0,0.31452015,0.0,1,0,0
STU000270,Linh Nguyễn,1998-09-16,Male,wtran@example.org,0729402892,DEP005,Luật,2020-01-30,Active,,3,70951000,38442000,37630000,1441000,0,2,2,0,19221000.0,0.5418106,0.0,1,0,0
STU000271,Bác Tú Lê,2003-10-04,Female,zmai@example.com,0935668470,DEP011,Truyền thông,2019-08-16,Active,,1,27982000,34658000,0,0,0,2,2,0,17329000.0,1.2385819,0.0,0,0,0
STU000272,Bác Vũ Lê,1999-04-07,Other,janedang@example.org,001014730,DEP012,Khoa học dữ liệu,2022-08-10,Active,,1,9714000,7744000,1970000,0,0,3,2,0,3999333.2,0.7971999,0.0,1,0,0
STU000273,Quý Cô Khoa Phạm,2003-04-13,Male,john99@example.org,0477146224,DEP008,Kỹ thuật xây dựng,2020-12-12,Active,,2,41150000,36235000,14793000,17722000,0,2,2,0,18117500.0,0.8805589,0.0,1,0,0
STU000274,Cô Vi Lê,1998-01-30,Other,hpham@example.com,0317423472,DEP012,Khoa học dữ liệu,2020-06-22,Active,,0,0,0,0,0,0,0,0,0,0.0,1.0,0.0,0,0,0
STU000275,Bà Nhật Lê,2007-07-25,Female,janepham@example.net,0788509889,DEP008,Kỹ thuật xây dựng,2021-08-22,Active,,2,24403000,15689000,8714000,23137000,1265000,1,1,0,15689000.0,0.64291275,0.0,1,0,0
STU000276,Vân Vũ,2004-12-29,Male,lejohn@example.net,0875730580,DEP002,Tài chính - Kế toán,2023-10-05,Suspended,,3,49709000,5793000,43916000,0,0,1,1,0,5793000.0,0.11653825,0.0,1,0,0
STU000277,Lâm Bùi,2007-09-13,Male,eduong@example.net,051661989,DEP007,Kỹ thuật điện,2025-08-01,Active,,3,33272000,6047000,27225000,6801000,0,1,1,0,6047000.0,0.18174441,0.0,1,0,0
STU000278,Mai Bùi,2003-07-24,Other,mdang@example.org,0243498263,DEP003,Chưa phân ngành,2020-07-26,Dropped Out,2021-09-03,3,56413000,55335000,2698000,13786000,0,5,4,0,13794600.0,0.9808909,0.0,1,1,0
STU000279,Quang Xuân Lê,2003-06-01,Female,johnduong@example.org,020783133,DEP003,Quản trị kinh doanh,2023-03-09,Graduated,,4,51001000,20611000,30390000,21920000,1465000,4,2,1,10532750.0,0.40412933,0.25,1,0,1
STU000280,Bà Nhật Mai,2007-08-17,Male,jane19@example.org,0783045672,DEP011,Truyền thông,2025-03-11,Dropped Out,2026-04-06,2,28459000,10823000,17636000,1629000,0,3,2,1,4978333.5,0.38030148,0.33333334,1,1,1
STU000281,Hưng Trần,2001-01-20,Other,ebui@example.net,0582702267,DEP007,Kỹ thuật điện,2025-09-06,Active,,3,55106000,6879000,48227000,21150000,1354000,1,1,0,6879000.0,0.12483214,0.0,1,0,0
STU000282,Quý Cô Dương Nguyễn,2000-04-20,Other,tranjane@example.com,0287965997,DEP010,Du lịch - Khách sạn,2022-04-23,Suspended,,3,49327000,18710000,30743000,9322000,1349000,3,3,0,6236666.5,0.37930545,0.0,1,0,0
STU000283,Cô Xuân Nguyễn,1999-07-29,Male,john30@example.com,043160627,DEP012,Khoa học dữ liệu,2025-06-13,Suspended,,3,45671000,30574000,16048000,2260000,3267000,4,3,0,12248750.0,0.66944015,0.0,1,0,0
STU000284,Anh Vũ Trần,2003-03-14,Male,janemai@example.com,040615837,DEP010,Du lịch - Khách sạn,2020-07-13,Graduated,,1,17676000,0,17676000,0,0,0,0,0,0.0,0.0,0.0,1,0,0
STU000285,Thành Phạm,2003-03-03,Other,janele@example.com,0262979185,DEP012,Khoa học dữ liệu,2022-01-08,Active,,2,53608000,104111000,19609000,0,285000,6,6,0,17351834.0,1.9420795,0.0,1,0,0
STU000286,Khoa Xuân Nguyễn,2002-03-26,Male,john45@example.net,0985602840,DEP011,Truyền thông,2021-03-08,Graduated,,3,65684000,75313000,13557000,7198000,4019000,4,4,0,18828250.0,1.1465958,0.0,1,0,0
STU000287,Nhiên Mai,1999-12-26,Other,rvu@example.com,0245406379,DEP009,Công nghệ sinh học,2020-10-04,Active,,1,34459000,0,34459000,0,0,1,0,0,25083000.0,0.0,0.0,1,0,0
STU000288,Kim Đặng,2004-07-27,Other,vduong@example.org,0861698517,DEP001,Công nghệ thông tin,2020-11-17,Dropped Out,2021-03-11,1,16914000,13581000,3333000,1879000,0,1,1,0,13581000.0,0.8029443,0.0,1,1,0
STU000289,Phương Mai,2003-01-09,Other,utran@example.org,0916657935,DEP007,Kỹ thuật điện,2025-08-11,Dropped Out,2027-10-30,3,60359000,38427000,21932000,9452000,0,3,3,0,12809000.0,0.6366408,0.0,1,1,0
STU000290,Bảo Trí Nguyễn,2004-06-06,Male,john57@example.org,0517264826,DEP003,Quản trị kinh doanh,2021-11-09,Active,,1,15668000,26791000,0,5222000,0,3,3,0,8930333.0,1.7099183,0.0,0,0,0
STU000291,Bà Lâm Nguyễn,2005-08-11,Male,john04@example.com,094795466,DEP002,Chưa phân ngành,2020-02-21,Active,,1,22440000,0,22440000,0,1158000,0,0,0,0.0,0.0,0.0,1,0,0
STU000292,Anh Thành Phạm,2003-11-28,Male,dangjane@example.org,094257511,DEP012,Khoa học dữ liệu,2025-07-21,Suspended,,1,5371000,4085000,1286000,5238000,132000,1,1,0,4085000.0,0.760566,0.0,1,0,0
STU000293,Thành Nguyễn,2004-12-27,Male,john90@example.org,039017746,DEP005,Luật,2024-08-02,Active,,3,61069000,56596000,26473000,2123000,901000,5,5,0,11319200.0,0.926755,0.0,1,0,0
STU000294,Quang Đức Phạm,2007-09-16,Male,kvu@example.net,0995329034,DEP003,Quản trị kinh doanh,2020-04-16,Active,,2,41040000,10553000,30487000,12364000,0,2,1,0,16805500.0,0.25713938,0.0,1,0,0
STU000295,Chị Khoa Mai,2002-11-28,Other,ivu@example.org,0346143909,DEP005,Luật,2023-04-30,Graduated,,1,9254000,12959000,0,9254000,0,2,2,0,6479500.0,1.4003674,0.0,0,0,0
STU000296,Linh Dương,1999-02-25,Female,jane21@example.org,0442928692,DEP003,Quản trị kinh doanh,2023-01-28,Suspended,,1,25721000,10471000,15250000,0,0,1,1,0,10471000.0,0.40709925,0.0,1,0,0
STU000297,Bảo Nguyễn,2007-12-13,Female,vtran@example.com,034904803,DEP001,Công nghệ thông tin,2020-10-14,Graduated,,2,53448000,0,53448000,0,1477000,0,0,0,0.0,0.0,0.0,1,0,0
STU000298,Hải Văn Mai,2005-03-29,Female,john69@example.net,0996755334,DEP010,Du lịch - Khách sạn,2020-02-22,Suspended,,3,32050000,14905000,24647000,14825000,626000,3,2,1,6841333.5,0.4650546,0.33333334,1,0,1
STU000299,Hà Lê,2000-12-16,Other,shoang@example.com,085136704,DEP012,Khoa học dữ liệu,2023-09-17,Active,,2,27111000,42935000,0,2062000,0,3,3,0,14311667.0,1.5836746,0.0,0,0,0
STU000300,Bà Thảo Mai,2006-11-22,Male,john58@example.net,023653895,DEP008,Kỹ thuật xây dựng,2023-12-23,Active,,3,56221000,57508000,22843000,0,0,7,5,1,11795143.0,1.0228918,0.14285715,1,0,1
STU000301,Chị Ngọc Phạm,2003-09-03,Other,john55@example.org,001128401,DEP010,Du lịch - Khách sạn,2020-07-17,Active,,3,40506000,15842000,24664000,11519000,668000,3,2,1,6550333.5,0.39110255,0.33333334,1,0,1
STU000302,Chị Lan Bùi,1999-06-24,Other,maijohn@example.org,0134992267,DEP008,Kỹ thuật xây dựng,2025-07-05,Active,,3,51702000,27651000,30909000,12676000,0,3,2,0,15943000.0,0.5348149,0.0,1,0,0
STU000303,Linh Lê,2004-06-28,Female,john05@example.com,0592438168,DEP002,Tài chính - Kế toán,2023-02-13,Active,,4,84189000,48674000,39677000,1900000,1357000,3,3,0,16224667.0,0.5781515,0.0,1,0,0
STU000304,Duyên Nguyễn,2001-02-06,Other,lvu@example.com,000517779,DEP012,Khoa học dữ liệu,2025-01-31,Active,,2,36241000,19218000,17023000,1344000,0,1,1,0,19218000.0,0.5302834,0.0,1,0,0
STU000305,Dương Nguyễn,1998-02-18,Male,vujohn@example.com,093993175,DEP008,Kỹ thuật xây dựng,2022-11-08,Suspended,,1,25870000,20376000,5494000,0,0,1,1,0,20376000.0,0.78763044,0.0,1,0,0
STU000306,Mai Trần,2005-01-24,Female,john23@example.net,0156793216,DEP012,Chưa phân ngành,2020-02-09,Active,,3,62084000,65263000,30900000,5250000,2153000,6,5,0,15410333.0,1.0512048,0.0,1,0,0
STU000307,Phương Thị Vũ,1998-11-16,Other,johnhoang@example.org,0389085852,DEP006,Ngoại ngữ,2024-06-06,Active,,2,46412000,22911000,34562000,1264000,471000,4,3,1,6476750.0,0.49364388,0.25,1,0,1
STU000308,An Đặng,2000-07-24,Male,cbui@example.com,0996380454,DEP012,Khoa học dữ liệu,2020-04-03,Dropped Out,2021-08-14,3,73142000,0,73142000,15203000,928000,0,0,0,0.0,0.0,0.0,1,1,0
STU000309,Nhật Phạm,2003-10-13,Female,jane50@example.net,0061385207,DEP003,Quản trị kinh doanh,2025-06-21,Active,,1,13021000,9443000,3578000,0,0,1,1,0,9443000.0,0.7252131,0.0,1,0,0
STU000310,Bà Vi Vũ,2001-11-02,Male,jtran@example.net,0540475822,DEP003,Quản trị kinh doanh,2023-03-28,Active,,1,23956000,23423000,533000,7985000,0,1,1,0,23423000.0,0.9777509,0.0,1,0,0
STU000311,Khoa Mai Bảo Lê,2002-07-17,Female,jane99@example.com,0581633069,DEP011,Truyền thông,2020-08-11,Active,,1,24504000,0,24504000,2585000,1237000,1,0,0,6140000.0,0.0,0.0,1,0,0
STU000312,Vũ Hoàng,2006-10-11,Other,jane45@example.org,0096303214,DEP012,Khoa học dữ liệu,2023-10-26,Active,,1,8612000,5672000,2940000,0,0,2,1,0,6884500.0,0.6586159,0.0,1,0,0
STU000313,Anh Mai,1998-11-14,Other,tbui@example.net,090813456,DEP007,Kỹ thuật điện,2020-12-30,Active,,6,144669000,80538000,77351000,11932000,0,7,7,0,11505429.0,0.5567053,0.0,1,0,0
STU000314,Kim Phạm,1998-04-17,Other,rdang@example.org,0329256112,DEP011,Truyền thông,2024-05-08,Dropped Out,2024-10-19,0,0,0,0,0,0,0,0,0,0.0,1.0,0.0,0,1,0
STU000315,Tú Phạm,2003-04-16,Other,lmai@example.net,031312817,DEP003,Quản trị kinh doanh,2020-10-28,Active,,1,6089000,2374000,3715000,6090000,0,1,1,0,2374000.0,0.3898834,0.0,1,0,0
STU000316,Cô Bảo Mai,2006-12-19,Female,apham@example.com,0858747675,DEP002,Tài chính - Kế toán,2024-03-25,Graduated,,0,0,0,0,0,0,0,0,0,0.0,1.0,0.0,0,0,0
STU000317,Thành Mai,2005-10-13,Male,john17@example.org,0969037516,DEP006,Ngoại ngữ,2021-03-04,Graduated,,3,50347000,20212000,35646000,14700000,1144000,2,2,0,10106000.0,0.4014539,0.0,1,0,0
STU000318,Yến Hoàng,2006-02-14,Other,john88@example.com,0271144746,DEP001,Công nghệ thông tin,2021-02-15,Dropped Out,2023-03-22,1,5203000,3717000,1486000,4918000,285000,1,1,0,3717000.0,0.7143955,0.0,1,1,0
STU000319,Quang Xuân Nguyễn,2005-11-04,Female,fpham@example.org,023873651,DEP011,Truyền thông,2024-12-05,Active,,0,0,0,0,0,0,0,0,0,0.0,1.0,0.0,0,0,0
STU000320,Bác Hoàng Lê,1999-05-26,Female,johnmai@example.com,0815206197,DEP011,Truyền thông,2022-05-19,Active,,2,34770000,34696000,5649000,10690000,1526000,3,3,0,11565333.0,0.99787176,0.0,1,0,0
STU000321,Dương Bùi,2002-10-31,Female,dle@example.net,099861974,DEP009,Công nghệ sinh học,2023-11-11,Active,,0,0,0,0,0,0,0,0,0,0.0,1.0,0.0,0,0,0
STU000322,Quý Cô Nhật Trần,1998-09-03,Other,janevu@example.org,024548544,DEP006,Ngoại ngữ,2023-07-06,Dropped Out,2025-11-06,2,48809000,12563000,36246000,1547000,874000,2,1,0,10691000.0,0.25739107,0.0,1,1,0
STU000323,Quý Ông Châu Hoàng,2003-03-01,Female,lmai@example.com,066398636,DEP006,Ngoại ngữ,2025-03-27,Dropped Out,2025-11-17,2,26998000,4525000,22473000,2023000,623000,1,1,0,4525000.0,0.16760501,0.0,1,1,0
STU000324,Quý Cô Vân Trần,2000-11-09,Other,jane17@example.org,0303985880,DEP002,Tài chính - Kế toán,2020-06-10,Active,,2,49969000,8186000,41783000,0,0,2,1,1,14864500.0,0.16382156,0.5,1,0,1
STU000325,Linh Mai,2006-06-25,Other,jane27@example.org,008964722,DEP002,Tài chính - Kế toán,2019-12-02,Active,,4,85572000,98001000,58116000,0,1259000,4,3,0,27321750.0,1.1452461,0.0,1,0,0
STU000326,Kim Nguyễn,2006-10-08,Male,zpham@example.net,040021526,DEP001,Công nghệ thông tin,2022-09-15,Active,,0,0,0,0,0,0,0,0,0,0.0,1.0,0.0,0,0,0
STU000327,Thành Thế Nguyễn,2003-08-16,Other,john81@example.net,055283265,DEP004,Kinh tế,2024-04-26,Active,,3,23369000,0,23369000,13919000,0,1,0,1,4387000.0,0.0,1.0,1,0,1
STU000328,Bà Bảo Lê,2001-09-26,Other,qhoang@example.com,003799403,DEP004,Kinh tế,2024-07-09,Active,,1,18491000,0,18491000,0,0,1,0,0,16875000.0,0.0,0.0,1,0,0
STU000329,Bác Anh Lê,2004-07-09,Other,wpham@example.org,0640353576,DEP004,Kinh tế,2025-03-03,Active,,2,31963000,45668000,4595000,12960000,0,3,2,0,18251334.0,1.428777,0.0,1,0,0
STU000330,Thành Thế Phạm,2001-04-27,Male,jane51@example.com,031723589,DEP003,Quản trị kinh doanh,2021-06-06,Dropped Out,2022-05-18,3,59354000,60037000,16803000,1928000,0,5,5,0,12007400.0,1.0115073,0.0,1,1,0
STU000331,Cô Lâm Đặng,2002-05-06,Other,fmai@example.net,0328425025,DEP004,Kinh tế,2021-07-07,Suspended,,4,67747000,99398000,13754000,10002000,519000,4,4,0,24849500.0,1.4671941,0.0,1,0,0
STU000332,Hà Hoàng Dương,2000-05-04,Female,kbui@example.org,070942868,DEP005,Luật,2020-10-12,Active,,0,0,0,0,0,0,0,0,0,0.0,1.0,0.0,0,0,0
STU000333,Tú Hữu Đặng,2003-04-26,Other,qle@example.com,092066826,DEP004,Kinh tế,2025-01-24,Graduated,,1,9019000,0,9019000,0,0,1,0,1,5027000.0,0.0,1.0,1,0,0
STU000334,Bà Xuân Hoàng,2006-11-05,Male,john41@example.org,044830597,DEP007,Kỹ thuật điện,2022-10-19,Active,,1,32682000,22706000,9976000,0,389000,1,1,0,22706000.0,0.6947555,0.0,1,0,0
STU000335,Nhật Hữu Đặng,2002-09-28,Male,buijohn@example.com,0972969809,DEP006,Ngoại ngữ,2020-06-21,Active,,1,27538000,16766000,10772000,0,0,1,1,0,16766000.0,0.6088314,0.0,1,0,0
STU000336,Ông Huy Mai,1999-02-11,Other,janetran@example.org,044785398,DEP004,Kinh tế,2020-08-07,Active,,3,87342000,44526000,43023000,3397000,562000,6,4,2,12154000.0,0.5097891,0.33333334,1,0,1
STU000337,Vi Phạm,2007-05-18,Male,jane22@example.com,0498277140,DEP011,Truyền thông,2022-12-14,Active,,1,8387000,5266000,3121000,2583000,638000,2,2,0,2633000.0,0.62787646,0.0,1,0,0
STU000338,Phúc Hoàng Đặng,1999-07-11,Other,jane54@example.org,0670862164,DEP001,Công nghệ thông tin,2024-11-08,Active,,2,38678000,7546000,31132000,8364000,0,3,1,2,12132333.0,0.19509798,0.6666667,1,0,1
STU000339,Nhật Văn Đặng,2001-10-28,Female,ale@example.net,0711878216,DEP006,Ngoại ngữ,2021-10-07,Active,,3,65345000,0,65345000,8580000,324000,0,0,0,0.0,0.0,0.0,1,0,0
STU000340,Bà Nhật Phạm,2003-05-20,Male,atran@example.org,0639756433,DEP003,Quản trị kinh doanh,2023-08-04,Dropped Out,2025-09-14,2,60143000,130691000,0,2862000,0,7,7,0,18670142.0,2.1730044,0.0,0,1,0
STU000341,Bà Mai Mai,2006-01-01,Female,atran@example.com,0966126150,DEP001,Công nghệ thông tin,2021-11-17,Active,,2,36182000,0,36182000,9418000,0,0,0,0,0.0,0.0,0.0,1,0,0
STU000342,Bảo Hoàng Nguyễn,2000-12-05,Female,etran@example.com,0626943376,DEP002,Tài chính - Kế toán,2021-10-13,Active,,0,0,0,0,0,0,0,0,0,0.0,1.0,0.0,0,0,0
STU000343,Minh Xuân Vũ,2006-11-25,Female,dnguyen@example.org,0529905030,DEP006,Ngoại ngữ,2020-04-14,Active,,2,59682000,44122000,15560000,0,2435000,2,2,0,22061000.0,0.7392849,0.0,1,0,0
STU000344,Trung Lê,2001-10-03,Other,john54@example.com,0096610487,DEP012,Khoa học dữ liệu,2025-05-27,Graduated,,1,10903000,0,10903000,3634000,0,1,0,0,4544000.0,0.0,0.0,1,0,0
STU000345,Nhiên Trí Đặng,2003-02-14,Female,jane18@example.com,047189694,DEP002,Tài chính - Kế toán,2022-10-15,Active,,3,45639000,13182000,32457000,14993000,771000,2,1,1,11162000.0,0.28883192,0.5,1,0,1
STU000346,Quý Ông Dũng Phạm,2001-09-14,Other,john24@example.org,0916117943,DEP006,Ngoại ngữ,2021-08-11,Active,,1,21227000,15319000,5908000,2359000,0,2,2,0,7659500.0,0.7216752,0.0,1,0,0
STU000347,Mai Mai,2000-08-09,Male,janebui@example.com,0345090266,DEP003,Quản trị kinh doanh,2025-01-22,Active,,2,43601000,17665000,25936000,4845000,0,2,2,0,8832500.0,0.40515125,0.0,1,0,0
STU000348,Tùng Trí Đặng,2007-10-27,Female,john78@example.net,004252981,DEP011,Truyền thông,2022-07-14,Suspended,,2,23759000,10959000,14998000,7292000,2828000,2,2,0,5479500.0,0.46125677,0.0,1,0,0
STU000349,Quý Cô Chi Lê,2005-07-04,Other,fvu@example.com,0734782948,DEP012,Khoa học dữ liệu,2024-12-16,Active,,3,42288000,33627000,19999000,0,2480000,4,3,1,10516750.0,0.7951901,0.25,1,0,1
STU000350,Bảo Hữu Lê,1998-11-09,Other,john26@example.net,0279749934,DEP012,Khoa học dữ liệu,2025-04-05,Graduated,,1,22821000,5948000,16873000,7338000,806000,2,1,1,12573500.0,0.26063713,0.5,1,0,1
STU000351,Thành Mai,2001-06-01,Female,jane58@example.net,041536730,DEP003,Quản trị kinh doanh,2022-12-18,Active,,2,35160000,9687000,25473000,21255000,0,1,1,0,9687000.0,0.27551195,0.0,1,0,0
STU000352,Hưng Quang Bùi,2005-12-26,Male,john88@example.org,082307061,DEP007,Kỹ thuật điện,2024-06-04,Dropped Out,2026-08-04,3,48085000,23831000,24254000,4996000,324000,3,2,1,9546333.0,0.49560153,0.33333334,1,1,1
STU000353,Hưng Trí Nguyễn,2007-08-15,Other,john90@example.net,0010466873,DEP010,Du lịch - Khách sạn,2019-08-11,Active,,3,56645000,49130000,22532000,4478000,749000,4,4,0,12282500.0,0.8673316,0.0,1,0,0
STU000354,Huy Thị Hoàng,2000-02-17,Female,jane75@example.org,0248153657,DEP008,Kỹ thuật xây dựng,2019-09-22,Graduated,,2,45225000,16512000,28713000,4590000,0,2,2,0,8256000.0,0.3651078,0.0,1,0,0
STU000355,Bà Vi Vũ,2003-11-03,Male,jane24@example.net,0780068513,DEP003,Quản trị kinh doanh,2022-06-15,Dropped Out,2024-08-19,4,54695000,36134000,38006000,21537000,1751000,3,2,1,13560667.0,0.6606454,0.33333334,1,1,1
STU000356,Dũng Lê,2004-10-03,Female,jane33@example.com,083159055,DEP008,Kỹ thuật xây dựng,2024-07-02,Active,,3,61078000,2393000,58685000,2144000,0,1,1,0,2393000.0,0.03917941,0.0,1,0,0
STU000357,Quý Cô Lâm Mai,1998-01-02,Female,oduong@example.org,077878275,DEP003,Quản trị kinh doanh,2020-08-06,Graduated,,1,32440000,0,32440000,0,0,0,0,0,0.0,0.0,0.0,1,0,0
STU000358,An Hoàng,1999-02-26,Other,mtran@example.com,0982556803,DEP004,Kinh tế,2019-11-16,Dropped Out,2021-03-19,2,35227000,9712000,25515000,0,0,1,1,0,9712000.0,0.27569762,0.0,1,1,0
STU000359,Ông Vũ Dương,2005-12-15,Male,snguyen@example.net,0834185139,DEP003,Quản trị kinh doanh,2024-04-02,Active,,5,83249000,17124000,66125000,19982000,0,3,3,0,5708000.0,0.20569617,0.0,1,0,0
STU000360,Nhật Thị Trần,1998-07-08,Female,jane52@example.com,0802714686,DEP006,Ngoại ngữ,2021-06-04,Active,,1,27764000,19333000,8431000,0,0,1,1,0,19333000.0,0.6963334,0.0,1,0,0
STU000361,Nhiên Phạm,2004-10-01,Male,jane88@example.org,0872262900,DEP007,Kỹ thuật điện,2021-12-06,Active,,1,27951000,22084000,5867000,0,1448000,1,1,0,22084000.0,0.79009694,0.0,1,0,0
STU000362,Quý Ông Trọng Nguyễn,2002-03-12,Other,zvu@example.com,0443589280,DEP011,Truyền thông,2023-09-09,Graduated,,1,10317000,17082000,0,0,249000,3,2,0,7433333.5,1.6557139,0.0,0,0,0
STU000363,Cô Nhật Trần,2004-10-07,Other,spham@example.org,0493134330,DEP009,Công nghệ sinh học,2021-09-09,Active,,2,45002000,33489000,11513000,3353000,0,2,2,0,16744500.0,0.7441669,0.0,1,0,0
STU000364,Kim Hữu Hoàng,2004-06-16,Female,wtran@example.net,016342941,DEP010,Du lịch - Khách sạn,2020-10-25,Active,,2,36312000,20660000,15652000,0,0,1,1,0,20660000.0,0.5689579,0.0,1,0,0
STU000365,Ông Quang Mai,2007-05-20,Female,john68@example.net,0856022622,DEP005,Luật,2021-07-29,Active,,2,42606000,4319000,38287000,3574000,0,1,1,0,4319000.0,0.1013707,0.0,1,0,0
STU000366,Nhật Vũ,2000-12-09,Female,jane36@example.org,0156392060,DEP007,Kỹ thuật điện,2025-03-11,Graduated,,1,13707000,6921000,6786000,0,0,1,1,0,6921000.0,0.5049245,0.0,1,0,0
STU000367,Bác Nam Dương,1998-09-27,Male,kle@example.org,068833670,DEP003,Quản trị kinh doanh,2020-05-11,Dropped Out,2022-05-05,2,33370000,12636000,20734000,1575000,1651000,3,2,0,6658666.5,0.37866348,0.0,1,1,0
STU000368,Hạnh Phạm,2003-07-25,Male,dangjane@example.net,0347650303,DEP009,Công nghệ sinh học,2022-06-28,Dropped Out,2024-06-02,3,43804000,21776000,22912000,6161000,0,3,3,0,7258666.5,0.49712354,0.0,1,1,0
STU000369,Cô Chi Hoàng,1998-08-19,Other,xmai@example.org,002763023,DEP006,Ngoại ngữ,2025-03-05,Active,,3,63104000,59589000,16474000,10281000,678000,6,6,0,9931500.0,0.9442983,0.0,1,0,0
STU000370,Ông Khoa Lê,2004-04-01,Other,john09@example.org,0258136583,DEP008,Kỹ thuật xây dựng,2022-05-30,Active,,2,36963000,6516000,30447000,9756000,655000,2,1,1,11736000.0,0.17628439,0.5,1,0,1
STU000371,Quý Ông Dũng Nguyễn,2000-05-02,Female,john77@example.org,0221358287,DEP002,Tài chính - Kế toán,2022-01-05,Graduated,,0,0,0,0,0,0,0,0,0,0.0,1.0,0.0,0,0,0
STU000372,Trọng Mai,2005-09-12,Female,hmai@example.org,0320843777,DEP008,Kỹ thuật xây dựng,2025-04-20,Graduated,,2,42308000,50316000,4888000,8050000,0,6,4,1,10256667.0,1.1892786,0.16666667,1,0,0
STU000373,Thành Thị Nguyễn,2000-07-18,Female,hvu@example.org,0582939864,DEP001,Công nghệ thông tin,2021-08-19,Graduated,,2,12278000,17804000,0,12277000,0,4,4,0,4451000.0,1.4500734,0.0,0,0,0
STU000374,Bà Ánh Trần,2002-04-11,Other,dtran@example.org,007610163,DEP007,Kỹ thuật điện,2021-12-14,Graduated,,4,71395000,28032000,55797000,2900000,564000,5,5,0,5606400.0,0.39263254,0.0,1,0,0
STU000375,Thành Vũ,1999-12-28,Other,zhoang@example.net,010888209,DEP011,Truyền thông,2023-01-20,Active,,1,8771000,2954000,5817000,0,161000,1,1,0,2954000.0,0.3367917,0.0,1,0,0
STU000376,Khoa Dương,2003-12-28,Male,whoang@example.org,0189656033,DEP012,Khoa học dữ liệu,2020-03-03,Graduated,,3,43736000,22782000,25225000,8744000,1413000,2,2,0,11391000.0,0.5208981,0.0,1,0,0
STU000377,Nhật Vũ,1998-12-18,Female,zmai@example.org,016771288,DEP003,Quản trị kinh doanh,2020-05-20,Active,,2,25488000,19749000,10258000,1692000,0,2,2,0,9874500.0,0.7748352,0.0,1,0,0
STU000378,Thành Đặng,2003-09-10,Other,janemai@example.net,0008064400,DEP012,Khoa học dữ liệu,2022-10-22,Active,,0,0,0,0,0,0,0,0,0,0.0,1.0,0.0,0,0,0
STU000379,Hà Đặng,2002-11-18,Other,jane85@example.com,0019584704,DEP007,Kỹ thuật điện,2022-05-04,Active,,2,27810000,18274000,13229000,14581000,1451000,2,2,0,9137000.0,0.65710175,0.0,1,0,0
STU000380,Hà Đức Trần,2004-01-14,Other,bvu@example.org,064968392,DEP003,Quản trị kinh doanh,2021-10-22,Active,,1,18849000,0,18849000,0,0,0,0,0,0.0,0.0,0.0,1,0,0
STU000381,Bảo Hữu Nguyễn,2007-09-05,Other,john23@example.com,043107821,DEP008,Kỹ thuật xây dựng,2020-06-20,Active,,1,16907000,9962000,6945000,16907000,0,1,1,0,9962000.0,0.5892234,0.0,1,0,0
STU000382,Bà Hương Mai,2005-12-16,Other,jane46@example.com,0848314282,DEP001,Công nghệ thông tin,2020-08-31,Active,,2,46921000,16009000,30912000,5150000,577000,1,1,0,16009000.0,0.34119052,0.0,1,0,0
STU000383,Cô Yến Mai,2001-06-16,Other,john32@example.org,025402155,DEP003,Chưa phân ngành,2024-05-07,Dropped Out,2025-06-25,2,40955000,68929000,0,16172000,713000,5,5,0,13785800.0,1.6830424,0.0,0,1,0
STU000384,Bà Ánh Bùi,2002-01-14,Male,janevu@example.com,065988766,DEP001,Công nghệ thông tin,2023-12-31,Active,,3,45945000,71252000,10366000,4422000,1285000,5,4,0,15032800.0,1.5508107,0.0,1,0,0
STU000385,Bà Yến Nguyễn,2007-08-06,Female,john08@example.net,036662846,DEP007,Kỹ thuật điện,2021-02-09,Active,,2,42834000,13319000,29515000,2059000,1336000,1,1,0,13319000.0,0.3109446,0.0,1,0,0
STU000386,Thành Thế Nguyễn,2004-03-03,Other,cle@example.org,003400897,DEP008,Kỹ thuật xây dựng,2020-06-12,Active,,5,90369000,96819000,25565000,1630000,0,10,8,0,11884200.0,1.071374,0.0,1,0,0
STU000387,Hạnh Trần,2001-08-26,Female,john94@example.net,030479236,DEP004,Kinh tế,2023-04-05,Active,,3,59440000,85020000,31361000,6604000,0,3,2,0,30911666.0,1.43035,0.0,1,0,0
STU000388,Khoa Lê,1998-06-29,Other,qnguyen@example.org,0212189938,DEP011,Truyền thông,2022-11-01,Active,,3,74435000,89818000,8547000,9198000,0,10,9,1,9828200.0,1.2066635,0.1,1,0,0
STU000389,Trung Thế Mai,2003-05-18,Other,jane69@example.net,062714328,DEP011,Truyền thông,2024-07-19,Active,,2,44879000,47305000,8250000,0,681000,4,4,0,11826250.0,1.0540564,0.0,1,0,0
STU000390,Linh Đặng,2001-08-14,Female,john46@example.net,037494839,DEP001,Công nghệ thông tin,2021-12-17,Dropped Out,2022-06-13,1,8288000,8879000,0,0,0,2,2,0,4439500.0,1.0713079,0.0,0,1,0
STU000391,Bà Ánh Vũ,2000-05-20,Other,hhoang@example.org,0099652986,DEP012,Khoa học dữ liệu,2025-02-15,Active,,1,22223000,32093000,0,2440000,259000,2,1,1,19029000.0,1.4441345,0.5,0,0,0
STU000392,Lan Đặng,2004-02-03,Female,phoang@example.net,0216949322,DEP002,Tài chính - Kế toán,2023-12-23,Active,,0,0,0,0,0,0,0,0,0,0.0,1.0,0.0,0,0,0
STU000393,Linh Trần,2000-01-24,Male,john92@example.net,086694249,DEP007,Kỹ thuật điện,2025-06-03,Active,,2,45664000,47650000,3888000,1931000,1397000,4,3,0,13447750.0,1.0434916,0.0,1,0,0
STU000394,Quý Cô Xuân Bùi,2001-07-10,Female,gtran@example.net,099935899,DEP010,Du lịch - Khách sạn,2022-08-03,Active,,0,0,0,0,0,0,0,0,0,0.0,1.0,0.0,0,0,0
STU000395,Bà Thành Hoàng,2000-10-19,Female,john82@example.com,082721611,DEP012,Chưa phân ngành,2022-12-18,Active,,3,86000000,30352000,55648000,0,0,5,1,1,20524800.0,0.35293022,0.2,1,0,1
STU000396,Quý Ông Khoa Trần,1999-01-27,Male,buijohn@example.net,0919783513,DEP009,Công nghệ sinh học,2022-04-25,Dropped Out,2024-09-30,2,30163000,36943000,1728000,4974000,0,6,5,0,8389667.0,1.2247787,0.0,1,1,0
STU000397,Anh Mai Bảo Nguyễn,2006-05-09,Male,xbui@example.net,036290637,DEP005,Luật,2025-02-08,Active,,1,12115000,24513000,0,1346000,0,5,5,0,4902600.0,2.0233595,0.0,0,0,0
STU000398,Phương Xuân Vũ,2007-06-08,Female,fpham@example.com,0086931630,DEP011,Chưa phân ngành,2025-02-10,Active,,2,23199000,9954000,13245000,14930000,0,2,2,0,4977000.0,0.4290702,0.0,1,0,0
STU000399,Hải Phú Trần,2003-12-27,Other,jane05@example.net,031686604,DEP011,Truyền thông,2024-11-05,Active,,3,71031000,34525000,50472000,2284000,336000,4,3,1,11842750.0,0.48605537,0.25,1,0,1
STU000400,Quý Cô Nhật Mai,2007-11-01,Female,imai@example.org,0919386672,DEP008,Kỹ thuật xây dựng,2025-02-14,Active,,4,79570000,103833000,13508000,4900000,1597000,7,7,0,14833286.0,1.3049265,0.0,1,0,0
STU000401,Bà Hải Bùi,2003-01-06,Male,john40@example.net,0418525464,DEP006,Chưa phân ngành,2021-08-06,Graduated,,2,42454000,36562000,5892000,7676000,0,5,3,0,14182600.0,0.8612145,0.0,1,0,0
STU000402,Phương Hải Phạm,1999-12-26,Other,qhoang@example.org,0870414447,DEP006,Ngoại ngữ,2022-09-18,Dropped Out,2024-06-14,2,29196000,23236000,5960000,16733000,0,2,2,0,11618000.0,0.79586244,0.0,1,1,0
STU000403,Mai Hoàng,2007-06-08,Male,tduong@example.org,0400655417,DEP008,Kỹ thuật xây dựng,2023-04-02,Graduated,,1,14597000,21592000,0,0,0,2,2,0,10796000.0,1.4792081,0.0,0,0,0
STU000404,Hạnh Nguyễn,2005-08-28,Female,rmai@example.net,0672937949,DEP006,Ngoại ngữ,2024-11-15,Active,,5,98591000,38576000,64113000,31809000,1185000,6,6,0,6429333.5,0.39127305,0.0,1,0,0
STU000405,Trung Mai,2000-02-18,Female,jvu@example.net,0207791174,DEP006,Ngoại ngữ,2021-08-24,Active,,3,54866000,36109000,18757000,20186000,721000,3,3,0,12036333.0,0.6581307,0.0,1,0,0
STU000406,Dũng Hải Đặng,2000-05-31,Male,duongjane@example.org,0014550405,DEP002,Tài chính - Kế toán,2021-03-16,Active,,5,111436000,64328000,52987000,0,719000,5,5,0,12865600.0,0.5772641,0.0,1,0,0
STU000407,Linh Lê,2000-09-01,Female,hbui@example.net,0634004435,DEP003,Quản trị kinh doanh,2022-01-22,Graduated,,1,19288000,15122000,4166000,6429000,0,2,1,1,10565500.0,0.78401077,0.5,1,0,0
STU000408,Bác Nam Lê,2000-12-24,Female,dle@example.com,0597047242,DEP004,Kinh tế,2025-07-03,Active,,2,53649000,24006000,29643000,8475000,0,1,1,0,24006000.0,0.44746408,0.0,1,0,0
STU000409,Chị Vi Nguyễn,1999-11-22,Other,kbui@example.com,0623520525,DEP008,Kỹ thuật xây dựng,2023-03-23,Suspended,,1,23889000,0,23889000,0,0,0,0,0,0.0,0.0,0.0,1,0,0
STU000410,Lan Hoàng,1998-03-25,Female,lle@example.org,0298591957,DEP003,Quản trị kinh doanh,2024-10-18,Suspended,,1,19076000,0,19076000,6358000,0,0,0,0,0.0,0.0,0.0,1,0,0
STU000411,Chị Hương Phạm,1999-12-21,Other,wdang@example.org,045762616,DEP001,Công nghệ thông tin,2023-12-14,Active,,1,13542000,20257000,0,0,0,2,2,0,10128500.0,1.4958647,0.0,0,0,0
STU000412,Hà Trí Bùi,2005-01-04,Male,john18@example.net,006469954,DEP007,Kỹ thuật điện,2025-02-25,Graduated,,2,39482000,38728000,15627000,7833000,725000,3,3,0,12909333.0,0.9809027,0.0,1,0,0
STU000413,Bảo Trí Hoàng,2001-12-09,Female,jbui@example.com,0328247979,DEP007,Kỹ thuật điện,2022-12-22,Active,,3,44572000,88566000,2011000,6373000,0,6,6,0,14761000.0,1.9870322,0.0,1,0,0
STU000414,Quý Cô Yến Đặng,1998-02-16,Male,zbui@example.com,097007333,DEP012,Khoa học dữ liệu,2022-12-12,Active,,2,58884000,45453000,30248000,0,0,3,2,1,22479334.0,0.7719075,0.33333334,1,0,1
STU000415,Thành Bảo Lê,1998-12-12,Male,john07@example.com,0552362173,DEP004,Kinh tế,2021-07-19,Active,,1,32890000,30436000,2454000,0,0,2,2,0,15218000.0,0.9253877,0.0,1,0,0
STU000416,Ông Quang Hoàng,2000-04-11,Male,xhoang@example.com,0699104099,DEP004,Kinh tế,2024-09-26,Active,,6,129161000,172708000,40279000,16126000,456000,6,5,0,29972166.0,1.3371528,0.0,1,0,0
STU000417,Bà Lâm Nguyễn,1999-07-09,Other,jane30@example.com,0586014632,DEP012,Khoa học dữ liệu,2020-08-31,Active,,2,46810000,36697000,23139000,2571000,0,3,3,0,12232333.0,0.7839564,0.0,1,0,0
STU000418,Phương Lê,2000-05-28,Female,jane88@example.com,0347359967,DEP006,Ngoại ngữ,2020-09-24,Graduated,,2,52122000,58272000,1929000,11515000,0,3,3,0,19424000.0,1.1179924,0.0,1,0,0
STU000419,Quý Ông Nam Đặng,2006-06-30,Female,jane01@example.net,0256631831,DEP008,Kỹ thuật xây dựng,2024-02-18,Active,,0,0,0,0,0,0,0,0,0,0.0,1.0,0.0,0,0,0
STU000420,Hải Đức Đặng,1998-11-29,Male,johnvu@example.org,0026256199,DEP006,Ngoại ngữ,2023-01-06,Active,,2,24868000,36198000,0,0,0,5,5,0,7239600.0,1.4556056,0.0,0,0,0
STU000421,Khoa Đặng,2007-07-06,Female,rle@example.org,061751278,DEP004,Kinh tế,2020-12-15,Dropped Out,2021-05-11,2,19297000,0,19297000,6432000,0,0,0,0,0.0,0.0,0.0,1,1,0
STU000422,Thành Trí Mai,2005-12-07,Male,john56@example.org,091488463,DEP004,Kinh tế,2020-07-21,Active,,3,38806000,14652000,24154000,16112000,0,2,2,0,7326000.0,0.37757048,0.0,1,0,0
STU000423,Bảo Vũ,2006-09-17,Other,jane56@example.com,0107851509,DEP011,Truyền thông,2024-08-24,Dropped Out,2026-09-06,1,28611000,60298000,0,0,0,3,3,0,20099334.0,2.107511,0.0,0,1,0
STU000424,An Phạm,2004-01-17,Female,jane24@example.org,0094322690,DEP010,Du lịch - Khách sạn,2025-04-23,Active,,3,79689000,26088000,53601000,14476000,1307000,2,2,0,13044000.0,0.32737267,0.0,1,0,0
STU000425,Chị Phương Mai,2002-01-11,Other,johnbui@example.com,0185651512,DEP003,Quản trị kinh doanh,2020-05-04,Dropped Out,2022-05-25,3,47318000,21233000,26085000,1637000,130000,4,3,0,7642000.0,0.44872987,0.0,1,1,0
STU000426,Bà Thành Mai,2007-04-21,Male,john47@example.org,0760899399,DEP005,Luật,2022-03-02,Active,,0,0,0,0,0,0,0,0,0,0.0,1.0,0.0,0,0,0
STU000427,Quý Ông Hoàng Vũ,1999-09-20,Male,pnguyen@example.net,0699166211,DEP008,Kỹ thuật xây dựng,2021-12-30,Active,,2,27261000,13907000,13354000,7842000,0,1,1,0,13907000.0,0.5101427,0.0,1,0,0
STU000428,Khoa Trí Đặng,2001-04-23,Other,ltran@example.org,033242644,DEP007,Kỹ thuật điện,2023-10-07,Active,,5,93730000,112172000,15475000,15620000,947000,11,7,3,19657272.0,1.1967566,0.27272728,1,0,1
STU000429,An Mai,2002-09-10,Female,kpham@example.net,0730799535,DEP010,Du lịch - Khách sạn,2021-06-07,Active,,1,13155000,0,13155000,4385000,0,0,0,0,0.0,0.0,0.0,1,0,0
STU000430,Duyên Trần,2006-07-03,Other,john29@example.net,0230940966,DEP002,Tài chính - Kế toán,2025-08-20,Graduated,,2,18776000,13074000,8474000,11118000,1127000,2,2,0,6537000.0,0.69631445,0.0,1,0,0
STU000431,Hương Hoàng,1999-09-08,Female,tduong@example.net,0038741343,DEP001,Công nghệ thông tin,2023-12-16,Suspended,,2,47905000,67804000,18129000,0,0,5,5,0,13560800.0,1.4153847,0.0,1,0,0
STU000432,Thành Trần,2002-07-27,Male,john30@example.org,0329104861,DEP010,Du lịch - Khách sạn,2025-09-04,Active,,3,36157000,29077000,22537000,26082000,0,5,5,0,5815400.0,0.8041873,0.0,1,0,0
STU000433,An Hoàng,1999-04-16,Male,john14@example.com,050958504,DEP008,Kỹ thuật xây dựng,2024-04-15,Active,,3,77070000,0,77070000,16671000,2168000,1,0,1,15801000.0,0.0,1.0,1,0,1
STU000434,Khoa Mai Bảo Dương,2006-02-01,Female,fbui@example.org,040543280,DEP006,Ngoại ngữ,2021-07-20,Active,,2,32498000,12782000,19716000,0,1215000,1,1,0,12782000.0,0.3933165,0.0,1,0,0
STU000435,Hương Nguyễn,2001-05-26,Male,john78@example.org,0566476614,DEP005,Luật,2024-04-10,Suspended,,1,9316000,13682000,0,3105000,0,2,2,0,6841000.0,1.4686561,0.0,0,0,0
STU000436,Châu Đặng,2007-04-25,Male,jane29@example.net,0923848401,DEP004,Kinh tế,2022-09-08,Active,,2,51030000,13860000,37170000,6534000,0,1,1,0,13860000.0,0.27160493,0.0,1,0,0
STU000437,Nhật Tấn Hoàng,2003-09-29,Other,jane12@example.org,012840510,DEP006,Ngoại ngữ,2024-07-26,Active,,4,70980000,104166000,11540000,18970000,0,8,8,0,13020750.0,1.4675401,0.0,1,0,0
STU000438,An Hoàng Trần,2001-06-03,Other,dhoang@example.net,046687971,DEP001,Công nghệ thông tin,2024-05-04,Active,,0,0,0,0,0,0,0,0,0,0.0,1.0,0.0,0,0,0
STU000439,Bà Lan Lê,2001-06-16,Female,john24@example.com,037862777,DEP012,Khoa học dữ liệu,2021-07-09,Active,,2,32990000,17394000,15596000,0,1754000,2,2,0,8697000.0,0.5272507,0.0,1,0,0
STU000440,Quý Cô Mai Nguyễn,1999-08-31,Female,jane92@example.net,0275906164,DEP006,Ngoại ngữ,2023-04-17,Dropped Out,2024-09-29,2,37544000,63398000,0,0,0,5,4,1,15599000.0,1.688632,0.2,0,1,0
STU000441,Chị Hạnh Trần,2006-12-18,Female,whoang@example.net,091020919,DEP005,Luật,2020-03-26,Active,,2,41098000,10239000,30859000,1382000,457000,3,1,0,35029000.0,0.24913621,0.0,1,0,0
STU000442,Bác Quang Nguyễn,1998-11-11,Female,jpham@example.com,0965083717,DEP012,Khoa học dữ liệu,2023-11-05,Dropped Out,2025-06-18,1,17018000,0,17018000,0,0,0,0,0,0.0,0.0,0.0,1,1,0
STU000443,Anh Trọng Hoàng,2007-06-28,Male,jane03@example.org,0557425902,DEP009,Công nghệ sinh học,2024-07-13,Active,,1,16770000,12830000,3940000,16770000,0,1,1,0,12830000.0,0.76505667,0.0,1,0,0
STU000444,Khoa Bùi,1998-03-30,Other,jane41@example.com,065388149,DEP006,Ngoại ngữ,2024-05-28,Active,,4,72578000,34947000,45373000,6169000,0,4,4,0,8736750.0,0.48150954,0.0,1,0,0
STU000445,Minh Hoàng,2003-07-14,Male,uhoang@example.net,097605028,DEP001,Công nghệ thông tin,2021-12-07,Active,,1,6935000,6419000,516000,6934000,0,1,1,0,6419000.0,0.9255948,0.0,1,0,0
STU000446,Anh Đặng,1999-01-24,Other,kduong@example.com,0591862442,DEP004,Kinh tế,2020-03-18,Dropped Out,2022-05-15,1,18384000,0,18384000,0,0,0,0,0,0.0,0.0,0.0,1,1,0
STU000447,Quang Lê,1999-10-13,Male,john13@example.net,0036944841,DEP006,Ngoại ngữ,2022-06-21,Dropped Out,2023-12-22,2,52468000,0,52468000,2721000,0,0,0,0,0.0,0.0,0.0,1,1,0
STU000448,Trọng Đức Nguyễn,1999-06-07,Male,enguyen@example.net,0836479226,DEP011,Truyền thông,2020-09-20,Dropped Out,2022-10-17,3,68894000,192851000,4795000,4795000,0,6,6,0,32141834.0,2.7992423,0.0,1,1,0
STU000449,Thảo Trần,2006-10-12,Female,hoangjane@example.net,0129999354,DEP009,Công nghệ sinh học,2020-06-20,Graduated,,0,0,0,0,0,0,0,0,0,0.0,1.0,0.0,0,0,0
STU000450,Trọng Nguyễn,2005-02-25,Other,stran@example.org,045528145,DEP004,Kinh tế,2020-07-08,Active,,0,0,0,0,0,0,0,0,0,0.0,1.0,0.0,0,0,0
STU000451,Cô Nhật Dương,1998-04-21,Other,vhoang@example.com,0068467724,DEP005,Luật,2021-04-30,Active,,3,49726000,48625000,12482000,10428000,0,3,3,0,16208333.0,0.97785866,0.0,1,0,0
STU000452,Quý Cô Ánh Mai,1998-05-03,Male,jane41@example.net,0084146258,DEP009,Công nghệ sinh học,2022-11-11,Graduated,,4,81797000,70021000,39820000,4774000,1179000,5,3,0,16800800.0,0.85603386,0.0,1,0,0
STU000453,Quý Ông Huy Hoàng,1998-04-13,Other,jane28@example.org,048378315,DEP009,Công nghệ sinh học,2020-12-23,Active,,2,41662000,24397000,17265000,0,0,1,1,0,24397000.0,0.5855936,0.0,1,0,0
STU000454,Minh Vũ,1998-04-26,Other,jane15@example.com,048536462,DEP001,Công nghệ thông tin,2022-01-13,Dropped Out,2024-06-01,1,15313000,16778000,0,1701000,0,2,2,0,8389000.0,1.0956703,0.0,0,1,0
STU000455,Hà Hoàng,2003-02-21,Female,kvu@example.org,0636603898,DEP006,Ngoại ngữ,2025-09-07,Graduated,,2,47752000,71289000,715000,2688000,1384000,6,5,0,13770333.0,1.4929008,0.0,1,0,0
STU000456,Dũng Phú Hoàng,2002-04-21,Male,johnbui@example.org,014317003,DEP003,Chưa phân ngành,2024-04-07,Active,,3,69728000,36573000,44127000,21030000,1637000,5,3,0,11706600.0,0.52450955,0.0,1,0,0
STU000457,Thành Dương,2007-02-21,Other,john54@example.org,062598790,DEP001,Công nghệ thông tin,2022-02-11,Active,,0,0,0,0,0,0,0,0,0,0.0,1.0,0.0,0,0,0
STU000458,Châu Tấn Dương,2004-02-16,Female,sle@example.net,018349578,DEP004,Kinh tế,2021-06-09,Active,,0,0,0,0,0,0,0,0,0,0.0,1.0,0.0,0,0,0
STU000459,Cô Vân Nguyễn,2002-10-15,Other,mle@example.com,073281411,DEP004,Kinh tế,2025-08-03,Suspended,,1,9487000,8556000,931000,0,1407000,3,1,1,6418000.0,0.9018657,0.33333334,1,0,0
STU000460,Hải Dương,2000-06-14,Male,jane31@example.org,0354253799,DEP004,Kinh tế,2019-11-27,Active,,1,12357000,0,12357000,12356000,0,0,0,0,0.0,0.0,0.0,1,0,0
STU000461,Thành Hải Hoàng,2000-01-07,Other,ihoang@example.org,044457180,DEP006,Ngoại ngữ,2023-11-08,Graduated,,2,48114000,9922000,38192000,0,0,1,1,0,9922000.0,0.20621857,0.0,1,0,0
STU000462,Dũng Trí Bùi,2004-11-22,Female,otran@example.org,036106645,DEP005,Luật,2023-07-03,Dropped Out,2023-11-15,2,23707000,24422000,2882000,11598000,0,3,3,0,8140666.5,1.0301598,0.0,1,1,0
STU000463,Ánh Dương,2006-11-18,Other,jane87@example.net,099219149,DEP004,Kinh tế,2023-06-27,Active,,4,66462000,25516000,40946000,2474000,0,3,3,0,8505333.0,0.38391864,0.0,1,0,0
STU000464,Cô Thành Hoàng,2005-09-06,Other,ivu@example.com,014031476,DEP009,Công nghệ sinh học,2024-10-28,Active,,0,0,0,0,0,0,0,0,0,0.0,1.0,0.0,0,0,0
STU000465,Nhật Dương,2003-01-06,Male,lmai@example.org,077499190,DEP010,Du lịch - Khách sạn,2023-12-31,Dropped Out,2026-01-25,2,37496000,41136000,12100000,4114000,469000,3,3,0,13712000.0,1.097077,0.0,1,1,0
STU000466,Yến Mai,2000-03-22,Male,john36@example.com,0288830859,DEP003,Quản trị kinh doanh,2022-09-24,Active,,3,39305000,15714000,23591000,14173000,461000,2,2,0,7857000.0,0.39979646,0.0,1,0,0
STU000467,Thành Quang Hoàng,2002-11-18,Male,aduong@example.com,0086670459,DEP001,Công nghệ thông tin,2022-05-08,Active,,4,73360000,13429000,59931000,19550000,0,3,2,1,11602333.0,0.18305616,0.33333334,1,0,1
STU000468,Bà Nhật Hoàng,2005-06-03,Male,ble@example.com,071576510,DEP004,Chưa phân ngành,2025-03-28,Active,,0,0,0,0,0,0,0,0,0,0.0,1.0,0.0,0,0,0
STU000469,Hải Phú Trần,2002-08-10,Male,jane31@example.com,028249290,DEP008,Kỹ thuật xây dựng,2020-03-02,Graduated,,0,0,0,0,0,0,0,0,0,0.0,1.0,0.0,0,0,0
STU000470,Cô Hồng Trần,2003-02-24,Female,john79@example.com,0390771548,DEP005,Luật,2025-04-19,Graduated,,0,0,0,0,0,0,0,0,0,0.0,1.0,0.0,0,0,0
STU000471,Phương Nguyễn,2006-11-16,Male,ddang@example.org,0462026415,DEP001,Công nghệ thông tin,2021-12-14,Active,,1,11279000,0,11279000,11278000,0,0,0,0,0.0,0.0,0.0,1,0,0
STU000472,Phương Dương,2004-04-29,Female,jane53@example.net,001159637,DEP005,Luật,2019-08-13,Active,,2,34097000,0,34097000,16061000,118000,0,0,0,0.0,0.0,0.0,1,0,0
STU000473,Kim Bùi,2005-05-08,Other,john40@example.org,0858183633,DEP004,Kinh tế,2025-07-29,Active,,2,48120000,55618000,2999000,5204000,1284000,3,3,0,18539334.0,1.1558188,0.0,1,0,0
STU000474,Phương Đức Vũ,2004-09-03,Male,john97@example.org,085588699,DEP001,Công nghệ thông tin,2020-06-29,Graduated,,1,15887000,0,15887000,15886000,0,0,0,0,0.0,0.0,0.0,1,0,0
STU000475,Kim Nguyễn,2001-09-26,Male,ddang@example.com,0100042884,DEP004,Kinh tế,2020-01-09,Active,,0,0,0,0,0,0,0,0,0,0.0,1.0,0.0,0,0,0
STU000476,Quý Cô Nhật Phạm,2003-04-13,Female,ohoang@example.net,094984433,DEP009,Công nghệ sinh học,2020-07-21,Active,,2,29822000,23626000,6196000,0,1199000,3,3,0,7875333.5,0.79223394,0.0,1,0,0
STU000477,Hải Trần,1999-10-14,Female,john44@example.org,0349271148,DEP001,Công nghệ thông tin,2025-07-18,Active,,2,34322000,49849000,0,34323000,0,4,4,0,12462250.0,1.4523921,0.0,0,0,0
STU000478,Chị Duyên Hoàng,2002-09-11,Female,rtran@example.com,0351117103,DEP012,Khoa học dữ liệu,2023-09-27,Active,,0,0,0,0,0,0,0,0,0,0.0,1.0,0.0,0,0,0
STU000479,Phúc Hoàng,2007-01-13,Female,nnguyen@example.net,0709453668,DEP011,Truyền thông,2022-04-17,Active,,3,55339000,35659000,25015000,6986000,0,4,4,0,8914750.0,0.6443738,0.0,1,0,0
STU000480,Hưng Mai Phạm,1998-05-24,Male,vhoang@example.org,053061614,DEP006,Ngoại ngữ,2023-01-02,Suspended,,3,39174000,18621000,20553000,19784000,0,4,2,1,7705250.0,0.47534078,0.25,1,0,1
STU000481,Chị Vân Lê,2007-10-22,Other,jane71@example.net,027484780,DEP006,Ngoại ngữ,2020-07-13,Active,,2,47531000,23524000,24007000,2104000,0,1,1,0,23524000.0,0.4949191,0.0,1,0,0
STU000482,Hải Dương,2005-05-25,Other,wbui@example.net,0995311673,DEP006,Ngoại ngữ,2020-08-14,Active,,3,73783000,38561000,43167000,7730000,0,2,2,0,19280500.0,0.5226272,0.0,1,0,0
STU000483,Bảo Đức Vũ,2000-10-20,Female,zduong@example.com,0585114148,DEP001,Công nghệ thông tin,2021-01-09,Dropped Out,2023-01-23,1,9176000,19139000,0,1020000,0,4,3,1,5368000.0,2.0857673,0.25,0,1,0
STU000484,Anh Thành Lê,2007-01-31,Other,jane72@example.net,055992857,DEP010,Du lịch - Khách sạn,2021-06-11,Active,,2,21567000,16765000,4802000,2378000,0,2,2,0,8382500.0,0.777345,0.0,1,0,0
STU000485,Ngọc Bùi,2002-05-26,Female,jane71@example.org,045907404,DEP010,Du lịch - Khách sạn,2021-09-05,Active,,3,43669000,2645000,41024000,17281000,0,1,1,0,2645000.0,0.060569283,0.0,1,0,0
STU000486,Huy Mai,2003-09-09,Other,ntran@example.org,095236575,DEP001,Công nghệ thông tin,2024-05-11,Active,,2,33147000,17468000,22528000,18130000,0,3,2,0,9007000.0,0.5269858,0.0,1,0,0
STU000487,Quý Cô Linh Nguyễn,2004-09-04,Male,ynguyen@example.com,0389410904,DEP008,Kỹ thuật xây dựng,2023-02-19,Active,,3,57374000,51033000,22720000,15490000,0,3,3,0,17011000.0,0.8894796,0.0,1,0,0
STU000488,Quý Ông Quang Hoàng,2005-04-07,Female,cduong@example.com,016684812,DEP010,Du lịch - Khách sạn,2024-08-29,Graduated,,3,61581000,15994000,53127000,2828000,394000,2,2,0,7997000.0,0.25972298,0.0,1,0,0
STU000489,Linh Nguyễn,2002-01-15,Male,john71@example.net,0290550069,DEP004,Kinh tế,2022-10-27,Active,,5,91715000,72562000,29898000,16234000,0,7,6,0,10918000.0,0.7911683,0.0,1,0,0
STU000490,Quý Cô Hồng Hoàng,2007-09-12,Male,rduong@example.net,099279010,DEP003,Quản trị kinh doanh,2021-10-22,Suspended,,1,17839000,30940000,0,0,708000,2,1,0,24384500.0,1.7344022,0.0,0,0,0
STU000491,Bà Nhật Phạm,1999-02-03,Female,zduong@example.org,056781697,DEP005,Luật,2023-03-31,Graduated,,1,16801000,34000000,0,16801000,0,3,3,0,11333333.0,2.023689,0.0,0,0,0
STU000492,Chị Thảo Đặng,1999-11-11,Male,john86@example.org,0818750782,DEP011,Truyền thông,2020-02-27,Graduated,,0,0,0,0,0,0,0,0,0,0.0,1.0,0.0,0,0,0
STU000493,Hương Vũ,2002-04-18,Other,jane82@example.org,0047194909,DEP002,Tài chính - Kế toán,2022-07-07,Active,,5,95030000,64985000,51739000,16267000,0,7,6,1,13654286.0,0.6838367,0.14285715,1,0,1
STU000494,Quý Cô Lan Mai,1998-04-10,Female,john73@example.org,078297916,DEP006,Ngoại ngữ,2024-01-04,Graduated,,2,29879000,32924000,12588000,3320000,0,4,3,1,11934500.0,1.1019111,0.25,1,0,0
STU000495,Trọng Mai,2005-02-17,Male,fle@example.net,0345461885,DEP006,Ngoại ngữ,2023-03-24,Graduated,,6,94693000,97841000,37710000,25157000,841000,11,10,0,9124545.0,1.0332443,0.0,1,0,0
STU000496,Bà Hải Bùi,1999-04-25,Male,svu@example.org,0367509410,DEP008,Kỹ thuật xây dựng,2025-07-09,Active,,3,32716000,31062000,8203000,7571000,0,5,5,0,6212400.0,0.9494437,0.0,1,0,0
STU000497,Hương Dương,2004-07-20,Male,kle@example.com,088479532,DEP003,Quản trị kinh doanh,2022-12-18,Active,,1,12961000,11037000,1924000,0,0,1,1,0,11037000.0,0.8515547,0.0,1,0,0
STU000498,Trung Trần,2005-06-17,Other,xmai@example.com,049618256,DEP001,Công nghệ thông tin,2020-10-27,Active,,3,66425000,12132000,54293000,10427000,195000,1,1,0,12132000.0,0.18264207,0.0,1,0,0
STU000499,Kim Phạm,2003-10-21,Other,gpham@example.com,043998419,DEP005,Luật,2021-04-21,Dropped Out,2022-09-19,1,33549000,50303000,0,0,0,2,2,0,25151500.0,1.4993889,0.0,0,1,0
STU000500,Bà Hồng Dương,2004-12-15,Male,nvu@example.org,057913560,DEP005,Luật,2023-06-17,Active,,2,44108000,0,44108000,5652000,0,0,0,0,0.0,0.0,0.0,1,0,0
STU000501,Anh Khoa Vũ,2000-08-02,Female,rnguyen@example.net,071468376,DEP004,Kinh tế,2021-04-26,Active,,2,44063000,40184000,15902000,0,0,2,2,0,20092000.0,0.911967,0.0,1,0,0
STU000502,Anh Thành Bùi,2000-08-28,Female,john44@example.net,024750809,DEP012,Chưa phân ngành,2020-04-30,Dropped Out,2021-01-12,2,39876000,29999000,9877000,13583000,0,3,2,0,15769667.0,0.7523072,0.0,1,1,0
STU000503,Cô Hà Dương,1998-08-07,Male,mhoang@example.org,0700033539,DEP011,Chưa phân ngành,2023-03-14,Graduated,,0,0,0,0,0,0,0,0,0,0.0,1.0,0.0,0,0,0
STU000504,Bảo Lê,1998-02-13,Other,jane00@example.net,029791979,DEP007,Kỹ thuật điện,2025-08-29,Active,,2,23322000,3063000,20259000,3140000,0,1,1,0,3063000.0,0.13133521,0.0,1,0,0
STU000505,An Thị Bùi,2007-02-18,Female,lpham@example.net,086200853,DEP010,Du lịch - Khách sạn,2021-02-22,Active,,3,58093000,31753000,31984000,18453000,801000,3,3,0,10584333.0,0.5465891,0.0,1,0,0
STU000506,Trọng Thế Vũ,2007-08-24,Male,john95@example.org,0150140348,DEP009,Công nghệ sinh học,2022-06-23,Active,,1,12424000,7686000,4738000,11058000,1365000,1,1,0,7686000.0,0.6186413,0.0,1,0,0
STU000507,Phương Nguyễn,2000-01-23,Female,jane62@example.org,0293474640,DEP008,Kỹ thuật xây dựng,2020-01-02,Active,,4,77183000,85363000,32846000,17153000,588000,5,5,0,17072600.0,1.105982,0.0,1,0,0
STU000508,Chị Kim Hoàng,2003-07-10,Male,nnguyen@example.com,093120238,DEP009,Công nghệ sinh học,2025-03-16,Active,,4,70708000,33045000,46393000,7460000,0,3,3,0,11015000.0,0.46734458,0.0,1,0,0
STU000509,Vân Đặng,2006-04-01,Female,john69@example.com,0038631504,DEP002,Tài chính - Kế toán,2021-08-11,Suspended,,0,0,0,0,0,0,0,0,0,0.0,1.0,0.0,0,0,0
STU000510,Hải Bùi,2000-04-21,Male,john66@example.org,003255687,DEP006,Ngoại ngữ,2024-07-12,Active,,3,83695000,9188000,74507000,6174000,1034000,1,1,0,9188000.0,0.10977956,0.0,1,0,0
STU000511,Quang Hoàng,2007-10-08,Other,nnguyen@example.org,044834724,DEP011,Chưa phân ngành,2020-03-26,Graduated,,4,83054000,35111000,47943000,0,1120000,5,3,0,15265600.0,0.42274904,0.0,1,0,0
STU000512,Quý Cô An Bùi,2005-02-06,Female,dle@example.org,0286260326,DEP010,Du lịch - Khách sạn,2023-10-04,Active,,4,71531000,107490000,5027000,25534000,858000,8,8,0,13436250.0,1.5027051,0.0,1,0,0
STU000513,Nhật Bùi,2003-08-28,Male,john43@example.org,0174792070,DEP009,Công nghệ sinh học,2023-04-25,Active,,5,119084000,32606000,86478000,18149000,0,3,3,0,10868667.0,0.27380672,0.0,1,0,0
STU000514,Quý Cô Hồng Dương,2000-06-06,Female,john18@example.org,0777262520,DEP005,Luật,2025-05-19,Graduated,,5,105224000,166247000,11493000,12678000,1296000,12,11,1,15107750.0,1.5799342,0.083333336,1,0,0
STU000515,Châu Hoàng Dương,2000-02-08,Male,jane17@example.com,0277032742,DEP002,Chưa phân ngành,2020-11-23,Active,,2,38883000,0,38883000,2987000,0,1,0,0,24752000.0,0.0,0.0,1,0,0
STU000516,Thành Hoàng,2002-01-30,Female,john10@example.org,086524130,DEP005,Luật,2020-02-12,Active,,8,149041000,82837000,80297000,31698000,2821000,10,9,0,11318900.0,0.5558001,0.0,1,0,0
STU000517,Cô Duyên Mai,2006-11-29,Male,knguyen@example.net,062739609,DEP007,Kỹ thuật điện,2023-05-23,Active,,2,19181000,55639000,3279000,2046000,606000,4,4,0,13909750.0,2.9007351,0.0,1,0,0
STU000518,Anh Trần,2005-05-18,Other,jane20@example.net,098363709,DEP009,Công nghệ sinh học,2020-10-10,Graduated,,0,0,0,0,0,0,0,0,0,0.0,1.0,0.0,0,0,0
STU000519,Lâm Dương,2002-05-11,Other,fdang@example.net,0709275413,DEP004,Kinh tế,2022-11-12,Active,,2,56560000,0,56560000,0,0,0,0,0,0.0,0.0,0.0,1,0,0
STU000520,Trung Vũ,2005-11-25,Male,john16@example.com,0738839293,DEP011,Truyền thông,2025-04-21,Active,,2,50472000,12728000,37744000,7346000,0,3,1,2,16356000.0,0.2521794,0.6666667,1,0,1
STU000521,Bà Vi Phạm,2003-12-22,Male,nguyenjane@example.net,010588827,DEP011,Truyền thông,2020-12-12,Dropped Out,2022-01-17,0,0,0,0,0,0,0,0,0,0.0,1.0,0.0,0,1,0
STU000522,Bác Huy Dương,2007-03-08,Female,uhoang@example.org,0034833250,DEP010,Du lịch - Khách sạn,2023-10-02,Active,,2,24977000,0,24977000,4597000,0,0,0,0,0.0,0.0,0.0,1,0,0
STU000523,Quý Cô Thảo Mai,2005-11-03,Male,janedang@example.com,005098149,DEP002,Chưa phân ngành,2020-07-05,Active,,2,36851000,30113000,8671000,1068000,0,3,3,0,10037667.0,0.8171556,0.0,1,0,0
STU000524,Anh Hưng Đặng,2006-08-26,Male,ole@example.net,0921899369,DEP003,Quản trị kinh doanh,2021-04-22,Graduated,,0,0,0,0,0,0,0,0,0,0.0,1.0,0.0,0,0,0
STU000525,Thành Đức Đặng,2004-01-06,Male,vnguyen@example.com,005328456,DEP010,Du lịch - Khách sạn,2020-04-08,Dropped Out,2021-05-06,2,28875000,3904000,24971000,15540000,0,1,1,0,3904000.0,0.13520347,0.0,1,1,0
STU000526,Chị Hồng Phạm,2003-01-25,Female,qtran@example.org,0732356624,DEP007,Kỹ thuật điện,2022-11-21,Dropped Out,2023-11-29,4,39434000,38731000,4648000,10246000,425000,5,5,0,7746200.0,0.9821727,0.0,1,1,0
STU000527,An Trần,2000-09-28,Other,jane06@example.org,0403422622,DEP011,Truyền thông,2021-11-05,Active,,1,26224000,18398000,7826000,8741000,0,1,1,0,18398000.0,0.7015711,0.0,1,0,0
STU000528,Ông Thành Vũ,2006-05-15,Other,jane60@example.org,0538388148,DEP002,Tài chính - Kế toán,2023-08-20,Active,,2,50207000,30742000,19465000,8313000,1149000,2,2,0,15371000.0,0.61230505,0.0,1,0,0
STU000529,Bà Thảo Trần,2000-08-29,Other,jane56@example.org,092651421,DEP009,Công nghệ sinh học,2025-05-21,Graduated,,1,34303000,34008000,295000,0,0,1,1,0,34008000.0,0.9914002,0.0,1,0,0
STU000530,Cô Dương Bùi,2004-04-16,Female,choang@example.net,0048647933,DEP005,Luật,2022-02-23,Active,,2,36060000,37435000,236000,0,0,3,3,0,12478333.0,1.0381309,0.0,1,0,0
STU000531,Cô An Trần,2007-04-04,Male,john05@example.org,0060403936,DEP011,Truyền thông,2021-10-18,Active,,0,0,0,0,0,0,0,0,0,0.0,1.0,0.0,0,0,0
STU000532,Ngọc Đặng,2000-06-28,Male,jle@example.net,0254954072,DEP001,Công nghệ thông tin,2024-01-09,Graduated,,2,22022000,11868000,10154000,13589000,0,1,1,0,11868000.0,0.53891563,0.0,1,0,0
STU000533,Hải Hữu Vũ,2005-01-10,Female,etran@example.net,017107516,DEP006,Ngoại ngữ,2025-02-12,Graduated,,1,6388000,0,6388000,5599000,789000,0,0,0,0.0,0.0,0.0,1,0,0
STU000534,Hải Đức Dương,2002-01-18,Female,jane42@example.org,0316763411,DEP007,Kỹ thuật điện,2022-10-20,Graduated,,3,70675000,143711000,6780000,5401000,580000,6,6,0,23951834.0,2.0334065,0.0,1,0,0
STU000535,Hải Bùi,2002-07-24,Female,jmai@example.net,039059744,DEP006,Ngoại ngữ,2024-12-24,Dropped Out,2025-04-23,1,20187000,0,20187000,2243000,0,0,0,0,0.0,0.0,0.0,1,1,0
STU000536,Hương Dương,2005-01-07,Other,hduong@example.com,0066365370,DEP007,Kỹ thuật điện,2022-05-27,Graduated,,1,14247000,10788000,3459000,14248000,0,2,2,0,5394000.0,0.75721204,0.0,1,0,0
STU000537,Hưng Hoàng,2006-02-05,Female,thoang@example.net,046105358,DEP001,Chưa phân ngành,2021-03-27,Active,,1,7901000,0,7901000,2634000,0,0,0,0,0.0,0.0,0.0,1,0,0
STU000538,Cô Thảo Vũ,2005-07-21,Male,emai@example.org,0453918608,DEP012,Khoa học dữ liệu,2021-06-11,Active,,1,10213000,0,10213000,10212000,0,0,0,0,0.0,0.0,0.0,1,0,0
STU000539,Bảo Dương,2007-12-18,Male,jane05@example.org,0109579446,DEP007,Kỹ thuật điện,2024-10-19,Active,,2,54346000,44090000,28661000,6039000,0,3,3,0,14696667.0,0.81128323,0.0,1,0,0
STU000540,Lâm Trần,2004-08-15,Female,hoangjohn@example.com,003082456,DEP002,Tài chính - Kế toán,2024-09-24,Dropped Out,2025-06-15,2,22271000,9013000,15001000,17425000,0,2,2,0,4506500.0,0.4046967,0.0,1,1,0
STU000541,Kim Tấn Nguyễn,1999-02-13,Male,aduong@example.org,0864245909,DEP005,Luật,2020-08-29,Graduated,,0,0,0,0,0,0,0,0,0,0.0,1.0,0.0,0,0,0
STU000542,Huy Phạm,2006-07-19,Female,jane65@example.org,0547639548,DEP002,Tài chính - Kế toán,2020-03-23,Active,,3,74603000,59033000,19284000,2928000,135000,3,3,0,19677666.0,0.79129523,0.0,1,0,0
STU000543,Bà Thành Phạm,1999-10-05,Male,john96@example.net,047515259,DEP007,Kỹ thuật điện,2020-06-24,Active,,1,21660000,20819000,841000,0,0,1,1,0,20819000.0,0.96117264,0.0,1,0,0
STU000544,Hải Thị Mai,2003-03-15,Other,john53@example.org,0051053698,DEP010,Du lịch - Khách sạn,2025-07-20,Active,,3,41937000,9987000,33947000,888000,0,2,2,0,4993500.0,0.23814292,0.0,1,0,0
STU000545,Quang Hữu Lê,2006-12-15,Female,xduong@example.net,0898039843,DEP011,Truyền thông,2024-10-25,Dropped Out,2026-05-18,1,28478000,9502000,18976000,0,0,2,1,0,8847500.0,0.33366108,0.0,1,1,0
STU000546,Hải Lê,2000-04-20,Male,khoang@example.org,0417544648,DEP001,Công nghệ thông tin,2022-07-01,Active,,2,21670000,11283000,10387000,3216000,0,2,2,0,5641500.0,0.52067375,0.0,1,0,0
STU000547,Quý Ông Huy Dương,2006-10-25,Female,sbui@example.net,0518483476,DEP007,Kỹ thuật điện,2025-01-13,Active,,1,21628000,10069000,11559000,2403000,0,1,1,0,10069000.0,0.4655539,0.0,1,0,0
STU000548,Ánh Lê,1999-11-07,Female,john69@example.org,059793524,DEP011,Truyền thông,2025-04-30,Active,,5,102632000,118269000,20984000,27275000,1522000,10,10,0,11826900.0,1.1523598,0.0,1,0,0
STU000549,Cô Khoa Lê,1998-05-24,Other,john58@example.com,078094625,DEP006,Ngoại ngữ,2023-01-31,Active,,3,45544000,38648000,15330000,18598000,0,3,3,0,12882667.0,0.84858596,0.0,1,0,0
STU000550,Khoa Mai,2001-03-24,Female,mvu@example.com,0874281818,DEP004,Kinh tế,2019-11-21,Active,,0,0,0,0,0,0,0,0,0,0.0,1.0,0.0,0,0,0
STU000551,An Thị Nguyễn,2006-09-12,Male,jane23@example.com,038185109,DEP010,Du lịch - Khách sạn,2022-06-19,Active,,4,71941000,58564000,26797000,7347000,0,7,7,0,8366285.5,0.814056,0.0,1,0,0
STU000552,Kim Trần,2002-11-10,Other,odang@example.com,0120427533,DEP012,Khoa học dữ liệu,2020-09-08,Active,,2,34902000,12224000,22678000,12247000,189000,1,1,0,12224000.0,0.35023782,0.0,1,0,0
STU000553,Trọng Lê,2007-07-26,Other,ple@example.org,013674464,DEP011,Truyền thông,2024-09-22,Active,,1,25989000,15558000,10431000,2888000,0,1,1,0,15558000.0,0.5986379,0.0,1,0,0
STU000554,Bà An Trần,2007-04-21,Other,dvu@example.com,042627016,DEP005,Luật,2020-04-08,Graduated,,3,61295000,46833000,24609000,10062000,930000,5,4,0,12384000.0,0.76405907,0.0,1,0,0
STU000555,Anh Dương,2006-10-18,Other,ibui@example.com,0081903510,DEP009,Công nghệ sinh học,2021-11-11,Active,,4,89444000,26979000,62465000,8709000,1078000,4,3,0,10017500.0,0.30163008,0.0,1,0,0
STU000556,Vũ Xuân Nguyễn,1999-07-04,Male,dmai@example.org,0561329568,DEP012,Khoa học dữ liệu,2019-08-28,Graduated,,2,28342000,16325000,15847000,1388000,987000,3,2,1,7019000.0,0.5760003,0.33333334,1,0,1
STU000557,Ông Tùng Mai,2004-06-13,Other,ybui@example.com,0950000293,DEP004,Kinh tế,2022-01-01,Active,,2,44717000,92660000,0,0,838000,6,6,0,15443333.0,2.0721426,0.0,0,0,0
STU000558,Khoa Trần,2004-08-22,Female,vdang@example.org,0817232436,DEP003,Quản trị kinh doanh,2023-01-27,Suspended,,4,114101000,39932000,79144000,10200000,1392000,2,2,0,19966000.0,0.34997064,0.0,1,0,0
STU000559,Phúc Bùi,1999-08-08,Female,jane99@example.net,018677612,DEP001,Công nghệ thông tin,2020-05-21,Active,,2,40190000,32418000,23143000,7714000,0,2,2,0,16209000.0,0.8066186,0.0,1,0,0
STU000560,Chị Mai Dương,2007-02-13,Other,iduong@example.net,0462955875,DEP005,Luật,2025-07-08,Active,,2,22218000,0,22218000,0,987000,0,0,0,0.0,0.0,0.0,1,0,0
STU000561,Bà Vân Vũ,2002-08-08,Other,jane27@example.com,0609600051,DEP006,Ngoại ngữ,2023-07-08,Graduated,,2,54249000,81836000,0,0,0,4,4,0,20459000.0,1.5085255,0.0,0,0,0
STU000562,Nhật Trí Phạm,1999-01-16,Male,lnguyen@example.org,031758582,DEP006,Ngoại ngữ,2025-02-10,Suspended,,2,23987000,18088000,8787000,13853000,0,2,2,0,9044000.0,0.7540751,0.0,1,0,0
STU000563,Khoa Mai,2006-07-12,Female,avu@example.org,014384123,DEP002,Tài chính - Kế toán,2021-11-09,Graduated,,3,51552000,17680000,33872000,7366000,1208000,3,2,1,7526000.0,0.3429547,0.33333334,1,0,1
STU000564,Cô Kim Nguyễn,2000-07-11,Other,john13@example.org,0405378089,DEP012,Khoa học dữ liệu,2024-12-11,Active,,4,36421000,37743000,9453000,6824000,0,5,5,0,7548600.0,1.0362978,0.0,1,0,0
STU000565,Cô Ngọc Hoàng,1998-09-13,Female,john66@example.net,0383681704,DEP009,Công nghệ sinh học,2020-11-08,Active,,1,25326000,23578000,1748000,8442000,0,2,2,0,11789000.0,0.93098,0.0,1,0,0
STU000566,Hạnh Vũ,2004-08-24,Female,ahoang@example.net,071968291,DEP012,Khoa học dữ liệu,2025-06-19,Active,,0,0,0,0,0,0,0,0,0,0.0,1.0,0.0,0,0,0
STU000567,Quý Ông Quang Mai,2003-11-27,Other,yduong@example.com,0839167526,DEP006,Ngoại ngữ,2024-12-06,Active,,0,0,0,0,0,0,0,0,0,0.0,1.0,0.0,0,0,0
STU000568,Chị Ánh Trần,2001-07-26,Other,jane34@example.org,0252154289,DEP010,Du lịch - Khách sạn,2022-06-04,Graduated,,2,34886000,11565000,23321000,1373000,2218000,1,1,0,11565000.0,0.33150834,0.0,1,0,0
STU000569,Châu Hữu Phạm,2004-01-17,Female,nduong@example.net,048769890,DEP003,Quản trị kinh doanh,2024-10-09,Dropped Out,2025-08-27,3,46154000,33757000,22673000,7598000,0,2,2,0,16878500.0,0.73139924,0.0,1,1,0
STU000570,Hải Trí Nguyễn,2005-05-17,Male,john60@example.org,0273506839,DEP010,Du lịch - Khách sạn,2025-09-04,Active,,1,29793000,0,29793000,3310000,0,0,0,0,0.0,0.0,0.0,1,0,0
STU000571,Cô Lan Mai,2005-12-11,Other,rduong@example.com,0161572211,DEP004,Kinh tế,2019-09-19,Active,,2,29475000,10113000,24058000,4589000,1074000,2,2,0,5056500.0,0.34310433,0.0,1,0,0
STU000572,Quý Cô Xuân Bùi,2001-06-26,Other,jane40@example.com,0643167262,DEP004,Kinh tế,2021-10-22,Dropped Out,2022-06-28,0,0,0,0,0,0,0,0,0,0.0,1.0,0.0,0,1,0
STU000573,Kim Văn Vũ,1998-10-10,Other,cnguyen@example.org,009222109,DEP004,Chưa phân ngành,2022-02-14,Active,,1,15300000,11709000,3591000,1700000,0,1,1,0,11709000.0,0.76529413,0.0,1,0,0
STU000574,Khoa Thế Hoàng,2007-02-24,Male,john11@example.com,0439590841,DEP001,Công nghệ thông tin,2022-02-05,Dropped Out,2022-10-21,5,60588000,27088000,40173000,12086000,1011000,6,4,1,9944500.0,0.44708523,0.16666667,1,1,1
STU000575,Cô Nhật Vũ,1999-12-12,Male,jane46@example.org,0983322245,DEP004,Kinh tế,2021-02-10,Dropped Out,2023-05-10,4,79722000,52513000,41233000,6178000,0,5,4,0,12864400.0,0.6587015,0.0,1,1,0
STU000576,Quý Ông Trọng Nguyễn,2000-02-16,Male,ldang@example.org,0483002470,DEP002,Tài chính - Kế toán,2021-03-20,Graduated,,0,0,0,0,0,0,0,0,0,0.0,1.0,0.0,0,0,0
STU000577,Bảo Hoàng Hoàng,2002-04-19,Other,jane44@example.com,0570476008,DEP009,Công nghệ sinh học,2022-12-27,Active,,1,15971000,4851000,11120000,5324000,0,1,1,0,4851000.0,0.30373803,0.0,1,0,0
STU000578,Khoa Mai Dương,2004-08-07,Female,jane79@example.net,0685041941,DEP011,Truyền thông,2024-03-19,Active,,4,63635000,80193000,7726000,4969000,999000,7,6,0,12452714.0,1.2602028,0.0,1,0,0
STU000579,Xuân Bùi,2005-12-03,Female,jane14@example.com,0299337600,DEP008,Kỹ thuật xây dựng,2022-01-06,Graduated,,2,23726000,16020000,7905000,5401000,1345000,3,3,0,5340000.0,0.6752086,0.0,1,0,0
STU000580,Bà Hồng Trần,2005-12-10,Female,ctran@example.net,095587782,DEP004,Kinh tế,2021-06-04,Active,,1,24814000,0,24814000,0,611000,1,0,0,18851000.0,0.0,0.0,1,0,0
STU000581,Thảo Vũ,2003-06-23,Male,john95@example.com,065612803,DEP012,Khoa học dữ liệu,2025-06-13,Active,,1,15800000,11086000,4714000,0,0,1,1,0,11086000.0,0.70164555,0.0,1,0,0
STU000582,Chị Bảo Đặng,2007-12-09,Female,jane39@example.net,016826978,DEP009,Công nghệ sinh học,2021-09-07,Active,,1,26610000,8685000,17925000,0,1395000,1,1,0,8685000.0,0.32638106,0.0,1,0,0
STU000583,Cô Khoa Đặng,1999-02-09,Other,vbui@example.org,0839702779,DEP010,Du lịch - Khách sạn,2025-08-06,Dropped Out,2027-07-26,2,40640000,34613000,6027000,9589000,1308000,5,3,0,13594400.0,0.85169786,0.0,1,1,0
STU000584,Hạnh Mai,2004-06-26,Female,john19@example.com,0574930839,DEP003,Quản trị kinh doanh,2024-02-02,Active,,3,65174000,62000000,5161000,0,0,4,4,0,15500000.0,0.9512996,0.0,1,0,0
STU000585,Khoa Văn Nguyễn,2002-11-01,Male,qvu@example.com,0603266503,DEP009,Công nghệ sinh học,2022-06-23,Suspended,,3,46001000,32701000,13300000,10829000,1022000,3,3,0,10900333.0,0.71087587,0.0,1,0,0
STU000586,Quý Ông Quang Đặng,2004-07-06,Other,john42@example.net,020923039,DEP001,Công nghệ thông tin,2020-02-07,Active,,1,7567000,4886000,2681000,7568000,0,1,1,0,4886000.0,0.6456984,0.0,1,0,0
STU000587,Phương Bảo Bùi,2001-05-20,Other,rhoang@example.com,071261417,DEP010,Du lịch - Khách sạn,2023-07-15,Graduated,,2,27968000,23164000,9459000,0,0,4,3,0,7741500.0,0.8282323,0.0,1,0,0
STU000588,Nhật Nguyễn,2001-09-07,Other,bdang@example.org,045467199,DEP003,Quản trị kinh doanh,2019-10-25,Active,,0,0,0,0,0,0,0,0,0,0.0,1.0,0.0,0,0,0
STU000589,Quý Cô Thành Bùi,2004-02-02,Female,pduong@example.com,0353799061,DEP004,Kinh tế,2024-08-20,Active,,2,31705000,35014000,7537000,18062000,656000,5,4,0,8693200.0,1.1043684,0.0,1,0,0
STU000590,Quý Cô Nhật Đặng,2007-05-27,Other,john51@example.org,0045126033,DEP007,Kỹ thuật điện,2025-09-01,Active,,2,24945000,18092000,6853000,0,0,3,3,0,6030666.5,0.72527564,0.0,1,0,0
STU000591,Quý Cô Kim Phạm,2003-08-20,Female,john76@example.com,0725761993,DEP005,Luật,2024-09-09,Active,,4,51389000,16995000,34394000,19473000,0,4,3,1,6013250.0,0.3307128,0.25,1,0,1
STU000592,Châu Mai Mai,2003-07-02,Female,john71@example.org,0571643529,DEP008,Kỹ thuật xây dựng,2023-01-06,Suspended,,1,24992000,17464000,7528000,0,0,1,1,0,17464000.0,0.69878364,0.0,1,0,0
STU000593,Cô Ngọc Nguyễn,2007-12-03,Female,john02@example.org,049130591,DEP009,Công nghệ sinh học,2020-01-04,Active,,1,13885000,8250000,5635000,4504000,371000,1,1,0,8250000.0,0.59416634,0.0,1,0,0
STU000594,Thành Dương,2003-01-15,Female,bpham@example.net,0013721786,DEP011,Truyền thông,2023-10-11,Active,,3,48900000,41875000,24692000,6531000,0,5,5,0,8375000.0,0.85633945,0.0,1,0,0
STU000595,An Trí Đặng,2003-02-11,Other,jane29@example.com,0655340203,DEP002,Tài chính - Kế toán,2023-03-11,Active,,3,60872000,26478000,34394000,26364000,0,3,3,0,8826000.0,0.4349783,0.0,1,0,0
STU000596,Hà Thị Phạm,2000-08-25,Female,cvu@example.com,0923167640,DEP010,Du lịch - Khách sạn,2020-11-05,Active,,0,0,0,0,0,0,0,0,0,0.0,1.0,0.0,0,0,0
STU000597,Cô Xuân Bùi,2002-04-26,Male,rbui@example.org,0901509928,DEP003,Quản trị kinh doanh,2020-04-17,Dropped Out,2021-05-06,1,11337000,0,11337000,0,1483000,0,0,0,0.0,0.0,0.0,1,1,0
STU000598,Hải Vũ,2007-07-19,Female,jane32@example.net,061981924,DEP012,Khoa học dữ liệu,2024-09-25,Dropped Out,2026-06-18,1,23916000,0,23916000,0,0,0,0,0,0.0,0.0,0.0,1,1,0
STU000599,Mai Phạm,2004-03-29,Other,zbui@example.net,018670408,DEP008,Kỹ thuật xây dựng,2023-09-09,Dropped Out,2024-09-13,0,0,0,0,0,0,0,0,0,0.0,1.0,0.0,0,1,0
STU000600,Hương Dương,2003-01-14,Male,hle@example.net,0093410090,DEP012,Khoa học dữ liệu,2021-06-05,Active,,3,59546000,74914000,14691000,4975000,0,4,4,0,18728500.0,1.2580862,0.0,1,0,0
STU000601,Ông Minh Mai,2002-10-25,Other,mnguyen@example.net,0326386620,DEP005,Luật,2024-04-26,Active,,0,0,0,0,0,0,0,0,0,0.0,1.0,0.0,0,0,0
STU000602,Cô Lâm Nguyễn,2002-01-26,Female,qpham@example.com,0747056824,DEP010,Du lịch - Khách sạn,2024-05-18,Active,,2,43767000,26339000,17428000,9228000,1457000,2,2,0,13169500.0,0.60180044,0.0,1,0,0
STU000603,Quang Quang Dương,2005-02-09,Female,jane74@example.org,043946402,DEP011,Truyền thông,2022-10-08,Active,,4,84758000,45953000,38805000,1346000,1484000,6,4,1,9595833.0,0.5421671,0.16666667,1,0,1
STU000604,Bà Hương Trần,2005-10-22,Other,ibui@example.net,0858770732,DEP006,Ngoại ngữ,2023-09-01,Graduated,,3,61278000,55425000,36730000,9924000,0,3,3,0,18475000.0,0.90448445,0.0,1,0,0
STU000605,Hồng Vũ,1998-05-02,Female,jane98@example.net,083857039,DEP005,Luật,2021-07-30,Active,,5,107713000,100956000,38600000,7342000,1799000,7,7,0,14422286.0,0.9372685,0.0,1,0,0
STU000606,Dũng Lê,2003-03-26,Male,otran@example.com,015969225,DEP012,Khoa học dữ liệu,2021-05-26,Active,,2,41343000,3094000,38249000,6832000,2296000,1,1,0,3094000.0,0.074837334,0.0,1,0,0
STU000607,Khoa Hoàng Hoàng,2004-11-28,Other,odang@example.net,069931786,DEP003,Quản trị kinh doanh,2020-09-30,Active,,2,37432000,8240000,29192000,4741000,273000,1,1,0,8240000.0,0.2201325,0.0,1,0,0
STU000608,Quý Cô Dương Trần,1999-05-29,Male,qpham@example.net,0436963352,DEP006,Ngoại ngữ,2021-07-25,Active,,5,87232000,115090000,5790000,18988000,2125000,13,11,2,9971385.0,1.3193552,0.15384616,1,0,0
STU000609,Phúc Trí Dương,2007-07-22,Male,jane51@example.net,024988397,DEP007,Kỹ thuật điện,2024-04-16,Active,,2,34162000,20183000,13979000,11794000,0,2,2,0,10091500.0,0.59080267,0.0,1,0,0
STU000610,Quý Cô Thành Trần,2004-10-05,Other,mduong@example.net,0731079275,DEP011,Truyền thông,2023-04-14,Suspended,,3,35139000,26330000,8809000,11713000,0,3,3,0,8776667.0,0.7493099,0.0,1,0,0
STU000611,Minh Lê,2001-03-24,Male,ole@example.org,0874560140,DEP003,Quản trị kinh doanh,2020-06-24,Active,,4,72028000,56197000,34003000,7991000,1066000,8,6,2,11227000.0,0.7802105,0.25,1,0,1
STU000612,Bác Hoàng Bùi,2006-10-21,Female,john61@example.org,0380572731,DEP001,Công nghệ thông tin,2023-04-19,Dropped Out,2024-07-31,1,12745000,11959000,786000,4248000,0,1,1,0,11959000.0,0.93832874,0.0,1,1,0
STU000613,An Đức Đặng,2000-11-19,Other,ubui@example.org,080311634,DEP004,Chưa phân ngành,2021-01-07,Active,,2,30734000,20186000,10548000,7182000,0,3,2,0,13840000.0,0.65679705,0.0,1,0,0
STU000614,Thảo Hoàng,2000-12-10,Male,john83@example.org,090747099,DEP011,Truyền thông,2021-01-10,Dropped Out,2022-03-30,2,45445000,41632000,3813000,2129000,0,3,2,1,18307000.0,0.9160964,0.33333334,1,1,0
STU000615,Khoa Mai Đặng,2007-11-18,Male,john14@example.net,0131066499,DEP008,Kỹ thuật xây dựng,2025-01-19,Active,,2,35551000,6467000,29084000,3866000,755000,1,1,0,6467000.0,0.18190768,0.0,1,0,0
STU000616,Hải Trí Đặng,2006-03-22,Other,idang@example.org,024676601,DEP002,Tài chính - Kế toán,2025-07-19,Dropped Out,2026-01-22,0,0,0,0,0,0,0,0,0,0.0,1.0,0.0,0,1,0
STU000617,Cô Lâm Vũ,2003-10-02,Other,hnguyen@example.net,088986567,DEP011,Truyền thông,2024-09-02,Graduated,,1,26363000,19472000,6891000,0,0,1,1,0,19472000.0,0.7386109,0.0,1,0,0
STU000618,Trọng Mai,2003-12-05,Female,qvu@example.net,0298558877,DEP011,Truyền thông,2023-01-18,Suspended,,4,75949000,63929000,29081000,18909000,1120000,6,6,0,10654833.0,0.8417359,0.0,1,0,0
STU000619,Anh Quang Nguyễn,2005-10-29,Other,rbui@example.net,026787673,DEP011,Truyền thông,2024-03-12,Active,,1,22407000,18778000,3629000,0,1307000,2,2,0,9389000.0,0.83804166,0.0,1,0,0
STU000620,Thành Trí Dương,1998-02-23,Female,jane18@example.net,0205555021,DEP011,Truyền thông,2021-02-16,Suspended,,3,66552000,60739000,35478000,17474000,1479000,4,4,0,15184750.0,0.91265476,0.0,1,0,0
STU000621,Quý Ông Phúc Nguyễn,2007-08-15,Other,onguyen@example.org,0774321956,DEP008,Kỹ thuật xây dựng,2021-06-20,Active,,4,85047000,76959000,14154000,3545000,0,5,5,0,15391800.0,0.90489966,0.0,1,0,0
STU000622,Cô Linh Mai,2000-12-14,Male,hnguyen@example.org,0224941210,DEP006,Ngoại ngữ,2023-01-16,Dropped Out,2024-05-17,2,43067000,0,43067000,0,670000,0,0,0,0.0,0.0,0.0,1,1,0
STU000623,Quang Thị Bùi,2003-12-20,Other,john63@example.net,057249591,DEP004,Kinh tế,2024-01-11,Active,,1,28974000,22575000,6399000,3219000,0,1,1,0,22575000.0,0.77914685,0.0,1,0,0
STU000624,Bà Ngọc Phạm,2001-01-13,Female,john92@example.com,0223922343,DEP004,Kinh tế,2022-03-05,Dropped Out,2024-05-12,4,36695000,9954000,26741000,18492000,1012000,2,1,1,9842500.0,0.27126312,0.5,1,1,1
STU000625,Quý Cô Chi Dương,2001-06-30,Male,rpham@example.org,067927592,DEP009,Công nghệ sinh học,2023-04-01,Active,,1,16742000,0,16742000,1860000,0,0,0,0,0.0,0.0,0.0,1,0,0
STU000626,Bà Nhật Đặng,1998-06-10,Other,jane79@example.com,0198916257,DEP012,Khoa học dữ liệu,2021-10-20,Active,,1,23417000,33199000,0,0,0,2,2,0,16599500.0,1.4177307,0.0,0,0,0
STU000627,Dương Nguyễn,2005-09-14,Other,xvu@example.com,059023808,DEP009,Công nghệ sinh học,2021-05-23,Active,,1,25199000,46652000,0,0,0,4,3,1,14156750.0,1.8513433,0.25,0,0,0
STU000628,Ngọc Lê,2001-02-08,Female,jane20@example.com,0625773276,DEP006,Ngoại ngữ,2024-04-18,Dropped Out,2026-09-04,2,38217000,7090000,31127000,12054000,2058000,1,1,0,7090000.0,0.18551953,0.0,1,1,0
STU000629,Anh Bùi,2000-04-24,Female,john17@example.net,050581659,DEP002,Tài chính - Kế toán,2021-04-22,Active,,3,84992000,17159000,67833000,3105000,1371000,3,1,0,18293334.0,0.20188959,0.0,1,0,0
STU000630,Hạnh Đức Đặng,2000-03-12,Male,tle@example.net,0822912475,DEP007,Kỹ thuật điện,2025-05-04,Active,,0,0,0,0,0,0,0,0,0,0.0,1.0,0.0,0,0,0
STU000631,Quý Ông Châu Hoàng,2002-10-24,Other,john96@example.org,036286791,DEP010,Du lịch - Khách sạn,2019-11-12,Active,,3,43363000,40320000,8371000,12706000,0,4,4,0,10080000.0,0.92982495,0.0,1,0,0
STU000632,Nhật Vũ,2004-07-29,Female,xduong@example.org,030070259,DEP002,Tài chính - Kế toán,2023-09-24,Graduated,,3,69794000,71557000,16366000,0,0,5,5,0,14311400.0,1.0252601,0.0,1,0,0
STU000633,Anh Châu Vũ,2004-07-17,Other,jane48@example.net,0943877162,DEP002,Tài chính - Kế toán,2023-10-04,Dropped Out,2024-02-26,2,36242000,0,36242000,0,0,0,0,0,0.0,0.0,0.0,1,1,0
STU000634,Quý Ông Minh Dương,2004-12-23,Female,cvu@example.org,0730819402,DEP008,Kỹ thuật xây dựng,2022-02-13,Dropped Out,2023-11-07,1,14747000,0,14747000,13325000,1422000,0,0,0,0.0,0.0,0.0,1,1,0
STU000635,Lâm Mai Bảo Vũ,2004-09-07,Male,jane42@example.com,0858541122,DEP011,Truyền thông,2024-05-26,Active,,2,41625000,54607000,2253000,3288000,0,4,3,0,14693000.0,1.3118799,0.0,1,0,0
STU000636,Hoàng Tấn Bùi,1998-05-14,Male,jane31@example.net,056826839,DEP009,Công nghệ sinh học,2020-08-09,Active,,1,8711000,0,8711000,0,294000,0,0,0,0.0,0.0,0.0,1,0,0
STU000637,Phương Bảo Phạm,2005-04-18,Other,rnguyen@example.org,083233986,DEP001,Công nghệ thông tin,2024-10-12,Active,,2,33780000,44587000,960000,10921000,1254000,4,4,0,11146750.0,1.319923,0.0,1,0,0
STU000638,Ngọc Dương,2007-10-28,Female,qduong@example.org,0866058602,DEP011,Truyền thông,2023-01-19,Active,,1,24156000,0,24156000,2684000,0,0,0,0,0.0,0.0,0.0,1,0,0
STU000639,Thành Đặng,1999-08-04,Other,mtran@example.org,0480976291,DEP004,Kinh tế,2023-12-08,Active,,0,0,0,0,0,0,0,0,0,0.0,1.0,0.0,0,0,0
STU000640,Quý Cô Linh Dương,2003-03-18,Other,john63@example.org,042541036,DEP002,Tài chính - Kế toán,2025-06-08,Active,,3,73159000,0,73159000,0,0,0,0,0,0.0,0.0,0.0,1,0,0
STU000641,Chị Lan Hoàng,2000-01-18,Other,john50@example.net,077105437,DEP005,Luật,2022-08-01,Active,,1,7949000,0,7949000,7948000,0,0,0,0,0.0,0.0,0.0,1,0,0
STU000642,Nhật Thế Mai,2005-11-17,Male,umai@example.net,0349286373,DEP010,Du lịch - Khách sạn,2023-06-06,Active,,0,0,0,0,0,0,0,0,0,0.0,1.0,0.0,0,0,0
STU000643,Linh Mai,2001-11-13,Female,jane85@example.org,0400248308,DEP008,Kỹ thuật xây dựng,2025-03-25,Active,,2,49840000,12410000,37430000,3344000,716000,1,1,0,12410000.0,0.2489968,0.0,1,0,0
STU000644,Thành Đức Trần,2006-07-28,Other,jane21@example.net,062920295,DEP003,Quản trị kinh doanh,2024-05-21,Graduated,,3,68690000,68357000,21933000,2342000,0,3,3,0,22785666.0,0.9951521,0.0,1,0,0
STU000645,Bà Khoa Trần,1998-04-23,Other,jane62@example.com,0379328754,DEP007,Kỹ thuật điện,2020-04-28,Active,,1,22498000,8247000,14251000,0,0,2,1,0,12908500.0,0.3665659,0.0,1,0,0
STU000646,Anh Châu Mai,1998-07-22,Other,jane28@example.net,040967223,DEP009,Công nghệ sinh học,2021-12-11,Active,,1,29138000,8537000,20601000,0,711000,1,1,0,8537000.0,0.2929851,0.0,1,0,0
STU000647,Châu Mai,2006-12-12,Female,sdang@example.org,0350517984,DEP010,Du lịch - Khách sạn,2024-10-12,Active,,2,31610000,20314000,13488000,0,0,2,2,0,10157000.0,0.6426447,0.0,1,0,0
STU000648,Bảo Bùi,2007-01-13,Other,john41@example.net,068129345,DEP011,Truyền thông,2024-07-12,Active,,3,31844000,10595000,21249000,3018000,0,2,2,0,5297500.0,0.33271575,0.0,1,0,0
STU000649,Bà Mai Nguyễn,2003-07-02,Female,xbui@example.com,071144722,DEP012,Khoa học dữ liệu,2023-10-21,Active,,1,9962000,14343000,0,0,0,3,3,0,4781000.0,1.4397712,0.0,0,0,0
STU000650,Tú Dương,1998-08-27,Male,uduong@example.org,0779625551,DEP012,Khoa học dữ liệu,2020-11-19,Dropped Out,2022-05-27,2,51461000,23722000,27739000,0,1074000,2,2,0,11861000.0,0.46097043,0.0,1,1,0
STU000651,An Trí Đặng,2003-11-22,Female,qbui@example.net,0767926208,DEP004,Kinh tế,2021-11-01,Dropped Out,2022-04-13,4,97675000,30569000,67106000,7824000,0,4,3,1,11514500.0,0.31296647,0.25,1,1,1
STU000652,Cô An Bùi,1998-08-09,Other,john03@example.net,059141424,DEP006,Ngoại ngữ,2024-06-08,Dropped Out,2024-09-27,4,80609000,43817000,45047000,3661000,934000,6,5,0,8278000.0,0.5435745,0.0,1,1,0
STU000653,Hà Đặng,2000-12-12,Other,jane86@example.com,0857467401,DEP012,Khoa học dữ liệu,2023-04-14,Active,,1,7245000,0,7245000,6179000,1066000,0,0,0,0.0,0.0,0.0,1,0,0
STU000654,Cô Lan Phạm,2004-11-28,Other,cduong@example.net,0051917496,DEP006,Ngoại ngữ,2023-12-13,Active,,1,19338000,0,19338000,0,1302000,0,0,0,0.0,0.0,0.0,1,0,0
STU000655,Bác Trung Dương,1999-07-24,Other,qnguyen@example.net,035848386,DEP008,Kỹ thuật xây dựng,2022-01-08,Active,,5,91511000,55801000,37353000,17319000,411000,5,5,0,11160200.0,0.6097737,0.0,1,0,0
STU000656,Châu Hải Lê,2001-12-15,Male,jane49@example.net,027016908,DEP008,Kỹ thuật xây dựng,2022-03-04,Dropped Out,2023-03-07,1,28052000,81246000,0,0,0,2,2,0,40623000.0,2.896264,0.0,0,1,0
STU000657,Ngọc Hoàng,2002-06-08,Male,jane22@example.org,012976206,DEP005,Luật,2025-03-28,Active,,1,14228000,0,14228000,12890000,1337000,0,0,0,0.0,0.0,0.0,1,0,0
STU000658,Hồng Phạm,2005-06-13,Female,john70@example.org,043353632,DEP009,Công nghệ sinh học,2025-04-21,Active,,1,15221000,4875000,10346000,15220000,0,1,1,0,4875000.0,0.32028118,0.0,1,0,0
STU000659,Xuân Phạm,2005-08-10,Male,jane98@example.com,0065847960,DEP008,Kỹ thuật xây dựng,2023-03-23,Graduated,,0,0,0,0,0,0,0,0,0,0.0,1.0,0.0,0,0,0
STU000660,Huy Trí Lê,2001-08-07,Other,yduong@example.org,042407053,DEP006,Ngoại ngữ,2020-01-24,Dropped Out,2021-03-12,2,46375000,0,46375000,2057000,923000,0,0,0,0.0,0.0,0.0,1,1,0
STU000661,Ông Minh Trần,2002-03-27,Male,sdang@example.com,091424851,DEP005,Luật,2024-07-27,Active,,1,8828000,0,8828000,2942000,0,0,0,0,0.0,0.0,0.0,1,0,0
STU000662,Hải Hoàng,2001-10-16,Female,vle@example.net,0298448576,DEP010,Du lịch - Khách sạn,2022-11-19,Active,,1,15185000,0,15185000,1615000,651000,0,0,0,0.0,0.0,0.0,1,0,0
STU000663,Lâm Hoàng,2002-10-19,Male,john51@example.com,016417827,DEP001,Công nghệ thông tin,2020-08-23,Active,,5,50707000,31914000,33127000,14928000,1249000,5,5,0,6382800.0,0.6293806,0.0,1,0,0
STU000664,Phương Trần,2007-02-17,Other,ztran@example.org,096489647,DEP007,Kỹ thuật điện,2024-02-23,Active,,3,33666000,14467000,20675000,3158000,0,3,2,0,7941666.5,0.4297214,0.0,1,0,0
STU000665,Xuân Hoàng,2000-09-07,Female,cle@example.net,059785501,DEP006,Ngoại ngữ,2021-07-18,Graduated,,1,4864000,0,4864000,4046000,817000,0,0,0,0.0,0.0,0.0,1,0,0
STU000666,Trung Bùi,2005-06-26,Other,thoang@example.org,000247811,DEP008,Kỹ thuật xây dựng,2023-01-07,Active,,3,55099000,64529000,18576000,11517000,1466000,5,5,0,12905800.0,1.1711465,0.0,1,0,0
STU000667,Chi Lê,2006-04-01,Female,john94@example.org,034533750,DEP005,Luật,2020-05-10,Dropped Out,2021-12-29,2,53496000,121627000,0,0,0,5,5,0,24325400.0,2.273572,0.0,0,1,0
STU000668,Kim Thế Nguyễn,2001-04-01,Other,jane08@example.com,096041737,DEP002,Tài chính - Kế toán,2022-01-06,Active,,2,55062000,46192000,9493000,0,973000,3,3,0,15397333.0,0.83890885,0.0,1,0,0
STU000669,Quang Phạm,2001-10-06,Male,hpham@example.net,053719224,DEP011,Truyền thông,2025-04-10,Active,,2,57006000,73416000,6905000,0,1455000,5,4,1,17949000.0,1.2878644,0.2,1,0,0
STU000670,Hương Hoàng,2003-11-06,Male,ftran@example.net,0202419918,DEP011,Truyền thông,2022-12-13,Active,,0,0,0,0,0,0,0,0,0,0.0,1.0,0.0,0,0,0
STU000671,Cô Hồng Đặng,2004-12-01,Male,jane32@example.com,062212713,DEP012,Khoa học dữ liệu,2024-02-20,Dropped Out,2025-01-13,0,0,0,0,0,0,0,0,0,0.0,1.0,0.0,0,1,0
STU000672,Chị Bảo Nguyễn,2003-05-05,Other,vle@example.org,0419712017,DEP001,Công nghệ thông tin,2024-03-05,Graduated,,1,12687000,4702000,7985000,12688000,0,1,1,0,4702000.0,0.3706156,0.0,1,0,0
STU000673,Minh Nguyễn,1998-01-24,Female,gmai@example.com,015821748,DEP011,Truyền thông,2021-05-11,Graduated,,2,22684000,7592000,15092000,6488000,0,1,1,0,7592000.0,0.33468524,0.0,1,0,0
STU000674,Thành Nguyễn,2004-08-17,Female,jane07@example.com,009424946,DEP010,Du lịch - Khách sạn,2025-04-08,Active,,1,9628000,6481000,3147000,3210000,0,1,1,0,6481000.0,0.6731408,0.0,1,0,0
STU000675,Quý Ông Phúc Bùi,2001-02-22,Other,edang@example.net,0446574135,DEP005,Luật,2022-07-31,Active,,1,21494000,53721000,0,2388000,0,3,3,0,17907000.0,2.4993486,0.0,0,0,0
STU000676,Lâm Bảo Bùi,2004-12-29,Female,gvu@example.net,0457875399,DEP003,Quản trị kinh doanh,2020-06-21,Graduated,,4,35064000,17643000,18321000,12872000,0,5,4,0,4173200.0,0.50316566,0.0,1,0,0
STU000677,Quang Tấn Nguyễn,2005-09-02,Other,choang@example.com,0386946227,DEP008,Chưa phân ngành,2020-12-04,Suspended,,0,0,0,0,0,0,0,0,0,0.0,1.0,0.0,0,0,0
STU000678,Bà Nhật Đặng,2006-08-16,Other,ple@example.net,013787060,DEP012,Khoa học dữ liệu,2020-03-18,Graduated,,2,35022000,66819000,1805000,1246000,0,4,4,0,16704750.0,1.907915,0.0,1,0,0
STU000679,Hạnh Hoàng Mai,2003-06-22,Other,john64@example.com,0129475468,DEP011,Truyền thông,2023-12-03,Active,,1,7513000,12001000,0,7513000,0,2,2,0,6000500.0,1.5973645,0.0,0,0,0
STU000680,Lan Mai,2004-01-15,Female,john02@example.com,0765507750,DEP012,Khoa học dữ liệu,2023-09-13,Active,,4,59619000,39451000,20358000,14992000,753000,8,5,1,10889875.0,0.6617186,0.125,1,0,1
STU000681,Hạnh Hải Bùi,2001-05-28,Female,vvu@example.org,093404960,DEP001,Công nghệ thông tin,2025-05-21,Active,,2,38287000,7746000,30541000,12387000,1127000,2,1,0,13785500.0,0.20231411,0.0,1,0,0
STU000682,Chị Hồng Đặng,2007-06-24,Other,mmai@example.net,066656363,DEP003,Quản trị kinh doanh,2021-04-04,Active,,5,97140000,71054000,32352000,0,0,7,5,1,13058714.0,0.73145974,0.14285715,1,0,1
STU000683,Bà Hồng Hoàng,2006-09-10,Other,jmai@example.org,022345416,DEP001,Công nghệ thông tin,2024-12-27,Graduated,,1,6586000,4529000,2057000,2154000,124000,2,1,1,4481000.0,0.6876708,0.5,1,0,0
STU000684,Kim Hoàng,2000-01-15,Male,john05@example.net,0231926725,DEP005,Luật,2020-06-22,Active,,2,42097000,90292000,0,1217000,0,4,4,0,22573000.0,2.144856,0.0,0,0,0
STU000685,Hoàng Thị Hoàng,2001-09-15,Female,john48@example.net,0914783706,DEP007,Kỹ thuật điện,2021-12-02,Dropped Out,2022-09-02,0,0,0,0,0,0,0,0,0,0.0,1.0,0.0,0,1,0
STU000686,Cô Duyên Dương,2001-11-03,Other,ehoang@example.org,0974855176,DEP001,Công nghệ thông tin,2024-07-21,Graduated,,1,7756000,13226000,0,2220000,1095000,2,2,0,6613000.0,1.7052604,0.0,0,0,0
STU000687,Hạnh Đặng,2000-05-29,Other,dhoang@example.org,0552948529,DEP004,Kinh tế,2021-08-06,Graduated,,2,46386000,67950000,0,4022000,0,5,5,0,13590000.0,1.4648817,0.0,0,0,0
STU000688,Duyên Phạm,2003-09-12,Other,john50@example.com,0763265888,DEP004,Kinh tế,2021-08-27,Active,,1,15751000,15039000,712000,15750000,0,1,1,0,15039000.0,0.9547965,0.0,1,0,0
STU000689,Quý Ông Tùng Đặng,1999-04-11,Male,amai@example.org,0542023761,DEP007,Kỹ thuật điện,2025-06-20,Suspended,,2,39183000,48498000,6399000,1415000,0,4,3,0,13481250.0,1.2377306,0.0,1,0,0
STU000690,Anh Trọng Mai,2006-05-24,Female,john10@example.net,0320962010,DEP009,Công nghệ sinh học,2022-02-21,Suspended,,1,16664000,0,16664000,1852000,0,0,0,0,0.0,0.0,0.0,1,0,0
STU000691,Phương Lê,2004-04-05,Other,john67@example.com,078509808,DEP006,Ngoại ngữ,2024-03-22,Active,,3,56410000,20516000,35894000,3238000,908000,2,2,0,10258000.0,0.36369437,0.0,1,0,0
STU000692,Bà Bảo Phạm,2003-01-12,Female,upham@example.org,0928438246,DEP010,Du lịch - Khách sạn,2023-05-30,Active,,3,43069000,45799000,8885000,24225000,0,3,3,0,15266333.0,1.0633867,0.0,1,0,0
STU000693,Quý Ông Hưng Lê,1999-10-08,Female,jbui@example.org,0190366721,DEP003,Quản trị kinh doanh,2023-08-01,Graduated,,1,17472000,0,17472000,0,0,0,0,0,0.0,0.0,0.0,1,0,0
STU000694,Nhật Phạm,2006-12-05,Other,cpham@example.org,0294317069,DEP010,Du lịch - Khách sạn,2019-12-15,Graduated,,2,55661000,9674000,45987000,7111000,0,2,1,0,20936500.0,0.17380212,0.0,1,0,0
STU000695,Kim Hải Dương,2005-12-14,Female,john87@example.com,0514971549,DEP001,Công nghệ thông tin,2022-02-24,Active,,3,54950000,152461000,0,12843000,0,7,7,0,21780142.0,2.7745404,0.0,0,0,0
STU000696,Bà Bảo Lê,2007-09-29,Other,john15@example.net,0174262683,DEP009,Công nghệ sinh học,2021-06-21,Graduated,,1,31673000,22021000,9652000,0,756000,1,1,0,22021000.0,0.69526094,0.0,1,0,0
STU000697,Lâm Đặng,2003-02-22,Male,pbui@example.com,0217394526,DEP005,Luật,2023-03-30,Graduated,,3,33663000,25755000,10993000,3891000,0,3,3,0,8585000.0,0.7650833,0.0,1,0,0
STU000698,Phương Lê,2000-09-03,Male,jane11@example.net,0877905594,DEP010,Du lịch - Khách sạn,2023-09-03,Graduated,,0,0,0,0,0,0,0,0,0,0.0,1.0,0.0,0,0,0
STU000699,Hải Bùi,2002-03-26,Other,john33@example.com,007364104,DEP006,Ngoại ngữ,2020-10-10,Graduated,,2,42397000,27480000,14917000,4183000,0,3,1,0,16232333.0,0.6481591,0.0,1,0,0
STU000700,Bảo Văn Dương,2000-01-10,Female,ale@example.org,0063222393,DEP005,Luật,2025-06-21,Active,,3,38598000,2418000,36180000,10313000,0,2,1,1,16016500.0,0.06264573,0.5,1,0,1
STU000701,Bà Ngọc Vũ,2002-03-05,Female,jane69@example.org,097951493,DEP004,Kinh tế,2019-11-21,Dropped Out,2020-10-27,1,26017000,42078000,0,0,524000,2,2,0,21039000.0,1.6173271,0.0,0,1,0
STU000702,Hà Mai Trần,2001-09-19,Other,jane28@example.com,042497221,DEP002,Tài chính - Kế toán,2021-11-22,Active,,3,51689000,14205000,37484000,22186000,920000,2,1,0,13969500.0,0.2748167,0.0,1,0,0
STU000703,Mai Mai,2002-11-03,Female,qmai@example.com,0088491481,DEP005,Luật,2022-03-06,Active,,1,17187000,0,17187000,5729000,0,0,0,0,0.0,0.0,0.0,1,0,0
STU000704,An Mai Bảo Phạm,2001-07-03,Female,jane89@example.com,0042025206,DEP011,Truyền thông,2019-10-27,Dropped Out,2021-07-23,2,23868000,3294000,20574000,2162000,896000,3,1,0,7862666.5,0.13800906,0.0,1,1,0
STU000705,Ông Minh Đặng,1999-05-12,Other,htran@example.net,068671937,DEP010,Du lịch - Khách sạn,2023-07-11,Active,,1,18435000,0,18435000,2048000,0,0,0,0,0.0,0.0,0.0,1,0,0
STU000706,Quang Hoàng Vũ,2001-06-11,Female,rbui@example.com,0694591613,DEP009,Công nghệ sinh học,2022-03-29,Active,,0,0,0,0,0,0,0,0,0,0.0,1.0,0.0,0,0,0
STU000707,Bà Kim Lê,2007-08-03,Male,tbui@example.org,0517264617,DEP011,Truyền thông,2022-06-07,Active,,1,20618000,34245000,0,0,0,4,4,0,8561250.0,1.6609273,0.0,0,0,0
STU000708,Hoàng Dương,2001-06-19,Female,jane40@example.org,0501536186,DEP001,Công nghệ thông tin,2020-05-08,Suspended,,3,77222000,29884000,47338000,8676000,765000,3,3,0,9961333.0,0.38698816,0.0,1,0,0
STU000709,Bà Khoa Nguyễn,2000-11-18,Male,jane05@example.com,0945210407,DEP001,Công nghệ thông tin,2025-04-14,Active,,0,0,0,0,0,0,0,0,0,0.0,1.0,0.0,0,0,0
STU000710,Khoa Mai Bảo Bùi,1999-11-24,Male,jane63@example.org,0412041466,DEP008,Kỹ thuật xây dựng,2022-03-19,Active,,3,48485000,7727000,40758000,4389000,0,1,1,0,7727000.0,0.15936887,0.0,1,0,0
STU000711,An Mai Trần,2002-12-31,Other,jane83@example.net,072691672,DEP003,Quản trị kinh doanh,2023-01-25,Active,,4,72508000,22714000,49794000,0,664000,3,3,0,7571333.5,0.313262,0.0,1,0,0
STU000712,Bà Khoa Phạm,1999-04-12,Other,tnguyen@example.com,0603615459,DEP002,Tài chính - Kế toán,2023-08-20,Active,,5,73424000,103356000,18859000,22685000,2554000,12,11,1,9370083.0,1.4076596,0.083333336,1,0,0
STU000713,Dương Phạm,2007-09-07,Female,xpham@example.org,0334317494,DEP011,Truyền thông,2024-04-30,Dropped Out,2025-07-03,3,65305000,106693000,62000,17588000,573000,6,6,0,17782166.0,1.6337646,0.0,1,1,0
STU000714,Bà Vân Dương,1998-12-25,Male,mbui@example.net,0000324061,DEP011,Truyền thông,2023-11-29,Active,,3,53151000,14687000,43424000,12963000,1049000,2,2,0,7343500.0,0.27632594,0.0,1,0,0
STU000715,Linh Mai,2006-05-15,Male,xnguyen@example.net,0257696253,DEP011,Truyền thông,2022-07-25,Graduated,,2,44758000,59932000,507000,1457000,709000,3,3,0,19977334.0,1.3390232,0.0,1,0,0
STU000716,Nhật Đức Hoàng,2002-08-19,Other,jane66@example.org,051735024,DEP002,Tài chính - Kế toán,2020-08-18,Active,,2,46297000,0,46297000,5789000,1112000,0,0,0,0.0,0.0,0.0,1,0,0
STU000717,Huy Trần,2007-08-30,Other,john60@example.net,023866503,DEP010,Du lịch - Khách sạn,2024-10-19,Suspended,,1,24152000,0,24152000,2684000,0,0,0,0,0.0,0.0,0.0,1,0,0
STU000718,Cô Duyên Mai,1998-09-10,Female,jane81@example.org,0830505857,DEP001,Công nghệ thông tin,2025-06-17,Suspended,,1,23463000,9416000,14047000,0,0,1,1,0,9416000.0,0.4013127,0.0,1,0,0
STU000719,Bà Khoa Đặng,1999-05-21,Other,svu@example.net,0864522234,DEP012,Khoa học dữ liệu,2019-08-07,Active,,2,21517000,49502000,6932000,8022000,531000,5,5,0,9900400.0,2.3005996,0.0,1,0,0
STU000720,Thảo Mai,1999-05-28,Other,smai@example.org,003379780,DEP010,Du lịch - Khách sạn,2023-05-03,Active,,0,0,0,0,0,0,0,0,0,0.0,1.0,0.0,0,0,0
STU000721,Nam Trần,2003-06-05,Other,jane02@example.org,0192896055,DEP007,Kỹ thuật điện,2024-06-03,Active,,0,0,0,0,0,0,0,0,0,0.0,1.0,0.0,0,0,0
STU000722,Yến Hoàng,2000-10-13,Other,enguyen@example.com,0454367421,DEP010,Du lịch - Khách sạn,2024-11-28,Active,,2,20143000,9683000,10460000,8228000,0,2,2,0,4841500.0,0.4807129,0.0,1,0,0
STU000723,Mai Mai,1998-05-29,Female,gdang@example.net,015486785,DEP009,Công nghệ sinh học,2022-08-15,Active,,1,9876000,4653000,5223000,3292000,0,1,1,0,4653000.0,0.47114217,0.0,1,0,0
STU000724,Phương Bảo Bùi,2007-02-12,Other,sle@example.org,0902288807,DEP002,Tài chính - Kế toán,2022-09-27,Active,,1,21092000,0,21092000,7031000,0,0,0,0,0.0,0.0,0.0,1,0,0
STU000725,Khoa Bùi,2007-06-29,Female,john76@example.org,0927212418,DEP004,Kinh tế,2023-06-29,Active,,2,57648000,8813000,48835000,0,153000,2,1,1,15606000.0,0.15287608,0.5,1,0,1
STU000726,Ngọc Dương,1998-06-17,Other,evu@example.net,0701674126,DEP007,Kỹ thuật điện,2019-12-10,Suspended,,3,74419000,8905000,65514000,7698000,0,2,1,0,9381500.0,0.1196603,0.0,1,0,0
STU000727,Bảo Trần,2000-04-16,Female,john64@example.net,0172082551,DEP011,Truyền thông,2024-07-01,Active,,2,30986000,37814000,3074000,2104000,0,4,3,1,10590750.0,1.2203575,0.25,1,0,0
STU000728,Xuân Dương,2003-06-19,Female,ghoang@example.com,0394820206,DEP003,Chưa phân ngành,2020-04-10,Suspended,,4,68773000,0,68773000,19737000,198000,1,0,1,19889000.0,0.0,1.0,1,0,1
STU000729,An Hoàng Nguyễn,2005-07-12,Female,ipham@example.org,0603088601,DEP003,Quản trị kinh doanh,2022-06-18,Dropped Out,2024-06-02,3,57655000,34640000,36383000,9135000,575000,5,5,0,6928000.0,0.6008152,0.0,1,1,0
STU000730,Hạnh Dương,2007-02-27,Male,john20@example.org,020786155,DEP005,Luật,2019-10-27,Active,,1,8883000,15254000,0,0,673000,2,2,0,7627000.0,1.7172127,0.0,0,0,0
STU000731,Yến Mai,2001-08-20,Male,vnguyen@example.net,075866418,DEP010,Du lịch - Khách sạn,2021-02-11,Dropped Out,2022-07-30,0,0,0,0,0,0,0,0,0,0.0,1.0,0.0,0,1,0
STU000732,Nhiên Hoàng,1998-11-26,Other,bduong@example.net,065149937,DEP003,Quản trị kinh doanh,2020-11-22,Active,,1,29632000,0,29632000,0,0,0,0,0,0.0,0.0,0.0,1,0,0
STU000733,Tú Bảo Phạm,2006-08-10,Other,mpham@example.net,0887968797,DEP008,Kỹ thuật xây dựng,2023-01-23,Suspended,,0,0,0,0,0,0,0,0,0,0.0,1.0,0.0,0,0,0
STU000734,Chị Lan Nguyễn,1998-11-11,Male,lbui@example.com,052818211,DEP006,Ngoại ngữ,2020-10-19,Graduated,,5,96654000,80528000,53066000,20510000,1555000,8,7,0,10662500.0,0.8331574,0.0,1,0,0
STU000735,Dương Hoàng,1999-06-14,Female,john86@example.com,0104425882,DEP008,Kỹ thuật xây dựng,2023-10-09,Graduated,,2,49303000,111417000,0,0,1081000,7,6,0,18075000.0,2.2598422,0.0,0,0,0
STU000736,Nam Đức Hoàng,2007-07-11,Male,john22@example.net,091314963,DEP010,Du lịch - Khách sạn,2021-07-28,Active,,0,0,0,0,0,0,0,0,0,0.0,1.0,0.0,0,0,0
STU000737,Yến Dương,2007-08-31,Male,hduong@example.org,096130147,DEP004,Kinh tế,2020-04-13,Active,,1,16970000,10349000,6621000,0,0,1,1,0,10349000.0,0.60984087,0.0,1,0,0
STU000738,Anh Nhiên Lê,1998-04-05,Male,john92@example.org,038376203,DEP012,Khoa học dữ liệu,2025-04-18,Graduated,,3,58695000,35855000,23725000,0,1122000,5,4,1,7919200.0,0.61086977,0.2,1,0,1
STU000739,An Thế Phạm,2001-01-09,Female,vmai@example.net,046619166,DEP004,Kinh tế,2025-06-13,Active,,5,121373000,106133000,85043000,7446000,0,5,5,0,21226600.0,0.8744367,0.0,1,0,0
STU000740,Anh Quang Hoàng,1999-01-27,Female,ctran@example.org,0860319923,DEP011,Truyền thông,2020-08-17,Active,,0,0,0,0,0,0,0,0,0,0.0,1.0,0.0,0,0,0
STU000741,Huy Bảo Mai,1998-08-26,Female,kle@example.net,0236612172,DEP003,Quản trị kinh doanh,2023-10-15,Active,,3,63459000,0,63459000,12768000,0,1,0,0,8751000.0,0.0,0.0,1,0,0
STU000742,Quý Cô Xuân Vũ,2002-07-18,Other,jane67@example.net,099030780,DEP002,Tài chính - Kế toán,2020-04-20,Graduated,,5,104065000,93331000,29382000,2053000,0,8,7,0,14125250.0,0.8968529,0.0,1,0,0
STU000743,Bà Hải Lê,1999-06-23,Other,jane96@example.net,0479474597,DEP006,Ngoại ngữ,2020-02-06,Active,,2,65660000,78485000,6875000,0,1248000,3,3,0,26161666.0,1.1953244,0.0,1,0,0
STU000744,Ngọc Bùi,1998-12-31,Male,john66@example.com,042809870,DEP002,Tài chính - Kế toán,2021-10-27,Active,,3,51631000,19477000,32154000,16749000,0,2,2,0,9738500.0,0.3772346,0.0,1,0,0
STU000745,Kim Trí Phạm,2002-04-12,Male,jane49@example.com,045617463,DEP005,Luật,2022-03-10,Active,,2,36520000,0,36520000,17614000,0,0,0,0,0.0,0.0,0.0,1,0,0
STU000746,Khoa Lê,2003-05-01,Other,jane13@example.org,0019844749,DEP004,Kinh tế,2025-06-20,Suspended,,3,51636000,53346000,13571000,0,0,6,5,0,10367333.0,1.0331165,0.0,1,0,0
STU000747,Chị Khoa Trần,2003-04-19,Female,atran@example.net,0021802401,DEP008,Kỹ thuật xây dựng,2024-03-02,Active,,3,70912000,79015000,15021000,0,1036000,4,4,0,19753750.0,1.1142684,0.0,1,0,0
STU000748,Hoàng Hải Bùi,2003-07-31,Female,john52@example.net,0084819582,DEP006,Ngoại ngữ,2022-01-27,Active,,5,86977000,112680000,14062000,11205000,1263000,8,8,0,14085000.0,1.295515,0.0,1,0,0
STU000749,Ông Trọng Trần,2006-05-11,Female,pbui@example.org,041282489,DEP011,Truyền thông,2021-05-02,Dropped Out,2023-02-08,3,54697000,0,54697000,1758000,0,2,0,0,11078500.0,0.0,0.0,1,1,0
STU000750,Huy Phạm,2004-04-29,Other,john14@example.org,045490713,DEP004,Kinh tế,2025-03-06,Graduated,,3,64501000,18652000,45849000,2353000,0,1,1,0,18652000.0,0.2891738,0.0,1,0,0
STU000751,Nhật Mai Vũ,1998-08-25,Male,john84@example.net,0141037748,DEP005,Luật,2022-03-16,Active,,1,15525000,0,15525000,0,0,0,0,0,0.0,0.0,0.0,1,0,0
STU000752,Bảo Phạm,2001-10-26,Other,jdang@example.org,0393008544,DEP007,Kỹ thuật điện,2023-07-01,Active,,2,35709000,0,35709000,20639000,0,0,0,0,0.0,0.0,0.0,1,0,0
STU000753,Hạnh Vũ,2003-05-06,Other,jane80@example.org,090830892,DEP011,Truyền thông,2024-10-12,Active,,3,26949000,16992000,11064000,11819000,0,3,3,0,5664000.0,0.63052434,0.0,1,0,0
STU000754,Phương Xuân Vũ,2000-10-07,Male,fhoang@example.org,089050309,DEP004,Kinh tế,2021-11-27,Graduated,,2,47100000,15905000,31195000,0,1323000,2,1,1,14879000.0,0.33768576,0.5,1,0,1
STU000755,Bảo Thị Lê,2003-06-11,Other,john12@example.org,0083372962,DEP012,Khoa học dữ liệu,2021-09-03,Active,,3,49668000,68475000,13649000,21504000,2256000,4,4,0,17118750.0,1.3786542,0.0,1,0,0
STU000756,Yến Dương,1998-01-23,Male,jane87@example.org,0513398831,DEP001,Công nghệ thông tin,2020-07-09,Active,,1,17024000,0,17024000,5674000,0,0,0,0,0.0,0.0,0.0,1,0,0
STU000757,Bảo Dương,2001-11-26,Male,nbui@example.org,0983314242,DEP010,Du lịch - Khách sạn,2023-04-10,Active,,1,19661000,10390000,9271000,2185000,0,1,1,0,10390000.0,0.52845734,0.0,1,0,0
STU000758,Huy Văn Lê,1998-02-14,Male,mbui@example.com,085410482,DEP006,Ngoại ngữ,2024-04-26,Active,,0,0,0,0,0,0,0,0,0,0.0,1.0,0.0,0,0,0
STU000759,Nhiên Lê,2004-12-24,Male,ale@example.com,027844485,DEP001,Công nghệ thông tin,2024-07-29,Active,,1,34413000,30144000,4269000,0,657000,2,2,0,15072000.0,0.8759481,0.0,1,0,0
STU000760,Ông Hoàng Mai,2002-03-10,Female,gpham@example.net,0913614196,DEP012,Chưa phân ngành,2019-10-31,Active,,5,146042000,61837000,92189000,0,1449000,4,4,0,15459250.0,0.4234193,0.0,1,0,0
STU000761,Hưng Nguyễn,2007-11-13,Male,gtran@example.org,0906562167,DEP008,Kỹ thuật xây dựng,2020-03-16,Dropped Out,2020-09-02,2,54004000,56647000,21292000,7097000,1164000,3,3,0,18882334.0,1.0489408,0.0,1,1,0
STU000762,Bảo Thế Vũ,2001-01-08,Female,john82@example.net,056454606,DEP001,Công nghệ thông tin,2024-07-23,Dropped Out,2027-01-05,1,29956000,0,29956000,0,0,0,0,0,0.0,0.0,0.0,1,1,0
STU000763,Bà Lâm Lê,1998-07-07,Other,edang@example.org,0595960057,DEP007,Kỹ thuật điện,2021-05-15,Dropped Out,2021-08-27,0,0,0,0,0,0,0,0,0,0.0,1.0,0.0,0,1,0
STU000764,Hương Nguyễn,2001-06-23,Male,obui@example.org,006346851,DEP002,Tài chính - Kế toán,2022-12-20,Active,,2,25963000,31955000,3404000,1495000,118000,3,3,0,10651667.0,1.23079,0.0,1,0,0
STU000765,Quý Cô Bảo Hoàng,2001-09-29,Other,qpham@example.org,0171874068,DEP011,Truyền thông,2023-10-11,Active,,1,18252000,25453000,0,2028000,0,2,2,0,12726500.0,1.3945321,0.0,0,0,0
STU000766,Quý Ông Hoàng Nguyễn,2004-07-11,Female,john59@example.net,037473334,DEP002,Tài chính - Kế toán,2024-05-04,Active,,1,10514000,28832000,0,10514000,0,1,1,0,28832000.0,2.7422485,0.0,0,0,0
STU000767,Bà Lâm Dương,2002-02-12,Other,jane73@example.net,019618287,DEP012,Khoa học dữ liệu,2025-08-23,Dropped Out,2026-06-11,3,45742000,18805000,26937000,6743000,252000,4,2,0,8414000.0,0.41111013,0.0,1,1,0
STU000768,Quý Cô Nhật Trần,2006-01-12,Other,john21@example.com,062586177,DEP010,Du lịch - Khách sạn,2023-09-18,Suspended,,1,31941000,30415000,1526000,0,0,1,1,0,30415000.0,0.95222443,0.0,1,0,0
STU000769,Kim Hải Đặng,2004-03-26,Other,john70@example.net,056289813,DEP003,Quản trị kinh doanh,2024-07-10,Active,,0,0,0,0,0,0,0,0,0,0.0,1.0,0.0,0,0,0
STU000770,Quý Ông Tú Lê,2006-09-25,Other,vvu@example.net,025481545,DEP004,Kinh tế,2024-04-13,Graduated,,3,84182000,38502000,45680000,9354000,0,3,3,0,12834000.0,0.45736617,0.0,1,0,0
STU000771,Minh Thị Lê,2000-09-12,Female,dmai@example.com,093120216,DEP009,Công nghệ sinh học,2022-12-21,Active,,1,25255000,37388000,0,2806000,0,2,2,0,18694000.0,1.4804198,0.0,0,0,0
STU000772,Lâm Phạm,1999-04-06,Male,knguyen@example.com,004055100,DEP007,Kỹ thuật điện,2025-09-02,Dropped Out,2027-10-31,5,124010000,43012000,86274000,10793000,1035000,5,3,1,13361800.0,0.346843,0.2,1,1,1
STU000773,Hà Hải Dương,2000-12-22,Other,qduong@example.net,0807450082,DEP004,Kinh tế,2023-09-24,Active,,2,47220000,6548000,40672000,0,0,2,1,1,6265500.0,0.13867006,0.5,1,0,1
STU000774,Nhật Lê,2004-12-23,Male,bbui@example.org,0498552441,DEP010,Du lịch - Khách sạn,2025-03-21,Suspended,,2,55166000,30738000,24428000,0,0,2,2,0,15369000.0,0.557191,0.0,1,0,0
STU000775,Hà Đặng,2007-09-16,Male,ctran@example.com,0803333058,DEP006,Ngoại ngữ,2020-08-19,Active,,2,46787000,48415000,16919000,5187000,107000,4,2,1,21953750.0,1.034796,0.25,1,0,1
STU000776,Bà Lan Lê,2002-09-14,Female,jane52@example.org,0464943871,DEP001,Công nghệ thông tin,2021-03-03,Suspended,,1,11493000,11101000,392000,3550000,842000,2,2,0,5550500.0,0.96589226,0.0,1,0,0
STU000777,Hạnh Phạm,1998-04-06,Male,john74@example.org,0135718414,DEP012,Khoa học dữ liệu,2021-06-06,Active,,2,21556000,0,21556000,6856000,989000,0,0,0,0.0,0.0,0.0,1,0,0
STU000778,Khoa Bùi,2002-10-12,Other,evu@example.com,020194541,DEP003,Quản trị kinh doanh,2025-05-28,Active,,1,11585000,0,11585000,0,0,0,0,0,0.0,0.0,0.0,1,0,0
STU000779,Chị Nhật Bùi,2006-02-09,Female,tnguyen@example.org,0694287979,DEP006,Ngoại ngữ,2021-08-31,Active,,2,63780000,41929000,28936000,3215000,0,2,2,0,20964500.0,0.6574004,0.0,1,0,0
STU000780,Quý Ông Tú Lê,2003-05-21,Male,hduong@example.net,0957521535,DEP003,Quản trị kinh doanh,2025-02-09,Graduated,,1,20821000,8174000,12647000,0,430000,1,1,0,8174000.0,0.3925844,0.0,1,0,0
STU000781,Hà Hoàng,2007-12-04,Other,john00@example.com,0255431800,DEP007,Kỹ thuật điện,2020-03-05,Active,,2,39692000,18516000,21176000,14068000,0,1,1,0,18516000.0,0.466492,0.0,1,0,0
STU000782,Quý Ông Quang Bùi,2000-05-01,Female,nmai@example.com,064934487,DEP008,Kỹ thuật xây dựng,2021-02-15,Active,,0,0,0,0,0,0,0,0,0,0.0,1.0,0.0,0,0,0
STU000783,Quang Phú Nguyễn,1998-06-21,Female,jane25@example.com,0726743458,DEP003,Quản trị kinh doanh,2024-01-22,Suspended,,2,19492000,42095000,6458000,6458000,1115000,5,5,0,8419000.0,2.1596038,0.0,1,0,0
STU000784,Lâm Đức Mai,2000-06-22,Female,wduong@example.com,0525090428,DEP009,Công nghệ sinh học,2023-06-19,Dropped Out,2025-08-26,1,21480000,5604000,15876000,0,0,1,1,0,5604000.0,0.26089385,0.0,1,1,0
STU000785,Khoa Lê,2006-02-15,Male,xpham@example.net,044903906,DEP001,Công nghệ thông tin,2020-08-02,Active,,1,31023000,0,31023000,0,0,0,0,0,0.0,0.0,0.0,1,0,0
STU000786,Chị Vân Vũ,2003-03-14,Male,hvu@example.net,0498125683,DEP008,Kỹ thuật xây dựng,2020-01-27,Dropped Out,2020-05-08,0,0,0,0,0,0,0,0,0,0.0,1.0,0.0,0,1,0
STU000787,Quý Cô Nhật Hoàng,1999-02-21,Female,zvu@example.net,0100646633,DEP008,Kỹ thuật xây dựng,2021-11-07,Graduated,,0,0,0,0,0,0,0,0,0,0.0,1.0,0.0,0,0,0
STU000788,Hương Trần,2006-10-12,Male,jane78@example.net,097582652,DEP011,Truyền thông,2024-07-23,Dropped Out,2024-12-02,2,44319000,89359000,13034000,0,0,6,6,0,14893167.0,2.0162685,0.0,1,1,0
STU000789,Chị Phương Hoàng,2006-12-22,Other,jane06@example.net,085471587,DEP003,Quản trị kinh doanh,2021-05-17,Active,,0,0,0,0,0,0,0,0,0,0.0,1.0,0.0,0,0,0
STU000790,Khoa Đặng,2006-04-23,Other,rdang@example.net,012205626,DEP001,Công nghệ thông tin,2023-07-10,Graduated,,0,0,0,0,0,0,0,0,0,0.0,1.0,0.0,0,0,0
STU000791,Anh Hữu Trần,2000-12-06,Male,jane45@example.net,035514405,DEP009,Công nghệ sinh học,2024-05-15,Active,,5,86141000,40372000,45769000,21705000,0,5,5,0,8074400.0,0.46867347,0.0,1,0,0
STU000792,Anh Châu Nguyễn,1999-08-27,Other,lbui@example.net,042845097,DEP010,Du lịch - Khách sạn,2023-03-03,Graduated,,3,52123000,23510000,28613000,27916000,0,3,2,0,11749333.0,0.4510485,0.0,1,0,0
STU000793,Quý Cô Hà Nguyễn,1998-10-10,Male,umai@example.org,049420334,DEP012,Khoa học dữ liệu,2023-10-03,Active,,3,85808000,9071000,76737000,2543000,0,2,1,1,12995500.0,0.10571276,0.5,1,0,1
STU000794,Phương Phú Lê,2005-06-02,Male,jdang@example.net,0236699093,DEP011,Truyền thông,2024-06-01,Suspended,,1,28358000,9221000,19137000,0,1379000,1,1,0,9221000.0,0.32516396,0.0,1,0,0
STU000795,Anh Hưng Bùi,2001-04-24,Other,john96@example.com,0621173036,DEP011,Truyền thông,2024-03-31,Active,,0,0,0,0,0,0,0,0,0,0.0,1.0,0.0,0,0,0
STU000796,Lâm Hải Đặng,2005-08-07,Female,hvu@example.com,043363375,DEP001,Công nghệ thông tin,2020-02-14,Active,,3,39340000,55454000,2863000,12215000,1298000,8,7,0,7093750.0,1.4096085,0.0,1,0,0
STU000797,Hương Trần,2005-06-12,Other,zle@example.net,052907667,DEP006,Ngoại ngữ,2020-07-30,Active,,1,5041000,5453000,0,5041000,0,2,2,0,2726500.0,1.0817298,0.0,0,0,0
STU000798,Chị Ánh Vũ,2003-06-28,Male,inguyen@example.net,0459627875,DEP001,Công nghệ thông tin,2019-09-07,Dropped Out,2020-03-19,0,0,0,0,0,0,0,0,0,0.0,1.0,0.0,0,1,0
STU000799,Lâm Trần,2004-11-08,Female,ltran@example.net,0131573573,DEP010,Du lịch - Khách sạn,2019-12-13,Active,,3,46776000,22793000,23983000,5213000,673000,2,2,0,11396500.0,0.4872798,0.0,1,0,0
STU000800,Hải Trần,2005-09-02,Other,john62@example.com,0994844688,DEP004,Kinh tế,2023-09-12,Active,,1,31956000,26852000,5104000,0,0,1,1,0,26852000.0,0.8402804,0.0,1,0,0
STU000801,Hạnh Hoàng,1999-08-29,Male,jhoang@example.com,073714209,DEP009,Công nghệ sinh học,2021-05-03,Dropped Out,2022-06-11,3,42464000,66788000,19966000,13725000,0,6,6,0,11131333.0,1.5728146,0.0,1,1,0
STU000802,Cô Lan Hoàng,1999-03-13,Female,kvu@example.com,008576356,DEP009,Công nghệ sinh học,2024-08-21,Graduated,,2,20366000,16253000,4113000,20365000,0,2,2,0,8126500.0,0.79804575,0.0,1,0,0
STU000803,Chị Linh Đặng,2003-08-03,Other,john99@example.com,0908673997,DEP005,Luật,2019-08-29,Suspended,,3,53096000,78528000,0,2988000,586000,6,6,0,13088000.0,1.4789815,0.0,0,0,0
STU000804,Hải Đức Hoàng,2001-02-24,Other,ule@example.net,0334268421,DEP005,Luật,2022-06-10,Dropped Out,2024-11-01,1,10413000,0,10413000,3178000,877000,1,0,0,4005000.0,0.0,0.0,1,1,0
STU000805,Ánh Nguyễn,1999-05-26,Other,jane83@example.com,044856340,DEP008,Kỹ thuật xây dựng,2023-02-24,Active,,2,50588000,67473000,3260000,0,0,3,3,0,22491000.0,1.3337748,0.0,1,0,0
STU000806,Anh Quang Đặng,2004-07-25,Other,opham@example.net,0916111668,DEP001,Công nghệ thông tin,2023-06-05,Active,,1,15311000,20404000,0,1701000,0,4,3,0,11833500.0,1.3326367,0.0,0,0,0
STU000807,Cô Ánh Nguyễn,2003-08-15,Female,fduong@example.org,026357341,DEP012,Khoa học dữ liệu,2024-07-05,Suspended,,1,19286000,10099000,9187000,6090000,1014000,1,1,0,10099000.0,0.5236441,0.0,1,0,0
STU000808,Khoa Trần,2005-02-19,Female,bpham@example.org,0720593747,DEP012,Khoa học dữ liệu,2022-12-19,Active,,2,25342000,30627000,146000,14610000,0,4,3,1,9890250.0,1.2085471,0.25,1,0,0
STU000809,Cô Hải Bùi,2005-03-15,Female,john37@example.org,0592215510,DEP005,Luật,2024-11-16,Active,,3,42471000,0,42471000,1544000,0,0,0,0,0.0,0.0,0.0,1,0,0
STU000810,Dương Nguyễn,2004-09-02,Male,stran@example.com,0714507944,DEP005,Luật,2020-03-24,Active,,5,109513000,112455000,15014000,11938000,1321000,9,8,0,14687444.0,1.0268644,0.0,1,0,0
STU000811,Vũ Văn Dương,2004-05-16,Other,jane53@example.com,0285836495,DEP006,Ngoại ngữ,2024-10-01,Active,,2,60156000,24646000,35510000,0,1620000,1,1,0,24646000.0,0.40970144,0.0,1,0,0
STU000812,Vi Đặng,2006-04-08,Male,john62@example.org,0096900449,DEP001,Công nghệ thông tin,2025-07-16,Graduated,,2,43327000,0,43327000,2516000,0,0,0,0,0.0,0.0,0.0,1,0,0
STU000813,Tùng Bùi,1999-10-23,Other,ule@example.org,0022512814,DEP005,Luật,2021-03-16,Graduated,,2,27614000,0,27614000,0,797000,1,0,1,6792000.0,0.0,1.0,1,0,1
STU000814,Châu Thế Đặng,2007-11-21,Male,jane57@example.com,0339071288,DEP004,Kinh tế,2021-01-09,Active,,1,16471000,7977000,8494000,16194000,276000,1,1,0,7977000.0,0.48430574,0.0,1,0,0
STU000815,Bác Bảo Mai,2004-01-03,Female,jane33@example.org,0422492424,DEP005,Luật,2021-09-15,Dropped Out,2023-07-21,2,17968000,5421000,12547000,17302000,667000,1,1,0,5421000.0,0.30170304,0.0,1,1,0
STU000816,An Đặng,2006-06-15,Male,obui@example.net,0867153078,DEP011,Truyền thông,2021-10-07,Active,,2,17729000,6311000,11418000,17729000,0,1,1,0,6311000.0,0.35597044,0.0,1,0,0
STU000817,Hà Hải Trần,2005-07-30,Male,xle@example.com,0019086285,DEP010,Du lịch - Khách sạn,2024-12-12,Active,,2,39828000,32532000,7296000,6981000,0,2,1,0,17190000.0,0.8168123,0.0,1,0,0
STU000818,Bảo Nguyễn,1999-08-07,Female,jane54@example.net,005223185,DEP007,Kỹ thuật điện,2025-07-29,Active,,5,122536000,67945000,54591000,32920000,1069000,5,5,0,13589000.0,0.5544901,0.0,1,0,0
STU000819,Hải Hải Phạm,2006-05-08,Female,mpham@example.com,0149439253,DEP007,Kỹ thuật điện,2021-06-09,Active,,1,12513000,0,12513000,0,1299000,0,0,0,0.0,0.0,0.0,1,0,0
STU000820,Yến Dương,1999-05-03,Female,jane12@example.com,0707670922,DEP004,Kinh tế,2019-09-24,Active,,2,39750000,0,39750000,1766000,0,0,0,0,0.0,0.0,0.0,1,0,0
STU000821,Nhật Mai Bảo Phạm,2005-02-09,Other,john75@example.com,0477228568,DEP004,Kinh tế,2021-01-05,Active,,3,59007000,65443000,16569000,936000,469000,6,6,0,10907167.0,1.1090719,0.0,1,0,0
STU000822,Quang Nguyễn,1999-01-29,Other,jane97@example.org,0628429503,DEP006,Ngoại ngữ,2023-09-17,Dropped Out,2024-09-17,3,69951000,53712000,19931000,1717000,524000,7,4,2,16049571.0,0.76785177,0.2857143,1,1,1
STU000823,Châu Thế Lê,1998-04-28,Male,jane18@example.org,042114059,DEP010,Du lịch - Khách sạn,2021-10-01,Graduated,,2,24642000,65311000,173000,11548000,0,3,3,0,21770334.0,2.6503937,0.0,1,0,0
STU000824,Dũng Hữu Dương,2005-08-03,Female,john64@example.org,0477698885,DEP003,Quản trị kinh doanh,2021-02-19,Suspended,,3,58964000,54792000,18414000,1834000,1278000,6,6,0,9132000.0,0.92924494,0.0,1,0,0
STU000825,Anh Bùi,2002-10-29,Female,jane45@example.com,0809212296,DEP011,Truyền thông,2022-03-05,Dropped Out,2024-02-20,4,75365000,76728000,31384000,7124000,745000,8,8,0,9591000.0,1.0180854,0.0,1,1,0
STU000826,Nhật Trần,2006-06-29,Other,qtran@example.net,006483872,DEP003,Quản trị kinh doanh,2022-11-30,Graduated,,3,72282000,9753000,62529000,13137000,723000,1,1,0,9753000.0,0.13492985,0.0,1,0,0
STU000827,Cô Hạnh Hoàng,1999-11-22,Male,tdang@example.com,062382416,DEP011,Truyền thông,2019-12-14,Graduated,,0,0,0,0,0,0,0,0,0,0.0,1.0,0.0,0,0,0
STU000828,Bác Anh Phạm,2005-01-29,Male,nhoang@example.com,0919070868,DEP010,Du lịch - Khách sạn,2023-07-13,Active,,3,41211000,47707000,10642000,2154000,572000,5,5,0,9541400.0,1.1576278,0.0,1,0,0
STU000829,Anh Nhiên Mai,1998-07-04,Other,john88@example.net,0888394242,DEP004,Kinh tế,2021-09-06,Graduated,,1,12981000,0,12981000,12981000,0,0,0,0,0.0,0.0,0.0,1,0,0
STU000830,Quý Cô Bảo Hoàng,2002-03-24,Other,jane10@example.com,0359887851,DEP008,Kỹ thuật xây dựng,2024-12-21,Active,,1,19829000,24583000,0,0,1334000,3,2,0,14119000.0,1.2397499,0.0,0,0,0
STU000831,Nhật Trí Đặng,1998-10-12,Male,sbui@example.com,0289561321,DEP010,Du lịch - Khách sạn,2020-02-24,Active,,4,55808000,68047000,36476000,18211000,1297000,5,5,0,13609400.0,1.2193055,0.0,1,0,0
STU000832,Linh Lê,2006-05-03,Female,ymai@example.com,0687690612,DEP007,Kỹ thuật điện,2024-03-21,Suspended,,1,16364000,11451000,4913000,5454000,0,1,1,0,11451000.0,0.69976777,0.0,1,0,0
STU000833,Bác Phúc Trần,2006-09-19,Female,jane11@example.org,053712661,DEP012,Khoa học dữ liệu,2020-01-26,Active,,1,11912000,0,11912000,0,1479000,0,0,0,0.0,0.0,0.0,1,0,0
STU000834,Hải Mai Bảo Hoàng,2005-12-01,Female,jane77@example.com,0415484315,DEP007,Kỹ thuật điện,2022-12-20,Dropped Out,2025-01-26,3,28037000,14939000,13098000,5808000,119000,4,2,1,7917250.0,0.5328316,0.25,1,1,0
STU000835,Chị Hải Nguyễn,2001-04-05,Male,john39@example.com,039741280,DEP001,Công nghệ thông tin,2021-05-02,Active,,1,29955000,24830000,5125000,0,0,1,1,0,24830000.0,0.82891005,0.0,1,0,0
STU000836,An Dương,2005-10-28,Other,john74@example.com,014215924,DEP011,Truyền thông,2024-10-29,Active,,1,14392000,0,14392000,0,284000,0,0,0,0.0,0.0,0.0,1,0,0
STU000837,Hồng Dương,2004-08-03,Female,hbui@example.org,0413735730,DEP011,Truyền thông,2022-10-01,Graduated,,1,34284000,62354000,0,0,0,2,2,0,31177000.0,1.8187493,0.0,0,0,0
STU000838,Hải Xuân Bùi,2006-11-09,Female,john09@example.com,068350297,DEP005,Luật,2020-01-14,Dropped Out,2022-05-29,4,75901000,43844000,32057000,3421000,0,5,4,0,9742200.0,0.5776472,0.0,1,1,0
STU000839,Quý Ông Quang Hoàng,2001-11-26,Other,gduong@example.org,0887158013,DEP004,Kinh tế,2022-07-08,Active,,2,29846000,4412000,25434000,2359000,0,1,1,0,4412000.0,0.14782551,0.0,1,0,0
STU000840,Mai Trần,2004-05-31,Other,john84@example.com,049981785,DEP009,Công nghệ sinh học,2021-07-15,Active,,3,45722000,33936000,16485000,4877000,1486000,5,4,0,7808400.0,0.74222475,0.0,1,0,0
STU000841,Quý Cô An Mai,2004-06-09,Male,jane67@example.com,0343841518,DEP009,Công nghệ sinh học,2023-11-12,Graduated,,2,32777000,26406000,13719000,0,244000,2,2,0,13203000.0,0.8056259,0.0,1,0,0
STU000842,Anh Dũng Vũ,1999-06-19,Male,ltran@example.com,0606453164,DEP012,Khoa học dữ liệu,2020-08-05,Active,,4,81531000,44531000,37000000,4346000,0,6,3,1,10476167.0,0.5461849,0.16666667,1,0,1
STU000843,Tú Lê,2001-06-24,Male,snguyen@example.com,005823126,DEP003,Quản trị kinh doanh,2022-11-20,Suspended,,2,35081000,11116000,23965000,0,969000,2,1,1,11460000.0,0.31686667,0.5,1,0,1
STU000844,Tùng Bùi,2003-01-14,Female,obui@example.com,067316028,DEP001,Công nghệ thông tin,2021-09-18,Graduated,,1,21692000,9393000,12299000,0,0,1,1,0,9393000.0,0.43301678,0.0,1,0,0
STU000845,Quý Cô Hương Lê,1999-05-03,Male,jane16@example.net,0815870485,DEP001,Công nghệ thông tin,2020-02-17,Active,,1,34472000,27842000,6630000,0,0,2,2,0,13921000.0,0.80767,0.0,1,0,0
STU000846,Nhật Hoàng Bùi,2007-05-04,Male,qbui@example.org,0687669176,DEP002,Tài chính - Kế toán,2023-09-05,Active,,1,24235000,21203000,3032000,0,0,1,1,0,21203000.0,0.8748917,0.0,1,0,0
STU000847,Thành Hữu Lê,2007-09-09,Other,unguyen@example.org,0250142306,DEP011,Truyền thông,2019-10-16,Graduated,,0,0,0,0,0,0,0,0,0,0.0,1.0,0.0,0,0,0
STU000848,Kim Thế Dương,2006-06-03,Other,wvu@example.net,025095266,DEP009,Công nghệ sinh học,2023-10-15,Suspended,,2,55078000,18884000,36194000,0,0,1,1,0,18884000.0,0.3428592,0.0,1,0,0
STU000849,Quý Cô Hải Trần,2007-03-19,Female,cdang@example.net,044873079,DEP006,Ngoại ngữ,2024-12-12,Graduated,,0,0,0,0,0,0,0,0,0,0.0,1.0,0.0,0,0,0
STU000850,Chị Hương Đặng,2000-11-10,Other,cvu@example.net,0605004200,DEP012,Khoa học dữ liệu,2019-08-29,Active,,2,24439000,8968000,15471000,4163000,251000,1,1,0,8968000.0,0.36695445,0.0,1,0,0
STU000851,Bà Hạnh Trần,2000-08-05,Other,cnguyen@example.net,0302301203,DEP002,Tài chính - Kế toán,2021-06-05,Active,,4,82783000,40115000,51085000,26116000,745000,3,3,0,13371667.0,0.48458016,0.0,1,0,0
STU000852,Chị Dương Phạm,2003-03-14,Male,jle@example.org,070185126,DEP005,Luật,2021-12-09,Active,,1,25529000,18882000,6647000,2836000,0,3,2,1,9330667.0,0.73962945,0.33333334,1,0,0
STU000853,Tùng Hữu Nguyễn,2006-07-27,Other,thoang@example.com,041833326,DEP011,Truyền thông,2021-01-31,Active,,2,27380000,7995000,19385000,3043000,0,1,1,0,7995000.0,0.29200146,0.0,1,0,0
STU000854,Ánh Đặng,2006-02-06,Other,choang@example.org,001429788,DEP010,Du lịch - Khách sạn,2022-04-26,Dropped Out,2022-12-04,0,0,0,0,0,0,0,0,0,0.0,1.0,0.0,0,1,0
STU000855,Quang Thị Dương,2004-05-06,Other,xvu@example.net,0160955040,DEP001,Công nghệ thông tin,2019-10-23,Active,,3,62433000,90083000,2924000,3212000,1138000,7,6,0,14925857.0,1.4428748,0.0,1,0,0
STU000856,Khoa Dương,2004-10-10,Other,jane65@example.com,064784049,DEP010,Du lịch - Khách sạn,2021-02-11,Suspended,,3,39176000,17682000,21494000,23452000,0,2,2,0,8841000.0,0.45134777,0.0,1,0,0
STU000857,Lâm Nguyễn,2005-09-20,Male,pdang@example.com,0496146533,DEP007,Kỹ thuật điện,2020-11-14,Active,,0,0,0,0,0,0,0,0,0,0.0,1.0,0.0,0,0,0
STU000858,Dương Đặng,2002-07-26,Female,jane61@example.net,0316648952,DEP010,Du lịch - Khách sạn,2023-06-06,Active,,4,49509000,75517000,80000,41861000,1056000,10,10,0,7551700.0,1.5253186,0.0,1,0,0
STU000859,Khoa Xuân Đặng,2004-09-04,Male,jane43@example.org,0267813301,DEP003,Quản trị kinh doanh,2021-05-19,Active,,5,102957000,59488000,54918000,23142000,550000,5,4,0,14507800.0,0.5777946,0.0,1,0,0
STU000860,Ngọc Mai,2002-01-22,Female,john15@example.com,074639800,DEP006,Ngoại ngữ,2022-09-15,Active,,1,25979000,0,25979000,8660000,0,1,0,0,22318000.0,0.0,0.0,1,0,0
STU000861,Huy Hoàng,2005-08-24,Male,jane30@example.net,0021296518,DEP002,Tài chính - Kế toán,2022-09-26,Suspended,,1,27747000,27423000,324000,3083000,0,2,1,0,23799000.0,0.98832303,0.0,1,0,0
STU000862,Hương Phạm,1999-10-06,Other,gnguyen@example.org,001974772,DEP007,Kỹ thuật điện,2024-08-26,Active,,1,30816000,0,30816000,0,0,0,0,0,0.0,0.0,0.0,1,0,0
STU000863,Thành Hữu Vũ,2005-10-30,Other,fhoang@example.net,025333736,DEP004,Kinh tế,2022-07-15,Active,,2,62612000,25913000,36699000,0,238000,2,2,0,12956500.0,0.41386634,0.0,1,0,0
STU000864,Nhiên Hoàng,2004-05-09,Male,ghoang@example.net,0946732053,DEP006,Ngoại ngữ,2019-08-26,Active,,2,47418000,8071000,39347000,6612000,0,2,1,1,12567000.0,0.17020963,0.5,1,0,1
STU000865,Yến Mai,2006-05-02,Male,john72@example.org,017584234,DEP007,Kỹ thuật điện,2021-03-20,Active,,4,70963000,63497000,8669000,22577000,0,6,5,0,11824833.0,0.89479023,0.0,1,0,0
STU000866,Lan Đặng,2003-06-24,Other,jtran@example.com,0275941470,DEP012,Khoa học dữ liệu,2022-07-10,Active,,2,37486000,0,37486000,0,1248000,0,0,0,0.0,0.0,0.0,1,0,0
STU000867,Bà Hạnh Hoàng,1998-03-29,Male,john83@example.com,008977761,DEP011,Truyền thông,2021-12-18,Active,,3,46904000,18903000,34582000,7815000,0,3,3,0,6301000.0,0.40301466,0.0,1,0,0
STU000868,Mai Phạm,2007-01-20,Other,sduong@example.net,0468905759,DEP003,Quản trị kinh doanh,2025-02-07,Active,,2,32690000,7544000,25146000,7215000,0,2,1,1,14190000.0,0.23077394,0.5,1,0,1
STU000869,Hưng Hoàng,1998-07-05,Female,jane37@example.com,0112050595,DEP002,Tài chính - Kế toán,2024-09-06,Dropped Out,2025-11-21,1,19056000,0,19056000,5895000,1371000,0,0,0,0.0,0.0,0.0,1,1,0
STU000870,Chị Khoa Vũ,1999-09-23,Female,nduong@example.com,070561968,DEP007,Kỹ thuật điện,2022-06-23,Active,,1,15956000,13212000,2744000,0,0,1,1,0,13212000.0,0.82802707,0.0,1,0,0
STU000871,Lan Phạm,1999-12-14,Male,john91@example.org,0105788036,DEP006,Ngoại ngữ,2025-09-07,Active,,1,25018000,9742000,15276000,2690000,808000,2,1,0,14100500.0,0.38939962,0.0,1,0,0
STU000872,Quý Cô Ánh Vũ,2006-03-14,Other,jane26@example.org,0455532162,DEP006,Ngoại ngữ,2020-07-08,Suspended,,1,10493000,0,10493000,3187000,932000,0,0,0,0.0,0.0,0.0,1,0,0
STU000873,Khoa Vũ,2005-06-23,Other,john20@example.com,0555463253,DEP001,Công nghệ thông tin,2021-01-08,Graduated,,3,41663000,23581000,18082000,20130000,0,2,2,0,11790500.0,0.5659938,0.0,1,0,0
STU000874,Quý Cô Khoa Lê,2001-02-11,Female,john03@example.com,0947690956,DEP007,Kỹ thuật điện,2020-09-22,Graduated,,1,24273000,0,24273000,0,0,1,0,0,7632000.0,0.0,0.0,1,0,0
STU000875,Huy Hải Lê,2001-02-21,Other,jane47@example.net,0399682960,DEP006,Ngoại ngữ,2024-04-24,Active,,4,60414000,25387000,45088000,16650000,740000,3,2,1,13718000.0,0.42021716,0.33333334,1,0,1
STU000876,Quang Phạm,2006-06-15,Male,nle@example.com,0394994039,DEP010,Du lịch - Khách sạn,2024-02-21,Active,,2,19107000,11267000,8851000,2950000,0,3,2,0,6169000.0,0.5896792,0.0,1,0,0
STU000877,Cô Ngọc Phạm,1999-05-26,Female,ble@example.net,0275647541,DEP001,Công nghệ thông tin,2021-08-08,Dropped Out,2021-12-22,0,0,0,0,0,0,0,0,0,0.0,1.0,0.0,0,1,0
STU000878,Hoàng Hữu Đặng,2006-09-06,Female,tvu@example.org,0953453203,DEP012,Khoa học dữ liệu,2024-08-01,Suspended,,4,70426000,69100000,21754000,4972000,234000,4,4,0,17275000.0,0.9811717,0.0,1,0,0
STU000879,An Vũ,2002-09-11,Male,xvu@example.org,0377220901,DEP003,Quản trị kinh doanh,2022-10-25,Active,,2,29658000,7356000,22302000,7300000,0,1,1,0,7356000.0,0.24802752,0.0,1,0,0
STU000880,Nhiên Đức Dương,1998-08-31,Other,xtran@example.org,0856805590,DEP007,Kỹ thuật điện,2024-07-20,Active,,1,31714000,45830000,0,0,0,2,2,0,22915000.0,1.4451032,0.0,0,0,0
STU000881,Quý Cô Hà Dương,2006-06-02,Male,john00@example.net,030140591,DEP001,Công nghệ thông tin,2020-08-14,Dropped Out,2022-07-16,2,18357000,0,18357000,18356000,0,0,0,0,0.0,0.0,0.0,1,1,0
STU000882,Khoa Bùi,2001-12-09,Female,vpham@example.org,094296863,DEP011,Truyền thông,2025-05-20,Active,,2,34773000,12126000,23417000,1262000,0,2,2,0,6063000.0,0.34871882,0.0,1,0,0
STU000883,Bảo Hoàng Vũ,1998-05-17,Male,john08@example.org,0322329323,DEP010,Du lịch - Khách sạn,2023-11-22,Graduated,,3,72545000,81178000,18041000,8282000,0,5,5,0,16235600.0,1.119002,0.0,1,0,0
STU000884,Bảo Đặng,2004-09-13,Male,john97@example.com,0470314734,DEP010,Du lịch - Khách sạn,2022-08-09,Graduated,,2,25260000,12330000,12930000,9465000,125000,3,2,0,7850666.5,0.4881235,0.0,1,0,0
STU000885,Vũ Phú Nguyễn,2000-12-17,Other,tdang@example.net,0832545895,DEP007,Kỹ thuật điện,2023-08-21,Active,,3,48135000,26993000,26028000,15225000,857000,3,3,0,8997667.0,0.560777,0.0,1,0,0
STU000886,Bảo Thị Dương,2000-05-13,Other,cmai@example.com,0395195708,DEP004,Kinh tế,2020-05-21,Active,,0,0,0,0,0,0,0,0,0,0.0,1.0,0.0,0,0,0
STU000887,Hạnh Trần,2006-08-01,Female,lvu@example.org,0398938297,DEP001,Công nghệ thông tin,2023-06-14,Graduated,,0,0,0,0,0,0,0,0,0,0.0,1.0,0.0,0,0,0
STU000888,Trọng Hữu Hoàng,2005-10-20,Other,john34@example.net,0465203794,DEP004,Kinh tế,2023-07-02,Dropped Out,2023-10-09,0,0,0,0,0,0,0,0,0,0.0,1.0,0.0,0,1,0
STU000889,Yến Phạm,2005-07-14,Female,jdang@example.com,0240284666,DEP011,Truyền thông,2025-06-10,Suspended,,3,60964000,46358000,14606000,20088000,579000,4,3,1,15670250.0,0.760416,0.25,1,0,0
STU000890,Duyên Đặng,1998-08-24,Female,pmai@example.org,021552505,DEP008,Kỹ thuật xây dựng,2022-03-23,Active,,1,19062000,10289000,8773000,0,390000,3,2,1,7473333.5,0.539765,0.33333334,1,0,0
STU000891,Hải Hoàng,2002-06-11,Other,ele@example.org,0685883412,DEP002,Tài chính - Kế toán,2022-06-20,Active,,3,59266000,39584000,27742000,4379000,1192000,6,5,1,9158167.0,0.667904,0.16666667,1,0,1
STU000892,Tùng Xuân Nguyễn,2005-06-28,Female,jane93@example.com,049592993,DEP004,Kinh tế,2019-12-01,Suspended,,3,40463000,42367000,11560000,7788000,660000,3,3,0,14122333.0,1.0470554,0.0,1,0,0
STU000893,Huy Lê,2004-09-10,Other,jane59@example.org,092733542,DEP007,Kỹ thuật điện,2024-02-24,Active,,4,78340000,21915000,61159000,4784000,349000,3,2,0,13969333.0,0.27974215,0.0,1,0,0
STU000894,Phương Mai,2000-11-07,Male,jane60@example.com,0808396099,DEP011,Truyền thông,2021-10-13,Dropped Out,2023-05-15,0,0,0,0,0,0,0,0,0,0.0,1.0,0.0,0,1,0
STU000895,Quý Ông Trung Nguyễn,2006-08-30,Other,john00@example.org,091516028,DEP012,Khoa học dữ liệu,2022-07-14,Active,,3,60630000,54077000,6553000,13876000,946000,4,4,0,13519250.0,0.8919182,0.0,1,0,0
STU000896,Vũ Hải Vũ,2000-03-19,Other,john26@example.com,0032425370,DEP007,Kỹ thuật điện,2024-03-18,Active,,0,0,0,0,0,0,0,0,0,0.0,1.0,0.0,0,0,0
STU000897,Quang Đặng,2003-02-24,Female,onguyen@example.net,0702811386,DEP008,Kỹ thuật xây dựng,2023-04-04,Active,,2,48855000,25520000,23335000,7520000,1455000,1,1,0,25520000.0,0.5223621,0.0,1,0,0
STU000898,Huy Đặng,2004-08-05,Female,vtran@example.net,0665720998,DEP008,Kỹ thuật xây dựng,2020-01-14,Graduated,,3,39149000,0,39149000,6292000,393000,0,0,0,0.0,0.0,0.0,1,0,0
STU000899,Cô Lâm Phạm,2005-03-24,Other,john79@example.org,021331973,DEP008,Kỹ thuật xây dựng,2021-07-31,Active,,2,42907000,23552000,19355000,0,0,2,1,1,16146500.0,0.5489081,0.5,1,0,1
STU000900,Chi Dương,2004-03-05,Male,john59@example.com,0183981086,DEP002,Tài chính - Kế toán,2019-11-17,Active,,3,67410000,10047000,57363000,2406000,1009000,1,1,0,10047000.0,0.14904317,0.0,1,0,0
STU000901,Nhật Trần,2003-02-22,Other,ddang@example.net,0007990956,DEP006,Ngoại ngữ,2019-08-23,Active,,1,9718000,5376000,4342000,1080000,0,1,1,0,5376000.0,0.55320024,0.0,1,0,0
STU000902,Yến Lê,2003-01-25,Male,john42@example.com,0392734827,DEP007,Kỹ thuật điện,2025-02-06,Active,,1,9743000,17065000,0,3248000,0,3,2,1,7508333.5,1.751514,0.33333334,0,0,0
STU000903,Vân Lê,2004-02-23,Other,fhoang@example.com,0548409509,DEP009,Công nghệ sinh học,2023-01-10,Active,,2,29569000,44137000,6133000,13721000,0,5,4,1,9463800.0,1.4926782,0.2,1,0,0
STU000904,Nhật Quang Đặng,1998-02-09,Other,ipham@example.com,069761305,DEP008,Kỹ thuật xây dựng,2024-10-06,Dropped Out,2026-09-18,2,46113000,33133000,12980000,1721000,444000,3,3,0,11044333.0,0.71851754,0.0,1,1,0
STU000905,Quang Hữu Lê,2003-02-27,Other,john65@example.net,0706005897,DEP001,Công nghệ thông tin,2021-10-11,Dropped Out,2022-03-07,0,0,0,0,0,0,0,0,0,0.0,1.0,0.0,0,1,0
STU000906,Chị Vân Đặng,1998-01-31,Other,qnguyen@example.com,0209815686,DEP003,Quản trị kinh doanh,2020-05-31,Active,,3,64157000,109195000,14351000,7840000,0,7,7,0,15599286.0,1.7019967,0.0,1,0,0
STU000907,Bà Thảo Lê,1999-08-29,Other,zmai@example.net,0947763584,DEP008,Kỹ thuật xây dựng,2025-05-13,Active,,0,0,0,0,0,0,0,0,0,0.0,1.0,0.0,0,0,0
STU000908,Cô Hà Hoàng,1999-04-29,Female,fle@example.com,0003917784,DEP003,Quản trị kinh doanh,2022-01-09,Active,,4,68960000,41775000,28422000,3508000,790000,5,4,0,9297600.0,0.60578597,0.0,1,0,0
STU000909,Hải Mai Nguyễn,2003-03-17,Female,vmai@example.com,022133977,DEP008,Kỹ thuật xây dựng,2025-02-20,Active,,6,116666000,93318000,33363000,12143000,1134000,7,7,0,13331143.0,0.7998731,0.0,1,0,0
STU000910,Bà Lâm Trần,2001-12-25,Female,jane90@example.com,0638812920,DEP001,Chưa phân ngành,2023-04-26,Graduated,,2,32559000,8037000,24522000,6102000,483000,1,1,0,8037000.0,0.24684419,0.0,1,0,0
STU000911,Duyên Nguyễn,2003-07-29,Male,john11@example.org,0989433080,DEP003,Quản trị kinh doanh,2025-09-01,Suspended,,5,103819000,42507000,77116000,17249000,0,6,6,0,7084500.0,0.40943372,0.0,1,0,0
STU000912,Xuân Nguyễn,2005-06-13,Male,john29@example.com,0391929185,DEP001,Công nghệ thông tin,2025-07-21,Active,,2,36257000,0,36257000,2912000,0,0,0,0,0.0,0.0,0.0,1,0,0
STU000913,Khoa Hoàng Hoàng,2000-09-03,Male,jane55@example.org,027261123,DEP012,Khoa học dữ liệu,2021-06-19,Active,,1,8717000,0,8717000,2906000,0,0,0,0,0.0,0.0,0.0,1,0,0
STU000914,Hưng Vũ,1999-09-16,Male,mvu@example.org,0769488618,DEP004,Kinh tế,2023-08-23,Active,,1,32974000,68082000,0,0,0,3,3,0,22694000.0,2.0647178,0.0,0,0,0
STU000915,Bác Bảo Hoàng,2006-05-22,Other,udang@example.com,0947902021,DEP008,Kỹ thuật xây dựng,2021-12-27,Active,,2,33208000,0,33208000,7710000,0,1,0,0,5177000.0,0.0,0.0,1,0,0
STU000916,Dũng Đức Nguyễn,1999-07-02,Female,tmai@example.org,078718995,DEP004,Kinh tế,2019-11-08,Active,,1,8769000,15000000,0,0,555000,2,2,0,7500000.0,1.7105713,0.0,0,0,0
STU000917,Tú Mai Hoàng,2000-03-01,Female,jane42@example.net,013031632,DEP006,Ngoại ngữ,2019-10-09,Active,,2,40183000,19716000,20467000,14552000,773000,1,1,0,19716000.0,0.49065524,0.0,1,0,0
STU000918,Tú Mai,2006-02-01,Other,ttran@example.com,0114525762,DEP011,Truyền thông,2022-10-12,Dropped Out,2023-04-01,3,46767000,83707000,8852000,24164000,0,7,5,1,15596714.0,1.7898732,0.14285715,1,1,0
STU000919,Quý Cô An Phạm,1999-08-20,Male,lnguyen@example.net,0735288110,DEP004,Kinh tế,2021-02-09,Dropped Out,2022-12-18,3,69938000,19909000,50029000,12679000,0,2,2,0,9954500.0,0.28466642,0.0,1,1,0
STU000920,Thành Vũ,2004-04-16,Other,john22@example.org,0226482406,DEP011,Truyền thông,2020-06-08,Graduated,,0,0,0,0,0,0,0,0,0,0.0,1.0,0.0,0,0,0
STU000921,Hà Dương,1999-05-15,Other,ndang@example.net,0338405897,DEP010,Du lịch - Khách sạn,2024-06-02,Graduated,,2,20945000,16363000,4582000,6981000,0,2,2,0,8181500.0,0.7812366,0.0,1,0,0
STU000922,Hải Bùi,2001-08-09,Female,jane91@example.com,057736867,DEP010,Du lịch - Khách sạn,2024-07-08,Graduated,,3,71021000,19784000,60754000,13389000,0,2,2,0,9892000.0,0.2785655,0.0,1,0,0
STU000923,Thành Lê,1999-08-26,Male,john87@example.net,0275840727,DEP012,Khoa học dữ liệu,2020-03-18,Dropped Out,2022-08-31,3,69732000,78821000,34862000,10520000,708000,3,3,0,26273666.0,1.1303419,0.0,1,1,0
STU000924,Thảo Vũ,2006-09-22,Male,ivu@example.net,093201291,DEP012,Khoa học dữ liệu,2024-03-31,Graduated,,3,63283000,12062000,51221000,20204000,0,1,1,0,12062000.0,0.1906041,0.0,1,0,0
STU000925,Nhật Đặng,2001-11-01,Female,jane84@example.org,0332459654,DEP006,Ngoại ngữ,2021-04-21,Dropped Out,2021-12-02,1,12148000,18508000,0,1350000,0,2,2,0,9254000.0,1.523543,0.0,0,1,0
STU000926,Trọng Trí Đặng,2004-11-26,Male,wmai@example.com,093049370,DEP012,Khoa học dữ liệu,2020-12-15,Dropped Out,2021-06-20,3,79756000,0,79756000,0,0,0,0,0,0.0,0.0,0.0,1,1,0
STU000927,Quý Cô Ánh Trần,2003-04-20,Male,jane95@example.org,0501009210,DEP006,Ngoại ngữ,2023-10-30,Suspended,,0,0,0,0,0,0,0,0,0,0.0,1.0,0.0,0,0,0
STU000928,Vi Mai,2006-01-10,Female,john84@example.org,035970315,DEP007,Chưa phân ngành,2020-02-07,Dropped Out,2022-05-31,3,68618000,76510000,752000,6487000,2752000,4,4,0,19127500.0,1.1150136,0.0,1,1,0
STU000929,Phương Nguyễn,2005-04-29,Other,ntran@example.net,0765715689,DEP008,Kỹ thuật xây dựng,2024-02-17,Active,,1,26141000,9923000,16218000,0,0,1,1,0,9923000.0,0.37959528,0.0,1,0,0
STU000930,Khoa Đặng,1998-01-07,Male,gvu@example.org,0163726710,DEP009,Công nghệ sinh học,2021-03-29,Active,,1,17911000,0,17911000,0,967000,1,0,1,16900000.0,0.0,1.0,1,0,1
STU000931,Thành Mai Bùi,2000-10-04,Male,jane52@example.net,0489730330,DEP007,Kỹ thuật điện,2024-01-17,Graduated,,2,48974000,24227000,32839000,1793000,124000,2,2,0,12113500.0,0.49469107,0.0,1,0,0
STU000932,Bà Nhật Mai,2003-12-31,Male,jane47@example.com,0789283981,DEP004,Kinh tế,2025-02-06,Active,,3,65635000,106725000,34988000,5216000,1203000,5,5,0,21345000.0,1.626038,0.0,1,0,0
STU000933,Mai Dương,1999-03-04,Female,jnguyen@example.org,0939868909,DEP009,Công nghệ sinh học,2020-09-28,Dropped Out,2022-12-18,0,0,0,0,0,0,0,0,0,0.0,1.0,0.0,0,1,0
STU000934,Quang Lê,2006-03-29,Other,nle@example.org,0433375396,DEP002,Tài chính - Kế toán,2022-07-15,Suspended,,2,34012000,42291000,1364000,0,0,4,4,0,10572750.0,1.243414,0.0,1,0,0
STU000935,Hồng Bùi,2002-05-26,Male,ahoang@example.com,002976136,DEP007,Kỹ thuật điện,2024-08-31,Active,,3,65153000,52038000,17333000,5493000,514000,3,3,0,17346000.0,0.79870456,0.0,1,0,0
STU000936,Chị Nhật Trần,1999-05-28,Male,fpham@example.net,0160419502,DEP002,Tài chính - Kế toán,2024-06-06,Suspended,,1,8306000,0,8306000,859000,575000,0,0,0,0.0,0.0,0.0,1,0,0
STU000937,Quý Cô Duyên Bùi,2002-07-07,Female,kduong@example.org,046074352,DEP012,Khoa học dữ liệu,2022-05-23,Active,,1,18606000,0,18606000,0,0,0,0,0,0.0,0.0,0.0,1,0,0
STU000938,Duyên Dương,2002-08-28,Other,john30@example.net,021975018,DEP010,Du lịch - Khách sạn,2022-08-18,Active,,0,0,0,0,0,0,0,0,0,0.0,1.0,0.0,0,0,0
STU000939,Yến Vũ,2002-02-05,Other,jane86@example.net,0709362790,DEP005,Luật,2019-11-30,Active,,1,34828000,0,34828000,0,0,0,0,0,0.0,0.0,0.0,1,0,0
STU000940,Cô Nhật Mai,2001-08-07,Male,jane50@example.com,0123591758,DEP012,Khoa học dữ liệu,2021-03-18,Active,,0,0,0,0,0,0,0,0,0,0.0,1.0,0.0,0,0,0
STU000941,Nhật Phạm,2003-02-15,Other,jane84@example.com,0706793071,DEP004,Kinh tế,2021-01-19,Graduated,,2,12572000,1998000,10574000,5682000,0,1,1,0,1998000.0,0.1589246,0.0,1,0,0
STU000942,Hải Lê,2000-11-10,Female,fmai@example.org,0374621462,DEP012,Khoa học dữ liệu,2020-03-21,Graduated,,1,15290000,64676000,0,14167000,1123000,6,5,0,11816667.0,4.2299542,0.0,0,0,0
STU000943,Nhật Dương,2006-06-02,Other,john07@example.org,037610320,DEP012,Chưa phân ngành,2024-05-03,Active,,0,0,0,0,0,0,0,0,0,0.0,1.0,0.0,0,0,0
STU000944,Dũng Trần,2006-06-07,Female,john27@example.net,0372234905,DEP011,Truyền thông,2023-10-09,Active,,3,72438000,72587000,8348000,12879000,2427000,5,5,0,14517400.0,1.002057,0.0,1,0,0
STU000945,Bà Hà Dương,2002-07-15,Female,wnguyen@example.com,080695101,DEP005,Luật,2021-11-17,Active,,5,103355000,113202000,22786000,27344000,1285000,9,8,0,13767222.0,1.0952736,0.0,1,0,0
STU000946,Yến Dương,1998-10-17,Other,vle@example.com,0750618572,DEP004,Kinh tế,2025-03-22,Active,,0,0,0,0,0,0,0,0,0,0.0,1.0,0.0,0,0,0
STU000947,Nhiên Mai,2005-01-16,Female,jane34@example.net,0385994510,DEP006,Ngoại ngữ,2020-09-08,Dropped Out,2021-07-21,1,11826000,7546000,4280000,3942000,0,1,1,0,7546000.0,0.6380856,0.0,1,1,0
STU000948,Quý Cô Thành Dương,2004-09-06,Other,xnguyen@example.org,000783474,DEP005,Luật,2023-12-07,Suspended,,2,26316000,6675000,21257000,5060000,0,2,2,0,3337500.0,0.25364798,0.0,1,0,0
STU000949,Nam Phạm,2006-12-30,Male,jane33@example.net,013661474,DEP009,Công nghệ sinh học,2020-03-24,Active,,3,69963000,7447000,63700000,9416000,1244000,2,2,0,3723500.0,0.106441975,0.0,1,0,0
STU000950,Lan Phạm,2002-05-05,Female,jane37@example.org,0867238052,DEP007,Kỹ thuật điện,2021-02-23,Dropped Out,2022-10-23,2,35679000,19521000,16158000,4682000,0,2,1,1,20177000.0,0.54712856,0.5,1,1,1
STU000951,Hạnh Hoàng,2001-01-09,Male,wduong@example.net,0203688231,DEP006,Ngoại ngữ,2025-02-15,Active,,1,26465000,15668000,10797000,0,0,1,1,0,15668000.0,0.5920272,0.0,1,0,0
STU000952,Hưng Bùi,2005-05-13,Other,jane63@example.com,0446531865,DEP008,Kỹ thuật xây dựng,2019-11-01,Active,,2,46170000,27254000,18916000,1740000,0,2,2,0,13627000.0,0.59029675,0.0,1,0,0
STU000953,Tùng Đức Lê,1999-10-21,Male,john34@example.com,0503329897,DEP007,Kỹ thuật điện,2023-03-18,Active,,2,39623000,33410000,6213000,11820000,156000,2,2,0,16705000.0,0.8431971,0.0,1,0,0
STU000954,Cô Bảo Vũ,2000-10-18,Other,ndang@example.org,0680593769,DEP010,Du lịch - Khách sạn,2025-08-06,Suspended,,1,25936000,20751000,5185000,0,0,2,2,0,10375500.0,0.8000848,0.0,1,0,0
STU000955,Bác Huy Phạm,2002-07-02,Other,apham@example.org,095695620,DEP008,Kỹ thuật xây dựng,2023-08-05,Dropped Out,2025-09-24,2,40951000,33552000,7399000,12752000,0,5,4,0,12064800.0,0.8193207,0.0,1,1,0
STU000956,Minh Lê,2002-01-25,Female,hpham@example.org,058996445,DEP005,Luật,2020-04-20,Active,,2,22065000,0,22065000,2451000,0,1,0,1,4313000.0,0.0,1.0,1,0,1
STU000957,Hà Nguyễn,2007-12-25,Other,john67@example.net,0298715296,DEP002,Tài chính - Kế toán,2020-01-10,Active,,3,65236000,126360000,6074000,22667000,0,5,5,0,25272000.0,1.9369674,0.0,1,0,0
STU000958,Hoàng Vũ,2000-04-25,Female,john06@example.net,0475287054,DEP012,Khoa học dữ liệu,2024-06-07,Active,,2,38221000,36977000,4650000,2510000,959000,5,3,1,11561000.0,0.96745247,0.2,1,0,0
STU000959,Quý Cô Lan Vũ,2004-04-12,Other,jane55@example.net,0055428356,DEP004,Kinh tế,2024-02-03,Active,,1,23044000,19183000,3861000,0,0,2,2,0,9591500.0,0.832451,0.0,1,0,0
STU000960,Duyên Đặng,2004-02-20,Female,john85@example.org,093728088,DEP012,Khoa học dữ liệu,2019-10-03,Graduated,,3,85812000,71208000,38748000,0,1642000,6,4,1,17831834.0,0.829814,0.16666667,1,0,1
STU000961,Lâm Bùi,2006-05-16,Female,jane04@example.org,0468630659,DEP006,Ngoại ngữ,2023-01-19,Active,,1,28274000,0,28274000,0,0,0,0,0,0.0,0.0,0.0,1,0,0
STU000962,Anh Quang Nguyễn,1998-12-08,Female,yle@example.org,0688328597,DEP005,Luật,2020-10-25,Active,,4,88310000,26457000,61853000,3195000,1461000,3,2,0,11254000.0,0.29959235,0.0,1,0,0
STU000963,Nhiên Nguyễn,2006-09-22,Male,kdang@example.com,0407372324,DEP002,Tài chính - Kế toán,2023-10-11,Active,,2,54826000,31033000,23793000,3480000,0,2,2,0,15516500.0,0.56602705,0.0,1,0,0
STU000964,Quý Cô Hạnh Phạm,2002-03-27,Other,ele@example.net,0198097636,DEP009,Công nghệ sinh học,2021-06-06,Active,,1,15056000,13309000,1747000,0,0,1,1,0,13309000.0,0.8839665,0.0,1,0,0
STU000965,Anh Thị Lê,1999-06-11,Male,john65@example.com,0404381091,DEP001,Công nghệ thông tin,2019-09-14,Active,,0,0,0,0,0,0,0,0,0,0.0,1.0,0.0,0,0,0
STU000966,Quang Lê,2007-05-26,Male,john33@example.net,021817586,DEP001,Công nghệ thông tin,2022-12-10,Active,,0,0,0,0,0,0,0,0,0,0.0,1.0,0.0,0,0,0
STU000967,Bảo Mai Bảo Lê,2001-06-25,Female,zhoang@example.org,044693336,DEP012,Khoa học dữ liệu,2019-08-14,Graduated,,4,63631000,52392000,16812000,16920000,929000,6,6,0,8732000.0,0.82337224,0.0,1,0,0
STU000968,Bà Hạnh Hoàng,1998-11-21,Male,john67@example.org,007193859,DEP002,Tài chính - Kế toán,2023-02-26,Graduated,,2,37140000,86492000,7369000,12255000,340000,5,5,0,17298400.0,2.32881,0.0,1,0,0
STU000969,Dương Phạm,2006-12-06,Female,john89@example.net,0944601402,DEP006,Ngoại ngữ,2022-04-15,Active,,2,41858000,37425000,4433000,6708000,1353000,3,2,1,14023333.0,0.89409435,0.33333334,1,0,0
STU000970,Kim Vũ,1999-12-17,Female,opham@example.com,0999547819,DEP009,Công nghệ sinh học,2020-01-06,Graduated,,2,43386000,70898000,0,0,1259000,5,5,0,14179600.0,1.6341217,0.0,0,0,0
STU000971,Kim Đặng,2003-05-24,Male,jpham@example.net,030189319,DEP006,Ngoại ngữ,2022-05-31,Graduated,,0,0,0,0,0,0,0,0,0,0.0,1.0,0.0,0,0,0
STU000972,Quý Ông Tú Dương,1998-03-27,Other,ytran@example.com,0565040835,DEP002,Tài chính - Kế toán,2025-03-25,Active,,2,38002000,40800000,6120000,17150000,0,4,3,0,12017000.0,1.0736277,0.0,1,0,0
STU000973,Quang Nguyễn,2007-10-03,Female,john49@example.com,084562162,DEP002,Tài chính - Kế toán,2022-01-20,Active,,1,9880000,7768000,2112000,0,0,2,2,0,3884000.0,0.7862348,0.0,1,0,0
STU000974,Cô Hải Nguyễn,1999-12-23,Female,john03@example.org,0495769333,DEP004,Kinh tế,2025-06-16,Active,,1,27004000,17410000,9594000,3000000,0,1,1,0,17410000.0,0.6447193,0.0,1,0,0
STU000975,Quý Cô Vi Nguyễn,2000-11-02,Male,john24@example.net,0186862097,DEP010,Du lịch - Khách sạn,2024-01-11,Dropped Out,2024-06-27,4,86401000,16452000,69949000,9060000,524000,1,1,0,16452000.0,0.19041446,0.0,1,1,0
STU000976,Ngọc Lê,2002-10-15,Female,rmai@example.com,030590220,DEP005,Luật,2024-11-28,Graduated,,3,77974000,62970000,32014000,0,2418000,5,5,0,12594000.0,0.8075769,0.0,1,0,0
STU000977,Trọng Hữu Bùi,2004-12-19,Other,john55@example.net,028764343,DEP006,Ngoại ngữ,2022-09-29,Dropped Out,2023-04-15,4,55669000,43519000,27917000,14120000,0,5,4,0,10596400.0,0.7817457,0.0,1,1,0
STU000978,Cô Lâm Bùi,2005-09-30,Female,jane02@example.com,0711600818,DEP002,Tài chính - Kế toán,2022-07-04,Suspended,,2,27545000,8917000,18628000,0,0,3,1,2,10963000.0,0.3237248,0.6666667,1,0,1
STU000979,Chị Dương Phạm,1998-03-08,Male,jane93@example.org,023864527,DEP004,Kinh tế,2019-11-08,Suspended,,0,0,0,0,0,0,0,0,0,0.0,1.0,0.0,0,0,0
STU000980,Chị Thảo Vũ,2003-09-11,Male,john29@example.org,051537521,DEP012,Khoa học dữ liệu,2021-06-29,Graduated,,2,57947000,31419000,26528000,0,366000,2,2,0,15709500.0,0.54220235,0.0,1,0,0
STU000981,An Dương,2000-01-17,Other,john97@example.net,059079171,DEP012,Khoa học dữ liệu,2021-12-12,Graduated,,2,57731000,36409000,27446000,0,513000,3,2,0,19141000.0,0.6306664,0.0,1,0,0
STU000982,Hoàng Đặng,2001-06-02,Female,fbui@example.com,080596836,DEP006,Ngoại ngữ,2023-07-20,Active,,4,66368000,22695000,43673000,15553000,2289000,2,1,0,20498000.0,0.34195697,0.0,1,0,0
STU000983,Nam Phạm,1999-03-06,Other,npham@example.com,040104196,DEP002,Tài chính - Kế toán,2021-10-27,Graduated,,2,65636000,46005000,30582000,0,231000,3,2,1,23935000.0,0.7009111,0.33333334,1,0,1
STU000984,Kim Lê,2006-08-03,Female,udang@example.net,083514720,DEP009,Công nghệ sinh học,2022-08-01,Active,,0,0,0,0,0,0,0,0,0,0.0,1.0,0.0,0,0,0
STU000985,Quý Cô Vân Bùi,2007-08-27,Other,john80@example.org,0041454130,DEP005,Luật,2025-03-11,Active,,0,0,0,0,0,0,0,0,0,0.0,1.0,0.0,0,0,0
STU000986,Huy Thị Dương,2000-02-08,Male,znguyen@example.com,0473630160,DEP010,Du lịch - Khách sạn,2020-06-18,Active,,3,63587000,7953000,55634000,4570000,1128000,1,1,0,7953000.0,0.12507273,0.0,1,0,0
STU000987,Vân Dương,2005-10-27,Other,john56@example.net,0524556352,DEP008,Kỹ thuật xây dựng,2021-01-07,Active,,1,24984000,18072000,6912000,0,0,1,1,0,18072000.0,0.72334296,0.0,1,0,0
STU000988,Quý Cô Hải Dương,1999-07-03,Female,jane59@example.com,0225170043,DEP012,Khoa học dữ liệu,2021-06-28,Active,,4,66254000,53366000,12888000,21608000,2555000,6,5,1,9939500.0,0.8054759,0.16666667,1,0,0
STU000989,Quý Ông Hưng Nguyễn,2004-06-23,Male,jane19@example.net,0697903794,DEP010,Du lịch - Khách sạn,2024-05-03,Active,,2,50503000,23086000,27417000,7455000,0,2,1,1,21830000.0,0.45712137,0.5,1,0,1
STU000990,Quý Cô Dương Trần,2001-03-13,Other,znguyen@example.net,0058586340,DEP010,Chưa phân ngành,2025-07-04,Active,,3,57933000,52213000,15654000,13332000,789000,3,3,0,17404334.0,0.90126526,0.0,1,0,0
STU000991,Bác Thành Nguyễn,1999-02-12,Other,jane68@example.org,044880618,DEP012,Khoa học dữ liệu,2021-06-16,Active,,3,25026000,20627000,5604000,24141000,885000,5,4,0,4722600.0,0.8242228,0.0,1,0,0
STU000992,Quang Văn Phạm,2007-04-01,Female,john82@example.org,0675272699,DEP004,Kinh tế,2024-12-10,Active,,4,51536000,21576000,29960000,8509000,456000,4,3,1,6671500.0,0.4186588,0.25,1,0,1
STU000993,Hà Mai Bảo Mai,2006-06-15,Other,vbui@example.net,072927153,DEP008,Kỹ thuật xây dựng,2021-08-02,Dropped Out,2022-10-15,4,46756000,34805000,28081000,18340000,0,7,5,1,7627143.0,0.74439645,0.14285715,1,1,1
STU000994,Cô Vân Mai,2002-06-13,Female,john36@example.org,0449187217,DEP005,Luật,2024-12-16,Suspended,,4,73536000,6661000,66875000,15354000,1298000,2,1,1,7529000.0,0.090581484,0.5,1,0,1
STU000995,Bảo Vũ,2002-04-30,Female,whoang@example.com,0965812222,DEP005,Luật,2025-07-18,Active,,2,34260000,34063000,6624000,13136000,670000,3,3,0,11354333.0,0.9942499,0.0,1,0,0
STU000996,Vi Trần,2002-11-07,Other,rtran@example.net,0792691326,DEP002,Tài chính - Kế toán,2025-07-21,Active,,3,60394000,3722000,56672000,10603000,243000,1,1,0,3722000.0,0.06162864,0.0,1,0,0
STU000997,Quý Cô Nhật Lê,1998-02-22,Other,yhoang@example.org,014997360,DEP002,Tài chính - Kế toán,2024-02-19,Active,,2,14208000,2266000,11942000,14207000,0,1,1,0,2266000.0,0.15948762,0.0,1,0,0
STU000998,Trung Vũ,1998-11-25,Other,jane76@example.net,0154882127,DEP012,Khoa học dữ liệu,2023-07-27,Active,,1,16335000,15149000,1186000,5445000,0,1,1,0,15149000.0,0.92739516,0.0,1,0,0
STU000999,Bà Nhật Vũ,2004-11-20,Other,jane79@example.org,096682614,DEP005,Luật,2023-10-29,Active,,1,32177000,53994000,0,0,0,3,3,0,17998000.0,1.6780308,0.0,0,0,0
STU001000,Vi Bùi,1999-12-01,Other,omai@example.org,0572978708,DEP009,Công nghệ sinh học,2022-06-22,Active,,1,16111000,0,16111000,4919000,1353000,0,0,0,0.0,0.0,0.0,1,0,0
STU001001,Minh Quang Vũ,2002-04-20,Female,jane99@example.org,043812336,DEP009,Công nghệ sinh học,2020-10-18,Graduated,,2,22834000,21720000,1114000,4895000,0,3,3,0,7240000.0,0.9512131,0.0,1,0,0
STU001002,Vân Trần,2007-12-30,Male,pdang@example.net,0680698361,DEP010,Du lịch - Khách sạn,2021-08-29,Active,,2,25331000,16465000,8866000,15566000,857000,2,2,0,8232500.0,0.6499941,0.0,1,0,0
STU001003,Quý Ông Huy Mai,2004-07-27,Female,cbui@example.org,099850473,DEP005,Luật,2025-03-24,Active,,1,28609000,0,28609000,0,0,0,0,0,0.0,0.0,0.0,1,0,0
STU001004,Cô Hải Dương,2006-11-27,Male,ipham@example.net,0679142820,DEP008,Kỹ thuật xây dựng,2023-09-28,Dropped Out,2025-10-10,6,77755000,62302000,36191000,20822000,2418000,6,6,0,10383667.0,0.80126035,0.0,1,1,0
STU001005,Lâm Hoàng,2004-06-02,Male,john99@example.net,0412501272,DEP011,Chưa phân ngành,2025-02-02,Suspended,,0,0,0,0,0,0,0,0,0,0.0,1.0,0.0,0,0,0
STU001006,Ngọc Vũ,1999-11-22,Other,john27@example.org,0496247093,DEP004,Kinh tế,2025-05-17,Graduated,,4,47441000,27111000,29572000,13294000,1238000,5,4,0,6584400.0,0.5714677,0.0,1,0,0
STU001007,Huy Văn Phạm,2000-05-16,Other,btran@example.org,0699560142,DEP006,Ngoại ngữ,2022-05-21,Suspended,,2,20985000,15703000,5282000,9763000,1346000,2,2,0,7851500.0,0.7482964,0.0,1,0,0
STU001008,Bà An Vũ,2000-12-13,Other,yvu@example.net,0302278956,DEP012,Khoa học dữ liệu,2023-09-15,Active,,2,35246000,12993000,22253000,2418000,0,2,1,1,12729000.0,0.36863756,0.5,1,0,1
STU001009,Hạnh Hoàng,2004-02-24,Male,john47@example.com,0585953875,DEP012,Khoa học dữ liệu,2025-01-15,Active,,0,0,0,0,0,0,0,0,0,0.0,1.0,0.0,0,0,0
STU001010,Nhật Xuân Đặng,2001-01-10,Male,john78@example.com,0928712838,DEP006,Ngoại ngữ,2025-04-22,Suspended,,1,33578000,0,33578000,0,0,0,0,0,0.0,0.0,0.0,1,0,0
STU001011,Anh Quang Lê,2006-05-18,Male,phoang@example.com,034360225,DEP004,Kinh tế,2025-07-24,Suspended,,2,52631000,67714000,0,5965000,0,4,4,0,16928500.0,1.2865802,0.0,0,0,0
STU001012,Khoa Đặng,2005-01-25,Male,evu@example.org,027091362,DEP001,Công nghệ thông tin,2022-04-02,Dropped Out,2022-07-12,1,29611000,24756000,4855000,3168000,1101000,1,1,0,24756000.0,0.8360407,0.0,1,1,0
STU001013,Quý Ông Trọng Trần,1999-07-03,Female,cpham@example.net,0094007349,DEP010,Du lịch - Khách sạn,2023-11-11,Graduated,,1,15517000,13227000,2290000,5172000,0,2,2,0,6613500.0,0.8524199,0.0,1,0,0
STU001014,Hà Dương,2006-09-05,Male,john45@example.com,099205647,DEP010,Du lịch - Khách sạn,2024-11-10,Active,,3,37440000,12508000,24932000,25210000,745000,3,2,1,7934666.5,0.3340812,0.33333334,1,0,1
STU001015,Chi Lê,2002-05-07,Female,rhoang@example.org,000914013,DEP002,Tài chính - Kế toán,2025-04-30,Graduated,,2,36812000,67458000,1590000,12216000,164000,5,5,0,13491600.0,1.8325002,0.0,1,0,0
STU001016,Hà Nguyễn,2007-07-22,Other,jduong@example.org,0922677920,DEP009,Công nghệ sinh học,2023-12-26,Active,,5,75575000,38621000,44734000,10830000,482000,3,3,0,12873667.0,0.51102877,0.0,1,0,0
STU001017,Hạnh Bùi,2006-04-29,Other,bhoang@example.net,0236811575,DEP008,Kỹ thuật xây dựng,2021-07-05,Suspended,,3,53060000,28478000,25767000,12334000,607000,3,3,0,9492667.0,0.5367132,0.0,1,0,0
STU001018,Hà Mai,2004-12-07,Male,emai@example.net,030947495,DEP001,Công nghệ thông tin,2024-02-17,Active,,3,31849000,0,31849000,12726000,607000,0,0,0,0.0,0.0,0.0,1,0,0
STU001019,Yến Phạm,2004-11-23,Female,jane35@example.net,0399643435,DEP001,Công nghệ thông tin,2023-03-06,Dropped Out,2023-07-07,3,39410000,18384000,26396000,12652000,1121000,3,2,1,9058000.0,0.46648058,0.33333334,1,1,1
STU001020,Kim Hoàng,2006-05-22,Female,jane48@example.com,0364928108,DEP004,Kinh tế,2021-01-07,Active,,3,55398000,14105000,41293000,24193000,920000,2,1,0,14126000.0,0.2546121,0.0,1,0,0
STU001021,Phương Đức Nguyễn,1998-08-17,Female,john22@example.com,036410908,DEP007,Kỹ thuật điện,2022-08-10,Graduated,,3,42673000,0,42673000,13423000,452000,2,0,0,2580000.0,0.0,0.0,1,0,0
STU001022,Chị Hải Mai,2007-02-12,Male,john50@example.org,0745366188,DEP006,Ngoại ngữ,2024-04-07,Graduated,,2,45719000,25131000,20588000,0,0,1,1,0,25131000.0,0.5496839,0.0,1,0,0
STU001023,Vũ Hoàng,1998-10-29,Other,qbui@example.com,0393763711,DEP008,Kỹ thuật xây dựng,2022-01-28,Dropped Out,2024-07-16,5,117346000,39873000,77473000,21770000,998000,3,3,0,13291000.0,0.33979002,0.0,1,1,0
STU001024,Nam Vũ,2002-02-17,Male,jane81@example.net,0242283703,DEP009,Công nghệ sinh học,2020-04-20,Active,,0,0,0,0,0,0,0,0,0,0.0,1.0,0.0,0,0,0
STU001025,Vân Nguyễn,2003-09-14,Female,ttran@example.org,0513561875,DEP001,Công nghệ thông tin,2019-08-22,Active,,3,62711000,82913000,17759000,12256000,1148000,6,5,0,18521334.0,1.3221444,0.0,1,0,0
STU001026,Ngọc Hoàng,2003-09-22,Male,john15@example.org,055700253,DEP006,Ngoại ngữ,2023-09-19,Active,,0,0,0,0,0,0,0,0,0,0.0,1.0,0.0,0,0,0
STU001027,Quý Cô Bảo Phạm,1998-08-14,Other,vduong@example.net,095075820,DEP011,Truyền thông,2022-05-12,Active,,2,23749000,19113000,8975000,15680000,0,5,3,1,7423400.0,0.8047918,0.2,1,0,0
STU001028,Thành Phú Phạm,2006-01-05,Other,john71@example.com,0628428335,DEP011,Truyền thông,2019-09-03,Dropped Out,2020-05-12,0,0,0,0,0,0,0,0,0,0.0,1.0,0.0,0,1,0
STU001029,Lâm Hoàng Vũ,2004-08-14,Male,jane54@example.com,000875110,DEP001,Công nghệ thông tin,2024-05-24,Active,,3,73523000,49489000,34688000,17821000,437000,3,3,0,16496333.0,0.6731091,0.0,1,0,0
STU001030,Quý Ông Nam Bùi,2004-02-24,Other,john12@example.net,0389824661,DEP010,Du lịch - Khách sạn,2024-02-26,Graduated,,2,25755000,26697000,4006000,14020000,0,3,3,0,8899000.0,1.0365754,0.0,1,0,0
STU001031,Quý Ông Khoa Phạm,2002-04-29,Male,john95@example.net,019773839,DEP001,Công nghệ thông tin,2022-01-28,Suspended,,1,14073000,10142000,3931000,0,307000,1,1,0,10142000.0,0.72067076,0.0,1,0,0
STU001032,Chị Hồng Mai,2000-11-03,Male,jane84@example.net,0393312308,DEP002,Chưa phân ngành,2023-04-11,Suspended,,1,14061000,6833000,7228000,14060000,0,1,1,0,6833000.0,0.48595405,0.0,1,0,0
STU001033,Bảo Xuân Lê,2001-09-22,Female,jane77@example.org,0571378704,DEP007,Kỹ thuật điện,2021-04-19,Active,,3,66322000,25271000,44903000,7412000,2443000,3,3,0,8423667.0,0.38103494,0.0,1,0,0
STU001034,Linh Dương,2005-04-27,Female,jane98@example.org,005755938,DEP009,Công nghệ sinh học,2024-11-19,Active,,1,11640000,27084000,0,3880000,0,3,3,0,9028000.0,2.3268042,0.0,0,0,0
STU001035,Bác Quang Đặng,2003-12-23,Male,zle@example.org,025977589,DEP003,Quản trị kinh doanh,2025-03-12,Graduated,,3,54684000,16719000,37965000,12614000,1406000,3,2,1,10127000.0,0.30573842,0.33333334,1,0,1
STU001036,Tú Đặng,2002-02-03,Male,john86@example.net,042763878,DEP006,Ngoại ngữ,2022-01-23,Active,,3,57455000,0,57455000,4289000,2704000,1,0,1,6813000.0,0.0,1.0,1,0,1
STU001037,Bà Bảo Dương,2004-06-20,Other,jane57@example.org,0994341672,DEP005,Luật,2022-08-25,Dropped Out,2024-09-13,3,68154000,35149000,33005000,5063000,457000,2,2,0,17574500.0,0.51572907,0.0,1,1,0
STU001038,Thảo Đặng,2003-01-23,Other,john45@example.org,008240414,DEP012,Khoa học dữ liệu,2021-03-02,Suspended,,2,29730000,29369000,1795000,0,845000,4,4,0,7342250.0,0.9878574,0.0,1,0,0
STU001039,Bảo Phạm,2004-12-12,Male,gle@example.com,055946673,DEP010,Du lịch - Khách sạn,2024-06-15,Active,,2,29014000,0,29014000,10366000,710000,1,0,1,9262000.0,0.0,1.0,1,0,1
STU001040,Chị Hương Nguyễn,2004-10-13,Male,john93@example.net,087802292,DEP007,Kỹ thuật điện,2024-08-21,Active,,3,63953000,32668000,31595000,17400000,2275000,6,4,1,8718500.0,0.51081264,0.16666667,1,0,1
STU001041,Bà Ngọc Đặng,2001-11-26,Other,wmai@example.org,0961804801,DEP005,Luật,2024-07-12,Dropped Out,2025-01-19,1,34672000,39655000,0,0,486000,3,3,0,13218333.0,1.1437182,0.0,0,1,0
STU001042,An Mai Bảo Phạm,2002-09-02,Male,mdang@example.net,0725845605,DEP004,Kinh tế,2019-10-22,Active,,2,37682000,3575000,34107000,4524000,0,1,1,0,3575000.0,0.094872884,0.0,1,0,0
STU001043,Quang Bảo Bùi,2001-04-20,Female,jane56@example.net,0546274218,DEP009,Công nghệ sinh học,2024-10-19,Graduated,,3,34227000,27542000,18276000,4007000,1027000,5,3,0,8305000.0,0.80468637,0.0,1,0,0
STU001044,Quý Cô Khoa Đặng,2001-12-03,Female,john98@example.com,0552921585,DEP006,Ngoại ngữ,2023-07-02,Active,,1,25255000,33317000,0,2806000,0,2,2,0,16658500.0,1.3192239,0.0,0,0,0
STU001045,Bà Hải Lê,2000-04-23,Other,jane36@example.com,0837138325,DEP005,Luật,2023-02-07,Active,,0,0,0,0,0,0,0,0,0,0.0,1.0,0.0,0,0,0
STU001046,Hạnh Quang Mai,2003-10-18,Female,shoang@example.org,0724805236,DEP009,Công nghệ sinh học,2023-06-12,Active,,2,37661000,51563000,7401000,2467000,0,4,3,1,13427750.0,1.3691351,0.25,1,0,0
STU001047,Chị Xuân Dương,2005-12-21,Other,opham@example.org,0582500246,DEP010,Du lịch - Khách sạn,2021-03-03,Active,,1,12876000,8598000,4278000,0,0,1,1,0,8598000.0,0.66775393,0.0,1,0,0
STU001048,Bảo Đức Nguyễn,2002-11-27,Other,rvu@example.org,0023284603,DEP010,Du lịch - Khách sạn,2021-10-25,Active,,0,0,0,0,0,0,0,0,0,0.0,1.0,0.0,0,0,0
STU001049,Lan Trần,2004-11-29,Male,ntran@example.com,075584391,DEP004,Kinh tế,2020-06-07,Graduated,,2,35909000,44990000,3112000,0,0,4,4,0,11247500.0,1.2528893,0.0,1,0,0
STU001050,Hải Thị Đặng,2001-01-28,Female,jane03@example.com,0141860984,DEP004,Kinh tế,2022-03-17,Suspended,,2,46202000,16569000,29633000,0,168000,2,1,1,11816000.0,0.35862085,0.5,1,0,1
STU001051,Quang Thị Hoàng,1999-07-28,Male,jane40@example.net,0402556682,DEP011,Truyền thông,2023-01-19,Active,,4,57216000,26686000,35624000,4724000,1373000,5,4,1,6968000.0,0.46640798,0.2,1,0,1
STU001052,Hạnh Thị Dương,1998-04-28,Other,yhoang@example.com,059866814,DEP004,Kinh tế,2023-12-10,Graduated,,1,26784000,7216000,19568000,0,0,1,1,0,7216000.0,0.26941457,0.0,1,0,0
STU001053,Hưng Bùi,2003-08-09,Other,zhoang@example.com,0865211543,DEP009,Công nghệ sinh học,2025-05-17,Active,,3,40326000,0,40326000,14385000,0,1,0,1,9525000.0,0.0,1.0,1,0,1
STU001054,Thành Hoàng Đặng,2007-09-13,Female,rhoang@example.net,0052132521,DEP010,Chưa phân ngành,2023-08-06,Active,,3,60864000,32474000,28390000,6416000,201000,3,2,0,15699333.0,0.5335502,0.0,1,0,0
STU001055,Cô Lan Hoàng,1999-09-05,Female,jane88@example.net,0418742389,DEP012,Khoa học dữ liệu,2024-06-16,Active,,0,0,0,0,0,0,0,0,0,0.0,1.0,0.0,0,0,0
STU001056,Quý Cô Khoa Nguyễn,2006-04-23,Other,john40@example.com,063241438,DEP009,Công nghệ sinh học,2021-01-26,Active,,3,35148000,16806000,25760000,0,0,4,3,0,6387750.0,0.47814953,0.0,1,0,0
STU001057,Phương Văn Vũ,2001-03-16,Female,jane22@example.net,0888415312,DEP012,Khoa học dữ liệu,2024-11-26,Active,,1,28811000,25846000,2965000,0,0,2,2,0,12923000.0,0.89708793,0.0,1,0,0
STU001058,Quý Cô Xuân Phạm,2002-10-12,Female,qtran@example.com,0069809392,DEP003,Quản trị kinh doanh,2020-06-07,Active,,1,20253000,0,20253000,0,0,0,0,0,0.0,0.0,0.0,1,0,0
STU001059,Cô Vân Dương,2006-02-15,Female,john35@example.org,0295119831,DEP009,Công nghệ sinh học,2024-02-10,Active,,3,68625000,31854000,36771000,0,880000,3,3,0,10618000.0,0.46417487,0.0,1,0,0
STU001060,Ông Thành Phạm,1999-01-19,Other,jane92@example.com,000812529,DEP003,Quản trị kinh doanh,2021-10-11,Graduated,,3,57621000,30796000,30260000,14022000,558000,4,3,0,13237750.0,0.5344579,0.0,1,0,0
STU001061,Quý Cô Khoa Lê,2005-09-13,Female,jane71@example.com,0908090338,DEP011,Truyền thông,2024-07-22,Active,,1,15230000,0,15230000,1692000,0,0,0,0,0.0,0.0,0.0,1,0,0
STU001062,Quang Hải Lê,2005-09-19,Female,gdang@example.com,0695671578,DEP009,Công nghệ sinh học,2024-06-27,Active,,1,14323000,7746000,6577000,14323000,0,1,1,0,7746000.0,0.5408085,0.0,1,0,0
STU001063,Quý Cô Thành Hoàng,1998-10-25,Other,bduong@example.org,0640605738,DEP006,Ngoại ngữ,2023-02-21,Active,,7,157279000,137893000,54690000,28875000,0,9,8,1,17039666.0,0.87674135,0.11111111,1,0,1
STU001064,Hưng Mai,2007-11-30,Male,ttran@example.net,0189816408,DEP003,Quản trị kinh doanh,2023-07-16,Dropped Out,2024-10-18,2,21063000,0,21063000,5789000,0,0,0,0,0.0,0.0,0.0,1,1,0
STU001065,Phương Hoàng,2007-07-15,Male,qmai@example.net,011159529,DEP009,Công nghệ sinh học,2019-09-30,Active,,1,14367000,0,14367000,0,0,0,0,0,0.0,0.0,0.0,1,0,0
STU001066,Kim Trần,2001-07-19,Male,wduong@example.org,0131931498,DEP007,Kỹ thuật điện,2025-02-01,Active,,1,25544000,0,25544000,0,0,0,0,0,0.0,0.0,0.0,1,0,0
STU001067,Phúc Đặng,2004-08-22,Female,gle@example.org,046006668,DEP001,Công nghệ thông tin,2022-12-31,Active,,2,36140000,0,36140000,2099000,0,0,0,0,0.0,0.0,0.0,1,0,0
STU001068,Hà Bảo Đặng,2001-08-27,Other,itran@example.net,0028486988,DEP008,Kỹ thuật xây dựng,2021-03-17,Dropped Out,2021-08-05,1,24719000,13804000,10915000,0,0,1,1,0,13804000.0,0.5584368,0.0,1,1,0
STU001069,Hoàng Mai,1999-06-17,Other,bbui@example.net,0533577808,DEP001,Công nghệ thông tin,2024-05-04,Dropped Out,2025-08-01,0,0,0,0,0,0,0,0,0,0.0,1.0,0.0,0,1,0
STU001070,Chị Dương Mai,2001-02-01,Male,jane15@example.net,071101639,DEP008,Kỹ thuật xây dựng,2021-03-18,Active,,3,55112000,21592000,44109000,11003000,0,3,3,0,7197333.5,0.391784,0.0,1,0,0
STU001071,Thành Bảo Lê,2000-01-05,Female,dduong@example.net,0177800370,DEP011,Truyền thông,2021-03-24,Active,,2,48940000,0,48940000,0,0,0,0,0,0.0,0.0,0.0,1,0,0
STU001072,Mai Mai,2004-11-06,Female,yle@example.net,044071738,DEP005,Luật,2020-12-11,Graduated,,2,35679000,21035000,14644000,1281000,693000,2,1,0,21430500.0,0.5895625,0.0,1,0,0
STU001073,Bà Bảo Hoàng,2003-01-30,Other,john39@example.net,046345037,DEP007,Kỹ thuật điện,2023-11-06,Active,,3,67945000,11092000,56853000,0,0,2,2,0,5546000.0,0.16324969,0.0,1,0,0
STU001074,Châu Thị Phạm,2000-07-11,Female,nhoang@example.net,0064876369,DEP009,Công nghệ sinh học,2024-03-01,Graduated,,6,106946000,95843000,51045000,24378000,0,5,5,0,19168600.0,0.8961812,0.0,1,0,0
STU001075,Bảo Tấn Dương,2003-09-27,Female,tpham@example.net,0944703942,DEP007,Kỹ thuật điện,2024-06-25,Graduated,,1,4617000,2970000,1647000,4617000,0,2,2,0,1485000.0,0.64327484,0.0,1,0,0
STU001076,Lâm Hoàng,2001-02-15,Male,bduong@example.com,075321134,DEP008,Kỹ thuật xây dựng,2019-12-15,Active,,4,76466000,84000000,17308000,11032000,0,7,7,0,12000000.0,1.0985274,0.0,1,0,0
STU001077,Ông Trung Mai,2002-03-28,Female,john08@example.com,0791258301,DEP011,Truyền thông,2021-08-29,Active,,2,57442000,19961000,37481000,0,0,1,1,0,19961000.0,0.34749836,0.0,1,0,0
STU001078,Quý Cô Nhật Phạm,2006-12-11,Male,jane91@example.net,065179183,DEP004,Kinh tế,2020-01-29,Active,,1,8706000,0,8706000,949000,167000,0,0,0,0.0,0.0,0.0,1,0,0
STU001079,Cô Kim Đặng,2000-07-22,Male,lle@example.com,0988692886,DEP002,Tài chính - Kế toán,2023-01-24,Graduated,,5,120588000,41684000,78904000,17887000,1739000,3,3,0,13894667.0,0.34567288,0.0,1,0,0
STU001080,Ngọc Đặng,2004-08-30,Male,john01@example.org,0004114410,DEP011,Truyền thông,2021-01-19,Active,,1,22178000,18423000,3755000,0,0,1,1,0,18423000.0,0.83068806,0.0,1,0,0
STU001081,Hà Đức Bùi,2007-11-03,Male,jduong@example.com,009252138,DEP012,Khoa học dữ liệu,2023-10-09,Active,,1,8707000,3817000,4890000,0,0,2,1,1,5882000.0,0.43838292,0.5,1,0,0
STU001082,Bà Thảo Trần,2007-12-31,Female,john27@example.com,035672038,DEP012,Khoa học dữ liệu,2022-02-15,Active,,4,56468000,18668000,37800000,3700000,0,3,3,0,6222666.5,0.33059433,0.0,1,0,0
STU001083,Hà Đặng,2006-12-29,Male,wvu@example.com,0564681105,DEP008,Kỹ thuật xây dựng,2025-02-27,Suspended,,2,34668000,51135000,0,7644000,0,5,5,0,10227000.0,1.4749913,0.0,0,0,0
STU001084,Minh Nguyễn,2006-11-11,Male,mvu@example.net,0344881239,DEP005,Luật,2023-12-27,Active,,1,33279000,27004000,6275000,0,0,1,1,0,27004000.0,0.8114427,0.0,1,0,0
STU001085,Nhật Bảo Trần,1999-05-30,Female,john37@example.com,0500095754,DEP005,Luật,2022-02-20,Active,,2,54120000,27677000,26443000,0,440000,2,2,0,13838500.0,0.5114006,0.0,1,0,0
STU001086,An Mai Vũ,2007-12-16,Other,jane64@example.org,066707307,DEP004,Kinh tế,2020-10-29,Active,,3,41283000,37405000,12430000,8047000,0,4,3,1,10595500.0,0.906063,0.25,1,0,0
STU001087,Chi Lê,2006-05-21,Other,zdang@example.net,063883920,DEP004,Kinh tế,2020-09-19,Active,,1,27246000,80778000,0,2923000,943000,2,2,0,40389000.0,2.9647655,0.0,0,0,0
STU001088,Khoa Hải Vũ,2006-03-22,Female,cnguyen@example.com,0349502792,DEP012,Chưa phân ngành,2021-06-28,Active,,1,28833000,0,28833000,3180000,210000,0,0,0,0.0,0.0,0.0,1,0,0
STU001089,Minh Hải Đặng,2001-08-05,Other,mhoang@example.net,0258549713,DEP008,Kỹ thuật xây dựng,2021-01-17,Active,,1,12635000,4010000,8625000,1404000,0,1,1,0,4010000.0,0.31737238,0.0,1,0,0
STU001090,Bà Nhật Vũ,1999-01-17,Female,jane83@example.org,085092732,DEP011,Truyền thông,2021-04-05,Graduated,,1,20995000,5835000,15160000,0,1190000,1,1,0,5835000.0,0.27792332,0.0,1,0,0
STU001091,Thảo Mai,2005-08-05,Female,yvu@example.org,019668825,DEP010,Du lịch - Khách sạn,2021-11-17,Dropped Out,2022-09-08,5,94375000,67826000,37555000,4641000,301000,7,6,0,11249143.0,0.7186861,0.0,1,1,0
STU001092,Quý Cô Nhật Mai,1998-02-16,Other,ghoang@example.org,0369278014,DEP008,Kỹ thuật xây dựng,2025-06-12,Active,,2,34122000,0,34122000,3785000,0,2,0,0,6992500.0,0.0,0.0,1,0,0
STU001093,Quý Ông Minh Mai,2003-10-11,Female,mbui@example.org,0486891376,DEP009,Công nghệ sinh học,2025-07-15,Active,,1,31757000,0,31757000,0,0,0,0,0,0.0,0.0,0.0,1,0,0
STU001094,Thành Dương,2003-03-23,Female,john51@example.net,055457579,DEP010,Du lịch - Khách sạn,2023-07-18,Suspended,,1,22433000,20286000,2147000,7478000,0,2,1,1,15539000.0,0.90429276,0.5,1,0,0
STU001095,Chị Thảo Bùi,2006-06-10,Male,jane39@example.com,0763239170,DEP005,Luật,2020-07-30,Graduated,,2,25179000,30497000,1250000,8156000,785000,4,3,1,8565250.0,1.2112077,0.25,1,0,0
STU001096,Hưng Thế Đặng,2003-03-25,Other,ovu@example.org,031712738,DEP009,Công nghệ sinh học,2025-07-25,Active,,4,58306000,35563000,25440000,9365000,0,2,2,0,17781500.0,0.60993725,0.0,1,0,0
STU001097,Chị Nhật Trần,2001-08-27,Other,fduong@example.com,046041359,DEP011,Truyền thông,2021-11-28,Suspended,,3,45448000,11655000,33793000,4420000,0,3,2,0,4982000.0,0.25644693,0.0,1,0,0
STU001098,Kim Vũ,2007-04-11,Male,mdang@example.com,0644852692,DEP011,Truyền thông,2020-03-13,Active,,0,0,0,0,0,0,0,0,0,0.0,1.0,0.0,0,0,0
STU001099,Hà Đặng,2005-05-22,Other,fdang@example.org,0446520581,DEP007,Kỹ thuật điện,2025-01-29,Active,,2,28429000,30628000,3230000,15442000,519000,3,3,0,10209333.0,1.0773506,0.0,1,0,0
STU001100,Vi Bùi,2002-06-25,Female,jane50@example.org,0353646593,DEP006,Ngoại ngữ,2020-06-03,Dropped Out,2022-09-22,2,34545000,12234000,22311000,5888000,739000,1,1,0,12234000.0,0.35414678,0.0,1,1,0
STU001101,Bà Khoa Dương,2000-07-02,Female,sduong@example.org,063850710,DEP002,Tài chính - Kế toán,2025-03-29,Active,,2,36246000,40782000,26692000,8601000,890000,4,3,0,15033500.0,1.1251448,0.0,1,0,0
STU001102,Nhiên Lê,2005-01-19,Other,ftran@example.org,0840637189,DEP001,Công nghệ thông tin,2021-03-09,Active,,0,0,0,0,0,0,0,0,0,0.0,1.0,0.0,0,0,0
STU001103,Cô Vi Mai,2005-11-20,Male,john61@example.com,047760019,DEP006,Ngoại ngữ,2021-10-24,Active,,2,47024000,10908000,36116000,0,714000,1,1,0,10908000.0,0.23196666,0.0,1,0,0
STU001104,Cô Vi Phạm,2005-05-16,Other,bnguyen@example.org,056393346,DEP005,Luật,2021-12-02,Active,,2,19012000,9694000,9318000,9285000,0,1,1,0,9694000.0,0.50988847,0.0,1,0,0
STU001105,Anh Hoàng Phạm,2000-04-07,Female,john52@example.com,036745958,DEP009,Công nghệ sinh học,2021-05-22,Active,,2,29927000,18654000,18868000,0,1745000,2,2,0,9327000.0,0.62331676,0.0,1,0,0
STU001106,Quý Cô Lan Hoàng,2000-01-01,Male,jane57@example.net,0934157843,DEP012,Khoa học dữ liệu,2023-10-04,Active,,2,51403000,16736000,34667000,0,0,3,2,1,9367667.0,0.3255841,0.33333334,1,0,1
STU001107,Chị Hải Lê,2002-02-16,Female,john37@example.net,0892393972,DEP007,Kỹ thuật điện,2024-05-29,Active,,2,47350000,49015000,3080000,6890000,0,3,3,0,16338333.0,1.0351636,0.0,1,0,0
STU001108,Bác Quang Vũ,2003-01-26,Male,wpham@example.com,0770157781,DEP005,Luật,2022-03-01,Active,,0,0,0,0,0,0,0,0,0,0.0,1.0,0.0,0,0,0
STU001109,Quý Ông Hưng Vũ,2007-04-10,Other,jane77@example.net,0131158536,DEP009,Công nghệ sinh học,2021-05-13,Active,,1,23625000,0,23625000,7666000,625000,0,0,0,0.0,0.0,0.0,1,0,0
STU001110,Hải Mai Bảo Nguyễn,2000-06-10,Other,pnguyen@example.org,058271582,DEP004,Kinh tế,2020-08-01,Suspended,,1,28755000,12892000,15863000,0,0,1,1,0,12892000.0,0.44833943,0.0,1,0,0
STU001111,Hạnh Đặng,2004-03-27,Female,jane38@example.org,033599736,DEP004,Kinh tế,2021-03-16,Dropped Out,2023-05-23,3,59329000,56680000,6308000,8850000,180000,4,4,0,14170000.0,0.9553507,0.0,1,1,0
STU001112,Duyên Dương,1999-07-27,Male,john55@example.com,0936846230,DEP012,Khoa học dữ liệu,2025-01-28,Active,,1,20444000,0,20444000,2272000,0,1,0,0,12737000.0,0.0,0.0,1,0,0
STU001113,Lâm Phạm,2002-02-19,Female,jane94@example.net,027968149,DEP008,Kỹ thuật xây dựng,2022-02-07,Dropped Out,2023-01-25,2,47714000,17875000,32845000,0,0,2,2,0,8937500.0,0.37462798,0.0,1,1,0
STU001114,Minh Bảo Vũ,2004-10-29,Other,gtran@example.com,032627914,DEP008,Kỹ thuật xây dựng,2021-05-07,Active,,1,7450000,6576000,874000,2484000,0,1,1,0,6576000.0,0.8826846,0.0,1,0,0
STU001115,An Nguyễn,2003-08-15,Other,jane30@example.org,0248238967,DEP009,Công nghệ sinh học,2022-08-29,Active,,0,0,0,0,0,0,0,0,0,0.0,1.0,0.0,0,0,0
STU001116,Khoa Thị Dương,2004-11-22,Male,john85@example.net,0155010371,DEP003,Quản trị kinh doanh,2024-03-19,Suspended,,1,11730000,0,11730000,0,0,0,0,0,0.0,0.0,0.0,1,0,0
STU001117,Vân Mai,2006-10-14,Female,mduong@example.org,092164491,DEP004,Kinh tế,2021-04-17,Active,,2,36542000,36199000,2016000,12287000,1441000,4,4,0,9049750.0,0.9906135,0.0,1,0,0
STU001118,Quý Ông Quang Đặng,2001-07-08,Other,john72@example.com,0827571015,DEP007,Kỹ thuật điện,2024-12-03,Active,,1,9573000,0,9573000,3191000,0,0,0,0,0.0,0.0,0.0,1,0,0
STU001119,Chị Hạnh Hoàng,1999-11-19,Female,john07@example.net,015537248,DEP003,Quản trị kinh doanh,2024-10-19,Active,,2,37126000,29832000,7795000,8690000,0,3,3,0,9944000.0,0.8035339,0.0,1,0,0
STU001120,An Hữu Đặng,2002-04-18,Other,john13@example.com,0930835857,DEP008,Kỹ thuật xây dựng,2022-05-15,Active,,4,65374000,24672000,40702000,5981000,1472000,5,3,0,10197400.0,0.37739775,0.0,1,0,0
STU001121,Cô Duyên Trần,2001-11-04,Other,jane64@example.net,058920622,DEP001,Công nghệ thông tin,2019-12-19,Active,,2,43989000,16549000,27440000,4887000,0,1,1,0,16549000.0,0.37620768,0.0,1,0,0
STU001122,Nhật Đức Dương,2004-05-07,Female,jnguyen@example.net,0080385510,DEP003,Quản trị kinh doanh,2025-05-18,Graduated,,0,0,0,0,0,0,0,0,0,0.0,1.0,0.0,0,0,0
STU001123,Bác Hưng Nguyễn,1998-04-11,Other,kdang@example.net,095935538,DEP006,Ngoại ngữ,2024-10-03,Active,,3,62071000,15468000,46603000,2027000,163000,1,1,0,15468000.0,0.2491985,0.0,1,0,0
STU001124,Bảo Thị Dương,2006-05-25,Male,john09@example.net,0334119092,DEP001,Công nghệ thông tin,2023-06-28,Active,,2,42310000,19168000,29047000,0,0,2,2,0,9584000.0,0.4530371,0.0,1,0,0
STU001125,Bác Vũ Đặng,2000-10-11,Male,abui@example.com,0692981928,DEP008,Kỹ thuật xây dựng,2023-01-16,Suspended,,0,0,0,0,0,0,0,0,0,0.0,1.0,0.0,0,0,0
STU001126,Quang Nguyễn,2003-06-11,Female,jane35@example.com,030062341,DEP007,Kỹ thuật điện,2019-12-07,Active,,5,68339000,38184000,30155000,8863000,252000,7,5,1,7546857.0,0.5587439,0.14285715,1,0,1
STU001127,Bà Hồng Nguyễn,2002-08-22,Other,iduong@example.com,0688968363,DEP003,Quản trị kinh doanh,2020-07-20,Active,,2,43104000,0,43104000,10210000,0,0,0,0,0.0,0.0,0.0,1,0,0
STU001128,Nhật Đức Phạm,1999-03-10,Other,zdang@example.com,0144688310,DEP005,Luật,2022-11-06,Active,,3,44441000,2830000,41611000,3783000,1258000,3,1,2,13998000.0,0.06367993,0.6666667,1,0,1
STU001129,Minh Hoàng Trần,2004-07-20,Other,tpham@example.org,0742083633,DEP006,Ngoại ngữ,2025-06-01,Active,,0,0,0,0,0,0,0,0,0,0.0,1.0,0.0,0,0,0
STU001130,Ông Châu Nguyễn,2001-05-24,Male,hmai@example.net,033472118,DEP005,Luật,2024-01-20,Active,,0,0,0,0,0,0,0,0,0,0.0,1.0,0.0,0,0,0
STU001131,Nam Lê,2002-11-04,Male,rnguyen@example.com,0969573000,DEP007,Kỹ thuật điện,2019-10-11,Dropped Out,2021-12-12,1,26208000,0,26208000,8736000,0,0,0,0,0.0,0.0,0.0,1,1,0
STU001132,An Mai,2003-12-13,Female,jane66@example.com,063394216,DEP010,Du lịch - Khách sạn,2024-12-24,Active,,5,88277000,66350000,34236000,5122000,0,6,6,0,11058333.0,0.7516114,0.0,1,0,0
STU001133,Vũ Mai Bảo Lê,2000-01-20,Male,jane94@example.org,040895686,DEP012,Khoa học dữ liệu,2023-12-08,Active,,2,44455000,101783000,15136000,15136000,1324000,2,2,0,50891500.0,2.2895737,0.0,1,0,0
STU001134,Cô Hương Đặng,2001-12-15,Female,khoang@example.com,0285105440,DEP009,Công nghệ sinh học,2022-04-02,Active,,5,104285000,44469000,70602000,31638000,2060000,4,3,1,12263750.0,0.42641798,0.25,1,0,1
STU001135,Quý Ông Trung Trần,2005-11-21,Other,john46@example.com,0825414217,DEP002,Tài chính - Kế toán,2022-12-31,Graduated,,3,43363000,40430000,6275000,11124000,904000,6,5,0,8349333.5,0.93236166,0.0,1,0,0
STU001136,Kim Bùi,1999-09-27,Other,bmai@example.org,0630343560,DEP010,Du lịch - Khách sạn,2023-06-17,Active,,3,43752000,9355000,34397000,21734000,0,1,1,0,9355000.0,0.2138188,0.0,1,0,0
STU001137,Ánh Nguyễn,2005-11-23,Other,jane92@example.org,0374094944,DEP005,Luật,2020-01-08,Active,,0,0,0,0,0,0,0,0,0,0.0,1.0,0.0,0,0,0
STU001138,Ông Thành Đặng,2000-12-08,Female,ile@example.net,0297676110,DEP008,Kỹ thuật xây dựng,2022-12-18,Suspended,,3,59856000,39409000,26899000,9276000,789000,5,3,1,14971400.0,0.65839684,0.2,1,0,1
STU001139,Lâm Bảo Nguyễn,2001-11-09,Female,yhoang@example.net,0010314010,DEP003,Quản trị kinh doanh,2022-07-24,Graduated,,1,32187000,0,32187000,0,1059000,0,0,0,0.0,0.0,0.0,1,0,0
STU001140,Thành Phạm,2007-08-11,Other,nbui@example.net,0090871552,DEP001,Công nghệ thông tin,2023-12-02,Active,,5,89033000,96648000,35674000,23009000,0,7,7,0,13806857.0,1.08553,0.0,1,0,0
STU001141,Bảo Lê,2002-01-11,Male,wle@example.com,041016920,DEP002,Tài chính - Kế toán,2023-12-03,Suspended,,1,8355000,10918000,0,8355000,0,3,3,0,3639333.2,1.3067625,0.0,0,0,0
STU001142,Bác Tú Trần,2006-07-15,Female,john01@example.com,005641997,DEP011,Truyền thông,2021-08-19,Active,,4,75890000,95813000,15831000,0,1013000,7,7,0,13687571.0,1.2625247,0.0,1,0,0
STU001143,Vi Mai,2003-11-06,Other,zbui@example.org,068591498,DEP008,Kỹ thuật xây dựng,2023-05-05,Active,,1,11652000,5531000,6121000,0,0,1,1,0,5531000.0,0.47468245,0.0,1,0,0
STU001144,Phương Phạm,2005-06-29,Other,john11@example.net,0859835815,DEP007,Kỹ thuật điện,2020-09-12,Dropped Out,2022-02-22,1,21783000,6642000,15141000,2420000,0,1,1,0,6642000.0,0.30491668,0.0,1,1,0
STU001145,Bác Quang Mai,2003-03-24,Male,gdang@example.org,0547790978,DEP009,Công nghệ sinh học,2023-05-14,Active,,2,30657000,61770000,3621000,5793000,1048000,4,4,0,15442500.0,2.0148742,0.0,1,0,0
STU001146,Thảo Đặng,1998-10-12,Other,lhoang@example.com,070404251,DEP009,Công nghệ sinh học,2025-05-15,Dropped Out,2026-09-15,3,47922000,31292000,16630000,8878000,122000,2,2,0,15646000.0,0.65297776,0.0,1,1,0
STU001147,Thành Tấn Trần,1999-01-15,Female,wbui@example.org,0383328191,DEP003,Quản trị kinh doanh,2020-11-06,Active,,2,36918000,22720000,14198000,12054000,934000,1,1,0,22720000.0,0.61541796,0.0,1,0,0
STU001148,Ông Quang Phạm,2007-05-26,Male,jane61@example.com,0764703534,DEP007,Kỹ thuật điện,2023-02-12,Dropped Out,2024-12-12,1,23972000,0,23972000,7991000,0,1,0,1,23394000.0,0.0,1.0,1,1,1
STU001149,Bà Hải Nguyễn,2007-05-25,Male,dpham@example.net,040379850,DEP006,Ngoại ngữ,2024-06-21,Active,,1,28054000,0,28054000,0,0,0,0,0,0.0,0.0,0.0,1,0,0
STU001150,Nam Thế Trần,2001-03-04,Male,bmai@example.com,037792499,DEP004,Kinh tế,2024-01-23,Dropped Out,2025-06-29,1,11257000,3698000,7559000,11256000,0,1,1,0,3698000.0,0.3285067,0.0,1,1,0
STU001151,Nhật Lê,2001-10-05,Male,jane72@example.org,081030893,DEP006,Ngoại ngữ,2025-02-15,Active,,1,14299000,17920000,0,0,0,2,2,0,8960000.0,1.2532345,0.0,0,0,0
STU001152,An Tấn Bùi,2005-08-03,Other,jane65@example.net,030214687,DEP008,Kỹ thuật xây dựng,2021-07-04,Active,,3,32161000,24991000,18675000,7677000,0,4,3,0,9485750.0,0.7770592,0.0,1,0,0
STU001153,Thành Đức Trần,2004-11-08,Male,rpham@example.com,0128206523,DEP009,Công nghệ sinh học,2021-06-07,Graduated,,1,13180000,0,13180000,0,0,0,0,0,0.0,0.0,0.0,1,0,0
STU001154,Cô Hồng Nguyễn,2004-11-17,Female,znguyen@example.org,0143759657,DEP011,Truyền thông,2022-12-29,Active,,1,13478000,5483000,7995000,4493000,0,1,1,0,5483000.0,0.4068111,0.0,1,0,0
STU001155,An Mai Vũ,2006-02-15,Male,john91@example.com,091422130,DEP011,Truyền thông,2021-01-05,Graduated,,3,73941000,18320000,56539000,0,0,2,2,0,9160000.0,0.24776511,0.0,1,0,0
STU001156,Cô Hải Hoàng,2004-12-11,Female,john89@example.org,0310809489,DEP005,Luật,2024-08-21,Suspended,,4,94767000,22863000,71904000,4282000,133000,3,3,0,7621000.0,0.24125487,0.0,1,0,0
STU001157,Bà Mai Hoàng,2002-07-16,Female,hnguyen@example.com,015095003,DEP008,Kỹ thuật xây dựng,2023-05-30,Active,,0,0,0,0,0,0,0,0,0,0.0,1.0,0.0,0,0,0
STU001158,Bác Trung Mai,1999-04-12,Other,hhoang@example.com,090990494,DEP004,Kinh tế,2023-12-02,Graduated,,2,23882000,7295000,16587000,3464000,0,2,1,1,7627500.0,0.30546018,0.5,1,0,1
STU001159,Dũng Trí Nguyễn,1998-06-26,Other,inguyen@example.com,098413937,DEP002,Tài chính - Kế toán,2025-05-10,Active,,2,66490000,24316000,42174000,3444000,911000,2,2,0,12158000.0,0.36570913,0.0,1,0,0
STU001160,Bà Nhật Bùi,2004-06-10,Female,anguyen@example.org,0370939184,DEP006,Ngoại ngữ,2023-03-10,Active,,2,38850000,0,38850000,9492000,0,1,0,1,13443000.0,0.0,1.0,1,0,1
STU001161,Ánh Mai,2001-08-20,Male,jane87@example.com,0521025321,DEP003,Quản trị kinh doanh,2023-09-17,Graduated,,5,81333000,104110000,12384000,22566000,2150000,11,8,1,11509636.0,1.2800462,0.09090909,1,0,0
STU001162,Khoa Phạm,2005-02-02,Other,zle@example.com,069237908,DEP002,Tài chính - Kế toán,2020-11-15,Active,,2,29935000,5645000,24290000,2346000,730000,2,1,1,13463500.0,0.18857525,0.5,1,0,1
STU001163,Thành Văn Trần,2007-02-23,Female,jane80@example.com,009187704,DEP002,Tài chính - Kế toán,2025-09-13,Graduated,,1,7354000,0,7354000,2452000,0,0,0,0,0.0,0.0,0.0,1,0,0
STU001164,Bà Hà Lê,1998-07-17,Other,umai@example.com,0868567551,DEP003,Quản trị kinh doanh,2022-08-25,Graduated,,2,27029000,6296000,20733000,5433000,0,1,1,0,6296000.0,0.232935,0.0,1,0,0
STU001165,Yến Hoàng,2004-04-23,Other,jane20@example.org,0890897373,DEP012,Khoa học dữ liệu,2019-09-28,Suspended,,1,15155000,0,15155000,0,102000,1,0,0,14228000.0,0.0,0.0,1,0,0
STU001166,Hà Vũ,2003-06-08,Female,ypham@example.net,0962246895,DEP004,Kinh tế,2019-12-13,Active,,1,11814000,8501000,3313000,0,358000,2,2,0,4250500.0,0.71957,0.0,1,0,0
STU001167,Chi Nguyễn,2000-08-30,Other,jane38@example.com,0484747156,DEP005,Luật,2024-04-04,Active,,1,11260000,0,11260000,0,0,0,0,0,0.0,0.0,0.0,1,0,0
STU001168,Hạnh Đặng,2004-04-29,Other,john12@example.com,043807761,DEP005,Luật,2022-01-02,Active,,3,66368000,64125000,21234000,0,302000,5,5,0,12825000.0,0.9662036,0.0,1,0,0
STU001169,Trung Mai Bảo Lê,1999-12-23,Other,mpham@example.org,0507548860,DEP003,Quản trị kinh doanh,2023-09-13,Active,,6,132079000,105078000,36540000,24748000,1179000,7,6,1,16253000.0,0.7955693,0.14285715,1,0,1
STU001170,Phúc Văn Vũ,1999-07-02,Male,jane35@example.org,062206086,DEP010,Du lịch - Khách sạn,2020-03-23,Active,,5,67904000,65790000,8320000,7209000,0,8,8,0,8223750.0,0.96886784,0.0,1,0,0
STU001171,Trung Hoàng Vũ,1999-07-27,Male,ile@example.org,000013522,DEP010,Du lịch - Khách sạn,2025-06-25,Dropped Out,2026-07-26,3,56926000,18964000,37962000,12542000,1124000,3,2,0,9284000.0,0.33313423,0.0,1,1,0
STU001172,An Lê,2006-06-30,Male,rvu@example.net,053256950,DEP006,Ngoại ngữ,2021-09-20,Active,,2,56400000,34725000,21675000,8112000,903000,2,2,0,17362500.0,0.6156915,0.0,1,0,0
STU001173,Phương Lê,1998-01-27,Other,jane08@example.org,078160157,DEP005,Luật,2022-04-08,Active,,4,83116000,57129000,31320000,6733000,1834000,5,4,1,13850000.0,0.68734056,0.2,1,0,1
STU001174,Ông Trọng Mai,2006-08-30,Female,ytran@example.org,054082714,DEP001,Công nghệ thông tin,2023-02-21,Suspended,,4,74335000,67247000,29536000,2588000,0,6,6,0,11207833.0,0.9046479,0.0,1,0,0
STU001175,Dũng Bùi,2001-09-12,Other,jane70@example.net,049935556,DEP008,Kỹ thuật xây dựng,2021-04-19,Active,,2,44253000,51250000,131000,2489000,0,4,4,0,12812500.0,1.1581136,0.0,1,0,0
STU001176,Thành Bùi,2004-06-06,Other,vbui@example.com,0144094315,DEP005,Luật,2023-01-06,Active,,5,70769000,16522000,54247000,8095000,916000,2,2,0,8261000.0,0.23346381,0.0,1,0,0
STU001177,Cô Chi Bùi,2000-01-30,Female,john68@example.com,087759129,DEP003,Quản trị kinh doanh,2025-04-01,Dropped Out,2027-01-30,2,61915000,35621000,26294000,0,1100000,2,2,0,17810500.0,0.575321,0.0,1,1,0
STU001178,Bà Phương Nguyễn,1999-03-08,Female,cle@example.com,059168508,DEP008,Kỹ thuật xây dựng,2020-03-22,Dropped Out,2021-09-23,2,26438000,3368000,23070000,0,0,1,1,0,3368000.0,0.1273924,0.0,1,1,0
STU001179,Linh Lê,1998-02-06,Female,jane07@example.org,088913699,DEP006,Ngoại ngữ,2022-01-21,Dropped Out,2024-01-11,1,26379000,0,26379000,2931000,0,0,0,0,0.0,0.0,0.0,1,1,0
STU001180,Hạnh Đức Lê,2002-10-11,Other,john87@example.org,0194305569,DEP009,Công nghệ sinh học,2019-10-30,Graduated,,3,59870000,18585000,41285000,16381000,969000,2,2,0,9292500.0,0.31042257,0.0,1,0,0
STU001181,Châu Bùi,2001-04-27,Other,lhoang@example.net,093732784,DEP009,Công nghệ sinh học,2019-10-17,Active,,1,33859000,37772000,0,0,199000,3,2,0,18300000.0,1.1155674,0.0,0,0,0
STU001182,Bảo Phạm,2007-11-27,Male,john60@example.com,057124670,DEP004,Chưa phân ngành,2024-03-16,Active,,5,86410000,56868000,51476000,1968000,1534000,5,5,0,11373600.0,0.65811825,0.0,1,0,0
STU001183,Khoa Phạm,2001-08-03,Male,nmai@example.org,011562457,DEP010,Du lịch - Khách sạn,2024-06-18,Dropped Out,2025-08-03,1,10259000,0,10259000,0,0,1,0,0,8413000.0,0.0,0.0,1,1,0
STU001184,Anh Châu Lê,1999-05-28,Other,xpham@example.com,032300986,DEP004,Kinh tế,2022-09-17,Active,,2,21313000,39222000,3211000,21312000,0,6,6,0,6537000.0,1.8402853,0.0,1,0,0
STU001185,Ông Khoa Nguyễn,2004-02-10,Female,jane67@example.org,0501614898,DEP001,Công nghệ thông tin,2025-01-31,Active,,2,25152000,10914000,14238000,12911000,1381000,3,2,1,7789000.0,0.43392175,0.33333334,1,0,0
STU001186,Bà Khoa Phạm,2003-10-01,Female,jane62@example.net,029963993,DEP010,Du lịch - Khách sạn,2022-10-31,Active,,5,94521000,30298000,64223000,17348000,3544000,6,4,0,9296333.0,0.3205425,0.0,1,0,0
STU001187,Cô Duyên Lê,2003-04-01,Male,dbui@example.com,0887294754,DEP002,Tài chính - Kế toán,2021-11-21,Graduated,,1,13191000,11095000,2096000,1330000,1217000,1,1,0,11095000.0,0.8411038,0.0,1,0,0
STU001188,Quý Ông Hưng Vũ,2005-11-20,Other,dduong@example.com,001281072,DEP005,Luật,2021-10-13,Active,,2,51771000,22996000,32276000,0,166000,4,3,0,8808000.0,0.4441869,0.0,1,0,0
STU001189,Hưng Nguyễn,2005-11-14,Other,jane07@example.net,066366005,DEP006,Ngoại ngữ,2020-12-14,Active,,2,40924000,19548000,29262000,0,888000,3,3,0,6516000.0,0.47766593,0.0,1,0,0
STU001190,Chị Lâm Trần,2000-06-11,Other,gbui@example.com,014243958,DEP003,Quản trị kinh doanh,2022-01-29,Active,,3,43721000,27896000,15825000,6465000,0,3,3,0,9298667.0,0.6380458,0.0,1,0,0
STU001191,An Trí Hoàng,2000-07-05,Other,imai@example.com,084333815,DEP010,Du lịch - Khách sạn,2023-03-24,Graduated,,3,58387000,3509000,54878000,4131000,0,1,1,0,3509000.0,0.060098995,0.0,1,0,0
STU001192,Cô Nhật Vũ,2002-02-05,Other,john49@example.net,095883699,DEP004,Kinh tế,2020-01-14,Active,,4,78984000,84856000,44625000,8386000,827000,6,6,0,14142667.0,1.0743442,0.0,1,0,0
STU001193,Quý Cô Hải Nguyễn,1999-12-18,Female,john04@example.net,077550344,DEP009,Công nghệ sinh học,2021-08-10,Active,,2,33693000,9772000,23921000,2172000,0,1,1,0,9772000.0,0.29003057,0.0,1,0,0
STU001194,Bà Mai Vũ,2007-09-16,Male,anguyen@example.net,008443360,DEP011,Truyền thông,2019-08-14,Active,,2,21881000,12938000,8943000,7826000,532000,2,2,0,6469000.0,0.5912892,0.0,1,0,0
STU001195,Bà Vi Bùi,2007-07-28,Male,bnguyen@example.com,088197037,DEP009,Công nghệ sinh học,2022-09-24,Dropped Out,2024-12-22,3,66513000,30143000,36370000,0,0,2,1,0,17871500.0,0.4531896,0.0,1,1,0
STU001196,Lâm Văn Vũ,2000-10-07,Other,xnguyen@example.com,0069030580,DEP004,Kinh tế,2021-07-17,Active,,0,0,0,0,0,0,0,0,0,0.0,1.0,0.0,0,0,0
STU001197,Quý Cô Duyên Phạm,2003-01-23,Other,john26@example.org,0941362239,DEP005,Luật,2021-12-08,Active,,1,17613000,17215000,398000,0,0,2,2,0,8607500.0,0.97740304,0.0,1,0,0
STU001198,Cô Hạnh Nguyễn,2003-09-11,Other,lle@example.net,0613919206,DEP005,Luật,2022-02-20,Graduated,,2,36822000,19513000,18151000,9749000,0,3,3,0,6504333.5,0.5299278,0.0,1,0,0
STU001199,Nhiên Trần,1998-10-18,Other,ole@example.com,0285597984,DEP001,Công nghệ thông tin,2020-06-06,Dropped Out,2022-06-24,0,0,0,0,0,0,0,0,0,0.0,1.0,0.0,0,1,0
STU001200,Khoa Văn Mai,2004-10-14,Male,john17@example.com,0066325212,DEP004,Kinh tế,2022-07-03,Active,,1,33955000,10565000,23390000,0,970000,1,1,0,10565000.0,0.3111471,0.0,1,0,0
STU001201,Bà Thành Lê,2003-01-01,Male,qle@example.org,051075319,DEP012,Khoa học dữ liệu,2021-08-05,Dropped Out,2022-12-03,1,29029000,14807000,14222000,0,1299000,1,1,0,14807000.0,0.5100761,0.0,1,1,0
STU001202,Cô Chi Dương,1999-07-26,Male,john19@example.net,0281966394,DEP006,Ngoại ngữ,2021-01-02,Active,,3,54561000,11083000,43478000,12842000,0,1,1,0,11083000.0,0.20313044,0.0,1,0,0
STU001203,Bác Quang Dương,2006-07-01,Other,mduong@example.com,0348156783,DEP012,Khoa học dữ liệu,2023-06-29,Active,,1,12302000,11993000,309000,0,0,2,2,0,5996500.0,0.9748821,0.0,1,0,0
STU001204,Chị Ngọc Hoàng,2003-09-09,Male,john21@example.org,0908951916,DEP006,Ngoại ngữ,2021-06-29,Active,,3,35052000,35481000,18132000,918000,389000,6,6,0,5913500.0,1.012239,0.0,1,0,0
STU001205,Hồng Hoàng,1998-04-11,Other,john63@example.com,0058514445,DEP007,Kỹ thuật điện,2025-05-13,Active,,2,26759000,24302000,2457000,12296000,0,3,3,0,8100666.5,0.9081804,0.0,1,0,0
STU001206,Linh Hoàng,1999-12-15,Female,rdang@example.com,0811958991,DEP001,Công nghệ thông tin,2024-04-09,Graduated,,2,54040000,78695000,0,0,1402000,4,4,0,19673750.0,1.4562361,0.0,0,0,0
STU001207,Chị Thảo Trần,1998-11-22,Female,john46@example.org,0285621619,DEP008,Kỹ thuật xây dựng,2020-01-21,Active,,1,17698000,0,17698000,5900000,0,0,0,0,0.0,0.0,0.0,1,0,0
STU001208,Hạnh Trần,2005-04-01,Male,apham@example.net,0013608612,DEP008,Kỹ thuật xây dựng,2024-10-06,Active,,2,38782000,7645000,31137000,8324000,0,2,1,0,11165000.0,0.19712754,0.0,1,0,0
STU001209,Phương Thị Bùi,1999-02-07,Male,ynguyen@example.org,0196882742,DEP005,Luật,2025-02-25,Dropped Out,2027-04-11,3,55784000,60276000,7308000,2955000,0,6,5,1,12297500.0,1.0805249,0.16666667,1,1,0
STU001210,Nhật Bùi,2001-06-05,Male,jane82@example.net,039661220,DEP004,Kinh tế,2022-03-27,Suspended,,2,29922000,6515000,23407000,4693000,0,1,1,0,6515000.0,0.21773277,0.0,1,0,0
STU001211,Thành Quang Trần,2003-02-25,Other,hhoang@example.net,0164951212,DEP011,Truyền thông,2022-06-16,Active,,3,49652000,7442000,42210000,14538000,0,3,1,1,11404000.0,0.14988318,0.33333334,1,0,1
STU001212,Chị Vi Nguyễn,2003-02-04,Female,john34@example.org,026552778,DEP004,Kinh tế,2021-09-07,Active,,2,45338000,0,45338000,0,523000,0,0,0,0.0,0.0,0.0,1,0,0
STU001213,Cô Yến Vũ,2004-01-26,Male,jane09@example.net,0522351148,DEP001,Công nghệ thông tin,2021-11-19,Suspended,,6,118946000,88512000,35718000,26253000,3549000,7,7,0,12644571.0,0.744136,0.0,1,0,0
STU001214,Châu Bùi,2005-02-25,Male,zdang@example.org,085756089,DEP005,Luật,2020-07-17,Active,,0,0,0,0,0,0,0,0,0,0.0,1.0,0.0,0,0,0
STU001215,Thành Thế Đặng,1999-03-20,Male,wdang@example.com,054892837,DEP001,Công nghệ thông tin,2019-10-02,Active,,3,47600000,3724000,43876000,6965000,399000,2,1,1,4226500.0,0.07823529,0.5,1,0,1
STU001216,Châu Mai Bảo Trần,1999-01-19,Other,john75@example.org,0520173800,DEP011,Truyền thông,2021-12-29,Active,,1,29290000,17918000,11372000,0,0,1,1,0,17918000.0,0.61174464,0.0,1,0,0
STU001217,Ngọc Bùi,2000-07-05,Other,jane75@example.net,014219925,DEP006,Ngoại ngữ,2023-12-10,Dropped Out,2025-11-20,2,24567000,15532000,10902000,12024000,0,4,3,1,6908250.0,0.6322302,0.25,1,1,0
STU001218,Hưng Nguyễn,2002-07-25,Other,qdang@example.org,015557153,DEP003,Quản trị kinh doanh,2020-04-25,Active,,3,51109000,54796000,11236000,1579000,0,5,5,0,10959200.0,1.07214,0.0,1,0,0
STU001219,Hà Hải Dương,1998-04-04,Male,jane68@example.com,0023820141,DEP001,Công nghệ thông tin,2022-09-09,Active,,0,0,0,0,0,0,0,0,0,0.0,1.0,0.0,0,0,0
STU001220,Nhật Hải Bùi,1999-12-11,Other,bvu@example.com,040738435,DEP012,Khoa học dữ liệu,2021-01-05,Active,,1,21920000,0,21920000,0,0,0,0,0,0.0,0.0,0.0,1,0,0
STU001221,Tùng Thị Bùi,2003-09-02,Other,ppham@example.net,0902904446,DEP011,Truyền thông,2022-02-13,Graduated,,3,72201000,121545000,12642000,0,519000,8,6,0,17981624.0,1.6834254,0.0,1,0,0
STU001222,Cô Lâm Đặng,2001-12-31,Other,oduong@example.net,0946026452,DEP012,Khoa học dữ liệu,2019-09-29,Active,,0,0,0,0,0,0,0,0,0,0.0,1.0,0.0,0,0,0
STU001223,Quý Ông Hưng Trần,1998-02-06,Female,qvu@example.org,093254924,DEP009,Công nghệ sinh học,2023-04-10,Active,,2,45236000,18606000,28650000,16586000,0,2,2,0,9303000.0,0.41130957,0.0,1,0,0
STU001224,Bà Hương Mai,1999-02-07,Male,jane11@example.com,038368900,DEP009,Công nghệ sinh học,2020-01-15,Graduated,,2,28478000,0,28478000,0,0,0,0,0,0.0,0.0,0.0,1,0,0
STU001225,Phương Đức Vũ,1999-08-06,Other,john54@example.net,005447281,DEP007,Kỹ thuật điện,2023-11-13,Dropped Out,2024-10-24,1,30452000,0,30452000,0,144000,1,0,0,18426000.0,0.0,0.0,1,1,0
STU001226,Dũng Dương,2006-11-18,Male,bhoang@example.org,0151092037,DEP012,Khoa học dữ liệu,2024-01-08,Active,,2,29114000,27674000,3230000,18192000,129000,5,4,0,7553200.0,0.95053923,0.0,1,0,0
STU001227,Quang Tấn Nguyễn,2004-03-16,Other,ydang@example.net,045677874,DEP005,Luật,2023-08-31,Graduated,,2,58429000,43242000,23500000,0,0,2,2,0,21621000.0,0.7400777,0.0,1,0,0
STU001228,Quang Trần,2001-12-17,Female,ahoang@example.org,080839975,DEP002,Tài chính - Kế toán,2022-02-23,Active,,2,18722000,0,18722000,7302000,1428000,1,0,0,6846000.0,0.0,0.0,1,0,0
STU001229,Quang Trần,1998-07-05,Other,john43@example.com,037029288,DEP006,Ngoại ngữ,2020-03-21,Dropped Out,2020-12-08,0,0,0,0,0,0,0,0,0,0.0,1.0,0.0,0,1,0
STU001230,Bảo Mai Dương,2005-07-02,Female,xdang@example.net,064144193,DEP007,Kỹ thuật điện,2020-09-04,Active,,3,39118000,34851000,15969000,5440000,0,6,4,0,7616000.0,0.8909198,0.0,1,0,0
STU001231,Hạnh Hoàng,2000-07-05,Female,oduong@example.com,034935235,DEP011,Truyền thông,2021-08-07,Dropped Out,2023-02-12,0,0,0,0,0,0,0,0,0,0.0,1.0,0.0,0,1,0
STU001232,Hoàng Thị Trần,1999-10-23,Other,tvu@example.com,0301830644,DEP012,Khoa học dữ liệu,2022-11-29,Graduated,,2,35518000,20366000,15152000,14878000,1396000,2,2,0,10183000.0,0.5733994,0.0,1,0,0
STU001233,Bảo Hoàng,2004-07-05,Female,gpham@example.org,0207900434,DEP012,Khoa học dữ liệu,2025-03-15,Active,,1,12373000,12441000,0,4124000,0,2,2,0,6220500.0,1.0054958,0.0,0,0,0
STU001234,Cô Chi Bùi,2005-06-03,Male,john80@example.net,0352648900,DEP007,Kỹ thuật điện,2024-06-20,Active,,1,14656000,0,14656000,4885000,0,1,0,0,9954000.0,0.0,0.0,1,0,0
STU001235,Nhật Nguyễn,1998-05-20,Female,jane00@example.org,091700788,DEP012,Khoa học dữ liệu,2023-06-16,Graduated,,3,52957000,22818000,30139000,4769000,0,3,2,1,21756666.0,0.4308779,0.33333334,1,0,1
STU001236,Quý Cô Nhật Dương,1999-11-07,Male,mhoang@example.com,0533472970,DEP008,Kỹ thuật xây dựng,2023-07-27,Graduated,,2,17085000,8965000,10862000,9844000,0,2,2,0,4482500.0,0.5247293,0.0,1,0,0
STU001237,Chị Hồng Lê,2003-03-14,Other,rle@example.net,0621960843,DEP007,Kỹ thuật điện,2024-11-08,Dropped Out,2026-02-12,3,80207000,70651000,21729000,6570000,0,3,3,0,23550334.0,0.8808583,0.0,1,1,0
STU001238,Anh Anh Đặng,2007-11-17,Other,dnguyen@example.com,052165328,DEP010,Du lịch - Khách sạn,2022-08-14,Graduated,,0,0,0,0,0,0,0,0,0,0.0,1.0,0.0,0,0,0
STU001239,An Hữu Hoàng,2000-07-10,Male,fvu@example.net,0388722692,DEP002,Tài chính - Kế toán,2024-02-14,Suspended,,1,17596000,15121000,2475000,1955000,0,1,1,0,15121000.0,0.85934305,0.0,1,0,0
STU001240,Cô Vân Nguyễn,2005-01-16,Female,etran@example.org,0273505593,DEP001,Công nghệ thông tin,2023-12-03,Active,,1,10519000,10500000,19000,10156000,363000,1,1,0,10500000.0,0.99819374,0.0,1,0,0
STU001241,Dương Trần,2007-03-16,Other,jane08@example.net,0191581968,DEP002,Tài chính - Kế toán,2022-11-18,Active,,1,31221000,29731000,1490000,0,0,2,1,0,26811000.0,0.9522757,0.0,1,0,0
STU001242,Cô Vân Hoàng,2000-04-12,Other,ule@example.com,0072178624,DEP008,Kỹ thuật xây dựng,2022-09-17,Dropped Out,2023-01-23,1,13733000,11294000,2439000,0,0,1,1,0,11294000.0,0.8223986,0.0,1,1,0
STU001243,Vũ Đức Trần,2005-05-31,Male,jane24@example.com,066494597,DEP001,Công nghệ thông tin,2024-04-09,Active,,0,0,0,0,0,0,0,0,0,0.0,1.0,0.0,0,0,0
STU001244,Quý Cô Duyên Trần,2001-06-06,Female,ybui@example.net,0552585509,DEP003,Quản trị kinh doanh,2020-09-17,Active,,4,90523000,52214000,55635000,7886000,0,6,5,0,12315167.0,0.5768037,0.0,1,0,0
STU001245,Chị Lan Vũ,2001-11-12,Male,tle@example.com,082669035,DEP009,Công nghệ sinh học,2025-09-15,Graduated,,1,24864000,0,24864000,0,0,0,0,0,0.0,0.0,0.0,1,0,0
STU001246,Bảo Hữu Nguyễn,2004-11-16,Female,john43@example.net,072588979,DEP010,Du lịch - Khách sạn,2025-08-17,Active,,1,8966000,8640000,326000,0,0,2,2,0,4320000.0,0.9636404,0.0,1,0,0
STU001247,Kim Hữu Hoàng,2004-11-24,Other,john19@example.org,0662825604,DEP012,Khoa học dữ liệu,2023-12-16,Graduated,,4,77547000,67670000,16641000,0,179000,6,5,1,13574000.0,0.8726321,0.16666667,1,0,1
STU001248,Hà Nguyễn,2007-12-24,Female,ypham@example.com,0302043510,DEP001,Công nghệ thông tin,2025-08-13,Dropped Out,2026-07-16,4,88409000,39005000,49404000,33942000,0,2,2,0,19502500.0,0.44118813,0.0,1,1,0
STU001249,Nam Phú Bùi,2005-08-04,Male,ydang@example.com,0150649738,DEP006,Ngoại ngữ,2024-04-22,Active,,1,13164000,12025000,1139000,1463000,0,1,1,0,12025000.0,0.91347617,0.0,1,0,0
STU001250,Hạnh Hoàng Vũ,2006-04-21,Other,john04@example.org,0987386995,DEP002,Tài chính - Kế toán,2025-05-14,Active,,3,40591000,19174000,21417000,17530000,583000,2,2,0,9587000.0,0.4723707,0.0,1,0,0
STU001251,Nhật Bùi,2006-02-04,Other,bmai@example.net,082392269,DEP007,Kỹ thuật điện,2021-03-08,Graduated,,2,40476000,36639000,6869000,2959000,0,3,3,0,12213000.0,0.9052031,0.0,1,0,0
STU001252,Quý Cô Phương Dương,2004-01-19,Male,ztran@example.com,024337124,DEP004,Kinh tế,2023-02-05,Active,,2,28621000,6908000,21713000,5626000,0,1,1,0,6908000.0,0.24136125,0.0,1,0,0
STU001253,Chị Hà Dương,2001-12-17,Female,vnguyen@example.org,013757948,DEP002,Tài chính - Kế toán,2020-09-30,Dropped Out,2022-03-28,2,40794000,85863000,11967000,0,0,4,4,0,21465750.0,2.1047947,0.0,1,1,0
STU001254,Quý Ông Anh Mai,2007-03-01,Male,edang@example.com,0767282162,DEP004,Kinh tế,2020-09-30,Active,,1,11679000,14717000,0,0,0,2,2,0,7358500.0,1.260125,0.0,0,0,0
STU001255,Hạnh Tấn Phạm,2002-04-17,Male,john74@example.net,0974022169,DEP010,Du lịch - Khách sạn,2021-07-29,Active,,1,23105000,16018000,7087000,0,0,1,1,0,16018000.0,0.69326985,0.0,1,0,0
STU001256,Bác Minh Vũ,2007-09-03,Male,ele@example.com,0301480485,DEP002,Tài chính - Kế toán,2021-02-17,Active,,1,23144000,17451000,5693000,0,1084000,1,1,0,17451000.0,0.7540183,0.0,1,0,0
STU001257,An Dương,1998-09-25,Female,vvu@example.com,0293961127,DEP001,Công nghệ thông tin,2022-09-09,Active,,4,59622000,58717000,14133000,7944000,827000,4,4,0,14679250.0,0.984821,0.0,1,0,0
STU001258,Minh Hải Trần,2000-05-25,Male,cbui@example.net,0251407770,DEP009,Công nghệ sinh học,2024-06-23,Active,,5,78308000,27464000,50844000,12019000,174000,5,2,1,12861800.0,0.3507177,0.2,1,0,1
STU001259,Anh Trung Mai,2003-01-05,Male,dpham@example.org,000271842,DEP003,Quản trị kinh doanh,2025-08-27,Active,,3,58598000,47029000,11569000,8648000,0,4,4,0,11757250.0,0.80257004,0.0,1,0,0
STU001260,Hải Văn Hoàng,2005-09-24,Other,ftran@example.com,068006811,DEP009,Chưa phân ngành,2020-02-10,Dropped Out,2022-07-02,4,99170000,33040000,66130000,6205000,1468000,3,2,1,14766000.0,0.33316526,0.33333334,1,1,1
STU001261,Anh Hoàng Trần,2001-01-18,Female,john25@example.com,063406343,DEP004,Kinh tế,2021-09-03,Suspended,,3,44735000,52164000,3729000,5162000,1320000,7,6,1,8246428.5,1.1660669,0.14285715,1,0,0
STU001262,Anh Trọng Mai,2002-07-14,Male,john90@example.com,0570297564,DEP008,Kỹ thuật xây dựng,2021-09-11,Dropped Out,2023-02-08,1,14591000,0,14591000,0,910000,0,0,0,0.0,0.0,0.0,1,1,0
STU001263,Hải Hữu Phạm,2003-10-01,Other,rle@example.com,0813854577,DEP011,Truyền thông,2025-07-27,Active,,3,65949000,59015000,14218000,11035000,2723000,3,3,0,19671666.0,0.8948581,0.0,1,0,0
STU001264,Hương Hoàng,2003-02-11,Female,john80@example.com,0554313950,DEP008,Kỹ thuật xây dựng,2022-07-29,Active,,3,39133000,36246000,12662000,15312000,0,5,5,0,7249200.0,0.92622596,0.0,1,0,0
STU001265,Bà Hải Mai,2004-02-05,Other,john70@example.com,039975001,DEP005,Luật,2024-01-26,Graduated,,1,15910000,10236000,5674000,0,0,2,1,1,11976000.0,0.64336896,0.5,1,0,0
STU001266,Nhật Hoàng Nguyễn,2002-12-28,Male,jane09@example.com,047916779,DEP006,Ngoại ngữ,2022-03-05,Graduated,,2,52065000,42382000,9683000,2514000,471000,5,3,2,15608400.0,0.81402093,0.4,1,0,0
STU001267,Hoàng Vũ,2000-09-13,Female,john77@example.com,043543684,DEP011,Truyền thông,2024-02-28,Active,,1,13150000,17321000,0,4179000,613000,3,2,1,7997666.5,1.3171864,0.33333334,0,0,0
STU001268,Minh Nguyễn,2002-08-24,Male,john38@example.net,095861035,DEP006,Ngoại ngữ,2020-10-05,Suspended,,4,59058000,40587000,26297000,9522000,1020000,3,3,0,13529000.0,0.68723965,0.0,1,0,0
STU001269,Vân Hoàng,2003-11-26,Male,jane09@example.org,0571515103,DEP012,Khoa học dữ liệu,2022-02-04,Graduated,,2,47815000,5991000,41824000,5271000,380000,1,1,0,5991000.0,0.12529542,0.0,1,0,0
STU001270,Anh Khoa Bùi,2007-10-10,Other,john21@example.net,0010971145,DEP002,Tài chính - Kế toán,2025-07-17,Active,,2,62194000,32191000,30003000,0,0,3,2,0,13213333.0,0.5175901,0.0,1,0,0
STU001271,Kim Hoàng,2007-12-14,Other,gnguyen@example.com,048102381,DEP006,Ngoại ngữ,2019-11-14,Graduated,,1,26952000,17564000,9388000,0,800000,1,1,0,17564000.0,0.6516771,0.0,1,0,0
STU001272,Anh Hoàng Phạm,2003-01-26,Male,kbui@example.net,094522135,DEP008,Kỹ thuật xây dựng,2022-01-23,Graduated,,1,11259000,0,11259000,1251000,0,0,0,0,0.0,0.0,0.0,1,0,0
STU001273,Chị Ánh Lê,2000-11-17,Female,ktran@example.com,078548495,DEP012,Khoa học dữ liệu,2020-04-17,Graduated,,3,76213000,51206000,25007000,3090000,2335000,4,3,0,19914250.0,0.6718801,0.0,1,0,0
STU001274,Phương Nguyễn,2000-02-01,Male,ohoang@example.com,024273068,DEP005,Luật,2024-06-26,Active,,1,29835000,19191000,10644000,0,0,2,1,0,21052500.0,0.6432378,0.0,1,0,0
STU001275,Ông Bảo Dương,2004-09-24,Female,tdang@example.org,0071471696,DEP001,Công nghệ thông tin,2020-11-18,Dropped Out,2021-03-03,6,96348000,55216000,56478000,39956000,1175000,7,5,1,13365857.0,0.57308924,0.14285715,1,1,1
STU001276,Bà Nhật Mai,2003-06-07,Male,jbui@example.net,018082042,DEP004,Kinh tế,2020-06-26,Dropped Out,2021-03-29,1,29760000,0,29760000,0,1324000,0,0,0,0.0,0.0,0.0,1,1,0
STU001277,Hạnh Hoàng,2006-03-15,Male,ehoang@example.net,055105562,DEP004,Kinh tế,2025-06-15,Graduated,,1,9349000,15490000,0,0,0,4,3,0,6003500.0,1.6568617,0.0,0,0,0
STU001278,Hưng Lê,2007-11-04,Other,jane61@example.org,0242633024,DEP007,Kỹ thuật điện,2023-10-05,Active,,1,28123000,0,28123000,0,0,0,0,0,0.0,0.0,0.0,1,0,0
STU001279,Xuân Hoàng,2005-04-30,Male,gbui@example.org,0307620491,DEP008,Kỹ thuật xây dựng,2022-07-26,Active,,0,0,0,0,0,0,0,0,0,0.0,1.0,0.0,0,0,0
STU001280,Hưng Đặng,1999-03-26,Other,ktran@example.net,0807323997,DEP001,Công nghệ thông tin,2024-10-13,Graduated,,3,41687000,3348000,38339000,15430000,815000,1,1,0,3348000.0,0.08031281,0.0,1,0,0
STU001281,Bác Khoa Trần,2006-04-19,Female,jane00@example.com,076939273,DEP005,Luật,2022-03-20,Active,,3,62629000,0,62629000,15639000,182000,1,0,0,20661000.0,0.0,0.0,1,0,0
STU001282,Hồng Dương,2006-05-26,Other,jane72@example.com,020995865,DEP003,Quản trị kinh doanh,2019-12-31,Active,,2,21799000,15617000,12658000,11816000,843000,2,2,0,7808500.0,0.716409,0.0,1,0,0
STU001283,Thảo Trần,2006-05-16,Female,john38@example.com,0347148433,DEP010,Du lịch - Khách sạn,2024-08-29,Active,,2,10475000,9159000,5159000,10474000,0,3,2,0,4288000.0,0.87436754,0.0,1,0,0
STU001284,Huy Đặng,2006-03-29,Other,onguyen@example.com,075319857,DEP010,Du lịch - Khách sạn,2024-03-22,Active,,3,46062000,15566000,32329000,4258000,254000,3,3,0,5188666.5,0.33793584,0.0,1,0,0
STU001285,Châu Hoàng,2004-11-15,Female,epham@example.org,0703322456,DEP010,Du lịch - Khách sạn,2025-05-02,Active,,3,49813000,37450000,12363000,2631000,1309000,3,3,0,12483333.0,0.7518118,0.0,1,0,0
STU001286,Bà Yến Nguyễn,1999-01-13,Other,sdang@example.net,0219318629,DEP005,Luật,2021-06-16,Active,,4,72735000,43293000,29442000,10240000,1666000,4,4,0,10823250.0,0.5952155,0.0,1,0,0
STU001287,Lâm Bùi,1999-11-15,Female,john73@example.net,0695587705,DEP011,Truyền thông,2021-11-24,Active,,0,0,0,0,0,0,0,0,0,0.0,1.0,0.0,0,0,0
STU001288,Huy Phú Bùi,2001-06-14,Other,gnguyen@example.net,0286576162,DEP003,Quản trị kinh doanh,2022-05-24,Active,,2,44610000,40032000,21382000,0,248000,2,2,0,20016000.0,0.89737725,0.0,1,0,0
STU001289,Bà Dương Mai,2003-07-14,Female,john31@example.org,004515903,DEP006,Ngoại ngữ,2022-06-07,Active,,1,17376000,0,17376000,0,0,0,0,0,0.0,0.0,0.0,1,0,0
STU001290,Cô Hồng Dương,1998-09-26,Male,john81@example.com,0036691231,DEP008,Chưa phân ngành,2020-10-31,Graduated,,2,29036000,16562000,12474000,6595000,0,1,1,0,16562000.0,0.57039535,0.0,1,0,0
STU001291,Nhật Vũ,1999-12-29,Other,ovu@example.com,0916703271,DEP009,Công nghệ sinh học,2020-01-17,Active,,0,0,0,0,0,0,0,0,0,0.0,1.0,0.0,0,0,0
STU001292,Cô Ngọc Dương,2005-05-19,Male,jane39@example.org,012171097,DEP006,Ngoại ngữ,2024-11-03,Active,,2,30260000,17187000,13073000,30261000,0,2,2,0,8593500.0,0.56797755,0.0,1,0,0
STU001293,Cô Hương Trần,2005-11-16,Female,jane23@example.net,0414229459,DEP006,Ngoại ngữ,2019-09-20,Suspended,,3,82370000,43156000,39214000,6558000,236000,4,3,0,12948750.0,0.52392864,0.0,1,0,0
STU001294,Kim Hữu Dương,2006-09-04,Female,lhoang@example.org,072067153,DEP011,Truyền thông,2025-05-15,Active,,1,28237000,7847000,20390000,0,0,1,1,0,7847000.0,0.2778978,0.0,1,0,0
STU001295,Chị Hồng Lê,2000-09-02,Other,john58@example.org,078819565,DEP007,Kỹ thuật điện,2024-04-13,Graduated,,2,20625000,7148000,13477000,16586000,0,2,1,1,8841000.0,0.3465697,0.5,1,0,0
STU001296,Hạnh Lê,2002-10-26,Male,john02@example.net,0967661237,DEP009,Công nghệ sinh học,2023-12-24,Graduated,,1,18315000,34213000,0,2035000,0,3,3,0,11404333.0,1.8680316,0.0,0,0,0
STU001297,Bác Huy Mai,2003-10-27,Other,jane81@example.com,0881001399,DEP008,Kỹ thuật xây dựng,2020-10-12,Active,,4,56833000,35851000,28183000,23407000,610000,7,5,0,8941857.0,0.63081306,0.0,1,0,0
STU001298,Chị Hạnh Vũ,2005-10-08,Female,jane89@example.net,0593684348,DEP005,Luật,2020-08-29,Graduated,,3,52593000,42286000,30765000,7483000,514000,3,3,0,14095333.0,0.8040233,0.0,1,0,0
STU001299,Quang Mai Đặng,2000-10-02,Other,hdang@example.org,0203230691,DEP003,Quản trị kinh doanh,2020-10-04,Dropped Out,2021-03-05,1,29637000,8431000,21206000,3220000,657000,1,1,0,8431000.0,0.28447548,0.0,1,1,0
STU001300,Tùng Hoàng Bùi,2004-02-27,Male,pmai@example.com,0284835769,DEP009,Công nghệ sinh học,2023-08-31,Dropped Out,2025-05-06,1,9464000,0,9464000,0,1023000,1,0,1,5901000.0,0.0,1.0,1,1,0
STU001301,Phúc Trí Đặng,2006-11-11,Other,kpham@example.org,0202689319,DEP001,Công nghệ thông tin,2023-06-04,Suspended,,4,65579000,19510000,53330000,25669000,912000,2,2,0,9755000.0,0.29750377,0.0,1,0,0
STU001302,Bác Bảo Đặng,2000-05-09,Female,hmai@example.com,083385669,DEP006,Ngoại ngữ,2023-10-02,Active,,1,12126000,0,12126000,12126000,0,0,0,0,0.0,0.0,0.0,1,0,0
STU001303,Tùng Thế Lê,2003-08-01,Male,jane55@example.com,0961880273,DEP001,Công nghệ thông tin,2023-12-21,Active,,3,38758000,10857000,27901000,6446000,738000,3,3,0,3619000.0,0.28012282,0.0,1,0,0
STU001304,Mai Bùi,2005-05-21,Other,hbui@example.com,007121570,DEP003,Quản trị kinh doanh,2025-07-08,Graduated,,0,0,0,0,0,0,0,0,0,0.0,1.0,0.0,0,0,0
STU001305,Chị Khoa Phạm,2004-05-25,Other,spham@example.net,0247134097,DEP002,Tài chính - Kế toán,2024-04-14,Active,,2,19003000,0,19003000,10822000,0,0,0,0,0.0,0.0,0.0,1,0,0
STU001306,Lâm Tấn Phạm,2005-08-14,Other,john91@example.net,0235579522,DEP006,Ngoại ngữ,2023-01-18,Active,,1,10277000,0,10277000,0,1173000,0,0,0,0.0,0.0,0.0,1,0,0
STU001307,Ánh Lê,2005-12-12,Female,john01@example.net,006865988,DEP011,Truyền thông,2024-05-25,Active,,2,44885000,36784000,8101000,0,958000,3,2,0,16071667.0,0.81951654,0.0,1,0,0
STU001308,Cô An Mai,2005-06-30,Male,xhoang@example.net,0044614175,DEP012,Khoa học dữ liệu,2022-12-23,Active,,1,8443000,12660000,0,0,0,2,2,0,6330000.0,1.499467,0.0,0,0,0
STU001309,Phương Trần,2002-10-01,Female,vdang@example.net,0228244678,DEP002,Tài chính - Kế toán,2023-02-11,Suspended,,0,0,0,0,0,0,0,0,0,0.0,1.0,0.0,0,0,0
STU001310,Trung Lê,2006-09-10,Female,mnguyen@example.org,078074669,DEP006,Ngoại ngữ,2022-10-24,Graduated,,3,76607000,26012000,50595000,9953000,2216000,2,2,0,13006000.0,0.3395512,0.0,1,0,0
STU001311,Hà Đức Vũ,1998-10-25,Other,uhoang@example.com,0402676013,DEP010,Du lịch - Khách sạn,2020-09-04,Dropped Out,2022-05-06,1,17310000,7025000,10285000,1923000,0,1,1,0,7025000.0,0.40583476,0.0,1,1,0
STU001312,Trung Mai Bảo Đặng,2006-04-27,Other,john25@example.org,0328161158,DEP008,Kỹ thuật xây dựng,2023-07-11,Active,,2,56124000,49625000,27660000,0,1019000,2,2,0,24812500.0,0.88420284,0.0,1,0,0
STU001313,Bà Linh Bùi,2002-02-13,Male,john83@example.net,0063520107,DEP004,Kinh tế,2021-06-06,Active,,2,40955000,7761000,33194000,3323000,0,1,1,0,7761000.0,0.18950067,0.0,1,0,0
STU001314,Phương Trí Lê,2006-08-02,Female,jhoang@example.org,067010242,DEP005,Luật,2021-03-08,Active,,2,50974000,0,50974000,1930000,1420000,0,0,0,0.0,0.0,0.0,1,0,0
STU001315,Cô Duyên Vũ,2000-10-20,Female,cmai@example.org,0017897893,DEP010,Du lịch - Khách sạn,2024-08-10,Active,,2,47255000,52524000,8753000,12102000,985000,3,3,0,17508000.0,1.1115015,0.0,1,0,0
STU001316,Hải Tấn Nguyễn,2006-01-23,Male,dhoang@example.com,059041387,DEP010,Du lịch - Khách sạn,2022-08-14,Suspended,,0,0,0,0,0,0,0,0,0,0.0,1.0,0.0,0,0,0
STU001317,Ông Nam Mai,2000-05-01,Other,bvu@example.net,0147746628,DEP008,Kỹ thuật xây dựng,2023-08-22,Active,,2,18199000,14123000,9750000,9387000,1295000,3,3,0,4707666.5,0.7760317,0.0,1,0,0
STU001318,Vân Dương,2000-11-04,Other,knguyen@example.org,0285641684,DEP011,Truyền thông,2023-01-01,Active,,1,10759000,9998000,761000,0,0,1,1,0,9998000.0,0.92926854,0.0,1,0,0
STU001319,Vũ Đức Mai,2007-03-25,Male,jane23@example.org,0325954856,DEP011,Truyền thông,2024-11-29,Dropped Out,2026-02-23,0,0,0,0,0,0,0,0,0,0.0,1.0,0.0,0,1,0
STU001320,Cô Hồng Trần,2000-10-11,Female,jane32@example.org,072706289,DEP005,Luật,2023-12-15,Active,,4,42132000,48325000,29980000,19795000,1736000,5,5,0,9665000.0,1.1469904,0.0,1,0,0
STU001321,Quang Vũ,2005-08-12,Female,jane03@example.net,083469815,DEP004,Kinh tế,2023-10-14,Graduated,,0,0,0,0,0,0,0,0,0,0.0,1.0,0.0,0,0,0
STU001322,Ngọc Lê,2001-05-29,Other,itran@example.com,0214291111,DEP006,Ngoại ngữ,2023-10-28,Graduated,,2,38486000,2732000,35754000,6760000,1269000,1,1,0,2732000.0,0.07098685,0.0,1,0,0
STU001323,Vi Trần,1999-02-23,Female,ptran@example.com,012993609,DEP004,Kinh tế,2023-03-26,Active,,2,50039000,0,50039000,11269000,963000,2,0,1,19495000.0,0.0,0.5,1,0,1
STU001324,Chị Hồng Nguyễn,1999-08-04,Male,zduong@example.net,0461753930,DEP011,Truyền thông,2022-04-22,Active,,1,32902000,12724000,20178000,0,0,1,1,0,12724000.0,0.3867242,0.0,1,0,0
STU001325,Quý Cô Khoa Bùi,1998-08-05,Male,smai@example.net,0014381181,DEP006,Ngoại ngữ,2025-08-24,Active,,1,10784000,9151000,1633000,3595000,0,1,1,0,9151000.0,0.84857196,0.0,1,0,0
STU001326,Bác Tùng Nguyễn,2001-01-20,Female,jane43@example.net,0539303858,DEP006,Ngoại ngữ,2020-12-04,Dropped Out,2022-05-19,4,53012000,45069000,17671000,3700000,0,6,5,0,9156167.0,0.850166,0.0,1,1,0
STU001327,Anh Châu Nguyễn,1998-06-13,Male,npham@example.org,034185927,DEP009,Công nghệ sinh học,2020-07-13,Suspended,,2,45838000,5853000,39985000,12912000,0,2,1,0,9364000.0,0.12768881,0.0,1,0,0
STU001328,Trọng Đặng,2001-04-12,Male,nle@example.net,0645145956,DEP012,Khoa học dữ liệu,2021-02-03,Active,,2,42742000,33602000,9140000,6480000,1021000,3,3,0,11200667.0,0.7861588,0.0,1,0,0
STU001329,Chị Dương Phạm,2002-08-14,Male,anguyen@example.com,041809653,DEP006,Ngoại ngữ,2020-02-24,Active,,3,47844000,12715000,35129000,7748000,1363000,1,1,0,12715000.0,0.26575956,0.0,1,0,0
STU001330,Phương Tấn Nguyễn,2004-04-30,Male,nmai@example.net,0807292378,DEP004,Kinh tế,2024-12-07,Active,,2,48802000,41330000,7472000,16267000,0,2,2,0,20665000.0,0.8468915,0.0,1,0,0
STU001331,Anh Huy Nguyễn,1999-10-06,Other,itran@example.org,0118191316,DEP008,Kỹ thuật xây dựng,2020-02-09,Dropped Out,2021-03-13,4,65803000,17847000,58523000,15116000,0,5,4,0,4752200.0,0.27121863,0.0,1,1,0
STU001332,Hưng Lê,2007-09-03,Female,john53@example.net,088739192,DEP012,Khoa học dữ liệu,2023-10-27,Graduated,,2,36885000,23203000,26074000,0,1076000,2,2,0,11601500.0,0.6290633,0.0,1,0,0
STU001333,Vân Hoàng,2002-07-09,Male,jane70@example.org,0615364410,DEP002,Tài chính - Kế toán,2024-02-03,Active,,2,34597000,58066000,0,874000,528000,4,4,0,14516500.0,1.6783537,0.0,0,0,0
STU001334,Anh Anh Trần,1999-09-26,Male,jane86@example.org,039730566,DEP011,Truyền thông,2024-06-12,Active,,1,28084000,12187000,15897000,3120000,0,1,1,0,12187000.0,0.43394816,0.0,1,0,0
STU001335,Kim Đặng,2002-04-27,Male,shoang@example.net,046882513,DEP007,Kỹ thuật điện,2023-10-17,Active,,2,46127000,8603000,37524000,0,0,1,1,0,8603000.0,0.18650682,0.0,1,0,0
STU001336,Anh Nhiên Dương,2000-07-05,Other,jane17@example.net,0076352863,DEP006,Ngoại ngữ,2019-12-21,Graduated,,2,28150000,8082000,20068000,13995000,1430000,1,1,0,8082000.0,0.2871048,0.0,1,0,0
STU001337,Vũ Trần,1999-12-24,Female,uduong@example.com,0449812698,DEP009,Công nghệ sinh học,2019-08-23,Active,,2,43084000,22153000,24238000,1960000,1209000,2,2,0,11076500.0,0.5141816,0.0,1,0,0
STU001338,Dương Bùi,2007-12-10,Female,jvu@example.com,016297589,DEP003,Quản trị kinh doanh,2021-06-08,Graduated,,1,13064000,0,13064000,0,0,0,0,0,0.0,0.0,0.0,1,0,0
STU001339,Cô Khoa Đặng,2002-09-04,Female,idang@example.net,0822025568,DEP003,Quản trị kinh doanh,2022-09-21,Active,,4,80465000,87177000,28692000,16012000,0,6,6,0,14529500.0,1.0834152,0.0,1,0,0
STU001340,Nhật Lê,1998-02-24,Female,omai@example.net,071684623,DEP005,Luật,2025-05-18,Active,,2,32673000,11336000,21337000,10626000,793000,1,1,0,11336000.0,0.34695315,0.0,1,0,0
STU001341,Nhật Phạm,2002-06-29,Female,jane68@example.net,0933915716,DEP010,Du lịch - Khách sạn,2024-07-17,Active,,0,0,0,0,0,0,0,0,0,0.0,1.0,0.0,0,0,0
STU001342,Cô Hương Đặng,1998-07-23,Other,fnguyen@example.org,0033147761,DEP004,Kinh tế,2024-06-07,Active,,3,55467000,13743000,41724000,15640000,616000,2,2,0,6871500.0,0.24776894,0.0,1,0,0
STU001343,Quý Cô Thành Dương,2007-04-10,Male,bhoang@example.com,068230489,DEP012,Chưa phân ngành,2023-11-24,Dropped Out,2025-12-02,3,30274000,12249000,18025000,7265000,0,3,2,0,15243667.0,0.4046046,0.0,1,1,0
STU001344,Bà Nhật Lê,1999-12-11,Other,hle@example.com,081396891,DEP006,Ngoại ngữ,2020-07-26,Active,,5,113865000,82664000,51079000,21200000,0,6,5,1,15791667.0,0.72598255,0.16666667,1,0,1
STU001345,Anh Trọng Lê,2003-10-25,Other,jane82@example.com,0246562543,DEP010,Du lịch - Khách sạn,2023-12-04,Suspended,,3,39878000,8268000,31610000,16740000,691000,2,1,1,6500000.0,0.20733236,0.5,1,0,1
STU001346,Trọng Hoàng Lê,2002-12-12,Male,hle@example.org,0779819782,DEP011,Truyền thông,2020-04-06,Active,,1,21458000,0,21458000,0,301000,1,0,0,13451000.0,0.0,0.0,1,0,0
STU001347,An Đặng,1998-09-21,Male,pvu@example.org,099582527,DEP007,Kỹ thuật điện,2025-04-13,Active,,1,7168000,0,7168000,7168000,0,1,0,0,5931000.0,0.0,0.0,1,0,0
STU001348,Hà Đặng,1998-12-03,Female,jane66@example.net,080134197,DEP009,Công nghệ sinh học,2021-10-21,Active,,2,40609000,0,40609000,12764000,0,1,0,0,68239000.0,0.0,0.0,1,0,0
STU001349,Nam Nguyễn,1998-08-20,Other,nvu@example.com,090296225,DEP009,Công nghệ sinh học,2021-06-27,Active,,2,39202000,43519000,896000,942000,0,7,5,1,7236857.0,1.110122,0.14285715,1,0,0
STU001350,Cô Bảo Vũ,2004-04-03,Female,jane96@example.org,0543438195,DEP005,Luật,2022-11-23,Graduated,,6,95481000,78423000,35196000,29894000,1306000,9,9,0,8713667.0,0.82134664,0.0,1,0,0
STU001351,Quang Trần,2000-04-08,Male,upham@example.net,036100374,DEP004,Kinh tế,2019-11-12,Suspended,,1,27438000,0,27438000,3049000,0,3,0,1,18325000.0,0.0,0.33333334,1,0,1
STU001352,Lâm Phú Vũ,2002-01-06,Female,john93@example.org,018694676,DEP006,Ngoại ngữ,2019-11-14,Dropped Out,2021-01-11,5,76201000,29171000,56050000,29098000,269000,4,3,1,11685500.0,0.3828165,0.25,1,1,1
STU001353,Nhiên Dương,2001-06-03,Other,adang@example.com,0494057708,DEP009,Chưa phân ngành,2022-10-11,Suspended,,2,48468000,36357000,23598000,0,0,5,2,1,16814400.0,0.7501238,0.2,1,0,1
STU001354,Tùng Bảo Vũ,1999-10-10,Female,npham@example.net,016731917,DEP007,Kỹ thuật điện,2021-06-13,Graduated,,3,69336000,102960000,0,0,694000,7,7,0,14708571.0,1.4849429,0.0,0,0,0
STU001355,Hà Hải Phạm,2005-05-04,Other,jane47@example.org,024105587,DEP004,Kinh tế,2022-10-03,Graduated,,0,0,0,0,0,0,0,0,0,0.0,1.0,0.0,0,0,0
STU001356,Trung Dương,2003-01-27,Male,xhoang@example.org,046156394,DEP009,Công nghệ sinh học,2021-01-23,Active,,4,85402000,8546000,76856000,10342000,0,1,1,0,8546000.0,0.10006791,0.0,1,0,0
STU001357,Hải Bảo Trần,1999-11-27,Male,kmai@example.net,098662767,DEP011,Truyền thông,2023-01-02,Active,,6,95271000,32010000,68740000,32558000,966000,3,3,0,10670000.0,0.3359889,0.0,1,0,0
STU001358,Chị Khoa Đặng,2001-01-08,Male,ibui@example.org,0418359236,DEP006,Ngoại ngữ,2023-04-20,Active,,1,4400000,1685000,2715000,4400000,0,1,1,0,1685000.0,0.38295454,0.0,1,0,0
STU001359,Duyên Hoàng,2003-09-12,Female,lduong@example.com,066345968,DEP003,Quản trị kinh doanh,2023-11-07,Active,,0,0,0,0,0,0,0,0,0,0.0,1.0,0.0,0,0,0
STU001360,Cô Hạnh Nguyễn,2005-06-23,Other,jhoang@example.net,0746394460,DEP003,Chưa phân ngành,2020-06-16,Active,,1,12167000,12811000,0,1352000,0,2,2,0,6405500.0,1.05293,0.0,0,0,0
STU001361,Quý Cô Chi Dương,2005-09-07,Female,nbui@example.com,002050209,DEP005,Luật,2023-12-27,Graduated,,3,64349000,49316000,20256000,14894000,1672000,4,3,0,15104750.0,0.7663833,0.0,1,0,0
STU001362,Chị Kim Nguyễn,2006-06-26,Other,ubui@example.com,0026129572,DEP002,Tài chính - Kế toán,2022-01-09,Active,,1,4321000,1715000,2606000,4320000,0,1,1,0,1715000.0,0.39689887,0.0,1,0,0
STU001363,Hoàng Lê,2002-09-08,Other,abui@example.net,049334138,DEP011,Truyền thông,2025-01-12,Active,,2,47711000,29907000,17804000,7848000,220000,2,2,0,14953500.0,0.6268366,0.0,1,0,0
STU001364,Khoa Bảo Phạm,1999-02-02,Other,jane76@example.org,0059343114,DEP011,Truyền thông,2025-01-19,Dropped Out,2025-07-06,1,27415000,0,27415000,0,552000,1,0,0,16399000.0,0.0,0.0,1,1,0
STU001365,Nhật Nguyễn,2002-10-20,Male,ble@example.org,072264326,DEP008,Kỹ thuật xây dựng,2021-08-01,Suspended,,3,55031000,150950000,2428000,14921000,0,6,5,0,27124500.0,2.7429993,0.0,1,0,0
STU001366,Thảo Dương,2003-05-14,Female,btran@example.net,085297225,DEP006,Ngoại ngữ,2024-08-14,Active,,0,0,0,0,0,0,0,0,0,0.0,1.0,0.0,0,0,0
STU001367,Khoa Trí Trần,2007-06-03,Female,jane97@example.com,0092581495,DEP002,Tài chính - Kế toán,2019-08-20,Active,,1,16584000,29070000,0,1699000,1296000,2,2,0,14535000.0,1.7528944,0.0,0,0,0
STU001368,Phương Trần,2005-01-11,Female,john20@example.net,053027381,DEP002,Tài chính - Kế toán,2024-04-04,Active,,3,75059000,27330000,47729000,5146000,0,3,2,1,16223667.0,0.36411357,0.33333334,1,0,1
STU001369,Quang Phạm,2007-09-24,Female,jane58@example.com,0884804177,DEP004,Kinh tế,2024-11-09,Dropped Out,2025-12-24,2,32380000,15446000,16934000,19506000,883000,2,2,0,7723000.0,0.47702286,0.0,1,1,0
STU001370,Nhật Lê,2004-05-10,Other,ktran@example.org,082524314,DEP005,Luật,2021-11-16,Dropped Out,2022-09-22,1,27054000,0,27054000,2876000,1170000,1,0,1,16350000.0,0.0,1.0,1,1,1
STU001371,Nhật Đặng,2002-12-01,Male,ldang@example.net,013434267,DEP006,Ngoại ngữ,2021-09-27,Active,,1,24347000,10404000,13943000,2638000,603000,2,1,0,14031500.0,0.42732164,0.0,1,0,0
STU001372,Quang Quang Dương,2004-06-06,Female,john25@example.net,0296988194,DEP001,Công nghệ thông tin,2023-10-14,Graduated,,1,14098000,7006000,7092000,1458000,974000,1,1,0,7006000.0,0.4969499,0.0,1,0,0
STU001373,Quang Thế Lê,2007-07-11,Other,jane04@example.net,0744383272,DEP007,Kỹ thuật điện,2020-08-15,Active,,1,26879000,44905000,0,0,1480000,3,3,0,14968333.0,1.6706351,0.0,0,0,0
STU001374,Cô Hương Hoàng,2007-08-02,Female,dnguyen@example.net,047338609,DEP002,Tài chính - Kế toán,2023-08-04,Graduated,,3,32358000,3185000,29173000,815000,0,1,1,0,3185000.0,0.09843007,0.0,1,0,0
STU001375,Chị Hồng Lê,2003-02-08,Male,jane74@example.net,0406004090,DEP003,Quản trị kinh doanh,2025-08-30,Active,,5,99320000,157389000,589000,16063000,863000,14,12,2,13807357.0,1.5846658,0.14285715,1,0,0
STU001376,Vân Mai,2007-10-14,Female,eduong@example.com,0030619239,DEP002,Tài chính - Kế toán,2024-11-24,Active,,4,39960000,32618000,13851000,9903000,1857000,7,5,0,6525857.0,0.81626624,0.0,1,0,0
STU001377,Linh Bùi,2000-03-15,Other,dbui@example.net,0455648092,DEP003,Quản trị kinh doanh,2024-04-15,Dropped Out,2025-04-26,3,69922000,61402000,25961000,17298000,2317000,5,5,0,12280400.0,0.8781499,0.0,1,1,0
STU001378,Quý Cô Ánh Đặng,2001-11-08,Other,fnguyen@example.com,098308537,DEP004,Kinh tế,2024-07-02,Active,,1,22791000,85584000,0,7410000,559000,4,3,0,26159000.0,3.7551665,0.0,0,0,0
STU001379,Dương Nguyễn,2000-09-13,Other,qdang@example.com,079940396,DEP003,Quản trị kinh doanh,2022-11-17,Graduated,,3,48636000,20341000,28295000,14715000,0,2,2,0,10170500.0,0.41822928,0.0,1,0,0
STU001380,Huy Xuân Nguyễn,2000-11-10,Other,jane19@example.com,032750951,DEP006,Ngoại ngữ,2019-08-25,Active,,1,19311000,15812000,3499000,6437000,0,1,1,0,15812000.0,0.81880796,0.0,1,0,0
STU001381,Nhật Vũ,2003-07-26,Male,ihoang@example.com,0524498514,DEP005,Luật,2022-10-29,Active,,2,21032000,31859000,6491000,2164000,0,3,3,0,10619667.0,1.514787,0.0,1,0,0
STU001382,Nhật Văn Bùi,2000-09-24,Male,hdang@example.net,051151969,DEP011,Truyền thông,2024-01-04,Active,,1,12623000,0,12623000,1402000,0,0,0,0,0.0,0.0,0.0,1,0,0
STU001383,Bác Minh Vũ,2004-07-26,Other,jane25@example.org,040946244,DEP011,Truyền thông,2023-07-08,Dropped Out,2025-09-15,3,64369000,14079000,50290000,0,0,1,1,0,14079000.0,0.2187233,0.0,1,1,0
STU001384,Khoa Bùi,2000-10-20,Male,pnguyen@example.com,000843982,DEP012,Khoa học dữ liệu,2020-01-27,Active,,0,0,0,0,0,0,0,0,0,0.0,1.0,0.0,0,0,0
STU001385,An Đặng,2000-04-21,Male,kduong@example.net,0510656346,DEP011,Truyền thông,2025-07-02,Active,,2,41147000,16548000,24599000,7004000,0,3,2,1,8578000.0,0.40216783,0.33333334,1,0,1
STU001386,Trọng Hữu Mai,2001-05-08,Other,ymai@example.org,032477354,DEP004,Kinh tế,2020-12-27,Active,,2,38455000,34749000,15414000,4676000,1385000,3,3,0,11583000.0,0.90362763,0.0,1,0,0
STU001387,Nam Vũ,2005-06-05,Male,fle@example.org,0961589160,DEP004,Kinh tế,2023-08-05,Active,,2,38168000,27344000,22783000,15384000,0,3,3,0,9114667.0,0.71641165,0.0,1,0,0
STU001388,Bà Bảo Phạm,1998-01-21,Female,ile@example.com,0190238968,DEP012,Khoa học dữ liệu,2023-12-21,Dropped Out,2024-06-23,4,73702000,41630000,32072000,0,1140000,4,4,0,10407500.0,0.5648422,0.0,1,1,0
STU001389,Bà Ngọc Vũ,2004-07-09,Male,zpham@example.com,0714910363,DEP011,Truyền thông,2025-01-30,Graduated,,2,37901000,3725000,34176000,0,0,1,1,0,3725000.0,0.09828237,0.0,1,0,0
STU001390,Nhiên Quang Nguyễn,2003-11-23,Female,smai@example.com,0511831218,DEP006,Ngoại ngữ,2022-06-18,Active,,1,34638000,0,34638000,0,0,0,0,0,0.0,0.0,0.0,1,0,0
STU001391,Phương Tấn Vũ,2004-07-09,Female,jane93@example.net,0073832329,DEP005,Luật,2024-09-09,Active,,4,83972000,92619000,31142000,3460000,732000,8,7,1,13242750.0,1.1029748,0.125,1,0,1
STU001392,Lâm Quang Vũ,2007-04-30,Female,fnguyen@example.net,0643506528,DEP010,Du lịch - Khách sạn,2022-09-26,Dropped Out,2024-10-20,2,42492000,16835000,33278000,0,148000,3,3,0,5611666.5,0.39619222,0.0,1,1,0
STU001393,Kim Thế Phạm,2006-08-08,Other,htran@example.org,006684938,DEP007,Kỹ thuật điện,2023-03-11,Active,,3,61103000,17449000,43654000,7758000,700000,2,2,0,8724500.0,0.285567,0.0,1,0,0
STU001394,Chị Hồng Mai,2005-04-25,Male,jane29@example.org,0807285667,DEP009,Công nghệ sinh học,2020-12-23,Active,,0,0,0,0,0,0,0,0,0,0.0,1.0,0.0,0,0,0
STU001395,Hương Nguyễn,2004-10-12,Male,jvu@example.org,061912958,DEP004,Kinh tế,2023-01-20,Active,,3,58861000,0,58861000,5010000,0,1,0,0,4862000.0,0.0,0.0,1,0,0
STU001396,Quang Phạm,2004-07-20,Male,john77@example.net,0250910618,DEP003,Quản trị kinh doanh,2022-10-17,Active,,2,46764000,41873000,17874000,0,0,2,2,0,20936500.0,0.895411,0.0,1,0,0
STU001397,Hà Lê,2006-11-30,Other,john32@example.net,0859568682,DEP007,Kỹ thuật điện,2020-05-19,Active,,2,20886000,12724000,11741000,20884000,0,3,3,0,4241333.5,0.6092119,0.0,1,0,0
STU001398,Bà Ngọc Phạm,2005-10-19,Male,epham@example.com,027855605,DEP005,Luật,2021-12-22,Active,,0,0,0,0,0,0,0,0,0,0.0,1.0,0.0,0,0,0
STU001399,Bác Châu Phạm,1998-10-21,Male,xmai@example.net,091913448,DEP004,Kinh tế,2025-07-17,Active,,0,0,0,0,0,0,0,0,0,0.0,1.0,0.0,0,0,0
STU001400,Anh Thế Vũ,2006-10-30,Male,vpham@example.net,0093620767,DEP005,Luật,2025-03-10,Active,,2,52911000,58634000,18191000,0,0,3,3,0,19544666.0,1.1081628,0.0,1,0,0
STU001401,Nhật Tấn Đặng,2005-02-27,Female,jane01@example.org,0265494491,DEP002,Tài chính - Kế toán,2022-04-21,Graduated,,1,8148000,0,8148000,0,0,0,0,0,0.0,0.0,0.0,1,0,0
STU001402,Chị Hà Hoàng,2007-04-08,Male,khoang@example.net,056265812,DEP008,Kỹ thuật xây dựng,2022-03-05,Active,,1,6857000,2856000,4001000,6856000,0,1,1,0,2856000.0,0.41650867,0.0,1,0,0
STU001403,Quý Ông Phúc Dương,2002-06-27,Female,john65@example.org,022712654,DEP012,Khoa học dữ liệu,2020-02-22,Graduated,,2,30814000,37383000,397000,1359000,1312000,3,3,0,12461000.0,1.2131823,0.0,1,0,0
STU001404,Anh Quang Đặng,2007-01-16,Male,xtran@example.net,068554126,DEP006,Ngoại ngữ,2025-07-24,Graduated,,1,14508000,49605000,0,4439000,1190000,4,4,0,12401250.0,3.419148,0.0,0,0,0
STU001405,Quang Hoàng,2003-10-25,Other,lbui@example.org,0174266454,DEP006,Ngoại ngữ,2022-12-18,Active,,3,48881000,37534000,13521000,21846000,288000,4,4,0,9383500.0,0.7678648,0.0,1,0,0
STU001406,Bà Hải Dương,2007-03-06,Male,inguyen@example.org,0370203823,DEP001,Công nghệ thông tin,2022-11-23,Active,,2,24541000,0,24541000,3834000,460000,1,0,0,5131000.0,0.0,0.0,1,0,0
STU001407,Chị Hải Dương,2000-07-26,Female,kpham@example.com,023953891,DEP010,Du lịch - Khách sạn,2025-03-21,Active,,0,0,0,0,0,0,0,0,0,0.0,1.0,0.0,0,0,0
STU001408,Châu Nguyễn,2004-01-24,Female,yle@example.com,0408512444,DEP008,Kỹ thuật xây dựng,2021-02-05,Active,,5,81794000,119559000,1622000,2224000,165000,12,10,1,11654917.0,1.4617087,0.083333336,1,0,0
STU001409,Bảo Dương,1998-06-07,Female,stran@example.net,0451690932,DEP006,Ngoại ngữ,2021-04-20,Active,,2,21648000,3649000,17999000,953000,0,1,1,0,3649000.0,0.16856061,0.0,1,0,0
STU001410,Bảo Quang Hoàng,1999-05-01,Female,jane10@example.net,0098044015,DEP005,Luật,2020-07-21,Active,,2,51099000,34772000,16327000,2602000,0,2,2,0,17386000.0,0.680483,0.0,1,0,0
STU001411,Bà Duyên Dương,2003-11-28,Male,ptran@example.net,076978695,DEP004,Kinh tế,2022-12-31,Active,,3,39453000,13933000,27124000,21360000,401000,3,3,0,4644333.5,0.3531544,0.0,1,0,0
STU001412,Trọng Xuân Trần,2005-05-14,Female,john10@example.com,0034826910,DEP010,Du lịch - Khách sạn,2022-08-10,Active,,1,22905000,14128000,8777000,7635000,0,1,1,0,14128000.0,0.61680853,0.0,1,0,0
STU001413,Kim Hoàng Dương,2001-04-11,Male,xbui@example.org,005567446,DEP012,Khoa học dữ liệu,2025-05-16,Active,,3,52586000,33084000,22319000,0,0,4,4,0,8271000.0,0.62914085,0.0,1,0,0
STU001414,Bà Ánh Mai,2000-01-20,Female,jane95@example.net,001196815,DEP003,Quản trị kinh doanh,2023-10-25,Graduated,,2,48245000,10360000,37885000,0,1388000,1,1,0,10360000.0,0.21473728,0.0,1,0,0
STU001415,Nhật Đức Hoàng,2007-03-11,Other,cmai@example.net,0856870343,DEP012,Khoa học dữ liệu,2024-11-29,Active,,2,24035000,15167000,12586000,1272000,1399000,2,2,0,7583500.0,0.63103807,0.0,1,0,0
STU001416,An Hoàng,2004-01-31,Female,john31@example.net,052142879,DEP004,Kinh tế,2022-12-02,Active,,0,0,0,0,0,0,0,0,0,0.0,1.0,0.0,0,0,0
STU001417,Nhật Mai Phạm,2006-06-26,Other,svu@example.com,052412721,DEP008,Kỹ thuật xây dựng,2023-02-04,Active,,3,53271000,68305000,10794000,4478000,1736000,6,5,1,12437667.0,1.2822174,0.16666667,1,0,0
STU001418,Hồng Mai,2005-08-04,Female,ebui@example.com,025426860,DEP007,Kỹ thuật điện,2022-08-11,Active,,5,122970000,78552000,44418000,10269000,1481000,7,6,1,13529286.0,0.63878995,0.14285715,1,0,1
STU001419,Khoa Lê,2000-04-09,Male,xle@example.net,096060003,DEP004,Kinh tế,2024-04-10,Suspended,,4,65964000,39593000,35467000,15091000,303000,4,3,0,10781500.0,0.60022134,0.0,1,0,0
STU001420,Chị Bảo Phạm,2004-03-16,Other,lduong@example.org,0403914841,DEP012,Khoa học dữ liệu,2023-09-05,Active,,2,30195000,78687000,0,0,509000,8,7,1,10502500.0,2.6059613,0.125,0,0,0
STU001421,Cô Yến Hoàng,1999-07-26,Other,xdang@example.com,0400889313,DEP002,Tài chính - Kế toán,2024-06-01,Active,,3,52364000,10568000,41796000,1616000,165000,2,1,0,12502500.0,0.20181805,0.0,1,0,0
STU001422,Bà Hải Hoàng,2004-03-26,Male,xle@example.org,0875288786,DEP009,Công nghệ sinh học,2021-11-13,Active,,4,106458000,41057000,65401000,5399000,847000,4,3,0,12263750.0,0.38566384,0.0,1,0,0
STU001423,An Tấn Mai,1998-09-11,Female,john23@example.org,0931651981,DEP011,Truyền thông,2022-01-03,Active,,2,42003000,11567000,30436000,0,446000,1,1,0,11567000.0,0.27538508,0.0,1,0,0
STU001424,Hoàng Bảo Đặng,1998-05-04,Female,gvu@example.com,0132408073,DEP002,Chưa phân ngành,2023-03-11,Active,,0,0,0,0,0,0,0,0,0,0.0,1.0,0.0,0,0,0
STU001425,Ông Anh Mai,1998-05-19,Other,iduong@example.org,022660019,DEP012,Chưa phân ngành,2020-02-10,Suspended,,3,64340000,61388000,29982000,14929000,740000,7,5,1,12709571.0,0.9541187,0.14285715,1,0,1
STU001426,Hạnh Lê,1998-07-17,Female,john57@example.com,0552527317,DEP012,Khoa học dữ liệu,2019-09-04,Active,,0,0,0,0,0,0,0,0,0,0.0,1.0,0.0,0,0,0
STU001427,Bà Hương Lê,2006-11-06,Female,jnguyen@example.com,0890256289,DEP007,Kỹ thuật điện,2024-03-22,Dropped Out,2025-12-23,2,63602000,104129000,0,0,0,6,6,0,17354834.0,1.6371969,0.0,0,1,0
STU001428,Hoàng Bảo Vũ,2005-04-02,Other,pduong@example.net,0106030674,DEP004,Kinh tế,2023-04-17,Active,,2,27468000,8988000,18480000,9535000,0,3,2,0,6726666.5,0.32721713,0.0,1,0,0
STU001429,Lâm Thế Nguyễn,2000-11-30,Other,vmai@example.org,026207276,DEP002,Tài chính - Kế toán,2022-10-14,Active,,3,59715000,42009000,26430000,5922000,0,6,5,0,10502833.0,0.70349157,0.0,1,0,0
STU001430,Vũ Mai,2001-12-25,Other,jane04@example.com,0512786411,DEP010,Du lịch - Khách sạn,2023-09-15,Active,,3,46581000,9122000,37459000,12122000,2283000,2,1,1,33495500.0,0.19583091,0.5,1,0,1
STU001431,Cô Vân Phạm,2000-08-02,Female,john52@example.org,0743013844,DEP006,Ngoại ngữ,2024-11-29,Active,,1,25094000,0,25094000,8364000,0,0,0,0,0.0,0.0,0.0,1,0,0
STU001432,Chị Linh Vũ,2005-05-06,Male,john73@example.com,0357162897,DEP003,Quản trị kinh doanh,2022-08-10,Active,,2,56949000,50271000,32473000,2720000,700000,4,3,0,16225500.0,0.88273716,0.0,1,0,0
STU001433,Minh Thị Bùi,2003-04-14,Male,lpham@example.org,0631900546,DEP006,Ngoại ngữ,2021-09-20,Active,,1,14280000,27459000,0,0,0,3,3,0,9153000.0,1.9228991,0.0,0,0,0
STU001434,Cô Hương Mai,2004-06-04,Male,jane78@example.org,086037792,DEP005,Luật,2022-06-06,Active,,2,48767000,75908000,14654000,0,0,3,3,0,25302666.0,1.5565444,0.0,1,0,0
STU001435,Bảo Trí Phạm,2000-01-20,Female,mle@example.org,097371664,DEP010,Du lịch - Khách sạn,2023-08-22,Active,,2,39088000,7283000,31805000,2233000,1076000,2,1,0,12303500.0,0.18632317,0.0,1,0,0
STU001436,Nhật Hoàng,2003-12-30,Other,mmai@example.com,0878968568,DEP012,Khoa học dữ liệu,2022-09-03,Active,,1,9825000,20292000,0,0,0,3,3,0,6764000.0,2.0653436,0.0,0,0,0
STU001437,Chị Hà Phạm,2007-03-17,Female,jane14@example.net,0010169167,DEP001,Công nghệ thông tin,2019-10-31,Active,,5,88950000,23504000,67582000,2587000,634000,6,4,1,7088500.0,0.26423833,0.16666667,1,0,1
STU001438,Phúc Hoàng,2001-09-18,Male,idang@example.com,0361744572,DEP002,Tài chính - Kế toán,2022-03-15,Active,,3,52236000,44929000,15397000,10862000,0,4,3,1,12221000.0,0.86011565,0.25,1,0,1
STU001439,Bà Thành Đặng,2001-01-11,Female,john93@example.com,0651762351,DEP002,Tài chính - Kế toán,2022-02-03,Graduated,,1,25139000,0,25139000,2664000,1161000,0,0,0,0.0,0.0,0.0,1,0,0
STU001440,Bác Nam Nguyễn,2001-12-04,Other,jane44@example.org,0151770124,DEP005,Luật,2021-11-29,Graduated,,2,26851000,0,26851000,4232000,231000,2,0,0,11218000.0,0.0,0.0,1,0,0
STU001441,An Phú Dương,2001-10-15,Other,ebui@example.org,021959172,DEP009,Công nghệ sinh học,2021-09-23,Active,,5,110062000,76626000,52039000,7667000,140000,7,7,0,10946571.0,0.6962076,0.0,1,0,0
STU001442,Ông Thành Lê,1999-08-17,Female,jmai@example.com,037629201,DEP001,Công nghệ thông tin,2023-06-12,Active,,0,0,0,0,0,0,0,0,0,0.0,1.0,0.0,0,0,0
STU001443,Cô Hải Bùi,2004-11-01,Male,udang@example.org,064080574,DEP004,Kinh tế,2025-09-02,Dropped Out,2027-08-18,1,15873000,0,15873000,15521000,352000,0,0,0,0.0,0.0,0.0,1,1,0
STU001444,An Trí Bùi,2005-09-19,Other,kmai@example.com,085636623,DEP009,Công nghệ sinh học,2020-06-26,Graduated,,4,80622000,13888000,66734000,4728000,576000,2,1,1,10551000.0,0.17226067,0.5,1,0,1
STU001445,An Phú Phạm,2000-07-09,Male,amai@example.net,0024946579,DEP001,Công nghệ thông tin,2022-09-10,Active,,1,6548000,10064000,0,2183000,0,2,2,0,5032000.0,1.5369579,0.0,0,0,0
STU001446,Quý Ông Thành Đặng,2002-02-24,Male,gle@example.net,041812941,DEP009,Công nghệ sinh học,2020-08-04,Graduated,,3,57079000,27759000,33492000,8248000,1094000,3,3,0,9253000.0,0.48632598,0.0,1,0,0
STU001447,Bảo Hoàng,2003-04-07,Female,mle@example.net,070990659,DEP003,Quản trị kinh doanh,2022-01-10,Active,,2,35033000,34630000,16428000,0,0,3,2,1,14530667.0,0.98849654,0.33333334,1,0,1
STU001448,Lan Lê,2007-04-23,Female,gduong@example.com,090289204,DEP004,Kinh tế,2020-03-12,Suspended,,2,49110000,43829000,15113000,7402000,0,3,3,0,14609667.0,0.8924659,0.0,1,0,0
STU001449,Ông Nhiên Lê,2003-12-25,Other,jane64@example.com,0360655011,DEP008,Kỹ thuật xây dựng,2025-09-13,Active,,3,72866000,78884000,13644000,18684000,1379000,6,6,0,13147333.0,1.08259,0.0,1,0,0
STU001450,Trọng Thị Mai,2006-04-11,Other,epham@example.net,043170772,DEP003,Quản trị kinh doanh,2025-02-13,Active,,3,47332000,0,47332000,6535000,607000,0,0,0,0.0,0.0,0.0,1,0,0
STU001451,Quý Ông Anh Vũ,2000-03-10,Other,tbui@example.com,0596579501,DEP002,Tài chính - Kế toán,2019-09-06,Dropped Out,2022-01-18,2,43405000,41897000,16474000,4822000,0,2,2,0,20948500.0,0.96525747,0.0,1,1,0
STU001452,Hồng Lê,2003-04-08,Male,tpham@example.com,0468379143,DEP007,Kỹ thuật điện,2021-06-16,Active,,2,29329000,11318000,18011000,8282000,0,1,1,0,11318000.0,0.3858979,0.0,1,0,0
STU001453,Bà Mai Vũ,2007-12-09,Other,vduong@example.com,0457989098,DEP010,Du lịch - Khách sạn,2023-03-09,Graduated,,3,47488000,26553000,20935000,15202000,730000,4,3,1,9225000.0,0.55915177,0.25,1,0,1
STU001454,Tùng Bảo Phạm,2004-03-25,Other,tmai@example.com,006245008,DEP003,Quản trị kinh doanh,2023-05-14,Active,,2,31786000,38714000,1773000,5740000,0,3,3,0,12904667.0,1.2179576,0.0,1,0,0
STU001455,Bác Quang Dương,2006-03-25,Female,zpham@example.org,002975679,DEP001,Công nghệ thông tin,2021-11-16,Graduated,,6,119746000,105415000,22418000,13070000,853000,7,7,0,15059286.0,0.8803217,0.0,1,0,0
STU001456,Quý Cô Hồng Trần,2003-04-19,Female,ehoang@example.com,090830053,DEP010,Du lịch - Khách sạn,2020-04-15,Active,,2,38097000,22215000,24437000,1518000,814000,3,2,0,14887333.0,0.58311677,0.0,1,0,0
STU001457,Nhiên Thị Mai,2003-10-18,Male,ppham@example.com,0091586908,DEP001,Công nghệ thông tin,2022-11-08,Graduated,,3,71212000,17827000,53385000,4636000,1158000,1,1,0,17827000.0,0.25033703,0.0,1,0,0
STU001458,Xuân Dương,2001-11-10,Male,ymai@example.net,0429322951,DEP005,Luật,2020-06-28,Graduated,,1,12029000,11837000,192000,0,0,1,1,0,11837000.0,0.9840386,0.0,1,0,0
STU001459,Bảo Mai,2004-04-17,Female,pvu@example.com,0600543147,DEP012,Khoa học dữ liệu,2022-04-24,Graduated,,2,50623000,14897000,35726000,0,0,1,1,0,14897000.0,0.29427335,0.0,1,0,0
STU001460,Chị Hương Nguyễn,1999-01-21,Other,cduong@example.org,0519202406,DEP008,Kỹ thuật xây dựng,2020-02-29,Active,,3,55093000,12329000,42764000,0,0,3,1,0,11549333.0,0.22378524,0.0,1,0,0
STU001461,Duyên Đặng,2001-11-02,Male,unguyen@example.com,0214626505,DEP004,Kinh tế,2024-10-26,Active,,3,38074000,37328000,6924000,5747000,0,5,5,0,7465600.0,0.9804066,0.0,1,0,0
STU001462,Bảo Thế Hoàng,2005-08-28,Male,ypham@example.org,0249304993,DEP008,Kỹ thuật xây dựng,2025-09-11,Suspended,,1,15505000,15603000,0,1698000,220000,2,2,0,7801500.0,1.0063206,0.0,0,0,0
STU001463,Cô Khoa Hoàng,2007-09-09,Female,dpham@example.com,0160264781,DEP008,Kỹ thuật xây dựng,2020-11-14,Graduated,,3,85351000,168258000,0,8365000,0,8,8,0,21032250.0,1.9713653,0.0,0,0,0
STU001464,Tú Đức Phạm,2001-06-30,Other,jpham@example.org,0645316524,DEP007,Kỹ thuật điện,2025-08-13,Active,,2,40679000,36477000,4202000,7032000,449000,2,2,0,18238500.0,0.8967035,0.0,1,0,0
STU001465,Bảo Trần,1999-01-16,Other,lnguyen@example.com,0833896178,DEP012,Khoa học dữ liệu,2021-11-20,Active,,5,90606000,22873000,67733000,19838000,2353000,2,2,0,11436500.0,0.25244465,0.0,1,0,0
STU001466,Tùng Quang Hoàng,2007-07-20,Other,john16@example.net,006436223,DEP002,Tài chính - Kế toán,2023-01-28,Graduated,,3,19197000,9894000,9303000,15061000,0,2,2,0,4947000.0,0.515393,0.0,1,0,0
STU001467,Cô Hồng Dương,2003-04-03,Male,eduong@example.org,0563894049,DEP009,Công nghệ sinh học,2021-07-27,Active,,2,60459000,28837000,31622000,0,916000,1,1,0,28837000.0,0.47696787,0.0,1,0,0
STU001468,Quý Cô Yến Lê,2004-08-01,Male,phoang@example.org,077285889,DEP003,Quản trị kinh doanh,2024-03-16,Suspended,,3,62845000,39189000,29396000,0,0,4,3,0,13470500.0,0.6235818,0.0,1,0,0
STU001469,An Vũ,2004-12-28,Male,jane63@example.net,0472119700,DEP001,Công nghệ thông tin,2024-11-23,Active,,0,0,0,0,0,0,0,0,0,0.0,1.0,0.0,0,0,0
STU001470,Quý Cô Thảo Lê,2001-05-08,Female,utran@example.net,0278148661,DEP012,Khoa học dữ liệu,2024-06-25,Suspended,,2,16527000,19671000,1943000,3749000,0,3,3,0,6557000.0,1.1902342,0.0,1,0,0
STU001471,Quý Cô Bảo Lê,2006-12-29,Other,ztran@example.net,091418448,DEP002,Tài chính - Kế toán,2022-07-18,Active,,5,54891000,17764000,43070000,34850000,834000,3,3,0,5921333.5,0.32362318,0.0,1,0,0
STU001472,Phúc Mai,2007-12-22,Other,wmai@example.net,0753159782,DEP004,Chưa phân ngành,2023-03-29,Active,,1,24800000,24158000,642000,8266000,0,2,1,0,16164000.0,0.9741129,0.0,1,0,0
STU001473,Quý Ông Minh Dương,2005-04-23,Male,jane01@example.com,001965103,DEP003,Quản trị kinh doanh,2025-06-30,Graduated,,0,0,0,0,0,0,0,0,0,0.0,1.0,0.0,0,0,0
STU001474,Kim Thế Đặng,2002-07-14,Male,bpham@example.com,003824122,DEP001,Công nghệ thông tin,2020-04-21,Dropped Out,2021-03-20,5,136603000,128117000,51813000,8096000,1371000,8,7,1,19050500.0,0.9378784,0.125,1,1,1
STU001475,Lâm Hoàng,2004-08-28,Male,ytran@example.net,035819715,DEP007,Kỹ thuật điện,2021-10-07,Active,,3,56637000,19443000,37194000,4897000,0,2,2,0,9721500.0,0.3432915,0.0,1,0,0
STU001476,Vũ Nguyễn,2003-07-11,Male,jane97@example.net,059273827,DEP005,Luật,2024-06-14,Active,,0,0,0,0,0,0,0,0,0,0.0,1.0,0.0,0,0,0
STU001477,Bà Phương Vũ,1998-01-03,Other,bdang@example.net,0573140596,DEP007,Kỹ thuật điện,2025-08-27,Active,,1,24106000,17216000,6890000,2532000,1323000,2,2,0,8608000.0,0.71417904,0.0,1,0,0
STU001478,Chị An Hoàng,2007-01-19,Other,dtran@example.net,0103246496,DEP009,Công nghệ sinh học,2023-01-22,Graduated,,3,50701000,33140000,17561000,21428000,341000,4,3,0,10676250.0,0.65363604,0.0,1,0,0
STU001479,Nhật Bùi,2001-03-17,Other,adang@example.net,0496987043,DEP004,Kinh tế,2022-11-20,Active,,3,53789000,37222000,19188000,21978000,2239000,3,3,0,12407333.0,0.6920002,0.0,1,0,0
STU001480,Chị Hồng Hoàng,2000-06-08,Other,zvu@example.org,0966594051,DEP010,Du lịch - Khách sạn,2022-01-13,Graduated,,1,19914000,15993000,3921000,2180000,295000,2,1,0,13616500.0,0.8031033,0.0,1,0,0
STU001481,Hồng Phạm,2002-07-31,Female,htran@example.com,0478836779,DEP005,Luật,2022-04-06,Active,,1,30462000,13167000,17295000,0,0,1,1,0,13167000.0,0.43224344,0.0,1,0,0
STU001482,An Thế Bùi,2006-12-19,Other,gmai@example.net,0109841844,DEP007,Kỹ thuật điện,2021-10-14,Dropped Out,2022-02-27,4,60961000,62674000,14304000,20374000,1577000,6,6,0,10445667.0,1.0280999,0.0,1,1,0
STU001483,Anh Vũ Dương,2006-10-03,Female,fduong@example.net,084343153,DEP005,Luật,2022-03-03,Graduated,,2,41760000,13780000,27980000,2932000,127000,2,1,1,16881500.0,0.32998085,0.5,1,0,1
STU001484,Bà Hương Hoàng,2007-09-28,Other,jane73@example.org,0696133448,DEP003,Quản trị kinh doanh,2024-06-23,Dropped Out,2025-09-08,1,27828000,0,27828000,0,0,0,0,0,0.0,0.0,0.0,1,1,0
STU001485,Phúc Mai Bảo Nguyễn,2007-05-01,Male,tduong@example.com,0961320487,DEP009,Công nghệ sinh học,2020-06-04,Dropped Out,2022-08-02,2,46350000,43834000,15466000,3432000,0,2,2,0,21917000.0,0.9457174,0.0,1,1,0
STU001486,Quý Ông Anh Mai,1999-05-20,Female,ydang@example.org,0450483355,DEP005,Luật,2021-06-27,Graduated,,3,75443000,24859000,50584000,1474000,1241000,2,2,0,12429500.0,0.32950705,0.0,1,0,0
STU001487,Nhật Hoàng Vũ,2000-08-31,Female,dtran@example.com,0337787451,DEP002,Tài chính - Kế toán,2022-01-26,Active,,0,0,0,0,0,0,0,0,0,0.0,1.0,0.0,0,0,0
STU001488,Bảo Phạm,2004-03-08,Female,qhoang@example.net,0956806122,DEP009,Công nghệ sinh học,2019-09-19,Suspended,,6,99236000,59849000,46809000,10323000,577000,6,6,0,9974833.0,0.6030977,0.0,1,0,0
STU001489,Lâm Đặng,1999-11-20,Male,qdang@example.net,0761879187,DEP007,Kỹ thuật điện,2020-01-26,Suspended,,1,22654000,30660000,0,7552000,0,2,2,0,15330000.0,1.3534033,0.0,0,0,0
STU001490,Nhật Lê,2003-03-10,Other,rtran@example.org,0367081248,DEP007,Kỹ thuật điện,2021-05-13,Active,,1,24928000,44007000,0,8309000,0,2,2,0,22003500.0,1.7653643,0.0,0,0,0
